perf_id,movie_id,city,month,total_views,unique_viewers,avg_rating,revenue_usd,engagement_score
1,1,Mumbai,2024-06,10847,6853,6.0,64244.01,80.8
2,2,Mumbai,2024-06,6046,3900,6.3,21651.57,51.2
3,3,Mumbai,2024-06,6435,5733,5.3,36281.23,51.4
4,4,Mumbai,2024-06,7059,6319,5.9,37288.93,55.4
5,5,Mumbai,2024-06,2255,1503,7.2,9555.64,55.1
6,6,Mumbai,2024-06,6586,3976,5.0,30409.48,76.0
7,7,Mumbai,2024-06,8304,7418,9.2,29023.36,60.1
8,8,Mumbai,2024-06,1482,1224,7.7,6254.38,54.4
9,9,Mumbai,2024-06,9802,5951,7.6,52872.21,66.1
10,10,Mumbai,2024-06,8380,7261,9.0,34444.39,65.2
11,11,Mumbai,2024-06,5992,4820,7.0,16075.32,84.9
12,12,Mumbai,2024-06,3825,2494,4.6,6207.96,91.2
13,13,Mumbai,2024-06,6872,5901,8.3,13389.14,96.5
14,14,Mumbai,2024-06,8806,5713,6.9,18625.56,48.9
15,15,Mumbai,2024-06,10105,6461,8.4,45579.08,49.0
16,1,Delhi,2024-06,5112,4596,9.2,20491.86,96.7
17,2,Delhi,2024-06,1499,920,5.3,3659.13,75.3
18,3,Delhi,2024-06,1206,779,5.9,5606.63,45.4
19,4,Delhi,2024-06,5540,4875,5.9,10414.28,55.8
20,5,Delhi,2024-06,7137,5025,8.8,40717.79,58.4
21,6,Delhi,2024-06,5396,4227,4.6,20008.92,71.7
22,7,Delhi,2024-06,5487,4288,8.1,31433.98,91.7
23,8,Delhi,2024-06,5318,3269,4.7,23122.99,46.2
24,9,Delhi,2024-06,2037,1532,6.3,11699.46,44.7
25,10,Delhi,2024-06,7265,4958,6.0,36468.08,43.6
26,11,Delhi,2024-06,9783,8110,6.5,47211.62,57.8
27,12,Delhi,2024-06,2705,2099,6.7,12967.33,84.1
28,13,Delhi,2024-06,8894,5856,8.9,34392.67,91.7
29,14,Delhi,2024-06,6862,5064,6.6,20598.53,90.9
30,15,Delhi,2024-06,7587,5458,6.4,18060.63,75.0
31,1,Bangalore,2024-06,18573,11970,5.2,57771.06,85.4
32,2,Bangalore,2024-06,1354,1202,4.8,2829.94,59.9
33,3,Bangalore,2024-06,6364,5203,4.8,10375.2,46.5
34,4,Bangalore,2024-06,3949,2762,6.0,20996.49,75.1
35,5,Bangalore,2024-06,210,131,6.5,1116.26,80.4
36,6,Bangalore,2024-06,6858,5165,7.8,34948.93,89.5
37,7,Bangalore,2024-06,2119,1611,5.7,7021.84,63.4
38,8,Bangalore,2024-06,2065,1432,8.6,9505.33,55.6
39,9,Bangalore,2024-06,2438,1582,4.9,5275.04,95.9
40,10,Bangalore,2024-06,1822,1623,5.1,3228.04,85.0
41,11,Bangalore,2024-06,3698,2405,6.1,11411.38,86.7
42,12,Bangalore,2024-06,7560,5664,8.8,39511.84,65.3
43,13,Bangalore,2024-06,7184,5530,5.1,21333.95,87.2
44,14,Bangalore,2024-06,6158,3736,6.8,32263.53,73.6
45,15,Bangalore,2024-06,1962,1227,5.7,9074.96,64.5
46,1,Hyderabad,2024-06,2439,1835,8.9,12754.78,74.7
47,2,Hyderabad,2024-06,5619,4976,6.8,23911.91,94.4
48,3,Hyderabad,2024-06,7481,5638,7.3,16633.42,86.7
49,4,Hyderabad,2024-06,11973,8045,9.1,66463.71,92.5
50,5,Hyderabad,2024-06,6962,5718,7.3,34262.12,48.8
51,6,Hyderabad,2024-06,1528,1162,4.6,3087.82,70.3
52,7,Hyderabad,2024-06,7462,4688,4.8,37176.14,73.2
53,8,Hyderabad,2024-06,2984,2503,7.1,13003.97,45.3
54,9,Hyderabad,2024-06,10693,7238,5.4,37858.14,68.2
55,10,Hyderabad,2024-06,7022,4340,8.7,19353.96,71.3
56,11,Hyderabad,2024-06,6849,4518,7.9,14659.22,76.6
57,12,Hyderabad,2024-06,2069,1472,5.2,10892.54,49.7
58,13,Hyderabad,2024-06,6612,4243,7.8,14104.13,88.1
59,14,Hyderabad,2024-06,8267,4962,8.8,29499.16,66.5
60,15,Hyderabad,2024-06,2329,2051,7.1,3548.94,88.0
61,1,Chennai,2024-06,1185,1008,6.4,7012.32,77.3
62,2,Chennai,2024-06,7578,5893,8.9,26893.76,87.0
63,3,Chennai,2024-06,5656,4645,8.2,23243.58,46.8
64,4,Chennai,2024-06,2156,1452,7.7,3632.8,84.8
65,5,Chennai,2024-06,8382,5892,6.9,47204.58,62.5
66,6,Chennai,2024-06,6039,5169,6.2,14146.49,57.4
67,7,Chennai,2024-06,2276,1825,7.0,11803.72,64.3
68,8,Chennai,2024-06,6910,6194,5.7,19968.34,67.4
69,9,Chennai,2024-06,1937,1404,8.3,3521.31,48.1
70,10,Chennai,2024-06,11248,9435,6.0,48523.83,46.7
71,11,Chennai,2024-06,10615,7664,4.8,25644.82,88.9
72,12,Chennai,2024-06,4851,3108,8.3,19782.9,43.2
73,13,Chennai,2024-06,207,171,7.5,1214.61,67.8
74,14,Chennai,2024-06,9319,7406,5.5,34649.06,83.5
75,15,Chennai,2024-06,3181,2852,4.5,14025.38,90.1
76,1,New York,2024-06,11588,7752,4.8,69458.07,94.9
77,2,New York,2024-06,4541,3056,4.8,17496.72,79.6
78,3,New York,2024-06,5886,4552,7.8,31428.28,46.2
79,4,New York,2024-06,7526,5011,6.2,40529.13,41.4
80,5,New York,2024-06,6102,5109,6.2,31969.0,90.9
81,6,New York,2024-06,4347,2974,5.0,10112.78,77.2
82,7,New York,2024-06,10116,8175,6.4,26841.55,77.6
83,8,New York,2024-06,5591,3602,7.9,25483.98,71.8
84,9,New York,2024-06,9123,5744,5.3,48977.96,86.5
85,10,New York,2024-06,3337,2032,6.9,14042.41,90.2
86,11,New York,2024-06,6577,4175,8.0,29541.19,64.6
87,12,New York,2024-06,10803,6844,8.7,36061.09,49.1
88,13,New York,2024-06,8850,6002,9.2,48581.53,58.1
89,14,New York,2024-06,11464,9931,6.8,42267.23,64.6
90,15,New York,2024-06,10183,8623,8.7,58402.58,88.1
91,1,Los Angeles,2024-06,11755,8109,6.7,20074.98,87.4
92,2,Los Angeles,2024-06,5052,3767,6.5,8641.75,63.0
93,3,Los Angeles,2024-06,6611,4829,7.9,20560.0,70.0
94,4,Los Angeles,2024-06,1252,980,8.3,7338.96,56.6
95,5,Los Angeles,2024-06,11707,10384,5.6,41304.82,56.4
96,6,Los Angeles,2024-06,617,449,7.0,3419.86,55.9
97,7,Los Angeles,2024-06,8835,7498,8.7,32985.65,79.7
98,8,Los Angeles,2024-06,10907,9657,7.7,17460.84,40.0
99,9,Los Angeles,2024-06,8094,6719,8.9,28188.85,52.6
100,10,Los Angeles,2024-06,797,503,8.8,2069.8,69.7
101,11,Los Angeles,2024-06,10936,8494,8.8,18237.65,69.9
102,12,Los Angeles,2024-06,836,742,7.1,4520.05,95.3
103,13,Los Angeles,2024-06,8566,7348,4.6,14518.02,77.1
104,14,Los Angeles,2024-06,4171,3062,4.9,12091.33,59.6
105,15,Los Angeles,2024-06,2823,2356,5.9,9284.58,58.3
106,1,London,2024-06,8317,7470,4.9,35230.38,91.7
107,2,London,2024-06,2622,1669,8.1,13586.27,45.0
108,3,London,2024-06,3387,2881,8.8,5923.36,79.9
109,4,London,2024-06,8784,6784,8.4,34825.48,78.9
110,5,London,2024-06,979,785,7.2,4040.66,78.6
111,6,London,2024-06,6013,5325,6.3,23399.9,94.6
112,7,London,2024-06,3994,3463,6.7,9610.09,48.0
113,8,London,2024-06,4660,3210,4.8,27507.66,78.1
114,9,London,2024-06,11932,7535,5.3,26012.65,67.4
115,10,London,2024-06,1230,1029,7.4,3241.68,50.7
116,11,London,2024-06,8682,5836,7.7,28581.06,72.6
117,12,London,2024-06,11786,9604,5.9,22479.5,71.4
118,13,London,2024-06,8723,5836,7.0,43964.95,93.8
119,14,London,2024-06,6634,4234,8.1,39706.08,65.1
120,15,London,2024-06,7905,5291,5.8,12661.19,84.3
121,1,Tokyo,2024-06,4428,3156,5.5,25395.62,71.3
122,2,Tokyo,2024-06,2437,2183,9.0,10744.82,56.5
123,3,Tokyo,2024-06,10684,7099,8.7,63624.31,86.9
124,4,Tokyo,2024-06,3980,2931,5.6,6078.17,71.4
125,5,Tokyo,2024-06,6715,4882,9.1,31295.51,76.6
126,6,Tokyo,2024-06,8731,7326,4.6,43069.18,95.4
127,7,Tokyo,2024-06,7721,5697,5.9,21969.95,61.6
128,8,Tokyo,2024-06,1278,1081,5.8,6471.47,46.9
129,9,Tokyo,2024-06,4896,3185,7.9,15681.31,77.9
130,10,Tokyo,2024-06,1410,922,4.8,3974.7,88.3
131,11,Tokyo,2024-06,9532,7973,7.2,22738.86,96.8
132,12,Tokyo,2024-06,11817,10297,4.5,40124.01,57.7
133,13,Tokyo,2024-06,259,201,7.1,1325.69,42.4
134,14,Tokyo,2024-06,7566,5377,7.8,24299.41,75.4
135,15,Tokyo,2024-06,11118,9726,5.3,55640.02,65.6
136,1,Sydney,2024-06,1589,1244,5.8,8123.69,54.2
137,2,Sydney,2024-06,11136,8911,8.9,43770.98,72.2
138,3,Sydney,2024-06,990,775,7.9,5927.25,60.8
139,4,Sydney,2024-06,11523,9622,8.2,51970.77,96.5
140,5,Sydney,2024-06,6882,4713,6.0,29162.25,48.3
141,6,Sydney,2024-06,10790,6791,8.7,62344.66,94.3
142,7,Sydney,2024-06,5567,4192,7.0,8397.37,47.0
143,8,Sydney,2024-06,5968,4478,6.9,10388.55,92.7
144,9,Sydney,2024-06,11182,8265,5.8,55783.41,43.1
145,10,Sydney,2024-06,2986,2010,7.9,13269.35,94.7
146,11,Sydney,2024-06,7411,4845,8.6,32181.55,47.3
147,12,Sydney,2024-06,9274,7461,4.9,20192.9,97.3
148,13,Sydney,2024-06,2121,1790,4.9,4235.57,95.2
149,14,Sydney,2024-06,9416,8323,6.6,27166.38,73.8
150,15,Sydney,2024-06,3133,2472,4.9,14066.34,69.3
151,1,Paris,2024-06,7534,5626,6.1,30800.24,80.1
152,2,Paris,2024-06,935,586,7.9,3291.38,67.6
153,3,Paris,2024-06,910,672,7.1,1382.04,87.9
154,4,Paris,2024-06,9493,7852,8.6,55723.38,67.9
155,5,Paris,2024-06,7957,5527,7.6,16814.55,42.4
156,6,Paris,2024-06,6340,5172,6.2,19275.08,45.4
157,7,Paris,2024-06,10623,8750,8.0,43591.61,53.4
158,8,Paris,2024-06,5321,3679,5.3,23457.03,90.8
159,9,Paris,2024-06,714,601,9.1,1488.38,92.8
160,10,Paris,2024-06,9114,7946,5.4,16400.98,63.0
161,11,Paris,2024-06,421,255,4.7,2428.25,78.7
162,12,Paris,2024-06,8008,6373,8.8,43418.47,40.9
163,13,Paris,2024-06,3256,2827,7.7,14525.39,79.0
164,14,Paris,2024-06,1755,1213,6.8,2634.4,91.7
165,15,Paris,2024-06,5929,4898,6.4,20045.39,51.9
166,1,Dubai,2024-06,2496,1609,6.8,8307.69,62.1
167,2,Dubai,2024-06,11397,9501,5.3,29414.44,58.8
168,3,Dubai,2024-06,414,318,7.4,2253.38,50.8
169,4,Dubai,2024-06,1198,748,6.5,4459.74,44.2
170,5,Dubai,2024-06,2106,1879,6.3,10683.16,73.9
171,6,Dubai,2024-06,4923,3936,5.3,20661.92,94.0
172,7,Dubai,2024-06,6800,5708,8.5,29238.17,81.7
173,8,Dubai,2024-06,8378,6429,9.1,15465.28,83.2
174,9,Dubai,2024-06,4252,3726,4.9,8774.66,64.2
175,10,Dubai,2024-06,10145,6095,4.8,39868.05,47.3
176,11,Dubai,2024-06,9197,5722,7.4,39646.2,88.1
177,12,Dubai,2024-06,1881,1202,6.0,5586.06,53.3
178,13,Dubai,2024-06,10649,9530,6.4,53754.81,61.7
179,14,Dubai,2024-06,10941,7576,6.8,44529.78,67.7
180,15,Dubai,2024-06,11173,7557,8.3,50886.11,79.7
181,1,Singapore,2024-06,2014,1270,6.4,11801.19,88.2
182,2,Singapore,2024-06,7169,6135,5.7,36056.44,64.1
183,3,Singapore,2024-06,859,724,7.6,1653.21,49.8
184,4,Singapore,2024-06,3755,2959,5.3,14302.86,74.6
185,5,Singapore,2024-06,5780,5156,8.6,33754.55,56.8
186,6,Singapore,2024-06,5280,4331,8.1,28410.24,63.4
187,7,Singapore,2024-06,5979,5003,5.5,20139.72,91.7
188,8,Singapore,2024-06,1652,1310,8.8,7105.35,68.0
189,9,Singapore,2024-06,1174,1004,7.4,2793.91,70.0
190,10,Singapore,2024-06,10182,7196,4.9,43859.33,60.4
191,11,Singapore,2024-06,1492,1079,7.7,6993.8,60.2
192,12,Singapore,2024-06,9186,5827,6.9,47410.01,64.2
193,13,Singapore,2024-06,8146,6978,6.8,48568.6,72.1
194,14,Singapore,2024-06,1045,914,8.6,6130.79,42.2
195,15,Singapore,2024-06,2945,1893,8.2,8975.87,72.6
196,1,Toronto,2024-06,3369,2374,8.7,6966.33,54.5
197,2,Toronto,2024-06,1273,1142,4.8,3068.57,70.3
198,3,Toronto,2024-06,1321,955,5.7,6816.82,74.5
199,4,Toronto,2024-06,9864,7499,4.7,36281.42,69.8
200,5,Toronto,2024-06,6577,4619,9.2,37244.18,84.7
201,6,Toronto,2024-06,5635,3829,8.4,11997.14,56.4
202,7,Toronto,2024-06,3347,2496,5.5,12868.63,73.7
203,8,Toronto,2024-06,2772,1971,8.8,12210.91,64.5
204,9,Toronto,2024-06,5867,4234,7.3,30083.32,86.1
205,10,Toronto,2024-06,5806,4416,6.7,10670.31,68.5
206,11,Toronto,2024-06,11764,9851,8.8,24228.04,50.9
207,12,Toronto,2024-06,1980,1460,6.5,10822.96,62.9
208,13,Toronto,2024-06,7283,5980,9.0,16016.18,53.7
209,14,Toronto,2024-06,3479,2313,7.7,12018.43,76.2
210,15,Toronto,2024-06,3030,1824,7.1,8281.43,68.4
211,1,Berlin,2024-06,9817,7187,6.3,43067.67,58.8
212,2,Berlin,2024-06,2371,1814,8.0,7294.82,73.4
213,3,Berlin,2024-06,8261,5584,5.0,30042.02,89.3
214,4,Berlin,2024-06,1107,744,9.0,4519.25,52.8
215,5,Berlin,2024-06,2891,2041,6.7,8019.01,84.9
216,6,Berlin,2024-06,9113,6234,8.3,18847.39,44.7
217,7,Berlin,2024-06,10956,9599,6.4,28371.22,82.4
218,8,Berlin,2024-06,6423,5349,8.1,21559.3,88.6
219,9,Berlin,2024-06,11734,10519,6.1,22736.95,94.9
220,10,Berlin,2024-06,10964,8965,6.2,40940.48,62.9
221,11,Berlin,2024-06,5530,4590,5.6,30997.54,79.0
222,12,Berlin,2024-06,11488,7733,8.1,42272.5,40.8
223,13,Berlin,2024-06,2907,2358,7.5,6809.65,76.9
224,14,Berlin,2024-06,7132,5388,8.9,21175.8,74.2
225,15,Berlin,2024-06,8580,6200,6.6,47577.91,89.1
226,1,Mumbai,2024-07,621,391,8.9,2976.52,51.5
227,2,Mumbai,2024-07,11651,8566,4.9,66197.94,70.1
228,3,Mumbai,2024-07,9776,7684,5.9,53226.53,88.6
229,4,Mumbai,2024-07,11638,10271,8.9,42849.92,97.7
230,5,Mumbai,2024-07,3448,2234,8.2,8784.66,60.8
231,6,Mumbai,2024-07,7145,4550,6.0,35034.37,45.8
232,7,Mumbai,2024-07,11034,8286,4.8,62578.42,40.4
233,8,Mumbai,2024-07,3008,2397,6.4,11616.6,94.7
234,9,Mumbai,2024-07,11510,8572,6.8,35465.12,79.4
235,10,Mumbai,2024-07,2949,2446,5.7,12565.18,75.0
236,11,Mumbai,2024-07,2401,1811,9.0,11610.79,60.3
237,12,Mumbai,2024-07,1641,1314,7.8,2845.76,61.0
238,13,Mumbai,2024-07,6509,4072,5.1,18114.62,82.1
239,14,Mumbai,2024-07,7763,5564,8.7,25277.87,57.8
240,15,Mumbai,2024-07,5411,4485,7.9,20561.68,73.6
241,1,Delhi,2024-07,11612,10309,5.5,41906.99,85.9
242,2,Delhi,2024-07,6574,4442,9.0,34827.05,81.6
243,3,Delhi,2024-07,9861,7637,5.3,42208.36,50.2
244,4,Delhi,2024-07,2842,1958,4.6,12604.33,48.0
245,5,Delhi,2024-07,3772,3207,4.8,15853.22,44.7
246,6,Delhi,2024-07,1217,1064,5.4,6948.78,48.0
247,7,Delhi,2024-07,7037,4571,5.1,13107.8,79.0
248,8,Delhi,2024-07,3974,3189,7.7,15060.08,60.9
249,9,Delhi,2024-07,4363,3856,7.2,25584.3,46.4
250,10,Delhi,2024-07,3463,2730,8.9,8968.46,41.4
251,11,Delhi,2024-07,271,227,8.4,1070.47,59.0
252,12,Delhi,2024-07,9749,7871,5.5,40693.25,86.4
253,13,Delhi,2024-07,9336,6614,7.9,18155.48,44.1
254,14,Delhi,2024-07,6682,4990,7.3,37375.04,47.1
255,15,Delhi,2024-07,5947,4808,5.0,30374.78,92.7
256,1,Bangalore,2024-07,18118,13034,4.5,69269.36,55.3
257,2,Bangalore,2024-07,4705,3914,9.0,8708.65,44.4
258,3,Bangalore,2024-07,1934,1613,5.7,11259.34,53.7
259,4,Bangalore,2024-07,3031,1837,7.7,8651.05,68.5
260,5,Bangalore,2024-07,851,719,8.2,1612.7,63.6
261,6,Bangalore,2024-07,11572,10199,4.8,49889.96,89.9
262,7,Bangalore,2024-07,4274,3506,8.6,14875.2,77.7
263,8,Bangalore,2024-07,10784,7266,4.8,38449.61,64.6
264,9,Bangalore,2024-07,4070,2971,7.6,24370.6,70.0
265,10,Bangalore,2024-07,8120,6393,8.4,41663.35,93.7
266,11,Bangalore,2024-07,557,388,5.4,3139.41,48.9
267,12,Bangalore,2024-07,5906,4052,6.2,34465.08,77.0
268,13,Bangalore,2024-07,3421,2767,6.5,7724.13,51.8
269,14,Bangalore,2024-07,3608,2894,7.9,10632.56,79.9
270,15,Bangalore,2024-07,6401,5470,7.0,23105.17,50.5
271,1,Hyderabad,2024-07,2154,1369,5.8,12259.44,69.1
272,2,Hyderabad,2024-07,840,698,6.8,3279.49,54.3
273,3,Hyderabad,2024-07,3970,3223,6.9,11122.6,87.9
274,4,Hyderabad,2024-07,7299,6550,8.1,12238.87,58.8
275,5,Hyderabad,2024-07,501,385,5.1,2800.08,48.7
276,6,Hyderabad,2024-07,3750,2814,6.8,6368.61,93.0
277,7,Hyderabad,2024-07,4116,3259,7.3,21204.56,52.6
278,8,Hyderabad,2024-07,9274,5646,7.4,34365.85,80.3
279,9,Hyderabad,2024-07,8103,7245,4.7,18955.06,78.9
280,10,Hyderabad,2024-07,1075,904,5.4,4497.01,57.8
281,11,Hyderabad,2024-07,6059,4711,5.7,20109.04,55.5
282,12,Hyderabad,2024-07,526,388,8.1,2189.9,88.8
283,13,Hyderabad,2024-07,4057,2887,5.7,9380.66,86.7
284,14,Hyderabad,2024-07,1841,1488,4.7,7081.16,77.7
285,15,Hyderabad,2024-07,3676,2370,5.1,12995.77,89.8
286,1,Chennai,2024-07,8399,6298,8.0,31984.88,84.6
287,2,Chennai,2024-07,5531,3383,7.4,32859.65,85.4
288,3,Chennai,2024-07,6868,4728,5.6,19344.44,71.0
289,4,Chennai,2024-07,8987,7578,7.8,41152.03,79.5
290,5,Chennai,2024-07,8947,6002,8.1,44417.9,88.5
291,6,Chennai,2024-07,6177,3919,4.7,18085.53,87.6
292,7,Chennai,2024-07,1808,1112,9.0,9214.73,44.6
293,8,Chennai,2024-07,400,240,5.1,1473.34,64.4
294,9,Chennai,2024-07,1023,700,5.0,5384.9,83.3
295,10,Chennai,2024-07,2130,1414,7.6,6217.6,77.2
296,11,Chennai,2024-07,4940,3917,8.5,15414.93,94.8
297,12,Chennai,2024-07,4175,2908,8.7,9876.0,49.2
298,13,Chennai,2024-07,11817,10014,8.8,21540.46,78.4
299,14,Chennai,2024-07,2945,2644,8.3,14854.28,92.2
300,15,Chennai,2024-07,11281,7052,6.0,18252.97,69.4
301,1,New York,2024-07,2151,1639,7.8,11335.79,74.7
302,2,New York,2024-07,9127,8137,6.7,53248.91,77.2
303,3,New York,2024-07,2809,2338,6.2,11875.36,85.3
304,4,New York,2024-07,393,346,6.7,1348.49,93.3
305,5,New York,2024-07,8147,5862,5.2,24585.99,42.4
306,6,New York,2024-07,7934,4977,8.0,26405.03,42.4
307,7,New York,2024-07,440,313,9.2,1698.21,94.3
308,8,New York,2024-07,8018,4931,6.9,38784.22,73.0
309,9,New York,2024-07,11493,7813,7.7,46049.05,63.6
310,10,New York,2024-07,8360,5101,7.1,26767.88,40.4
311,11,New York,2024-07,6764,5013,8.4,35573.93,52.0
312,12,New York,2024-07,9463,5753,5.7,54482.46,86.8
313,13,New York,2024-07,5865,5064,7.3,19099.85,53.6
314,14,New York,2024-07,2943,1854,4.9,11510.54,76.5
315,15,New York,2024-07,4056,2498,8.1,19694.89,95.1
316,1,Los Angeles,2024-07,10391,6804,5.3,35417.4,71.2
317,2,Los Angeles,2024-07,6720,4257,6.1,16967.56,94.2
318,3,Los Angeles,2024-07,4081,2802,5.6,19839.31,46.4
319,4,Los Angeles,2024-07,2848,2492,8.7,6085.55,89.1
320,5,Los Angeles,2024-07,4374,3654,4.5,8415.42,68.5
321,6,Los Angeles,2024-07,9174,7324,7.2,15933.5,88.1
322,7,Los Angeles,2024-07,10149,6532,6.0,52996.79,96.9
323,8,Los Angeles,2024-07,4372,2820,6.0,11091.98,64.8
324,9,Los Angeles,2024-07,8894,7308,7.9,15955.62,60.0
325,10,Los Angeles,2024-07,5109,4508,6.8,14740.41,52.4
326,11,Los Angeles,2024-07,7851,5764,6.3,40021.38,46.7
327,12,Los Angeles,2024-07,9573,6228,7.9,46593.79,94.4
328,13,Los Angeles,2024-07,11176,7192,7.4,57741.36,56.7
329,14,Los Angeles,2024-07,9068,7175,7.4,36813.17,93.8
330,15,Los Angeles,2024-07,11777,9717,6.5,42466.39,91.6
331,1,London,2024-07,7481,5082,4.7,39107.58,48.3
332,2,London,2024-07,9834,6342,8.2,37271.31,50.0
333,3,London,2024-07,4458,3901,4.6,7863.62,97.2
334,4,London,2024-07,4157,3118,8.3,23785.21,53.9
335,5,London,2024-07,1335,1178,6.4,4911.67,64.8
336,6,London,2024-07,2046,1824,8.6,9791.48,70.6
337,7,London,2024-07,6821,5495,6.6,25073.1,91.5
338,8,London,2024-07,8155,5211,5.1,38906.11,64.6
339,9,London,2024-07,4201,2936,7.8,6476.18,63.2
340,10,London,2024-07,11374,7792,6.8,53867.46,65.3
341,11,London,2024-07,11974,10236,8.7,17992.06,44.7
342,12,London,2024-07,11544,8834,7.7,30533.67,50.0
343,13,London,2024-07,1279,823,8.2,6740.96,49.1
344,14,London,2024-07,3685,2877,6.0,17083.86,51.3
345,15,London,2024-07,6946,5649,4.6,39166.21,45.4
346,1,Tokyo,2024-07,1817,1250,4.6,7640.21,46.3
347,2,Tokyo,2024-07,8176,5164,6.9,38172.32,90.2
348,3,Tokyo,2024-07,3254,2778,6.3,9773.1,50.5
349,4,Tokyo,2024-07,1900,1573,7.5,7395.42,70.5
350,5,Tokyo,2024-07,8576,6248,6.6,31938.73,73.4
351,6,Tokyo,2024-07,10551,8118,7.8,26294.15,40.1
352,7,Tokyo,2024-07,7299,6043,6.0,13441.53,50.7
353,8,Tokyo,2024-07,4933,3633,9.2,12382.92,53.8
354,9,Tokyo,2024-07,208,163,5.3,420.41,97.6
355,10,Tokyo,2024-07,2987,1902,6.0,13809.36,90.3
356,11,Tokyo,2024-07,5266,4616,8.3,10043.39,92.8
357,12,Tokyo,2024-07,9420,7909,5.7,37767.46,51.9
358,13,Tokyo,2024-07,3782,3325,5.7,8822.31,71.7
359,14,Tokyo,2024-07,10899,7358,7.0,40786.09,58.8
360,15,Tokyo,2024-07,2494,2180,7.3,8622.35,55.1
361,1,Sydney,2024-07,6702,4228,8.1,31783.51,66.0
362,2,Sydney,2024-07,1731,1210,4.7,8129.21,82.8
363,3,Sydney,2024-07,3737,2525,5.8,6411.81,57.5
364,4,Sydney,2024-07,7363,4475,4.8,12012.33,54.5
365,5,Sydney,2024-07,10004,7343,7.0,16130.27,65.5
366,6,Sydney,2024-07,8060,5876,5.6,46336.2,46.1
367,7,Sydney,2024-07,6203,3832,6.1,25306.98,94.2
368,8,Sydney,2024-07,8396,5977,6.0,23255.89,65.8
369,9,Sydney,2024-07,6371,5034,9.2,35753.09,65.8
370,10,Sydney,2024-07,10491,6308,6.8,29047.33,56.9
371,11,Sydney,2024-07,8380,6141,4.8,43278.05,49.8
372,12,Sydney,2024-07,1462,1287,8.8,3012.93,95.2
373,13,Sydney,2024-07,2746,1822,5.1,9444.13,54.5
374,14,Sydney,2024-07,4570,3887,7.5,16035.09,70.7
375,15,Sydney,2024-07,3577,3044,5.0,9188.94,59.3
376,1,Paris,2024-07,10013,7078,5.8,51833.26,88.9
377,2,Paris,2024-07,1724,1165,8.0,3131.08,70.2
378,3,Paris,2024-07,10695,8637,5.1,60883.17,89.6
379,4,Paris,2024-07,5922,4950,7.6,34445.3,97.2
380,5,Paris,2024-07,1466,1250,8.0,5794.04,55.8
381,6,Paris,2024-07,269,183,6.5,1275.94,66.8
382,7,Paris,2024-07,11113,8623,6.9,46994.24,92.3
383,8,Paris,2024-07,2447,1469,5.1,12868.59,61.1
384,9,Paris,2024-07,9969,8371,5.0,47993.46,64.4
385,10,Paris,2024-07,7534,6482,8.1,32721.41,55.2
386,11,Paris,2024-07,5116,3512,6.3,24681.62,69.3
387,12,Paris,2024-07,1536,1219,6.1,8019.05,55.0
388,13,Paris,2024-07,5991,5018,7.3,20109.81,67.3
389,14,Paris,2024-07,3927,2625,5.6,15175.93,65.7
390,15,Paris,2024-07,627,488,4.8,3629.55,76.1
391,1,Dubai,2024-07,8228,7322,7.6,38790.77,66.5
392,2,Dubai,2024-07,2334,1703,6.5,10337.02,94.1
393,3,Dubai,2024-07,6052,5089,7.0,24667.31,65.1
394,4,Dubai,2024-07,9241,6777,5.3,17532.3,70.6
395,5,Dubai,2024-07,11431,8431,5.2,38907.38,95.6
396,6,Dubai,2024-07,2645,2167,6.4,7574.33,93.8
397,7,Dubai,2024-07,772,468,7.0,1633.71,70.6
398,8,Dubai,2024-07,11866,9852,7.1,67902.4,42.3
399,9,Dubai,2024-07,7857,6666,8.4,12046.15,74.9
400,10,Dubai,2024-07,3957,2960,6.2,9695.14,93.1
401,11,Dubai,2024-07,8375,5887,8.1,40336.31,57.3
402,12,Dubai,2024-07,9816,6635,6.1,38453.9,52.0
403,13,Dubai,2024-07,1049,795,6.0,2942.73,90.5
404,14,Dubai,2024-07,4441,3544,8.9,19479.19,74.3
405,15,Dubai,2024-07,3424,2899,6.3,12776.87,44.8
406,1,Singapore,2024-07,3477,2925,9.1,17192.23,75.6
407,2,Singapore,2024-07,10632,7999,8.0,62898.38,96.5
408,3,Singapore,2024-07,11159,8222,9.1,64897.38,70.7
409,4,Singapore,2024-07,1893,1314,4.7,10626.73,94.3
410,5,Singapore,2024-07,8976,7935,6.7,14802.49,74.8
411,6,Singapore,2024-07,10960,9131,5.1,30162.01,81.3
412,7,Singapore,2024-07,479,373,5.9,2198.0,86.4
413,8,Singapore,2024-07,1451,928,7.8,8156.83,96.1
414,9,Singapore,2024-07,3040,2282,9.1,15514.41,86.9
415,10,Singapore,2024-07,5521,3665,8.8,28052.11,91.3
416,11,Singapore,2024-07,8447,5678,6.0,37766.27,59.2
417,12,Singapore,2024-07,10004,8778,5.8,21950.76,45.9
418,13,Singapore,2024-07,11741,8820,6.2,63523.52,47.4
419,14,Singapore,2024-07,11700,9869,6.7,58265.73,54.5
420,15,Singapore,2024-07,6176,4846,6.8,12576.44,62.3
421,1,Toronto,2024-07,1034,922,7.7,4271.0,86.2
422,2,Toronto,2024-07,3034,2245,8.0,9282.4,40.1
423,3,Toronto,2024-07,1034,664,7.7,5478.93,73.1
424,4,Toronto,2024-07,4555,3913,8.9,14756.44,68.7
425,5,Toronto,2024-07,7308,4744,7.5,30128.67,90.3
426,6,Toronto,2024-07,8800,5727,7.2,49397.03,67.6
427,7,Toronto,2024-07,6638,5924,7.0,33710.3,57.3
428,8,Toronto,2024-07,11699,8251,6.1,68032.51,76.8
429,9,Toronto,2024-07,11001,8061,5.6,41439.86,77.4
430,10,Toronto,2024-07,2534,2224,5.6,7783.94,50.2
431,11,Toronto,2024-07,11929,9163,7.4,18866.93,56.4
432,12,Toronto,2024-07,679,604,6.8,3466.26,56.3
433,13,Toronto,2024-07,516,412,9.0,1744.31,50.5
434,14,Toronto,2024-07,6406,5397,5.8,27304.09,73.1
435,15,Toronto,2024-07,6717,4633,5.6,31697.54,92.9
436,1,Berlin,2024-07,9843,5956,5.9,28010.73,95.1
437,2,Berlin,2024-07,5826,4142,4.7,9744.98,96.3
438,3,Berlin,2024-07,10498,8294,7.8,43941.69,53.2
439,4,Berlin,2024-07,5209,3302,8.2,24771.56,69.7
440,5,Berlin,2024-07,1891,1153,7.7,10029.38,82.7
441,6,Berlin,2024-07,3451,2378,6.7,11196.63,70.5
442,7,Berlin,2024-07,3456,3082,5.3,17738.5,70.6
443,8,Berlin,2024-07,7412,5524,6.0,15390.64,94.2
444,9,Berlin,2024-07,6305,4485,8.1,29258.23,47.2
445,10,Berlin,2024-07,10859,7277,5.6,56981.85,50.2
446,11,Berlin,2024-07,8998,7169,6.0,42214.82,80.9
447,12,Berlin,2024-07,1563,1373,7.5,2778.33,40.6
448,13,Berlin,2024-07,3696,2817,7.1,6932.51,43.6
449,14,Berlin,2024-07,11818,10000,9.2,30514.68,86.5
450,15,Berlin,2024-07,3475,2791,7.0,11276.22,46.2
451,1,Mumbai,2024-08,10796,8545,8.2,36636.22,44.7
452,2,Mumbai,2024-08,6666,4937,4.6,38912.4,64.2
453,3,Mumbai,2024-08,5305,3246,6.6,14586.83,94.9
454,4,Mumbai,2024-08,341,211,8.1,1444.42,97.1
455,5,Mumbai,2024-08,4893,3743,7.2,16204.39,83.2
456,6,Mumbai,2024-08,7724,5555,7.7,23924.67,78.4
457,7,Mumbai,2024-08,4026,3135,7.6,6104.91,74.5
458,8,Mumbai,2024-08,10903,8889,7.1,35370.19,45.0
459,9,Mumbai,2024-08,7212,5922,5.5,16939.2,91.6
460,10,Mumbai,2024-08,8788,7634,5.7,22772.38,63.2
461,11,Mumbai,2024-08,8958,6674,6.3,23257.8,90.6
462,12,Mumbai,2024-08,7688,6187,8.5,31238.54,91.3
463,13,Mumbai,2024-08,10053,8744,6.3,36330.91,88.2
464,14,Mumbai,2024-08,2702,1690,7.8,7435.51,74.6
465,15,Mumbai,2024-08,2163,1834,5.5,8212.38,42.2
466,1,Delhi,2024-08,6239,4258,8.9,33834.74,43.4
467,2,Delhi,2024-08,4047,3528,5.8,17947.13,54.6
468,3,Delhi,2024-08,2429,1571,7.5,5677.77,73.4
469,4,Delhi,2024-08,10281,8539,4.6,54604.47,49.7
470,5,Delhi,2024-08,4668,3043,7.6,22893.86,76.0
471,6,Delhi,2024-08,3563,2403,8.2,12180.66,96.9
472,7,Delhi,2024-08,3951,2999,5.1,16497.79,41.8
473,8,Delhi,2024-08,6279,3846,7.9,24550.49,48.2
474,9,Delhi,2024-08,7748,5754,7.8,19539.87,96.6
475,10,Delhi,2024-08,11445,7511,6.7,64533.15,59.0
476,11,Delhi,2024-08,10192,7800,7.4,35835.56,41.8
477,12,Delhi,2024-08,7269,4432,6.2,31751.27,87.9
478,13,Delhi,2024-08,7866,5991,7.6,38109.38,49.2
479,14,Delhi,2024-08,3131,2090,4.8,8745.13,56.8
480,15,Delhi,2024-08,4857,3239,5.2,17441.54,83.3
481,1,Bangalore,2024-08,14829,12217,8.5,84225.62,52.2
482,2,Bangalore,2024-08,3179,2132,7.7,11547.11,93.0
483,3,Bangalore,2024-08,7418,5593,6.2,17594.83,63.6
484,4,Bangalore,2024-08,11426,6916,7.8,66357.78,94.3
485,5,Bangalore,2024-08,6182,4833,4.8,9302.72,91.5
486,6,Bangalore,2024-08,10483,7074,6.1,38998.29,47.1
487,7,Bangalore,2024-08,9085,5901,8.7,51936.62,48.7
488,8,Bangalore,2024-08,6031,4135,5.2,31387.55,87.0
489,9,Bangalore,2024-08,10749,8223,5.7,35136.3,90.2
490,10,Bangalore,2024-08,9066,5748,7.5,51060.13,71.6
491,11,Bangalore,2024-08,7854,5454,7.4,32838.55,44.4
492,12,Bangalore,2024-08,3504,2118,5.1,6628.42,41.0
493,13,Bangalore,2024-08,2028,1439,7.4,12039.16,59.4
494,14,Bangalore,2024-08,11151,7681,7.1,32120.42,50.7
495,15,Bangalore,2024-08,2835,2041,6.8,9396.92,64.7
496,1,Hyderabad,2024-08,516,443,7.7,2072.59,72.6
497,2,Hyderabad,2024-08,5873,3566,7.5,28062.06,79.3
498,3,Hyderabad,2024-08,7744,4752,6.3,11935.92,96.6
499,4,Hyderabad,2024-08,5966,4608,6.9,26185.68,66.7
500,5,Hyderabad,2024-08,2365,1791,6.4,11892.22,53.6
501,6,Hyderabad,2024-08,11264,8180,7.7,23441.99,48.2
502,7,Hyderabad,2024-08,9802,7333,8.3,46757.36,42.6
503,8,Hyderabad,2024-08,1760,1231,7.3,4285.79,45.0
504,9,Hyderabad,2024-08,7499,5568,6.8,31693.73,54.8
505,10,Hyderabad,2024-08,6256,4145,8.6,24642.11,85.1
506,11,Hyderabad,2024-08,3382,2808,7.7,14464.81,50.1
507,12,Hyderabad,2024-08,1772,1155,4.5,3709.38,61.7
508,13,Hyderabad,2024-08,10502,6934,8.9,61910.33,83.1
509,14,Hyderabad,2024-08,698,505,5.4,2699.44,60.2
510,15,Hyderabad,2024-08,4508,3773,8.5,26424.56,55.9
511,1,Chennai,2024-08,6574,4846,4.7,12427.82,93.1
512,2,Chennai,2024-08,7020,4413,4.9,25229.53,69.0
513,3,Chennai,2024-08,2525,2225,6.3,6676.11,77.0
514,4,Chennai,2024-08,6931,5812,7.2,13333.93,96.7
515,5,Chennai,2024-08,8832,6668,5.5,13279.18,50.6
516,6,Chennai,2024-08,10520,9265,7.3,42389.14,63.0
517,7,Chennai,2024-08,10357,7416,5.3,19008.72,48.5
518,8,Chennai,2024-08,10036,8644,6.0,36505.22,65.9
519,9,Chennai,2024-08,8342,5658,8.6,36599.32,56.9
520,10,Chennai,2024-08,6582,4469,5.6,29721.56,53.3
521,11,Chennai,2024-08,597,375,8.0,3515.67,79.4
522,12,Chennai,2024-08,4529,3957,5.6,16853.21,73.9
523,13,Chennai,2024-08,11829,9666,7.9,42575.41,56.6
524,14,Chennai,2024-08,9095,7143,6.4,37928.59,51.3
525,15,Chennai,2024-08,1941,1300,4.7,6442.59,86.2
526,1,New York,2024-08,5542,4710,5.4,21195.61,78.2
527,2,New York,2024-08,2689,2242,8.3,5756.08,74.2
528,3,New York,2024-08,2916,2262,7.2,16050.82,78.3
529,4,New York,2024-08,11487,9661,4.7,63769.64,75.6
530,5,New York,2024-08,9293,7212,5.5,18207.64,65.7
531,6,New York,2024-08,1079,719,5.5,3574.25,64.4
532,7,New York,2024-08,11400,9010,9.0,31992.2,47.1
533,8,New York,2024-08,9025,7297,7.5,37836.59,40.4
534,9,New York,2024-08,7130,6181,6.3,30084.87,94.2
535,10,New York,2024-08,11318,8166,5.3,41927.32,49.5
536,11,New York,2024-08,6631,5800,5.7,22457.97,47.5
537,12,New York,2024-08,2538,1676,5.8,13945.14,96.4
538,13,New York,2024-08,1279,1081,5.8,4710.47,44.9
539,14,New York,2024-08,3671,2361,6.4,13498.0,51.0
540,15,New York,2024-08,402,307,8.8,837.42,76.9
541,1,Los Angeles,2024-08,4452,3021,6.6,25254.67,53.0
542,2,Los Angeles,2024-08,1962,1727,7.3,8473.49,87.9
543,3,Los Angeles,2024-08,6984,4301,7.5,11323.57,95.5
544,4,Los Angeles,2024-08,5393,4144,9.1,27289.63,66.9
545,5,Los Angeles,2024-08,471,387,7.5,2049.55,49.4
546,6,Los Angeles,2024-08,1893,1679,8.5,10903.03,94.5
547,7,Los Angeles,2024-08,4657,3290,5.3,12639.51,85.4
548,8,Los Angeles,2024-08,11536,7006,7.9,57396.74,54.5
549,9,Los Angeles,2024-08,10778,8551,5.1,45729.06,72.8
550,10,Los Angeles,2024-08,6679,5810,8.7,13670.56,59.8
551,11,Los Angeles,2024-08,3861,2502,7.9,14373.81,43.1
552,12,Los Angeles,2024-08,5866,5263,7.2,25703.67,43.9
553,13,Los Angeles,2024-08,3078,2420,4.8,8115.42,67.1
554,14,Los Angeles,2024-08,9129,7997,7.5,16408.6,73.7
555,15,Los Angeles,2024-08,4502,3476,7.4,26982.74,53.2
556,1,London,2024-08,3004,2390,8.7,5536.1,43.4
557,2,London,2024-08,1306,911,7.6,6430.26,58.5
558,3,London,2024-08,3954,3503,8.8,7021.3,47.5
559,4,London,2024-08,872,626,6.8,4817.98,67.4
560,5,London,2024-08,7887,6638,6.8,31669.41,95.0
561,6,London,2024-08,11918,10294,8.7,37878.08,80.2
562,7,London,2024-08,205,157,8.6,872.82,88.6
563,8,London,2024-08,9337,6278,5.0,45993.6,49.3
564,9,London,2024-08,5139,3722,6.0,20526.29,83.3
565,10,London,2024-08,2967,2075,9.0,14137.73,93.3
566,11,London,2024-08,1668,1064,7.9,7574.69,93.6
567,12,London,2024-08,2773,2317,8.1,4898.17,74.2
568,13,London,2024-08,7897,6550,8.2,32788.16,60.9
569,14,London,2024-08,8156,5740,6.1,15929.97,62.6
570,15,London,2024-08,5697,4132,4.6,9625.97,82.4
571,1,Tokyo,2024-08,10793,7898,7.4,50397.24,91.5
572,2,Tokyo,2024-08,10239,7173,6.7,29574.69,49.8
573,3,Tokyo,2024-08,6050,5323,6.7,13554.01,44.1
574,4,Tokyo,2024-08,1524,1111,7.1,4388.32,70.4
575,5,Tokyo,2024-08,10550,8689,8.5,60190.78,77.1
576,6,Tokyo,2024-08,7858,6083,6.3,20723.3,76.5
577,7,Tokyo,2024-08,1003,638,6.9,3620.77,69.5
578,8,Tokyo,2024-08,1277,798,7.2,4771.69,45.4
579,9,Tokyo,2024-08,6614,5761,4.8,25755.73,50.2
580,10,Tokyo,2024-08,5372,3841,6.5,25279.46,63.8
581,11,Tokyo,2024-08,2364,1801,9.2,9733.6,50.9
582,12,Tokyo,2024-08,7420,5672,4.6,29931.7,81.9
583,13,Tokyo,2024-08,6287,4379,8.6,20452.78,55.4
584,14,Tokyo,2024-08,9948,6380,8.9,32126.65,47.7
585,15,Tokyo,2024-08,5886,5247,5.7,26046.36,87.0
586,1,Sydney,2024-08,10864,9473,5.6,46720.21,47.0
587,2,Sydney,2024-08,11736,7085,4.7,47785.44,82.9
588,3,Sydney,2024-08,6970,5635,5.8,15006.22,62.3
589,4,Sydney,2024-08,11811,9189,9.0,18013.22,68.9
590,5,Sydney,2024-08,7600,4845,8.9,43654.19,60.7
591,6,Sydney,2024-08,4692,3051,6.7,14437.19,68.8
592,7,Sydney,2024-08,1688,1348,7.0,5086.36,75.2
593,8,Sydney,2024-08,9156,5986,7.8,41150.59,81.3
594,9,Sydney,2024-08,435,305,7.9,1996.26,95.3
595,10,Sydney,2024-08,1652,1082,4.7,3718.65,68.0
596,11,Sydney,2024-08,9196,6706,8.6,53598.98,89.3
597,12,Sydney,2024-08,1060,654,5.3,5683.56,72.8
598,13,Sydney,2024-08,3109,2599,4.7,11948.2,88.5
599,14,Sydney,2024-08,4027,2890,7.2,18141.23,84.0
600,15,Sydney,2024-08,1526,1171,5.4,4213.68,48.6
601,1,Paris,2024-08,4297,2810,6.2,18618.26,75.1
602,2,Paris,2024-08,9903,8092,4.7,50738.1,71.9
603,3,Paris,2024-08,11603,7123,7.1,20788.83,74.4
604,4,Paris,2024-08,2716,1906,6.7,16249.93,69.0
605,5,Paris,2024-08,6556,5380,7.5,26547.7,95.7
606,6,Paris,2024-08,10533,7596,8.4,58447.59,47.3
607,7,Paris,2024-08,9555,6206,6.6,18400.61,58.3
608,8,Paris,2024-08,2885,2254,7.6,13671.7,47.3
609,9,Paris,2024-08,6397,4469,9.1,22322.94,67.4
610,10,Paris,2024-08,7244,5648,7.9,11801.66,64.2
611,11,Paris,2024-08,6455,5148,7.6,30906.73,57.5
612,12,Paris,2024-08,990,630,8.8,2973.76,84.6
613,13,Paris,2024-08,8544,6965,5.8,43018.55,93.5
614,14,Paris,2024-08,2207,1421,9.0,10909.75,73.7
615,15,Paris,2024-08,7035,5814,4.6,15354.08,89.0
616,1,Dubai,2024-08,10293,8426,7.0,51660.93,76.1
617,2,Dubai,2024-08,3952,2689,9.0,15726.52,90.1
618,3,Dubai,2024-08,10359,7154,6.4,32348.74,59.4
619,4,Dubai,2024-08,11499,8253,5.3,26401.55,69.5
620,5,Dubai,2024-08,5879,4282,5.6,22789.19,69.3
621,6,Dubai,2024-08,1994,1742,6.4,6325.88,78.5
622,7,Dubai,2024-08,10685,8181,8.8,41518.61,86.9
623,8,Dubai,2024-08,5964,4871,4.7,35387.49,97.7
624,9,Dubai,2024-08,9427,6125,6.4,46932.48,55.6
625,10,Dubai,2024-08,4536,3682,6.6,26407.36,66.0
626,11,Dubai,2024-08,3124,2381,5.2,6620.51,76.4
627,12,Dubai,2024-08,4978,3515,7.3,17153.27,76.6
628,13,Dubai,2024-08,894,766,7.3,3906.66,63.7
629,14,Dubai,2024-08,8373,7046,8.9,18426.51,77.1
630,15,Dubai,2024-08,11011,6960,8.3,64136.84,48.5
631,1,Singapore,2024-08,806,609,5.7,4072.27,55.7
632,2,Singapore,2024-08,3023,2673,9.1,8288.65,85.1
633,3,Singapore,2024-08,5667,4825,5.6,33910.89,95.8
634,4,Singapore,2024-08,10773,9309,7.7,52568.29,52.5
635,5,Singapore,2024-08,9549,6745,4.7,53672.85,47.4
636,6,Singapore,2024-08,10946,9708,7.9,33506.81,44.9
637,7,Singapore,2024-08,10422,7580,8.8,31714.19,44.0
638,8,Singapore,2024-08,2938,2442,7.9,10918.37,74.0
639,9,Singapore,2024-08,8309,5975,5.6,22356.18,69.9
640,10,Singapore,2024-08,1826,1560,8.7,7377.02,95.6
641,11,Singapore,2024-08,6410,4532,7.2,10890.63,42.2
642,12,Singapore,2024-08,3347,2124,7.7,19866.31,52.7
643,13,Singapore,2024-08,9538,5773,7.2,19127.8,59.1
644,14,Singapore,2024-08,8593,6989,8.7,13061.97,45.1
645,15,Singapore,2024-08,2969,2332,6.8,14469.93,58.6
646,1,Toronto,2024-08,2033,1341,6.1,5068.32,94.2
647,2,Toronto,2024-08,1963,1438,5.6,8094.21,89.2
648,3,Toronto,2024-08,267,228,6.5,1457.11,97.2
649,4,Toronto,2024-08,7472,4885,7.9,16124.67,77.5
650,5,Toronto,2024-08,2371,2131,7.6,8064.59,47.9
651,6,Toronto,2024-08,3347,2922,8.5,17204.63,95.9
652,7,Toronto,2024-08,8064,6020,4.8,45734.25,90.4
653,8,Toronto,2024-08,449,295,4.6,1098.17,92.3
654,9,Toronto,2024-08,4725,3499,6.9,24723.68,67.1
655,10,Toronto,2024-08,8174,6113,5.8,14129.63,64.9
656,11,Toronto,2024-08,3961,2505,4.6,12122.33,98.0
657,12,Toronto,2024-08,4511,4048,6.6,22316.08,63.6
658,13,Toronto,2024-08,11951,9225,7.3,47397.68,82.9
659,14,Toronto,2024-08,6122,5310,8.6,36693.11,87.5
660,15,Toronto,2024-08,11821,9165,6.0,62582.09,74.4
661,1,Berlin,2024-08,8299,6150,6.0,46482.72,43.2
662,2,Berlin,2024-08,8143,6887,6.8,38870.1,54.4
663,3,Berlin,2024-08,795,577,8.9,3367.24,74.1
664,4,Berlin,2024-08,2170,1866,7.2,5516.77,80.0
665,5,Berlin,2024-08,8981,7602,6.6,26923.33,53.8
666,6,Berlin,2024-08,2420,2074,5.0,12379.73,63.6
667,7,Berlin,2024-08,7063,5289,6.0,10979.93,42.1
668,8,Berlin,2024-08,10643,9570,5.7,29881.12,65.4
669,9,Berlin,2024-08,10474,7832,4.9,17652.99,44.2
670,10,Berlin,2024-08,10970,8033,5.2,60137.83,57.7
671,11,Berlin,2024-08,4614,3671,7.1,24883.61,83.1
672,12,Berlin,2024-08,3453,3097,6.1,13490.06,96.5
673,13,Berlin,2024-08,11564,9930,8.2,60036.0,82.7
674,14,Berlin,2024-08,10747,7724,9.0,32039.0,64.1
675,15,Berlin,2024-08,8318,7237,5.7,40796.0,76.3
676,1,Mumbai,2024-09,1772,1592,6.3,10191.79,49.5
677,2,Mumbai,2024-09,1158,1030,6.3,4584.46,62.3
678,3,Mumbai,2024-09,2392,2099,5.9,12916.02,68.1
679,4,Mumbai,2024-09,7060,4591,4.7,42158.96,82.1
680,5,Mumbai,2024-09,5547,4826,8.7,11120.89,87.8
681,6,Mumbai,2024-09,11205,7452,5.9,52388.29,41.1
682,7,Mumbai,2024-09,3425,2338,5.8,17298.14,57.8
683,8,Mumbai,2024-09,6878,4240,8.8,40973.99,81.7
684,9,Mumbai,2024-09,8176,6901,5.0,38293.27,50.3
685,10,Mumbai,2024-09,1359,929,6.0,8056.24,57.5
686,11,Mumbai,2024-09,11489,8191,8.1,34717.28,48.5
687,12,Mumbai,2024-09,1089,968,6.3,2074.76,61.7
688,13,Mumbai,2024-09,11379,7066,5.3,56015.89,58.1
689,14,Mumbai,2024-09,1668,1231,5.0,5636.86,84.4
690,15,Mumbai,2024-09,8946,7226,9.2,21525.66,74.4
691,1,Delhi,2024-09,5614,3974,4.8,16684.57,85.4
692,2,Delhi,2024-09,5494,4765,5.0,26801.1,52.7
693,3,Delhi,2024-09,1358,1039,8.7,7119.03,77.4
694,4,Delhi,2024-09,4733,3166,8.9,26455.02,97.3
695,5,Delhi,2024-09,1355,911,7.5,7047.65,40.9
696,6,Delhi,2024-09,10242,8946,6.3,24456.77,59.6
697,7,Delhi,2024-09,8034,5216,8.5,28545.96,87.2
698,8,Delhi,2024-09,4710,3718,4.9,20367.37,94.4
699,9,Delhi,2024-09,8137,5260,6.9,43860.75,68.0
700,10,Delhi,2024-09,5280,3434,6.1,11853.28,50.8
701,11,Delhi,2024-09,9999,6855,7.2,30830.86,52.0
702,12,Delhi,2024-09,3440,2523,4.7,10708.18,64.6
703,13,Delhi,2024-09,5178,3860,6.0,18502.58,53.9
704,14,Delhi,2024-09,1211,869,8.4,2219.95,46.2
705,15,Delhi,2024-09,8202,6990,5.4,16588.84,86.8
706,1,Bangalore,2024-09,14777,11491,8.4,35874.33,45.4
707,2,Bangalore,2024-09,8984,7759,9.1,34944.41,57.0
708,3,Bangalore,2024-09,4430,3240,6.2,9561.84,84.6
709,4,Bangalore,2024-09,8029,6749,6.2,44195.54,40.5
710,5,Bangalore,2024-09,9858,6634,5.6,28215.41,93.3
711,6,Bangalore,2024-09,1696,1223,7.9,3350.05,68.7
712,7,Bangalore,2024-09,3526,3117,6.9,18982.61,40.2
713,8,Bangalore,2024-09,2224,1499,6.9,7825.88,91.3
714,9,Bangalore,2024-09,6378,5295,6.9,12382.25,68.2
715,10,Bangalore,2024-09,11408,8951,7.2,25428.98,43.8
716,11,Bangalore,2024-09,10953,9211,8.9,39224.2,69.4
717,12,Bangalore,2024-09,2660,1943,7.8,7584.85,61.6
718,13,Bangalore,2024-09,11188,7406,7.1,63152.49,95.1
719,14,Bangalore,2024-09,4103,3022,5.1,23763.62,58.0
720,15,Bangalore,2024-09,6025,3837,5.7,15694.75,68.3
721,1,Hyderabad,2024-09,6818,5049,4.6,13365.99,68.3
722,2,Hyderabad,2024-09,7113,5735,9.2,36112.35,74.7
723,3,Hyderabad,2024-09,3928,3173,5.8,22729.45,77.0
724,4,Hyderabad,2024-09,938,633,4.7,5349.64,88.7
725,5,Hyderabad,2024-09,3539,2770,8.3,12497.72,78.7
726,6,Hyderabad,2024-09,1838,1531,7.9,10201.87,93.8
727,7,Hyderabad,2024-09,1808,1527,6.7,10726.64,44.4
728,8,Hyderabad,2024-09,2931,2461,6.2,10066.25,79.7
729,9,Hyderabad,2024-09,8262,5460,7.7,39063.09,82.5
730,10,Hyderabad,2024-09,4080,3077,5.1,8569.94,90.2
731,11,Hyderabad,2024-09,1657,995,7.6,8341.2,87.5
732,12,Hyderabad,2024-09,1433,1086,8.9,8212.88,91.4
733,13,Hyderabad,2024-09,3826,3100,6.3,18882.34,67.3
734,14,Hyderabad,2024-09,10749,8435,6.5,59819.42,73.8
735,15,Hyderabad,2024-09,6210,4602,7.0,19762.98,70.4
736,1,Chennai,2024-09,1623,1133,8.6,9143.32,64.8
737,2,Chennai,2024-09,5315,3761,8.1,22467.47,95.2
738,3,Chennai,2024-09,11173,7621,7.1,45652.37,59.4
739,4,Chennai,2024-09,871,621,8.1,2021.24,72.1
740,5,Chennai,2024-09,11819,10598,4.7,18971.09,80.8
741,6,Chennai,2024-09,3437,2496,8.0,13889.96,80.4
742,7,Chennai,2024-09,11034,9923,8.4,62826.48,59.9
743,8,Chennai,2024-09,6801,5149,8.0,15820.36,72.7
744,9,Chennai,2024-09,10860,8218,5.0,21458.92,92.7
745,10,Chennai,2024-09,581,436,4.8,1514.57,42.5
746,11,Chennai,2024-09,5608,4712,6.6,20233.39,68.5
747,12,Chennai,2024-09,5087,3413,7.6,27788.28,74.5
748,13,Chennai,2024-09,1437,1267,6.6,8576.21,85.7
749,14,Chennai,2024-09,5546,4922,8.2,16702.53,69.2
750,15,Chennai,2024-09,445,381,7.7,2474.53,56.3
751,1,New York,2024-09,5875,5040,4.9,23233.66,46.7
752,2,New York,2024-09,4255,3778,6.4,22900.49,58.8
753,3,New York,2024-09,1910,1479,4.9,9113.12,62.3
754,4,New York,2024-09,2733,2135,8.7,13355.49,67.1
755,5,New York,2024-09,11017,6611,8.8,57823.71,51.5
756,6,New York,2024-09,2166,1615,5.7,4725.51,87.8
757,7,New York,2024-09,9328,6294,6.7,45731.5,59.8
758,8,New York,2024-09,601,451,6.8,2772.09,54.1
759,9,New York,2024-09,925,566,7.6,4486.41,60.2
760,10,New York,2024-09,2896,2320,8.1,11817.72,48.4
761,11,New York,2024-09,7121,6237,5.8,15690.59,69.7
762,12,New York,2024-09,4467,3193,8.4,15104.61,63.0
763,13,New York,2024-09,7828,5833,4.8,23766.18,91.1
764,14,New York,2024-09,717,589,6.8,3329.03,59.7
765,15,New York,2024-09,11414,9296,6.6,49473.66,69.1
766,1,Los Angeles,2024-09,554,338,7.8,2872.91,85.6
767,2,Los Angeles,2024-09,10286,7732,6.0,50562.26,58.9
768,3,Los Angeles,2024-09,4660,2872,6.7,23295.63,43.1
769,4,Los Angeles,2024-09,6333,4109,8.7,28313.04,77.3
770,5,Los Angeles,2024-09,4252,2989,9.1,19878.3,90.8
771,6,Los Angeles,2024-09,4116,3444,8.1,23237.98,97.6
772,7,Los Angeles,2024-09,1789,1343,6.2,4530.49,56.7
773,8,Los Angeles,2024-09,2592,1633,8.7,14484.87,52.4
774,9,Los Angeles,2024-09,8587,6231,5.0,27429.37,44.1
775,10,Los Angeles,2024-09,3871,2935,7.2,10101.82,64.1
776,11,Los Angeles,2024-09,5388,3977,6.5,8436.34,91.5
777,12,Los Angeles,2024-09,7300,5178,7.1,20955.02,60.2
778,13,Los Angeles,2024-09,5853,4584,8.4,34017.9,41.4
779,14,Los Angeles,2024-09,7185,5418,5.7,39842.92,85.2
780,15,Los Angeles,2024-09,5487,4479,8.0,9591.53,55.0
781,1,London,2024-09,3052,2331,8.2,4985.95,42.2
782,2,London,2024-09,8372,6441,5.6,37412.89,69.5
783,3,London,2024-09,10211,8363,7.8,37802.47,78.4
784,4,London,2024-09,919,776,6.7,3301.35,76.1
785,5,London,2024-09,8469,6982,6.3,49213.53,65.5
786,6,London,2024-09,10090,6848,7.1,23281.71,44.1
787,7,London,2024-09,4574,2813,6.9,19171.61,83.8
788,8,London,2024-09,3217,2729,7.3,11678.15,73.9
789,9,London,2024-09,11968,8020,5.6,38005.57,84.8
790,10,London,2024-09,6404,5323,7.1,32413.23,68.6
791,11,London,2024-09,11096,8419,8.5,59996.24,93.8
792,12,London,2024-09,4830,3368,7.9,27670.39,72.8
793,13,London,2024-09,8878,6880,4.7,50864.29,55.2
794,14,London,2024-09,5381,4745,7.0,20370.33,61.3
795,15,London,2024-09,2680,1625,6.2,12940.53,93.9
796,1,Tokyo,2024-09,8816,5474,8.5,17229.2,53.5
797,2,Tokyo,2024-09,4547,3334,5.9,24075.3,52.4
798,3,Tokyo,2024-09,3772,3141,8.9,10139.84,97.2
799,4,Tokyo,2024-09,1843,1622,4.9,4030.9,82.9
800,5,Tokyo,2024-09,1415,1187,6.3,6885.83,77.2
801,6,Tokyo,2024-09,4470,3314,8.8,17636.25,55.7
802,7,Tokyo,2024-09,11261,9035,5.1,38556.05,88.4
803,8,Tokyo,2024-09,6286,4458,7.2,9541.01,75.1
804,9,Tokyo,2024-09,5911,4579,8.1,18995.87,92.7
805,10,Tokyo,2024-09,11250,8409,7.0,52271.75,64.0
806,11,Tokyo,2024-09,4364,2627,6.5,18733.39,55.4
807,12,Tokyo,2024-09,5680,4254,7.0,14635.49,63.2
808,13,Tokyo,2024-09,8802,7210,5.2,41589.39,80.3
809,14,Tokyo,2024-09,3729,2285,7.2,7979.96,49.7
810,15,Tokyo,2024-09,6033,5055,8.9,18849.25,72.4
811,1,Sydney,2024-09,8431,6067,7.4,33667.22,75.9
812,2,Sydney,2024-09,1815,1293,9.1,8250.84,80.7
813,3,Sydney,2024-09,5966,4125,5.5,29167.11,54.4
814,4,Sydney,2024-09,4280,3276,5.3,15159.49,96.4
815,5,Sydney,2024-09,294,189,6.8,665.87,45.7
816,6,Sydney,2024-09,1983,1398,8.2,3017.3,72.9
817,7,Sydney,2024-09,11995,10538,7.3,51283.1,46.3
818,8,Sydney,2024-09,2564,2255,7.3,4488.61,53.1
819,9,Sydney,2024-09,2234,1896,6.9,5477.55,46.8
820,10,Sydney,2024-09,6751,6073,7.0,35048.49,40.9
821,11,Sydney,2024-09,9253,7695,5.3,47179.78,79.9
822,12,Sydney,2024-09,1760,1141,5.2,4463.53,96.6
823,13,Sydney,2024-09,586,458,7.0,3138.93,45.4
824,14,Sydney,2024-09,6963,5357,9.1,26366.13,90.0
825,15,Sydney,2024-09,8857,7059,8.8,45056.92,70.7
826,1,Paris,2024-09,5075,3578,6.3,10866.32,80.5
827,2,Paris,2024-09,6983,5706,7.6,10686.1,67.4
828,3,Paris,2024-09,7270,6044,5.3,25749.57,73.6
829,4,Paris,2024-09,11474,8651,4.7,61652.55,67.5
830,5,Paris,2024-09,6629,4256,6.4,29787.09,80.2
831,6,Paris,2024-09,1946,1254,7.3,3872.81,72.8
832,7,Paris,2024-09,6986,5400,7.6,38099.9,83.0
833,8,Paris,2024-09,5876,3666,8.1,32722.61,71.7
834,9,Paris,2024-09,11076,6827,5.0,66240.81,65.4
835,10,Paris,2024-09,7288,5534,7.3,33223.84,97.3
836,11,Paris,2024-09,2994,2562,6.0,14119.32,49.5
837,12,Paris,2024-09,11359,8904,9.0,56437.64,79.0
838,13,Paris,2024-09,11654,10212,8.8,47575.7,74.6
839,14,Paris,2024-09,11876,7455,9.1,45246.74,42.7
840,15,Paris,2024-09,591,366,7.6,1718.33,42.3
841,1,Dubai,2024-09,5389,4113,7.3,17986.45,49.4
842,2,Dubai,2024-09,1035,799,6.2,1632.66,51.8
843,3,Dubai,2024-09,5486,4091,7.5,18562.09,85.0
844,4,Dubai,2024-09,10832,7680,8.1,62245.32,51.2
845,5,Dubai,2024-09,4555,3368,6.1,12558.35,61.3
846,6,Dubai,2024-09,280,211,7.0,1079.74,85.7
847,7,Dubai,2024-09,5187,4073,9.0,30707.75,55.8
848,8,Dubai,2024-09,3208,2022,8.0,5414.27,73.2
849,9,Dubai,2024-09,2777,2405,4.8,8257.61,54.4
850,10,Dubai,2024-09,9875,6971,8.5,32834.18,87.5
851,11,Dubai,2024-09,8734,6504,4.5,29807.19,74.4
852,12,Dubai,2024-09,9469,8019,5.6,53479.26,43.5
853,13,Dubai,2024-09,10189,7124,8.4,52575.49,66.0
854,14,Dubai,2024-09,1034,699,5.5,6201.81,63.9
855,15,Dubai,2024-09,2537,2243,8.2,12264.53,74.3
856,1,Singapore,2024-09,5646,5060,6.3,28763.37,53.9
857,2,Singapore,2024-09,2306,1481,7.0,3556.16,83.2
858,3,Singapore,2024-09,5882,3647,5.5,25679.04,43.6
859,4,Singapore,2024-09,6233,4204,7.9,21756.81,57.9
860,5,Singapore,2024-09,1398,1003,5.8,2537.92,58.5
861,6,Singapore,2024-09,1205,777,5.5,3798.3,84.3
862,7,Singapore,2024-09,5953,5102,8.1,21750.77,48.5
863,8,Singapore,2024-09,1990,1525,8.4,9516.4,97.5
864,9,Singapore,2024-09,2803,1807,4.7,4793.92,52.1
865,10,Singapore,2024-09,4522,3856,5.2,22522.1,47.4
866,11,Singapore,2024-09,6893,5860,8.5,35539.65,84.9
867,12,Singapore,2024-09,255,214,6.7,826.73,62.6
868,13,Singapore,2024-09,327,225,8.3,1066.66,81.2
869,14,Singapore,2024-09,3253,2055,4.8,15185.33,65.0
870,15,Singapore,2024-09,748,589,5.1,4165.62,90.6
871,1,Toronto,2024-09,757,561,6.0,1552.25,74.5
872,2,Toronto,2024-09,3514,2243,8.6,8020.82,89.5
873,3,Toronto,2024-09,4404,2745,6.6,12565.98,49.4
874,4,Toronto,2024-09,4909,4248,5.0,24410.25,71.4
875,5,Toronto,2024-09,7493,5977,4.9,15518.01,65.1
876,6,Toronto,2024-09,7587,6055,5.4,21625.07,57.6
877,7,Toronto,2024-09,5174,4624,7.4,11323.03,41.1
878,8,Toronto,2024-09,11163,9321,8.3,33467.54,79.2
879,9,Toronto,2024-09,7464,6185,8.1,43647.56,88.5
880,10,Toronto,2024-09,843,627,6.3,2984.57,89.7
881,11,Toronto,2024-09,8856,7353,5.4,22270.46,89.7
882,12,Toronto,2024-09,7400,5898,6.1,20726.7,47.1
883,13,Toronto,2024-09,7142,6038,8.8,11695.44,43.4
884,14,Toronto,2024-09,4382,2839,7.4,7641.55,82.8
885,15,Toronto,2024-09,419,373,8.1,763.67,47.9
886,1,Berlin,2024-09,10491,7681,8.0,25411.74,65.5
887,2,Berlin,2024-09,8513,5683,4.8,13581.88,69.7
888,3,Berlin,2024-09,10584,6436,6.8,33628.98,61.1
889,4,Berlin,2024-09,3618,2263,9.0,13069.63,60.7
890,5,Berlin,2024-09,3121,2160,7.6,10490.35,51.3
891,6,Berlin,2024-09,5251,3878,7.5,20615.73,56.8
892,7,Berlin,2024-09,4022,2772,7.8,22253.32,96.0
893,8,Berlin,2024-09,1581,1065,8.3,8813.06,60.4
894,9,Berlin,2024-09,2838,2226,8.6,7293.89,93.0
895,10,Berlin,2024-09,10203,8191,7.5,20157.98,92.6
896,11,Berlin,2024-09,10169,6385,5.7,45345.51,66.1
897,12,Berlin,2024-09,8154,5701,7.0,17195.89,62.6
898,13,Berlin,2024-09,10991,7534,7.5,31275.1,48.1
899,14,Berlin,2024-09,4082,3567,7.9,16672.88,80.3
900,15,Berlin,2024-09,3392,2815,6.1,18809.97,45.9
901,1,Mumbai,2024-10,11413,8108,4.7,19911.06,97.4
902,2,Mumbai,2024-10,8823,6138,8.3,32773.56,88.8
903,3,Mumbai,2024-10,6229,4843,7.3,16532.89,53.8
904,4,Mumbai,2024-10,1345,1050,8.7,3532.84,74.0
905,5,Mumbai,2024-10,1538,1306,6.7,7846.53,96.6
906,6,Mumbai,2024-10,9807,7465,8.2,39309.49,43.5
907,7,Mumbai,2024-10,6916,4344,6.3,31419.89,96.7
908,8,Mumbai,2024-10,3144,2502,6.9,12439.98,96.8
909,9,Mumbai,2024-10,9331,5732,8.7,25434.0,73.2
910,10,Mumbai,2024-10,11514,9315,6.0,41203.84,61.4
911,11,Mumbai,2024-10,3490,3005,8.1,6051.14,85.9
912,12,Mumbai,2024-10,6544,5285,8.2,21440.08,51.8
913,13,Mumbai,2024-10,11297,8843,6.9,34317.97,45.8
914,14,Mumbai,2024-10,11244,6898,4.6,31586.88,48.1
915,15,Mumbai,2024-10,7134,4574,6.5,38938.17,40.9
916,1,Delhi,2024-10,1965,1517,6.6,7994.03,88.9
917,2,Delhi,2024-10,4526,2937,6.2,18678.34,94.4
918,3,Delhi,2024-10,11796,10409,6.2,56674.07,42.4
919,4,Delhi,2024-10,429,286,8.8,1168.69,95.2
920,5,Delhi,2024-10,11191,9158,6.1,20305.55,93.0
921,6,Delhi,2024-10,7176,6356,4.7,36056.17,97.5
922,7,Delhi,2024-10,3404,3059,5.1,14200.45,90.1
923,8,Delhi,2024-10,5125,3881,5.9,17329.72,46.3
924,9,Delhi,2024-10,11148,7584,4.8,58568.32,76.7
925,10,Delhi,2024-10,6084,4046,7.5,17589.39,64.9
926,11,Delhi,2024-10,2839,1945,7.8,4873.43,56.2
927,12,Delhi,2024-10,6153,4027,6.8,17039.9,40.9
928,13,Delhi,2024-10,10334,7131,6.0,45986.35,83.3
929,14,Delhi,2024-10,2066,1337,6.4,11974.7,42.9
930,15,Delhi,2024-10,11798,7764,9.1,46612.69,68.4
931,1,Bangalore,2024-10,15241,11933,8.3,36971.71,82.7
932,2,Bangalore,2024-10,10094,7788,4.6,17443.86,65.7
933,3,Bangalore,2024-10,11633,7731,6.2,54981.2,63.6
934,4,Bangalore,2024-10,3207,2374,5.5,4961.46,72.8
935,5,Bangalore,2024-10,11273,7823,7.5,20269.96,82.1
936,6,Bangalore,2024-10,617,496,6.0,1645.5,91.7
937,7,Bangalore,2024-10,6591,4866,4.9,16778.15,43.2
938,8,Bangalore,2024-10,701,612,9.0,2598.27,49.6
939,9,Bangalore,2024-10,2753,2016,5.5,4243.34,46.4
940,10,Bangalore,2024-10,7358,5263,9.0,18263.97,91.3
941,11,Bangalore,2024-10,7011,5361,8.7,22027.58,87.9
942,12,Bangalore,2024-10,10932,7106,5.9,45224.7,83.6
943,13,Bangalore,2024-10,908,576,7.4,4376.28,92.6
944,14,Bangalore,2024-10,977,642,7.5,4447.69,72.9
945,15,Bangalore,2024-10,3925,2992,4.7,5939.25,81.4
946,1,Hyderabad,2024-10,5991,4602,5.4,32781.11,63.0
947,2,Hyderabad,2024-10,8832,5575,5.9,32103.44,57.1
948,3,Hyderabad,2024-10,11631,8815,6.4,33222.93,49.1
949,4,Hyderabad,2024-10,4663,3668,8.5,22036.17,82.8
950,5,Hyderabad,2024-10,1671,1309,7.3,8529.25,82.8
951,6,Hyderabad,2024-10,338,264,7.8,1575.38,78.4
952,7,Hyderabad,2024-10,7694,5596,5.4,29272.38,66.2
953,8,Hyderabad,2024-10,9238,6348,5.7,50752.42,50.8
954,9,Hyderabad,2024-10,4126,3704,7.3,17512.27,56.5
955,10,Hyderabad,2024-10,2328,1912,7.8,9302.78,56.3
956,11,Hyderabad,2024-10,11398,7747,7.7,41130.45,72.4
957,12,Hyderabad,2024-10,1510,981,8.0,3599.09,48.7
958,13,Hyderabad,2024-10,1304,1096,4.8,5024.94,90.8
959,14,Hyderabad,2024-10,7773,6218,7.2,39013.45,63.3
960,15,Hyderabad,2024-10,9863,6548,6.2,26370.61,44.8
961,1,Chennai,2024-10,3315,2906,8.6,10204.78,60.2
962,2,Chennai,2024-10,10821,6721,8.2,37060.24,87.5
963,3,Chennai,2024-10,1269,818,4.6,5814.73,73.6
964,4,Chennai,2024-10,7963,6130,9.0,36300.22,42.7
965,5,Chennai,2024-10,890,755,6.7,1357.36,52.9
966,6,Chennai,2024-10,2384,1567,6.4,8288.31,74.6
967,7,Chennai,2024-10,402,343,6.8,1016.2,78.6
968,8,Chennai,2024-10,4685,2988,8.9,23427.62,53.5
969,9,Chennai,2024-10,10283,6452,7.1,47721.14,94.2
970,10,Chennai,2024-10,6656,4716,5.4,28115.57,89.4
971,11,Chennai,2024-10,9337,6784,5.7,21208.68,74.7
972,12,Chennai,2024-10,1873,1422,6.8,6672.2,41.7
973,13,Chennai,2024-10,8537,5380,9.1,21466.53,87.4
974,14,Chennai,2024-10,6617,4039,7.1,13839.59,87.2
975,15,Chennai,2024-10,7311,5156,5.4,27445.91,66.6
976,1,New York,2024-10,3574,2407,7.6,7196.91,61.8
977,2,New York,2024-10,11454,7344,4.8,59028.76,41.9
978,3,New York,2024-10,10164,8234,7.7,15854.35,95.5
979,4,New York,2024-10,6837,5071,5.5,27288.47,96.2
980,5,New York,2024-10,8212,7127,6.3,19549.82,86.2
981,6,New York,2024-10,3804,2373,6.0,12174.26,93.6
982,7,New York,2024-10,9673,7710,7.7,34882.42,41.5
983,8,New York,2024-10,8793,5574,7.1,50723.53,94.8
984,9,New York,2024-10,1573,1272,8.9,5213.91,74.3
985,10,New York,2024-10,4110,3026,8.5,23803.91,74.3
986,11,New York,2024-10,1951,1519,5.8,3921.19,96.7
987,12,New York,2024-10,11748,8275,7.2,59065.94,41.2
988,13,New York,2024-10,3840,3116,9.1,22825.74,49.6
989,14,New York,2024-10,9230,6852,8.0,46354.04,82.2
990,15,New York,2024-10,6860,4606,7.4,23811.4,82.1
991,1,Los Angeles,2024-10,2343,1498,4.9,10686.71,56.7
992,2,Los Angeles,2024-10,622,496,6.7,2890.4,52.9
993,3,Los Angeles,2024-10,7729,4700,9.0,21183.65,47.2
994,4,Los Angeles,2024-10,11707,8016,8.5,64261.04,92.0
995,5,Los Angeles,2024-10,9912,7887,6.9,44543.27,53.9
996,6,Los Angeles,2024-10,2856,2526,5.7,10918.73,68.9
997,7,Los Angeles,2024-10,10522,7876,9.0,27980.85,77.4
998,8,Los Angeles,2024-10,11355,9603,8.6,18291.87,59.0
999,9,Los Angeles,2024-10,8184,5607,6.4,33324.3,41.1
1000,10,Los Angeles,2024-10,3733,3044,8.1,20814.83,94.8
1001,11,Los Angeles,2024-10,10895,9262,8.8,51398.78,55.0
1002,12,Los Angeles,2024-10,886,743,8.1,3962.7,76.7
1003,13,Los Angeles,2024-10,4952,3346,8.4,19399.29,81.5
1004,14,Los Angeles,2024-10,9048,7444,8.2,45489.9,90.2
1005,15,Los Angeles,2024-10,10366,6431,5.7,40800.25,65.5
1006,1,London,2024-10,2955,1932,6.9,7584.31,54.6
1007,2,London,2024-10,10525,7351,8.3,16036.39,49.8
1008,3,London,2024-10,2012,1540,5.7,4355.32,80.5
1009,4,London,2024-10,6461,5274,5.9,11561.89,56.9
1010,5,London,2024-10,5988,5325,7.8,24347.95,76.9
1011,6,London,2024-10,5246,3387,8.6,28330.96,59.9
1012,7,London,2024-10,5833,4234,8.4,15196.72,76.7
1013,8,London,2024-10,10773,6848,8.3,37369.97,75.0
1014,9,London,2024-10,9933,6693,6.7,57437.61,49.1
1015,10,London,2024-10,2516,1681,5.2,14847.96,92.2
1016,11,London,2024-10,1907,1539,6.8,8607.09,61.2
1017,12,London,2024-10,8805,6422,6.0,17697.64,86.6
1018,13,London,2024-10,10697,7915,5.2,50748.16,53.7
1019,14,London,2024-10,11416,9845,5.9,56234.31,95.6
1020,15,London,2024-10,5512,3889,7.7,13686.98,66.9
1021,1,Tokyo,2024-10,1029,830,8.6,1972.78,66.6
1022,2,Tokyo,2024-10,3422,2289,7.7,5760.58,46.2
1023,3,Tokyo,2024-10,11734,8209,7.2,60910.81,97.7
1024,4,Tokyo,2024-10,4596,2961,7.0,25745.1,96.3
1025,5,Tokyo,2024-10,2986,1798,5.2,8169.06,56.6
1026,6,Tokyo,2024-10,3104,1939,6.2,7509.04,60.4
1027,7,Tokyo,2024-10,1634,1004,5.8,2552.84,56.8
1028,8,Tokyo,2024-10,4030,3328,5.0,23862.12,58.7
1029,9,Tokyo,2024-10,10859,9712,7.5,20813.8,52.6
1030,10,Tokyo,2024-10,11612,8646,7.4,44422.74,82.2
1031,11,Tokyo,2024-10,11842,7634,7.8,31922.34,72.8
1032,12,Tokyo,2024-10,5243,4217,8.3,12461.69,77.5
1033,13,Tokyo,2024-10,8644,5497,7.4,17434.86,44.8
1034,14,Tokyo,2024-10,2474,1603,8.4,11629.98,93.3
1035,15,Tokyo,2024-10,9113,6259,5.3,19759.37,56.3
1036,1,Sydney,2024-10,11802,7764,6.1,27134.08,91.7
1037,2,Sydney,2024-10,1162,963,5.1,6101.96,92.3
1038,3,Sydney,2024-10,10380,8421,6.6,42821.31,76.3
1039,4,Sydney,2024-10,5410,4045,6.3,18290.7,80.8
1040,5,Sydney,2024-10,10635,8836,5.0,63033.61,70.3
1041,6,Sydney,2024-10,5826,4098,8.4,33512.89,65.1
1042,7,Sydney,2024-10,1573,1350,8.4,5939.39,61.4
1043,8,Sydney,2024-10,2263,1715,6.7,3832.7,83.8
1044,9,Sydney,2024-10,5011,3602,8.1,9666.06,59.2
1045,10,Sydney,2024-10,9720,8341,8.0,40907.64,61.8
1046,11,Sydney,2024-10,5118,3757,7.5,29633.63,59.3
1047,12,Sydney,2024-10,3160,2328,5.3,11454.93,45.1
1048,13,Sydney,2024-10,943,574,6.0,4385.1,51.9
1049,14,Sydney,2024-10,4715,3714,4.5,15758.89,85.9
1050,15,Sydney,2024-10,1342,1090,8.5,2479.58,85.4
1051,1,Paris,2024-10,629,541,7.7,1631.62,82.5
1052,2,Paris,2024-10,1498,1096,5.2,2324.05,87.0
1053,3,Paris,2024-10,6306,4791,6.8,37038.01,71.5
1054,4,Paris,2024-10,2786,2323,8.9,12583.41,84.7
1055,5,Paris,2024-10,5627,3540,5.7,9023.22,68.1
1056,6,Paris,2024-10,7834,5236,9.0,43492.39,86.4
1057,7,Paris,2024-10,3042,2581,8.6,5606.96,66.2
1058,8,Paris,2024-10,8367,7439,7.4,30749.4,51.5
1059,9,Paris,2024-10,6886,4587,6.5,31681.03,77.2
1060,10,Paris,2024-10,6348,4440,7.7,16715.29,69.4
1061,11,Paris,2024-10,8391,5278,7.5,36909.65,83.6
1062,12,Paris,2024-10,4325,3098,4.9,10597.47,97.3
1063,13,Paris,2024-10,7392,5399,8.9,38762.64,44.1
1064,14,Paris,2024-10,4942,3740,8.1,16134.98,76.4
1065,15,Paris,2024-10,7366,6581,7.5,19679.37,96.9
1066,1,Dubai,2024-10,1622,1265,7.8,6098.42,82.7
1067,2,Dubai,2024-10,10142,9056,4.9,28736.62,53.9
1068,3,Dubai,2024-10,9465,6139,4.8,30255.13,80.2
1069,4,Dubai,2024-10,4689,3678,7.2,15686.29,66.0
1070,5,Dubai,2024-10,2866,2571,9.1,10318.59,84.5
1071,6,Dubai,2024-10,11981,7686,6.1,71841.64,41.8
1072,7,Dubai,2024-10,6517,4183,6.5,23368.16,47.1
1073,8,Dubai,2024-10,4370,3637,6.9,25195.66,68.7
1074,9,Dubai,2024-10,3076,2171,8.3,18157.03,93.0
1075,10,Dubai,2024-10,8512,6524,8.6,38024.09,40.2
1076,11,Dubai,2024-10,10392,9115,4.9,52616.51,57.7
1077,12,Dubai,2024-10,3753,3108,6.0,20977.89,40.2
1078,13,Dubai,2024-10,9788,8585,5.7,39061.32,68.3
1079,14,Dubai,2024-10,3039,2447,8.5,8051.36,68.5
1080,15,Dubai,2024-10,8386,5223,7.8,33816.32,69.0
1081,1,Singapore,2024-10,8587,7575,7.5,32620.41,74.6
1082,2,Singapore,2024-10,8050,5391,6.7,27615.49,95.5
1083,3,Singapore,2024-10,2354,1733,4.6,6930.72,77.2
1084,4,Singapore,2024-10,8174,5481,6.4,20060.87,87.3
1085,5,Singapore,2024-10,791,527,6.9,3892.08,70.3
1086,6,Singapore,2024-10,6383,5654,5.9,15280.69,46.0
1087,7,Singapore,2024-10,9646,6368,5.1,21453.12,86.8
1088,8,Singapore,2024-10,5565,4247,5.1,12184.7,42.3
1089,9,Singapore,2024-10,7812,4694,8.1,19894.18,50.8
1090,10,Singapore,2024-10,7617,5082,6.7,22684.16,82.0
1091,11,Singapore,2024-10,8755,7765,7.3,35055.62,55.2
1092,12,Singapore,2024-10,9420,7078,6.7,56437.91,83.5
1093,13,Singapore,2024-10,9529,7214,6.9,25500.94,92.7
1094,14,Singapore,2024-10,9074,5516,4.6,45195.18,55.0
1095,15,Singapore,2024-10,516,318,6.8,1532.92,48.3
1096,1,Toronto,2024-10,1941,1680,5.5,9097.26,93.9
1097,2,Toronto,2024-10,1622,1186,8.0,4497.01,83.6
1098,3,Toronto,2024-10,381,259,8.2,1724.42,52.9
1099,4,Toronto,2024-10,11016,7708,5.8,39641.89,82.5
1100,5,Toronto,2024-10,7529,4694,7.8,21000.93,53.6
1101,6,Toronto,2024-10,1409,914,7.6,3038.0,93.2
1102,7,Toronto,2024-10,2069,1536,9.1,7964.09,71.7
1103,8,Toronto,2024-10,7282,4691,5.3,18652.85,84.8
1104,9,Toronto,2024-10,4137,3104,7.5,19965.73,42.8
1105,10,Toronto,2024-10,4983,3514,5.8,28329.44,97.6
1106,11,Toronto,2024-10,4662,3480,6.3,13963.37,73.2
1107,12,Toronto,2024-10,6287,5572,6.7,19360.99,90.1
1108,13,Toronto,2024-10,3400,2569,4.8,17043.17,55.2
1109,14,Toronto,2024-10,4349,3106,7.4,19743.39,44.9
1110,15,Toronto,2024-10,2589,1953,8.1,15026.03,92.7
1111,1,Berlin,2024-10,5631,4950,8.5,22290.23,92.2
1112,2,Berlin,2024-10,6153,4943,5.8,34700.0,43.7
1113,3,Berlin,2024-10,4089,3527,8.2,17446.63,97.9
1114,4,Berlin,2024-10,4141,3618,7.0,14318.38,57.3
1115,5,Berlin,2024-10,4139,3293,5.3,15446.54,42.2
1116,6,Berlin,2024-10,7499,4874,7.0,25455.61,41.3
1117,7,Berlin,2024-10,1255,1070,7.8,2930.06,59.3
1118,8,Berlin,2024-10,3095,2029,6.7,18196.28,80.8
1119,9,Berlin,2024-10,3371,2652,5.3,19672.83,57.4
1120,10,Berlin,2024-10,9538,8516,7.2,35013.11,68.9
1121,11,Berlin,2024-10,4908,3546,4.8,10324.21,72.6
1122,12,Berlin,2024-10,11891,9686,8.4,69484.5,72.3
1123,13,Berlin,2024-10,8694,5789,4.7,14990.72,41.8
1124,14,Berlin,2024-10,6994,5379,8.7,15512.82,41.9
1125,15,Berlin,2024-10,9322,7302,7.6,42125.11,77.7
1126,1,Mumbai,2024-11,10931,6704,9.1,43218.7,81.9
1127,2,Mumbai,2024-11,2217,1642,6.5,7715.6,57.9
1128,3,Mumbai,2024-11,2985,2626,8.9,4786.92,56.8
1129,4,Mumbai,2024-11,6114,4577,8.9,10069.09,95.5
1130,5,Mumbai,2024-11,5288,3440,5.1,18005.77,80.8
1131,6,Mumbai,2024-11,10695,7358,6.3,26314.29,54.5
1132,7,Mumbai,2024-11,8087,5622,6.2,38934.29,75.1
1133,8,Mumbai,2024-11,4534,3798,4.7,27051.81,80.0
1134,9,Mumbai,2024-11,3736,3078,8.7,9950.24,73.2
1135,10,Mumbai,2024-11,7271,5671,8.7,26735.16,54.9
1136,11,Mumbai,2024-11,9277,7695,5.5,45408.07,80.4
1137,12,Mumbai,2024-11,8874,7317,7.4,23607.02,70.8
1138,13,Mumbai,2024-11,3709,2507,9.2,20199.89,55.6
1139,14,Mumbai,2024-11,10166,6543,9.1,51649.4,91.4
1140,15,Mumbai,2024-11,3078,2462,8.7,12270.53,76.2
1141,1,Delhi,2024-11,10634,9384,7.8,19785.02,79.4
1142,2,Delhi,2024-11,9036,6293,6.8,48671.1,88.6
1143,3,Delhi,2024-11,11318,7072,7.8,50661.28,62.9
1144,4,Delhi,2024-11,3824,2509,7.8,13115.8,90.1
1145,5,Delhi,2024-11,9415,7342,9.2,50863.11,70.9
1146,6,Delhi,2024-11,10732,6715,6.3,33133.59,69.7
1147,7,Delhi,2024-11,1371,1169,7.9,6373.19,86.7
1148,8,Delhi,2024-11,2270,1683,5.1,8054.57,65.6
1149,9,Delhi,2024-11,9217,6400,7.3,33203.94,65.0
1150,10,Delhi,2024-11,8550,6714,5.8,17471.39,94.1
1151,11,Delhi,2024-11,5584,4316,7.4,19568.35,86.0
1152,12,Delhi,2024-11,9010,7896,6.7,30766.84,69.1
1153,13,Delhi,2024-11,8533,7653,5.6,39163.98,45.9
1154,14,Delhi,2024-11,7059,4827,7.1,38355.61,95.5
1155,15,Delhi,2024-11,11254,9539,8.4,60669.01,67.6
1156,1,Bangalore,2024-11,8402,7125,6.4,24856.23,60.5
1157,2,Bangalore,2024-11,10720,8930,7.5,46118.15,97.0
1158,3,Bangalore,2024-11,3987,3572,8.0,10005.69,42.6
1159,4,Bangalore,2024-11,9795,6122,5.3,45007.34,67.5
1160,5,Bangalore,2024-11,8391,5593,6.3,16136.81,59.1
1161,6,Bangalore,2024-11,5152,3124,6.9,18466.98,84.8
1162,7,Bangalore,2024-11,4264,2683,7.1,10863.33,68.1
1163,8,Bangalore,2024-11,1602,1123,4.6,5478.43,75.5
1164,9,Bangalore,2024-11,5090,3327,5.7,21612.16,73.2
1165,10,Bangalore,2024-11,3996,3415,5.1,22576.08,93.0
1166,11,Bangalore,2024-11,7328,6376,9.1,22433.03,87.0
1167,12,Bangalore,2024-11,653,540,5.6,2439.67,70.1
1168,13,Bangalore,2024-11,9743,7264,6.3,54834.93,54.7
1169,14,Bangalore,2024-11,9413,8133,6.1,49243.26,70.9
1170,15,Bangalore,2024-11,5168,3463,7.8,21476.96,92.3
1171,1,Hyderabad,2024-11,11033,8612,8.5,34358.52,78.5
1172,2,Hyderabad,2024-11,11722,9062,5.7,51529.16,85.2
1173,3,Hyderabad,2024-11,6192,4681,5.3,22222.91,43.7
1174,4,Hyderabad,2024-11,4862,3233,6.2,9517.64,86.3
1175,5,Hyderabad,2024-11,390,245,8.2,655.12,95.7
1176,6,Hyderabad,2024-11,4626,3386,8.2,26205.71,47.3
1177,7,Hyderabad,2024-11,2479,1712,4.5,7435.13,58.9
1178,8,Hyderabad,2024-11,10285,8674,4.7,49733.11,47.7
1179,9,Hyderabad,2024-11,3777,2446,4.7,20416.38,91.2
1180,10,Hyderabad,2024-11,11632,9014,5.6,44037.33,63.3
1181,11,Hyderabad,2024-11,9913,8123,6.5,55351.38,48.7
1182,12,Hyderabad,2024-11,9458,6240,5.5,47339.13,42.3
1183,13,Hyderabad,2024-11,9619,7249,7.5,36105.95,44.6
1184,14,Hyderabad,2024-11,2875,1998,8.7,13103.95,43.2
1185,15,Hyderabad,2024-11,9958,8132,8.8,15286.65,45.5
1186,1,Chennai,2024-11,4807,3941,7.1,26075.99,85.1
1187,2,Chennai,2024-11,7757,6413,6.7,28221.64,69.0
1188,3,Chennai,2024-11,3985,3065,6.3,9421.06,68.8
1189,4,Chennai,2024-11,11691,7271,6.1,35682.59,76.4
1190,5,Chennai,2024-11,4752,3892,8.9,21501.08,48.2
1191,6,Chennai,2024-11,7064,4427,7.4,22087.98,89.6
1192,7,Chennai,2024-11,6337,5533,7.5,33303.0,56.7
1193,8,Chennai,2024-11,11248,9301,4.7,59854.77,46.1
1194,9,Chennai,2024-11,698,440,6.8,2458.9,55.3
1195,10,Chennai,2024-11,617,527,8.3,3224.13,86.4
1196,11,Chennai,2024-11,8679,5458,8.7,50236.71,47.5
1197,12,Chennai,2024-11,6431,5537,8.7,23754.37,77.2
1198,13,Chennai,2024-11,1240,821,6.3,6705.79,80.1
1199,14,Chennai,2024-11,4454,3639,5.1,22064.5,71.1
1200,15,Chennai,2024-11,8677,5801,8.3,36794.25,53.0
1201,1,New York,2024-11,4188,3457,8.1,14711.15,40.5
1202,2,New York,2024-11,5131,3555,8.6,27449.67,55.9
1203,3,New York,2024-11,7310,4392,4.9,14651.12,83.2
1204,4,New York,2024-11,4300,2954,6.8,17681.79,81.2
1205,5,New York,2024-11,9476,7712,5.1,31086.37,97.2
1206,6,New York,2024-11,3384,2037,7.4,15181.39,89.6
1207,7,New York,2024-11,1042,909,4.9,2514.49,87.5
1208,8,New York,2024-11,11179,7036,4.9,42373.7,77.9
1209,9,New York,2024-11,9327,5804,5.0,24084.96,73.6
1210,10,New York,2024-11,8149,5784,6.7,22956.56,74.2
1211,11,New York,2024-11,4916,3437,8.1,27434.3,71.0
1212,12,New York,2024-11,7062,5365,7.7,30506.44,65.8
1213,13,New York,2024-11,8292,6049,9.0,22360.91,64.3
1214,14,New York,2024-11,7937,4806,8.0,13008.26,64.5
1215,15,New York,2024-11,11932,9046,7.5,41807.95,44.2
1216,1,Los Angeles,2024-11,8831,6196,4.9,37635.53,89.1
1217,2,Los Angeles,2024-11,11031,8307,6.5,33886.56,86.1
1218,3,Los Angeles,2024-11,7842,6104,7.2,34958.31,45.3
1219,4,Los Angeles,2024-11,1854,1275,5.4,11049.69,53.9
1220,5,Los Angeles,2024-11,527,385,5.7,1728.13,70.0
1221,6,Los Angeles,2024-11,1505,1011,7.5,8056.73,56.9
1222,7,Los Angeles,2024-11,5820,3936,5.3,24422.14,63.4
1223,8,Los Angeles,2024-11,5214,4206,5.9,11569.3,74.7
1224,9,Los Angeles,2024-11,1878,1411,7.4,7638.47,44.6
1225,10,Los Angeles,2024-11,8729,5743,8.5,26366.53,76.3
1226,11,Los Angeles,2024-11,10261,6493,8.9,50470.25,72.1
1227,12,Los Angeles,2024-11,8216,7173,4.5,19666.8,76.4
1228,13,Los Angeles,2024-11,3260,2319,6.4,17337.67,45.4
1229,14,Los Angeles,2024-11,793,571,4.9,2821.81,55.4
1230,15,Los Angeles,2024-11,2569,2191,7.6,13983.41,86.4
1231,1,London,2024-11,10412,7543,7.1,39045.41,91.1
1232,2,London,2024-11,8455,6399,8.4,21787.19,48.2
1233,3,London,2024-11,2812,2271,8.6,11974.51,75.1
1234,4,London,2024-11,10154,6793,7.5,59789.79,65.4
1235,5,London,2024-11,6559,4774,7.0,31154.89,86.8
1236,6,London,2024-11,2640,1704,8.4,6555.79,97.5
1237,7,London,2024-11,2255,1603,4.9,10274.25,66.1
1238,8,London,2024-11,8062,6711,4.7,24238.77,88.8
1239,9,London,2024-11,1937,1598,7.9,11168.9,82.5
1240,10,London,2024-11,4004,2594,8.4,13638.96,63.5
1241,11,London,2024-11,6776,5641,6.6,31272.95,59.4
1242,12,London,2024-11,3557,2508,7.2,5798.58,62.1
1243,13,London,2024-11,2529,1698,8.1,10218.89,56.8
1244,14,London,2024-11,9674,7251,8.5,45846.32,80.4
1245,15,London,2024-11,4290,3393,5.4,15337.87,91.3
1246,1,Tokyo,2024-11,5319,3367,7.3,18293.07,56.6
1247,2,Tokyo,2024-11,8316,5160,8.5,33329.26,70.8
1248,3,Tokyo,2024-11,9974,7820,5.5,37339.86,62.4
1249,4,Tokyo,2024-11,6604,4536,6.1,20053.33,41.6
1250,5,Tokyo,2024-11,5241,3635,6.7,14140.07,48.6
1251,6,Tokyo,2024-11,6339,5162,6.8,19076.25,59.7
1252,7,Tokyo,2024-11,11947,10659,5.3,47142.33,93.3
1253,8,Tokyo,2024-11,294,182,4.9,1410.6,54.6
1254,9,Tokyo,2024-11,2469,1603,8.2,5731.64,54.5
1255,10,Tokyo,2024-11,7410,4795,5.9,24285.11,75.5
1256,11,Tokyo,2024-11,9095,6812,5.9,32285.39,44.4
1257,12,Tokyo,2024-11,8143,7190,5.8,27624.09,64.7
1258,13,Tokyo,2024-11,10448,8876,6.3,38998.36,93.0
1259,14,Tokyo,2024-11,9878,6825,5.9,24797.16,44.6
1260,15,Tokyo,2024-11,4017,3297,5.1,19277.81,40.7
1261,1,Sydney,2024-11,9960,8726,7.9,22993.07,46.8
1262,2,Sydney,2024-11,888,623,4.8,1334.11,56.4
1263,3,Sydney,2024-11,3727,3339,7.1,12024.42,62.2
1264,4,Sydney,2024-11,2111,1375,8.4,7599.49,71.7
1265,5,Sydney,2024-11,10412,6708,4.9,47770.6,41.8
1266,6,Sydney,2024-11,7143,5189,4.7,27271.03,60.0
1267,7,Sydney,2024-11,4557,3927,8.7,19320.11,92.8
1268,8,Sydney,2024-11,10780,6591,7.5,30649.94,47.8
1269,9,Sydney,2024-11,9014,7405,7.5,21975.91,41.2
1270,10,Sydney,2024-11,8866,7525,8.5,47567.31,61.7
1271,11,Sydney,2024-11,3278,2468,6.3,6007.45,64.2
1272,12,Sydney,2024-11,10721,8076,6.3,46397.55,88.2
1273,13,Sydney,2024-11,693,528,7.4,2752.34,43.0
1274,14,Sydney,2024-11,8009,6999,5.1,18510.78,44.0
1275,15,Sydney,2024-11,9595,7114,7.8,52119.16,79.5
1276,1,Paris,2024-11,6739,4752,5.6,21929.22,55.8
1277,2,Paris,2024-11,9148,7499,6.2,33211.65,61.3
1278,3,Paris,2024-11,638,409,5.2,2100.38,69.8
1279,4,Paris,2024-11,11282,7826,8.1,65598.55,54.8
1280,5,Paris,2024-11,8573,6357,7.2,21112.95,66.7
1281,6,Paris,2024-11,9680,7299,7.1,26956.72,78.0
1282,7,Paris,2024-11,5489,3625,8.4,14543.72,66.8
1283,8,Paris,2024-11,3974,2766,8.8,12840.59,92.3
1284,9,Paris,2024-11,4732,3820,7.9,13491.32,72.7
1285,10,Paris,2024-11,6408,5045,4.7,24744.92,60.6
1286,11,Paris,2024-11,3168,2306,6.6,18692.2,68.0
1287,12,Paris,2024-11,10656,8229,7.6,41927.37,77.1
1288,13,Paris,2024-11,7691,5683,5.9,42716.91,79.9
1289,14,Paris,2024-11,1496,911,5.1,7618.76,56.2
1290,15,Paris,2024-11,1487,1134,5.5,5281.6,53.7
1291,1,Dubai,2024-11,6775,5289,6.1,26604.95,70.9
1292,2,Dubai,2024-11,10346,7791,7.6,32024.79,79.8
1293,3,Dubai,2024-11,8225,6139,5.8,24245.52,46.0
1294,4,Dubai,2024-11,4132,2918,8.3,22836.76,59.6
1295,5,Dubai,2024-11,6051,5039,4.8,17969.76,60.6
1296,6,Dubai,2024-11,8090,7214,5.6,46862.1,94.7
1297,7,Dubai,2024-11,363,275,5.1,1325.64,97.6
1298,8,Dubai,2024-11,8289,5854,4.8,22499.52,84.9
1299,9,Dubai,2024-11,9392,6754,4.5,41708.47,54.4
1300,10,Dubai,2024-11,3676,3024,6.6,12429.91,97.5
1301,11,Dubai,2024-11,3340,2012,6.1,17294.88,91.8
1302,12,Dubai,2024-11,9674,7178,5.0,47743.29,54.4
1303,13,Dubai,2024-11,10822,7623,8.5,30814.27,57.3
1304,14,Dubai,2024-11,2792,2226,6.3,12435.22,76.7
1305,15,Dubai,2024-11,10897,7651,7.3,53509.9,97.7
1306,1,Singapore,2024-11,5919,4090,5.4,30841.95,47.4
1307,2,Singapore,2024-11,4126,3395,5.8,15160.97,89.5
1308,3,Singapore,2024-11,6739,5547,6.1,32736.5,49.9
1309,4,Singapore,2024-11,5168,3770,6.1,27054.78,41.9
1310,5,Singapore,2024-11,4972,4329,8.4,12352.93,68.9
1311,6,Singapore,2024-11,1356,1050,6.0,3869.95,69.4
1312,7,Singapore,2024-11,6610,5703,7.0,20766.77,65.7
1313,8,Singapore,2024-11,6094,3742,7.6,24840.84,58.0
1314,9,Singapore,2024-11,6014,4216,7.5,13044.6,62.4
1315,10,Singapore,2024-11,9046,8049,5.1,53871.45,56.9
1316,11,Singapore,2024-11,8003,6706,7.2,43342.22,47.7
1317,12,Singapore,2024-11,4051,2616,8.4,7991.82,40.7
1318,13,Singapore,2024-11,6080,5144,7.2,27132.85,43.2
1319,14,Singapore,2024-11,6973,6099,8.0,31914.81,49.9
1320,15,Singapore,2024-11,6625,5369,7.8,37000.94,94.6
1321,1,Toronto,2024-11,8513,5468,5.9,28589.08,86.3
1322,2,Toronto,2024-11,11960,7623,9.2,42607.8,84.1
1323,3,Toronto,2024-11,1343,1193,5.6,2199.83,42.5
1324,4,Toronto,2024-11,7791,4721,8.8,12048.98,65.7
1325,5,Toronto,2024-11,4801,3371,6.1,10421.58,97.5
1326,6,Toronto,2024-11,8968,6105,6.5,37087.96,66.4
1327,7,Toronto,2024-11,7713,5092,8.4,21623.58,68.6
1328,8,Toronto,2024-11,7924,6589,6.9,13892.73,71.7
1329,9,Toronto,2024-11,5351,4642,4.9,28090.54,66.4
1330,10,Toronto,2024-11,5563,3581,8.6,23055.31,60.5
1331,11,Toronto,2024-11,2989,2606,7.1,17897.1,47.7
1332,12,Toronto,2024-11,3845,2642,6.2,19059.02,95.5
1333,13,Toronto,2024-11,611,532,4.6,1323.02,67.6
1334,14,Toronto,2024-11,10462,8987,6.4,62162.35,86.7
1335,15,Toronto,2024-11,7021,6286,4.5,18454.09,52.7
1336,1,Berlin,2024-11,5011,4061,7.8,13591.96,62.7
1337,2,Berlin,2024-11,2214,1916,5.4,8554.37,76.4
1338,3,Berlin,2024-11,5379,3517,8.5,14925.06,63.0
1339,4,Berlin,2024-11,6722,4750,7.5,31873.6,81.6
1340,5,Berlin,2024-11,2135,1543,4.9,5557.98,86.0
1341,6,Berlin,2024-11,6882,5868,9.0,21367.93,78.1
1342,7,Berlin,2024-11,6558,5806,7.2,32580.22,84.6
1343,8,Berlin,2024-11,9734,8068,4.8,18911.58,62.5
1344,9,Berlin,2024-11,11559,10036,8.8,32267.64,71.8
1345,10,Berlin,2024-11,8895,7618,5.5,39132.03,41.4
1346,11,Berlin,2024-11,11353,7396,6.2,34033.61,55.6
1347,12,Berlin,2024-11,8131,4911,6.1,36844.66,70.1
1348,13,Berlin,2024-11,1661,1486,9.0,9791.12,75.8
1349,14,Berlin,2024-11,1561,1250,6.6,4078.2,55.6
1350,15,Berlin,2024-11,822,729,6.2,2700.86,74.4
1351,1,Mumbai,2024-12,8845,5706,9.2,47261.75,95.1
1352,2,Mumbai,2024-12,5245,3876,5.6,14395.64,50.3
1353,3,Mumbai,2024-12,5134,4466,7.3,12444.93,40.7
1354,4,Mumbai,2024-12,625,485,7.6,2202.34,66.1
1355,5,Mumbai,2024-12,1333,909,8.9,5918.81,61.1
1356,6,Mumbai,2024-12,2476,1601,8.5,11608.89,68.0
1357,7,Mumbai,2024-12,10187,8754,5.2,28198.6,53.6
1358,8,Mumbai,2024-12,3238,2164,8.6,9323.16,54.9
1359,9,Mumbai,2024-12,9335,7961,5.9,46227.53,79.7
1360,10,Mumbai,2024-12,6411,5334,8.2,26551.47,42.1
1361,11,Mumbai,2024-12,8689,6502,4.9,42553.34,94.9
1362,12,Mumbai,2024-12,6424,5175,6.0,14592.52,44.6
1363,13,Mumbai,2024-12,1662,1039,8.4,8064.15,61.1
1364,14,Mumbai,2024-12,9623,7276,5.9,41694.63,49.5
1365,15,Mumbai,2024-12,4507,2734,6.8,9288.97,77.5
1366,1,Delhi,2024-12,5065,3189,8.0,7653.96,54.2
1367,2,Delhi,2024-12,10022,7989,5.9,21244.78,69.6
1368,3,Delhi,2024-12,6314,5284,5.3,36194.06,83.0
1369,4,Delhi,2024-12,7132,5112,6.6,41828.11,71.1
1370,5,Delhi,2024-12,2228,1499,6.3,6290.23,69.5
1371,6,Delhi,2024-12,574,488,8.3,2971.97,72.6
1372,7,Delhi,2024-12,3535,2735,7.9,12910.83,53.3
1373,8,Delhi,2024-12,5510,3402,5.4,18792.17,57.8
1374,9,Delhi,2024-12,11948,8145,6.9,18280.26,88.0
1375,10,Delhi,2024-12,4629,3411,4.9,19168.43,77.7
1376,11,Delhi,2024-12,6024,4090,4.5,22594.35,50.1
1377,12,Delhi,2024-12,9906,6433,6.2,45018.9,78.6
1378,13,Delhi,2024-12,8058,6018,8.1,22301.57,63.8
1379,14,Delhi,2024-12,7412,5115,8.8,21963.56,42.5
1380,15,Delhi,2024-12,10192,8923,7.9,22345.4,95.0
1381,1,Bangalore,2024-12,9964,7569,8.5,38846.13,70.5
1382,2,Bangalore,2024-12,3947,3487,8.3,11193.51,75.6
1383,3,Bangalore,2024-12,11149,9720,5.4,24141.83,69.1
1384,4,Bangalore,2024-12,11651,9576,4.6,58889.18,74.1
1385,5,Bangalore,2024-12,3648,2809,7.8,21585.99,73.3
1386,6,Bangalore,2024-12,1567,1308,5.0,5453.5,86.8
1387,7,Bangalore,2024-12,2392,1915,5.9,4464.29,65.0
1388,8,Bangalore,2024-12,11694,10426,8.5,65984.3,63.2
1389,9,Bangalore,2024-12,3374,2263,4.8,14903.65,84.5
1390,10,Bangalore,2024-12,1721,1125,8.0,8443.73,53.5
1391,11,Bangalore,2024-12,1180,875,5.8,3567.25,60.1
1392,12,Bangalore,2024-12,6400,4629,5.9,24048.48,89.5
1393,13,Bangalore,2024-12,250,168,6.1,1031.64,61.4
1394,14,Bangalore,2024-12,1146,807,6.3,3565.27,83.3
1395,15,Bangalore,2024-12,760,552,4.6,1228.92,97.7
1396,1,Hyderabad,2024-12,1473,1213,8.6,4799.57,56.4
1397,2,Hyderabad,2024-12,5700,3433,6.9,29672.52,73.9
1398,3,Hyderabad,2024-12,917,585,6.8,3022.66,87.7
1399,4,Hyderabad,2024-12,9015,8080,4.6,29525.29,73.1
1400,5,Hyderabad,2024-12,4416,3451,6.0,9641.73,73.2
1401,6,Hyderabad,2024-12,5408,3973,8.2,13612.39,94.5
1402,7,Hyderabad,2024-12,11242,9882,4.6,25061.75,40.2
1403,8,Hyderabad,2024-12,4631,4036,6.7,13045.09,58.9
1404,9,Hyderabad,2024-12,8291,7177,6.3,26518.6,58.9
1405,10,Hyderabad,2024-12,8838,5383,5.4,33534.85,69.6
1406,11,Hyderabad,2024-12,6051,5401,5.9,34380.44,69.5
1407,12,Hyderabad,2024-12,2627,2352,7.9,11824.65,54.2
1408,13,Hyderabad,2024-12,4428,2872,8.4,10590.86,53.1
1409,14,Hyderabad,2024-12,10241,7841,4.9,41006.11,63.2
1410,15,Hyderabad,2024-12,9759,8046,7.1,35791.32,44.5
1411,1,Chennai,2024-12,6411,4727,5.3,14088.34,89.3
1412,2,Chennai,2024-12,6410,4616,8.6,23261.35,72.7
1413,3,Chennai,2024-12,4809,3163,5.9,20380.14,53.7
1414,4,Chennai,2024-12,6223,4291,7.7,13960.72,42.0
1415,5,Chennai,2024-12,8528,7275,8.0,38368.26,56.8
1416,6,Chennai,2024-12,8120,6659,8.3,45270.18,83.6
1417,7,Chennai,2024-12,1554,1037,6.2,6895.14,57.5
1418,8,Chennai,2024-12,10152,7421,4.7,41049.88,40.5
1419,9,Chennai,2024-12,8336,6902,9.1,31089.1,92.5
1420,10,Chennai,2024-12,4075,3459,7.6,20191.14,59.4
1421,11,Chennai,2024-12,9972,8505,8.3,41218.24,44.8
1422,12,Chennai,2024-12,5090,3598,4.6,23848.29,93.8
1423,13,Chennai,2024-12,6849,5389,5.0,33920.85,80.9
1424,14,Chennai,2024-12,4275,3037,5.5,12311.98,97.6
1425,15,Chennai,2024-12,7952,5378,7.2,28002.57,67.8
1426,1,New York,2024-12,3130,2702,7.5,9325.58,57.6
1427,2,New York,2024-12,9495,8216,4.8,52804.4,60.2
1428,3,New York,2024-12,6154,4717,7.0,21392.35,44.7
1429,4,New York,2024-12,8532,5380,4.8,16164.28,58.6
1430,5,New York,2024-12,6727,5330,8.3,28111.3,75.2
1431,6,New York,2024-12,6260,4063,9.1,28478.98,40.3
1432,7,New York,2024-12,1458,1234,7.6,6086.37,58.2
1433,8,New York,2024-12,11817,8202,4.7,24931.35,66.9
1434,9,New York,2024-12,675,414,7.6,2141.14,41.4
1435,10,New York,2024-12,11346,8151,5.7,32058.8,91.6
1436,11,New York,2024-12,5918,4597,6.5,18555.29,79.4
1437,12,New York,2024-12,8756,7008,6.5,21114.2,57.3
1438,13,New York,2024-12,6720,5236,7.9,12105.14,90.6
1439,14,New York,2024-12,1214,983,8.0,4501.31,87.5
1440,15,New York,2024-12,11221,9225,8.0,53933.04,70.3
1441,1,Los Angeles,2024-12,2392,1726,8.4,8379.34,48.1
1442,2,Los Angeles,2024-12,476,288,5.1,2325.96,48.7
1443,3,Los Angeles,2024-12,9907,8392,8.3,15723.89,94.3
1444,4,Los Angeles,2024-12,3116,1999,5.9,12909.94,78.8
1445,5,Los Angeles,2024-12,9105,7358,6.5,25022.97,47.8
1446,6,Los Angeles,2024-12,5777,3926,7.1,18421.77,53.0
1447,7,Los Angeles,2024-12,10134,8521,4.8,37735.08,78.7
1448,8,Los Angeles,2024-12,6793,5156,9.1,17747.89,66.1
1449,9,Los Angeles,2024-12,6088,4615,7.7,19825.45,85.4
1450,10,Los Angeles,2024-12,3572,2833,7.4,12804.27,90.6
1451,11,Los Angeles,2024-12,2715,2290,8.1,8580.11,41.7
1452,12,Los Angeles,2024-12,3853,3249,5.9,22451.3,87.5
1453,13,Los Angeles,2024-12,912,712,4.9,3278.11,66.9
1454,14,Los Angeles,2024-12,1291,844,8.7,2223.57,40.1
1455,15,Los Angeles,2024-12,3965,3514,8.2,8540.12,41.7
1456,1,London,2024-12,7748,6637,5.8,24158.21,71.1
1457,2,London,2024-12,3784,2647,7.2,19941.75,81.0
1458,3,London,2024-12,6738,5223,8.0,32256.32,59.2
1459,4,London,2024-12,2828,1699,6.4,8831.21,95.6
1460,5,London,2024-12,1852,1194,7.5,3070.49,96.5
1461,6,London,2024-12,9684,7966,8.4,35151.55,51.5
1462,7,London,2024-12,254,184,9.0,1232.22,44.3
1463,8,London,2024-12,2534,1696,6.8,4759.01,74.2
1464,9,London,2024-12,10700,8170,8.8,54807.97,68.7
1465,10,London,2024-12,6001,4526,7.1,20644.4,51.4
1466,11,London,2024-12,3628,2918,7.1,17332.98,47.3
1467,12,London,2024-12,2147,1320,7.1,6799.42,48.3
1468,13,London,2024-12,7835,6233,8.7,26918.03,76.2
1469,14,London,2024-12,8327,7090,8.8,38929.3,49.1
1470,15,London,2024-12,11789,9100,8.5,63375.53,88.5
1471,1,Tokyo,2024-12,3558,2287,4.6,8111.76,69.9
1472,2,Tokyo,2024-12,2184,1328,5.6,10070.5,58.0
1473,3,Tokyo,2024-12,1625,999,5.1,2943.66,50.7
1474,4,Tokyo,2024-12,7769,5934,9.0,43121.11,48.3
1475,5,Tokyo,2024-12,6048,3647,7.5,11542.05,79.8
1476,6,Tokyo,2024-12,10547,8159,5.5,29125.1,47.9
1477,7,Tokyo,2024-12,1533,929,5.5,5937.45,58.2
1478,8,Tokyo,2024-12,8836,5508,7.8,13357.61,66.2
1479,9,Tokyo,2024-12,3120,2607,5.1,12002.49,55.6
1480,10,Tokyo,2024-12,1120,676,8.7,2075.38,70.3
1481,11,Tokyo,2024-12,471,387,5.4,2164.88,67.5
1482,12,Tokyo,2024-12,855,558,6.6,2767.05,43.1
1483,13,Tokyo,2024-12,8180,6210,8.5,16310.85,74.2
1484,14,Tokyo,2024-12,6748,5511,6.7,17040.19,58.2
1485,15,Tokyo,2024-12,2507,1908,8.1,4908.47,68.3
1486,1,Sydney,2024-12,3232,2482,4.6,5059.29,44.0
1487,2,Sydney,2024-12,6632,5461,5.7,27927.31,65.9
1488,3,Sydney,2024-12,736,512,7.0,2531.77,82.1
1489,4,Sydney,2024-12,632,537,7.1,2903.06,76.7
1490,5,Sydney,2024-12,7933,5250,5.3,30687.32,91.5
1491,6,Sydney,2024-12,4589,3671,5.9,12397.92,79.1
1492,7,Sydney,2024-12,1322,862,7.2,4721.72,75.1
1493,8,Sydney,2024-12,8661,6462,4.9,25352.22,54.8
1494,9,Sydney,2024-12,8254,5018,5.6,15999.03,93.1
1495,10,Sydney,2024-12,2930,2030,6.7,6121.9,93.9
1496,11,Sydney,2024-12,8718,6897,9.2,14506.29,76.2
1497,12,Sydney,2024-12,9324,5611,6.4,43544.68,85.0
1498,13,Sydney,2024-12,9576,7993,6.8,30051.95,97.4
1499,14,Sydney,2024-12,5891,5132,5.5,34047.91,68.7
1500,15,Sydney,2024-12,11260,9728,4.5,19208.12,49.3
1501,1,Paris,2024-12,5410,3627,5.6,8463.34,90.0
1502,2,Paris,2024-12,778,499,8.3,3325.01,75.1
1503,3,Paris,2024-12,11477,7062,9.0,48430.51,52.2
1504,4,Paris,2024-12,3497,2419,4.5,17864.68,59.5
1505,5,Paris,2024-12,1634,1035,8.8,8984.48,58.7
1506,6,Paris,2024-12,2180,1410,5.9,7687.76,78.7
1507,7,Paris,2024-12,2272,1827,8.4,9464.83,75.2
1508,8,Paris,2024-12,3887,2743,6.3,8285.63,68.7
1509,9,Paris,2024-12,1013,614,8.5,4378.51,71.4
1510,10,Paris,2024-12,11572,8894,5.4,44679.02,68.1
1511,11,Paris,2024-12,4641,3298,8.1,19682.62,52.0
1512,12,Paris,2024-12,10165,6134,7.0,34571.79,42.7
1513,13,Paris,2024-12,1013,681,7.9,5795.81,90.2
1514,14,Paris,2024-12,10342,6617,8.0,20876.9,80.9
1515,15,Paris,2024-12,9398,6798,8.3,18038.64,50.0
1516,1,Dubai,2024-12,2121,1307,9.1,5930.2,80.0
1517,2,Dubai,2024-12,9278,7976,4.6,52566.82,50.6
1518,3,Dubai,2024-12,5029,4330,7.1,19944.54,75.4
1519,4,Dubai,2024-12,2596,1945,4.9,8130.58,68.9
1520,5,Dubai,2024-12,3927,3038,8.1,14654.81,54.1
1521,6,Dubai,2024-12,10601,8570,8.4,41131.71,58.8
1522,7,Dubai,2024-12,6052,5226,8.3,21844.61,94.2
1523,8,Dubai,2024-12,7131,4801,9.0,39440.93,91.2
1524,9,Dubai,2024-12,3918,2766,5.6,21982.32,48.0
1525,10,Dubai,2024-12,4053,2584,4.5,12861.26,61.8
1526,11,Dubai,2024-12,7715,5504,8.0,17384.75,77.6
1527,12,Dubai,2024-12,5684,4352,8.0,31405.59,58.8
1528,13,Dubai,2024-12,10830,7957,8.5,26529.37,64.1
1529,14,Dubai,2024-12,3426,2085,6.4,9232.34,84.2
1530,15,Dubai,2024-12,3341,2124,6.1,16011.74,40.3
1531,1,Singapore,2024-12,5709,4069,7.8,29800.37,76.9
1532,2,Singapore,2024-12,5366,3860,8.1,30524.42,76.6
1533,3,Singapore,2024-12,3841,3444,7.8,20730.01,84.5
1534,4,Singapore,2024-12,2200,1402,8.9,12695.4,68.1
1535,5,Singapore,2024-12,7739,5443,5.5,30336.64,68.1
1536,6,Singapore,2024-12,335,263,7.4,1824.82,64.7
1537,7,Singapore,2024-12,7262,6115,5.0,36997.71,81.7
1538,8,Singapore,2024-12,9348,6399,4.7,27646.81,47.4
1539,9,Singapore,2024-12,7680,5499,8.7,31582.62,42.9
1540,10,Singapore,2024-12,3792,2380,8.4,17375.54,57.8
1541,11,Singapore,2024-12,4782,3053,8.3,28192.57,97.4
1542,12,Singapore,2024-12,10710,7183,7.2,41588.23,57.1
1543,13,Singapore,2024-12,1761,1550,5.3,9655.72,70.2
1544,14,Singapore,2024-12,10508,6610,5.7,62577.22,77.7
1545,15,Singapore,2024-12,11057,6928,5.9,26789.82,41.4
1546,1,Toronto,2024-12,8774,6435,8.0,14590.33,61.6
1547,2,Toronto,2024-12,7425,5371,6.1,23497.66,80.3
1548,3,Toronto,2024-12,10609,7541,9.0,36607.96,79.5
1549,4,Toronto,2024-12,6478,5190,8.8,17786.88,79.0
1550,5,Toronto,2024-12,4533,3993,5.6,18761.53,78.0
1551,6,Toronto,2024-12,5608,4484,8.9,14982.6,95.5
1552,7,Toronto,2024-12,4980,3534,5.0,21273.18,48.3
1553,8,Toronto,2024-12,1090,835,8.7,2388.84,60.5
1554,9,Toronto,2024-12,2628,2263,6.1,6869.22,49.1
1555,10,Toronto,2024-12,4156,3186,9.0,15733.47,69.2
1556,11,Toronto,2024-12,1197,721,4.6,6941.19,48.6
1557,12,Toronto,2024-12,2563,1709,5.5,13098.76,92.9
1558,13,Toronto,2024-12,8256,7423,7.0,31491.97,50.8
1559,14,Toronto,2024-12,8907,8007,4.8,23593.34,53.4
1560,15,Toronto,2024-12,1697,1217,4.8,3324.95,82.2
1561,1,Berlin,2024-12,4122,3611,8.2,21152.61,42.9
1562,2,Berlin,2024-12,11715,8241,9.1,36251.54,48.0
1563,3,Berlin,2024-12,5334,3784,6.7,12246.8,52.1
1564,4,Berlin,2024-12,11704,9151,5.2,31032.15,41.4
1565,5,Berlin,2024-12,2256,1390,6.7,9436.32,85.0
1566,6,Berlin,2024-12,2766,2112,6.4,4963.59,46.2
1567,7,Berlin,2024-12,2538,1841,7.6,14648.51,78.8
1568,8,Berlin,2024-12,4587,3719,6.0,11508.04,42.5
1569,9,Berlin,2024-12,1248,790,7.9,3317.79,60.0
1570,10,Berlin,2024-12,11705,9975,8.1,69885.94,87.1
1571,11,Berlin,2024-12,9858,6745,8.1,36331.27,57.0
1572,12,Berlin,2024-12,1134,882,7.7,1911.86,50.6
1573,13,Berlin,2024-12,10235,8782,8.4,35170.42,65.7
1574,14,Berlin,2024-12,1440,980,6.5,5287.56,42.7
1575,15,Berlin,2024-12,2996,1902,9.0,17213.94,59.3
1576,1,Mumbai,2025-01,668,462,4.9,1626.99,92.8
1577,2,Mumbai,2025-01,4487,3225,5.5,11054.96,82.7
1578,3,Mumbai,2025-01,10980,6597,4.7,33973.86,73.1
1579,4,Mumbai,2025-01,6948,4726,5.2,40995.57,45.8
1580,5,Mumbai,2025-01,10567,8793,9.0,20550.28,89.6
1581,6,Mumbai,2025-01,8252,5845,8.6,18189.17,81.2
1582,7,Mumbai,2025-01,5888,5120,5.0,27893.44,65.4
1583,8,Mumbai,2025-01,1544,1157,8.8,4626.1,90.4
1584,9,Mumbai,2025-01,4294,2652,7.5,7384.88,62.1
1585,10,Mumbai,2025-01,1842,1383,6.1,7034.89,48.7
1586,11,Mumbai,2025-01,9051,7676,9.0,13814.54,93.4
1587,12,Mumbai,2025-01,7458,5231,4.9,27167.2,40.5
1588,13,Mumbai,2025-01,1269,1039,4.7,4157.83,48.8
1589,14,Mumbai,2025-01,6807,4212,7.2,14020.08,64.3
1590,15,Mumbai,2025-01,11010,9172,4.9,59800.26,62.7
1591,1,Delhi,2025-01,4593,2852,7.9,14701.2,59.8
1592,2,Delhi,2025-01,8331,5629,6.0,48206.23,45.4
1593,3,Delhi,2025-01,8167,5283,6.3,43369.37,55.6
1594,4,Delhi,2025-01,10358,7507,9.0,35352.48,53.4
1595,5,Delhi,2025-01,9416,5702,7.9,43528.06,96.5
1596,6,Delhi,2025-01,3292,2721,6.7,7936.59,69.9
1597,7,Delhi,2025-01,1646,1159,6.7,3978.04,91.8
1598,8,Delhi,2025-01,6467,4063,7.3,15029.77,94.3
1599,9,Delhi,2025-01,2237,1432,7.4,11481.93,79.1
1600,10,Delhi,2025-01,960,769,6.4,2071.72,47.1
1601,11,Delhi,2025-01,7798,6490,6.7,35370.62,53.6
1602,12,Delhi,2025-01,4160,2587,6.7,13821.55,64.5
1603,13,Delhi,2025-01,6231,4065,6.9,15137.05,50.5
1604,14,Delhi,2025-01,3966,2833,5.0,17600.39,87.6
1605,15,Delhi,2025-01,4750,4217,7.1,23423.01,60.0
1606,1,Bangalore,2025-01,10813,9299,6.4,25478.09,41.7
1607,2,Bangalore,2025-01,6153,5506,6.4,15051.14,44.7
1608,3,Bangalore,2025-01,9568,5906,5.9,26233.99,83.6
1609,4,Bangalore,2025-01,10468,8127,5.9,30943.4,44.6
1610,5,Bangalore,2025-01,4366,2640,5.8,24031.65,49.2
1611,6,Bangalore,2025-01,6695,4388,6.1,39877.44,88.4
1612,7,Bangalore,2025-01,6606,3965,4.5,20998.25,97.8
1613,8,Bangalore,2025-01,5171,3961,4.6,28513.43,57.1
1614,9,Bangalore,2025-01,1283,789,5.1,5158.35,66.5
1615,10,Bangalore,2025-01,629,458,4.8,2921.92,95.1
1616,11,Bangalore,2025-01,9262,8257,4.8,21600.54,75.4
1617,12,Bangalore,2025-01,301,249,7.1,626.0,51.5
1618,13,Bangalore,2025-01,7076,5545,7.1,40584.75,40.6
1619,14,Bangalore,2025-01,11482,7126,6.3,47912.8,61.5
1620,15,Bangalore,2025-01,8905,6478,6.9,43334.36,69.3
1621,1,Hyderabad,2025-01,2986,2547,4.8,9435.44,68.5
1622,2,Hyderabad,2025-01,3437,2654,6.6,13111.91,49.9
1623,3,Hyderabad,2025-01,4292,2703,6.2,19578.72,59.3
1624,4,Hyderabad,2025-01,5502,4932,6.3,22337.62,83.2
1625,5,Hyderabad,2025-01,5989,5003,5.6,23464.05,77.1
1626,6,Hyderabad,2025-01,1523,1113,5.3,3956.09,76.6
1627,7,Hyderabad,2025-01,7295,4986,9.1,16403.13,55.8
1628,8,Hyderabad,2025-01,9751,7299,6.9,44677.64,83.6
1629,9,Hyderabad,2025-01,6149,3887,4.6,16532.93,94.4
1630,10,Hyderabad,2025-01,4066,2857,4.6,16029.63,75.5
1631,11,Hyderabad,2025-01,2973,2095,8.8,8869.0,62.7
1632,12,Hyderabad,2025-01,2039,1429,7.4,3380.34,54.3
1633,13,Hyderabad,2025-01,957,718,5.6,3273.64,54.4
1634,14,Hyderabad,2025-01,5701,4855,8.6,11678.59,64.7
1635,15,Hyderabad,2025-01,6677,5922,6.0,10692.66,82.0
1636,1,Chennai,2025-01,8447,5351,8.2,29021.55,52.1
1637,2,Chennai,2025-01,2280,1441,6.7,4432.27,82.0
1638,3,Chennai,2025-01,9897,7977,6.6,47660.77,79.4
1639,4,Chennai,2025-01,6286,3865,7.0,25025.22,71.0
1640,5,Chennai,2025-01,4212,3785,6.8,12909.83,68.6
1641,6,Chennai,2025-01,2198,1753,6.8,4337.02,83.7
1642,7,Chennai,2025-01,10423,8291,5.9,57058.49,85.0
1643,8,Chennai,2025-01,10948,8664,5.9,53294.11,90.8
1644,9,Chennai,2025-01,9968,8696,7.6,53021.36,72.5
1645,10,Chennai,2025-01,2040,1546,8.6,11523.96,62.0
1646,11,Chennai,2025-01,674,567,4.7,2253.84,65.6
1647,12,Chennai,2025-01,7949,6639,6.5,20638.11,55.6
1648,13,Chennai,2025-01,11293,8700,6.5,58042.49,53.6
1649,14,Chennai,2025-01,2750,2362,7.8,7551.67,60.8
1650,15,Chennai,2025-01,2996,2280,4.6,17433.34,87.9
1651,1,New York,2025-01,10029,8488,8.0,47411.19,64.9
1652,2,New York,2025-01,11033,7239,7.6,43058.09,56.4
1653,3,New York,2025-01,697,598,6.3,3784.54,90.4
1654,4,New York,2025-01,1568,1187,6.9,5098.87,78.2
1655,5,New York,2025-01,4453,3447,8.9,17987.15,70.2
1656,6,New York,2025-01,11543,9260,5.3,62211.62,68.7
1657,7,New York,2025-01,3969,3110,9.1,18296.14,88.5
1658,8,New York,2025-01,8521,6415,5.5,42008.51,90.0
1659,9,New York,2025-01,11891,9783,5.0,63200.46,67.6
1660,10,New York,2025-01,11965,8923,6.3,65736.5,48.3
1661,11,New York,2025-01,7247,5967,6.8,31847.79,74.0
1662,12,New York,2025-01,10819,7292,8.3,40676.95,66.6
1663,13,New York,2025-01,9357,7751,7.7,20967.46,60.8
1664,14,New York,2025-01,1295,1038,6.9,7309.07,92.3
1665,15,New York,2025-01,7504,5372,8.4,37649.99,42.9
1666,1,Los Angeles,2025-01,8903,6074,5.9,23750.15,64.7
1667,2,Los Angeles,2025-01,4553,3159,6.1,16060.24,52.6
1668,3,Los Angeles,2025-01,5811,4679,6.8,18371.13,58.0
1669,4,Los Angeles,2025-01,8096,6975,6.1,29814.03,67.5
1670,5,Los Angeles,2025-01,6820,4633,6.1,26226.5,55.8
1671,6,Los Angeles,2025-01,7561,5472,8.3,36184.68,88.9
1672,7,Los Angeles,2025-01,11622,7156,6.6,59321.56,48.7
1673,8,Los Angeles,2025-01,8327,6555,8.7,29253.08,46.4
1674,9,Los Angeles,2025-01,5593,4996,8.8,14368.15,90.5
1675,10,Los Angeles,2025-01,4807,2956,6.8,27900.07,56.9
1676,11,Los Angeles,2025-01,8957,6687,6.4,25339.34,84.2
1677,12,Los Angeles,2025-01,7716,4631,7.0,16794.53,87.8
1678,13,Los Angeles,2025-01,7113,5390,7.1,22659.1,48.4
1679,14,Los Angeles,2025-01,11291,10048,4.5,66695.26,68.8
1680,15,Los Angeles,2025-01,7303,6086,6.2,31473.83,72.3
1681,1,London,2025-01,11529,7515,7.4,27565.35,70.3
1682,2,London,2025-01,1454,1206,7.7,3330.88,50.5
1683,3,London,2025-01,9239,5630,8.1,48962.86,87.9
1684,4,London,2025-01,3314,2915,6.2,10853.79,95.4
1685,5,London,2025-01,11429,9399,5.7,17829.19,52.2
1686,6,London,2025-01,11620,7248,6.3,54283.33,52.6
1687,7,London,2025-01,5021,3648,8.6,13648.57,74.0
1688,8,London,2025-01,1980,1611,5.8,11853.49,68.6
1689,9,London,2025-01,4702,3195,8.8,18857.7,95.7
1690,10,London,2025-01,6817,5080,6.7,36344.35,57.9
1691,11,London,2025-01,9896,7701,6.8,49755.59,55.1
1692,12,London,2025-01,4287,2692,6.9,15360.13,89.8
1693,13,London,2025-01,2324,1884,5.1,11569.85,53.6
1694,14,London,2025-01,2271,1815,9.2,12476.14,55.3
1695,15,London,2025-01,10035,7580,4.7,39936.19,68.2
1696,1,Tokyo,2025-01,4739,2876,8.8,15553.97,71.4
1697,2,Tokyo,2025-01,6076,4776,8.4,26176.63,75.1
1698,3,Tokyo,2025-01,10046,8068,4.7,52393.2,83.5
1699,4,Tokyo,2025-01,2917,2092,7.9,11961.85,42.2
1700,5,Tokyo,2025-01,3700,2245,6.0,6134.09,44.7
1701,6,Tokyo,2025-01,7666,5228,9.2,20488.84,82.8
1702,7,Tokyo,2025-01,7707,5572,6.9,43876.38,74.6
1703,8,Tokyo,2025-01,6936,6099,9.2,31175.78,55.5
1704,9,Tokyo,2025-01,9456,6804,8.8,41087.83,57.4
1705,10,Tokyo,2025-01,10511,7473,5.3,21179.84,96.4
1706,11,Tokyo,2025-01,11452,7443,4.9,51672.04,97.7
1707,12,Tokyo,2025-01,1405,1021,5.5,3870.7,58.0
1708,13,Tokyo,2025-01,3524,3039,7.8,15857.07,46.2
1709,14,Tokyo,2025-01,1233,1089,9.1,7121.27,71.0
1710,15,Tokyo,2025-01,6039,4381,6.1,11690.4,46.4
1711,1,Sydney,2025-01,4675,3587,5.5,7910.6,94.5
1712,2,Sydney,2025-01,11070,7358,7.7,55316.66,79.8
1713,3,Sydney,2025-01,10570,8026,8.3,29726.61,64.0
1714,4,Sydney,2025-01,4792,3773,5.2,21671.2,84.7
1715,5,Sydney,2025-01,6419,5043,5.4,12262.73,82.4
1716,6,Sydney,2025-01,6148,3920,7.9,25660.95,83.3
1717,7,Sydney,2025-01,2777,2139,5.5,13117.67,76.0
1718,8,Sydney,2025-01,11529,8670,8.5,21192.93,95.4
1719,9,Sydney,2025-01,10747,8769,5.6,50533.02,84.2
1720,10,Sydney,2025-01,821,671,7.0,3583.33,66.7
1721,11,Sydney,2025-01,10179,9032,9.0,51726.49,79.0
1722,12,Sydney,2025-01,6435,5147,7.4,21825.46,68.1
1723,13,Sydney,2025-01,3536,2496,6.8,6326.86,92.3
1724,14,Sydney,2025-01,5616,3378,5.9,32021.96,46.5
1725,15,Sydney,2025-01,9330,6581,5.4,35857.53,50.8
1726,1,Paris,2025-01,8374,5898,7.5,23197.83,59.7
1727,2,Paris,2025-01,9044,5426,7.1,47212.56,71.7
1728,3,Paris,2025-01,9324,7450,7.7,46243.61,74.4
1729,4,Paris,2025-01,9190,6830,4.8,16344.67,74.9
1730,5,Paris,2025-01,6024,5400,7.6,36135.27,97.0
1731,6,Paris,2025-01,2123,1775,9.1,6297.47,89.8
1732,7,Paris,2025-01,4001,2781,8.0,15266.03,75.7
1733,8,Paris,2025-01,4569,2941,8.5,21202.35,43.9
1734,9,Paris,2025-01,6241,4088,5.4,16746.3,47.8
1735,10,Paris,2025-01,10509,6873,5.6,21375.95,61.4
1736,11,Paris,2025-01,2096,1878,5.9,10709.92,92.7
1737,12,Paris,2025-01,9038,5456,7.0,29862.51,44.3
1738,13,Paris,2025-01,6870,5117,8.7,23469.32,97.5
1739,14,Paris,2025-01,11640,8827,7.5,52865.47,82.9
1740,15,Paris,2025-01,10187,6364,6.3,23339.22,92.0
1741,1,Dubai,2025-01,5311,3708,6.9,10511.04,75.9
1742,2,Dubai,2025-01,3401,2229,8.7,10166.48,54.0
1743,3,Dubai,2025-01,9315,7671,8.6,39251.22,48.4
1744,4,Dubai,2025-01,1829,1388,5.1,6337.26,58.0
1745,5,Dubai,2025-01,7140,4395,5.1,18588.79,56.9
1746,6,Dubai,2025-01,11306,7342,5.7,52215.83,65.8
1747,7,Dubai,2025-01,4402,2713,7.4,13701.59,83.4
1748,8,Dubai,2025-01,269,178,6.2,564.61,97.6
1749,9,Dubai,2025-01,2782,2395,4.6,12268.34,93.5
1750,10,Dubai,2025-01,4266,3218,5.6,15322.47,89.4
1751,11,Dubai,2025-01,956,628,8.7,1532.84,89.9
1752,12,Dubai,2025-01,10849,6933,8.9,23976.83,88.1
1753,13,Dubai,2025-01,10181,8178,5.1,55291.11,49.4
1754,14,Dubai,2025-01,8727,5483,8.2,14437.77,54.0
1755,15,Dubai,2025-01,1234,985,8.4,5479.53,63.9
1756,1,Singapore,2025-01,1123,954,9.0,5774.51,80.4
1757,2,Singapore,2025-01,2368,1573,8.9,11825.47,54.1
1758,3,Singapore,2025-01,11775,7969,7.4,20903.76,51.4
1759,4,Singapore,2025-01,11815,9356,6.3,32216.74,90.0
1760,5,Singapore,2025-01,8955,7340,5.7,41074.68,90.8
1761,6,Singapore,2025-01,3154,2558,6.2,15840.93,63.5
1762,7,Singapore,2025-01,3174,2580,9.2,18017.07,95.1
1763,8,Singapore,2025-01,451,282,8.2,1571.46,57.1
1764,9,Singapore,2025-01,3773,2265,8.9,8869.85,76.5
1765,10,Singapore,2025-01,8813,7600,7.1,49822.01,96.5
1766,11,Singapore,2025-01,1485,1323,7.3,3068.15,47.9
1767,12,Singapore,2025-01,5657,3924,6.5,28164.1,58.7
1768,13,Singapore,2025-01,3107,2146,9.1,11044.47,92.8
1769,14,Singapore,2025-01,9935,6687,7.4,46132.66,60.4
1770,15,Singapore,2025-01,9991,7661,7.9,31064.04,52.5
1771,1,Toronto,2025-01,9054,5441,8.7,41255.82,95.4
1772,2,Toronto,2025-01,11020,8944,7.6,45155.9,65.2
1773,3,Toronto,2025-01,11217,6829,8.3,31622.65,52.8
1774,4,Toronto,2025-01,1060,805,9.0,5708.12,76.5
1775,5,Toronto,2025-01,4967,4000,6.7,16271.92,92.6
1776,6,Toronto,2025-01,11030,8509,8.5,33055.84,69.7
1777,7,Toronto,2025-01,3726,3087,7.4,11494.87,67.1
1778,8,Toronto,2025-01,9150,6295,5.7,52265.18,40.5
1779,9,Toronto,2025-01,5693,4080,6.2,10907.68,64.0
1780,10,Toronto,2025-01,10878,7697,5.1,28503.79,42.9
1781,11,Toronto,2025-01,11001,8927,5.0,17769.75,47.9
1782,12,Toronto,2025-01,8664,7124,8.3,48978.24,76.9
1783,13,Toronto,2025-01,7969,7044,8.6,30977.04,89.8
1784,14,Toronto,2025-01,4438,2692,7.8,15097.18,77.2
1785,15,Toronto,2025-01,899,712,6.9,2669.66,88.4
1786,1,Berlin,2025-01,6908,4180,5.8,40278.85,95.3
1787,2,Berlin,2025-01,6428,4798,9.2,21240.1,43.8
1788,3,Berlin,2025-01,6792,5778,4.9,27414.44,51.9
1789,4,Berlin,2025-01,2188,1611,9.1,4133.28,83.2
1790,5,Berlin,2025-01,4377,2657,5.9,6859.96,52.3
1791,6,Berlin,2025-01,9067,7094,6.5,24128.95,72.6
1792,7,Berlin,2025-01,10330,8307,6.6,34689.63,89.7
1793,8,Berlin,2025-01,2389,1469,6.8,13411.78,50.1
1794,9,Berlin,2025-01,8555,5882,5.7,17372.05,50.4
1795,10,Berlin,2025-01,11640,7883,6.9,63504.18,55.0
1796,11,Berlin,2025-01,11820,9225,6.3,69618.53,87.3
1797,12,Berlin,2025-01,1033,864,6.2,3423.0,77.6
1798,13,Berlin,2025-01,7491,4505,5.2,34810.21,71.2
1799,14,Berlin,2025-01,6971,4836,6.1,12880.45,76.2
1800,15,Berlin,2025-01,6859,4904,4.8,10585.76,69.4
1801,1,Mumbai,2025-02,6870,5307,4.7,26398.28,63.6
1802,2,Mumbai,2025-02,2164,1421,8.5,7545.15,83.8
1803,3,Mumbai,2025-02,5876,4952,5.7,19210.02,70.9
1804,4,Mumbai,2025-02,10353,7446,8.3,38053.05,67.9
1805,5,Mumbai,2025-02,3719,3332,6.3,19974.97,83.0
1806,6,Mumbai,2025-02,3316,2802,7.1,10925.47,96.9
1807,7,Mumbai,2025-02,8400,6644,4.6,39045.55,44.0
1808,8,Mumbai,2025-02,546,365,6.3,2770.31,83.3
1809,9,Mumbai,2025-02,7731,5113,8.1,33327.62,52.5
1810,10,Mumbai,2025-02,7680,4949,8.8,37912.67,55.7
1811,11,Mumbai,2025-02,4010,2693,8.3,14980.72,62.2
1812,12,Mumbai,2025-02,2750,1825,8.9,10432.35,54.1
1813,13,Mumbai,2025-02,9843,7508,5.7,43961.12,55.6
1814,14,Mumbai,2025-02,3562,2756,6.5,12907.3,90.2
1815,15,Mumbai,2025-02,4986,3990,8.7,27836.54,72.3
1816,1,Delhi,2025-02,9982,8402,6.6,56443.41,65.6
1817,2,Delhi,2025-02,9872,6337,8.5,57214.06,61.0
1818,3,Delhi,2025-02,7964,5677,7.2,12122.83,82.3
1819,4,Delhi,2025-02,2365,1737,6.0,12178.84,82.6
1820,5,Delhi,2025-02,10823,8272,8.1,61685.56,59.6
1821,6,Delhi,2025-02,5126,3401,8.7,10586.12,48.0
1822,7,Delhi,2025-02,889,534,7.5,4288.82,66.2
1823,8,Delhi,2025-02,9663,6936,8.9,32790.04,93.6
1824,9,Delhi,2025-02,11745,8633,7.4,35204.69,67.2
1825,10,Delhi,2025-02,5498,4878,8.9,8606.73,93.9
1826,11,Delhi,2025-02,4342,3645,5.0,15322.48,49.4
1827,12,Delhi,2025-02,6596,3960,7.4,19963.58,64.8
1828,13,Delhi,2025-02,11396,9361,6.1,19725.79,49.5
1829,14,Delhi,2025-02,3661,2520,7.7,5999.55,55.6
1830,15,Delhi,2025-02,2983,2146,5.9,7086.56,67.7
1831,1,Bangalore,2025-02,18522,12189,5.8,65877.89,92.1
1832,2,Bangalore,2025-02,2650,2206,6.8,11656.2,55.2
1833,3,Bangalore,2025-02,6970,5075,5.6,20508.62,44.7
1834,4,Bangalore,2025-02,5867,3899,5.1,32808.16,57.3
1835,5,Bangalore,2025-02,11446,7971,4.9,48670.68,89.0
1836,6,Bangalore,2025-02,3482,3001,8.5,17507.91,66.1
1837,7,Bangalore,2025-02,6132,3832,8.5,23487.37,56.1
1838,8,Bangalore,2025-02,8656,7078,5.8,27103.31,95.1
1839,9,Bangalore,2025-02,9178,5771,8.8,50284.49,55.0
1840,10,Bangalore,2025-02,9099,6719,5.6,49116.01,96.1
1841,11,Bangalore,2025-02,6397,5376,7.1,31500.51,79.5
1842,12,Bangalore,2025-02,1978,1587,7.0,11713.5,63.1
1843,13,Bangalore,2025-02,4010,2814,8.7,7511.21,55.2
1844,14,Bangalore,2025-02,2521,1933,5.8,5191.68,66.9
1845,15,Bangalore,2025-02,7661,5451,7.9,36718.95,94.3
1846,1,Hyderabad,2025-02,3945,2541,5.6,15142.92,86.7
1847,2,Hyderabad,2025-02,1112,807,8.8,6122.08,97.9
1848,3,Hyderabad,2025-02,875,536,6.7,5134.22,78.6
1849,4,Hyderabad,2025-02,3224,2773,5.2,14299.21,77.7
1850,5,Hyderabad,2025-02,11620,7538,8.5,29596.08,69.9
1851,6,Hyderabad,2025-02,10362,6526,9.1,24710.02,96.4
1852,7,Hyderabad,2025-02,5112,4338,5.1,9826.63,90.4
1853,8,Hyderabad,2025-02,857,735,8.1,1814.39,58.9
1854,9,Hyderabad,2025-02,6736,4086,8.0,40028.62,91.3
1855,10,Hyderabad,2025-02,2003,1502,5.2,10850.11,43.7
1856,11,Hyderabad,2025-02,5930,4280,7.8,16677.65,47.8
1857,12,Hyderabad,2025-02,4234,3235,4.7,13368.52,57.2
1858,13,Hyderabad,2025-02,4408,2902,8.6,16304.37,45.9
1859,14,Hyderabad,2025-02,962,845,7.8,1970.05,61.4
1860,15,Hyderabad,2025-02,11501,8689,8.4,44850.52,52.8
1861,1,Chennai,2025-02,8282,6272,5.1,38608.23,83.4
1862,2,Chennai,2025-02,6107,4441,6.0,36252.38,56.3
1863,3,Chennai,2025-02,6417,5437,8.9,12408.51,90.7
1864,4,Chennai,2025-02,11582,9656,5.6,29490.87,96.5
1865,5,Chennai,2025-02,4120,2601,8.1,18996.8,44.1
1866,6,Chennai,2025-02,5027,4512,5.5,17410.51,74.0
1867,7,Chennai,2025-02,11046,8959,8.8,26994.71,44.3
1868,8,Chennai,2025-02,6217,4304,7.2,22384.39,64.8
1869,9,Chennai,2025-02,5008,4023,6.2,15857.4,62.8
1870,10,Chennai,2025-02,8269,6930,5.7,43437.87,46.4
1871,11,Chennai,2025-02,6707,4312,6.1,32891.04,93.9
1872,12,Chennai,2025-02,3655,2731,5.3,7364.94,51.7
1873,13,Chennai,2025-02,10138,8242,6.6,38311.25,47.1
1874,14,Chennai,2025-02,4102,3582,5.6,18556.3,64.2
1875,15,Chennai,2025-02,7369,5096,8.1,25623.38,95.2
1876,1,New York,2025-02,2919,2405,8.2,5614.36,83.4
1877,2,New York,2025-02,5355,4660,4.6,21347.73,52.0
1878,3,New York,2025-02,6048,5384,5.4,28887.93,84.4
1879,4,New York,2025-02,1217,861,6.6,4684.96,42.1
1880,5,New York,2025-02,7539,5977,5.0,25968.64,55.5
1881,6,New York,2025-02,2537,2058,8.9,15203.0,43.4
1882,7,New York,2025-02,3597,2255,8.4,21134.59,92.7
1883,8,New York,2025-02,8716,5637,6.0,35993.67,64.4
1884,9,New York,2025-02,5205,3415,5.7,25904.18,86.0
1885,10,New York,2025-02,5407,4851,6.4,27895.91,66.9
1886,11,New York,2025-02,5911,5088,6.8,11621.86,93.3
1887,12,New York,2025-02,2604,2255,5.2,4203.34,87.5
1888,13,New York,2025-02,7521,6006,6.1,14750.95,67.3
1889,14,New York,2025-02,6904,6009,4.9,27119.29,79.3
1890,15,New York,2025-02,3260,2265,7.7,14229.45,65.6
1891,1,Los Angeles,2025-02,1897,1214,7.7,10436.55,60.2
1892,2,Los Angeles,2025-02,5497,4422,8.9,9265.92,75.3
1893,3,Los Angeles,2025-02,6397,4683,8.3,34248.96,78.2
1894,4,Los Angeles,2025-02,11272,8979,5.7,34247.57,51.3
1895,5,Los Angeles,2025-02,4955,3276,6.7,22530.47,85.2
1896,6,Los Angeles,2025-02,5365,3574,8.1,31071.65,97.5
1897,7,Los Angeles,2025-02,3139,2158,7.9,16166.0,44.1
1898,8,Los Angeles,2025-02,4844,3034,4.5,13743.91,68.3
1899,9,Los Angeles,2025-02,3688,2443,4.6,13337.1,66.2
1900,10,Los Angeles,2025-02,11233,10047,5.5,19179.55,46.4
1901,11,Los Angeles,2025-02,11561,9771,5.4,57090.44,53.5
1902,12,Los Angeles,2025-02,307,250,4.5,881.99,87.5
1903,13,Los Angeles,2025-02,10167,6852,5.8,43692.76,80.5
1904,14,Los Angeles,2025-02,1199,799,7.5,2093.09,92.4
1905,15,Los Angeles,2025-02,8562,6023,5.2,17136.61,88.0
1906,1,London,2025-02,3110,2073,7.8,17756.14,96.5
1907,2,London,2025-02,2937,2506,9.1,9168.36,82.8
1908,3,London,2025-02,10036,6089,8.2,45151.69,40.6
1909,4,London,2025-02,8627,6196,8.9,27703.69,91.3
1910,5,London,2025-02,1183,820,8.0,4110.44,63.6
1911,6,London,2025-02,9669,6485,6.5,39868.5,55.2
1912,7,London,2025-02,8850,5651,6.5,41577.64,62.5
1913,8,London,2025-02,11069,9413,7.1,46975.62,90.6
1914,9,London,2025-02,9359,5764,5.7,22568.04,73.4
1915,10,London,2025-02,11967,9424,8.4,50030.59,78.2
1916,11,London,2025-02,11743,10332,7.8,47793.41,86.4
1917,12,London,2025-02,3941,3535,7.8,9553.96,76.5
1918,13,London,2025-02,7299,5193,6.1,12157.79,47.3
1919,14,London,2025-02,10870,7424,6.4,48965.67,62.4
1920,15,London,2025-02,888,793,5.1,1956.92,78.9
1921,1,Tokyo,2025-02,11210,8576,8.6,51025.84,46.6
1922,2,Tokyo,2025-02,8379,6665,5.6,28650.98,61.3
1923,3,Tokyo,2025-02,4741,3434,6.1,26978.81,84.3
1924,4,Tokyo,2025-02,3951,2660,7.6,22509.97,59.5
1925,5,Tokyo,2025-02,1123,812,7.5,3522.63,82.0
1926,6,Tokyo,2025-02,9563,6217,5.4,18790.6,43.8
1927,7,Tokyo,2025-02,4028,2522,7.7,15892.76,92.3
1928,8,Tokyo,2025-02,11987,10352,8.5,61172.81,92.7
1929,9,Tokyo,2025-02,917,653,5.0,4048.04,56.4
1930,10,Tokyo,2025-02,11444,9604,5.9,36935.63,45.0
1931,11,Tokyo,2025-02,6309,4512,4.7,33444.22,65.8
1932,12,Tokyo,2025-02,5090,4046,6.2,27899.63,84.9
1933,13,Tokyo,2025-02,8639,6254,8.7,34591.5,40.4
1934,14,Tokyo,2025-02,1921,1638,8.9,5910.19,78.2
1935,15,Tokyo,2025-02,11513,8471,7.9,68565.33,87.0
1936,1,Sydney,2025-02,7422,5512,7.8,32984.71,75.7
1937,2,Sydney,2025-02,9646,6222,6.4,57581.62,79.7
1938,3,Sydney,2025-02,3546,2513,9.1,15005.74,86.1
1939,4,Sydney,2025-02,7034,4269,4.6,39916.09,55.6
1940,5,Sydney,2025-02,2885,2072,6.9,15662.36,89.9
1941,6,Sydney,2025-02,3306,2256,8.3,18180.43,74.2
1942,7,Sydney,2025-02,8054,6587,4.8,13358.3,72.3
1943,8,Sydney,2025-02,4454,3782,5.7,22815.45,92.7
1944,9,Sydney,2025-02,7257,6183,6.4,34186.77,65.1
1945,10,Sydney,2025-02,9836,7703,6.1,27771.65,97.4
1946,11,Sydney,2025-02,8077,6445,7.9,33593.92,73.9
1947,12,Sydney,2025-02,9733,8189,6.5,53970.52,96.6
1948,13,Sydney,2025-02,6673,5288,5.4,37818.27,84.4
1949,14,Sydney,2025-02,7207,4618,5.9,26574.06,41.8
1950,15,Sydney,2025-02,11935,9141,6.3,36387.31,66.8
1951,1,Paris,2025-02,9421,8079,5.3,34996.42,89.4
1952,2,Paris,2025-02,1846,1299,9.1,5938.66,79.6
1953,3,Paris,2025-02,5812,4189,6.4,34517.24,78.3
1954,4,Paris,2025-02,3955,2563,9.0,11983.21,79.4
1955,5,Paris,2025-02,5923,4044,5.6,16738.75,71.5
1956,6,Paris,2025-02,3673,3279,5.1,17546.56,78.4
1957,7,Paris,2025-02,7379,4966,6.0,14534.07,95.7
1958,8,Paris,2025-02,4612,4096,5.9,22627.02,52.7
1959,9,Paris,2025-02,2164,1343,5.2,10874.64,42.6
1960,10,Paris,2025-02,7430,4681,6.9,37021.63,59.5
1961,11,Paris,2025-02,3910,2832,9.1,15105.04,57.5
1962,12,Paris,2025-02,7238,4938,7.0,40910.11,44.4
1963,13,Paris,2025-02,3481,2641,8.0,17732.31,79.1
1964,14,Paris,2025-02,2303,1647,6.0,5521.4,71.3
1965,15,Paris,2025-02,4961,4240,6.7,12283.75,87.2
1966,1,Dubai,2025-02,10009,8668,7.9,47765.38,62.4
1967,2,Dubai,2025-02,4905,3326,8.5,13606.52,43.5
1968,3,Dubai,2025-02,8856,6736,6.6,17793.48,56.5
1969,4,Dubai,2025-02,4997,3714,8.2,28637.71,95.4
1970,5,Dubai,2025-02,11588,7478,8.8,57399.18,44.2
1971,6,Dubai,2025-02,11221,7267,6.7,62923.46,46.9
1972,7,Dubai,2025-02,8658,7659,5.7,51522.15,47.0
1973,8,Dubai,2025-02,10438,9157,4.9,18400.77,59.0
1974,9,Dubai,2025-02,5043,3585,6.0,9075.8,41.9
1975,10,Dubai,2025-02,4005,3496,6.9,10233.7,64.2
1976,11,Dubai,2025-02,5047,4519,6.8,25323.12,81.6
1977,12,Dubai,2025-02,4726,2963,8.3,27153.67,96.9
1978,13,Dubai,2025-02,1413,1069,6.1,3043.5,55.6
1979,14,Dubai,2025-02,10906,8043,7.7,58791.7,97.1
1980,15,Dubai,2025-02,7154,4434,4.5,30413.75,55.2
1981,1,Singapore,2025-02,10090,6064,5.9,20207.94,45.9
1982,2,Singapore,2025-02,8770,6692,8.4,15357.77,89.8
1983,3,Singapore,2025-02,6338,4768,7.0,23902.1,76.2
1984,4,Singapore,2025-02,5027,3189,4.9,15756.41,73.6
1985,5,Singapore,2025-02,4804,3486,7.1,19941.99,89.8
1986,6,Singapore,2025-02,4324,3623,5.4,10107.45,96.3
1987,7,Singapore,2025-02,495,348,9.1,2173.27,49.3
1988,8,Singapore,2025-02,5021,3399,8.9,13642.82,52.6
1989,9,Singapore,2025-02,10983,8500,6.0,53687.21,46.9
1990,10,Singapore,2025-02,2046,1683,6.2,5808.71,41.3
1991,11,Singapore,2025-02,9412,5680,4.8,50787.81,73.6
1992,12,Singapore,2025-02,9145,7013,6.5,36997.6,84.7
1993,13,Singapore,2025-02,8833,7858,6.5,27316.76,77.6
1994,14,Singapore,2025-02,2063,1425,4.5,9526.31,64.5
1995,15,Singapore,2025-02,3589,2886,9.1,7042.95,75.7
1996,1,Toronto,2025-02,9697,6651,8.2,24914.9,64.6
1997,2,Toronto,2025-02,7525,6117,7.1,14477.34,78.8
1998,3,Toronto,2025-02,1301,836,8.6,6571.84,69.5
1999,4,Toronto,2025-02,6893,4741,7.0,10706.71,82.1
2000,5,Toronto,2025-02,2250,1978,6.3,6103.45,82.2
2001,6,Toronto,2025-02,6120,4447,5.2,12158.86,75.2
2002,7,Toronto,2025-02,7129,4621,5.7,20037.45,64.5
2003,8,Toronto,2025-02,5543,4531,9.0,33135.82,78.3
2004,9,Toronto,2025-02,1656,1275,7.0,9285.5,69.0
2005,10,Toronto,2025-02,8427,5242,5.3,39416.03,56.9
2006,11,Toronto,2025-02,437,377,4.8,1070.54,81.7
2007,12,Toronto,2025-02,11275,9068,8.6,24241.45,85.5
2008,13,Toronto,2025-02,1605,1381,6.4,5111.12,45.3
2009,14,Toronto,2025-02,11227,7688,4.5,20245.37,40.8
2010,15,Toronto,2025-02,562,476,8.4,2813.25,60.5
2011,1,Berlin,2025-02,11504,9063,4.8,42434.47,72.3
2012,2,Berlin,2025-02,699,517,5.0,1382.32,93.5
2013,3,Berlin,2025-02,2339,2057,4.6,10969.75,72.7
2014,4,Berlin,2025-02,11803,8258,5.4,51832.08,92.0
2015,5,Berlin,2025-02,1446,1251,8.5,8383.67,40.8
2016,6,Berlin,2025-02,655,509,4.5,2388.92,74.0
2017,7,Berlin,2025-02,5701,3796,7.9,17941.36,64.9
2018,8,Berlin,2025-02,624,513,8.9,3228.2,41.8
2019,9,Berlin,2025-02,6770,5677,8.2,10291.99,69.2
2020,10,Berlin,2025-02,5443,4266,5.0,10984.61,52.4
2021,11,Berlin,2025-02,3654,3235,4.8,9819.32,41.1
2022,12,Berlin,2025-02,3308,2913,5.3,17663.99,47.5
2023,13,Berlin,2025-02,8253,5276,5.8,13070.72,63.1
2024,14,Berlin,2025-02,9356,7575,7.5,45834.51,68.4
2025,15,Berlin,2025-02,6678,4589,6.6,29735.32,48.6
2026,1,Mumbai,2025-03,4275,3624,7.2,17047.56,50.9
2027,2,Mumbai,2025-03,1571,1304,5.2,9268.99,92.3
2028,3,Mumbai,2025-03,10719,9226,5.3,57634.8,78.8
2029,4,Mumbai,2025-03,10520,7011,8.2,54963.25,49.4
2030,5,Mumbai,2025-03,11580,8710,6.0,32405.59,73.2
2031,6,Mumbai,2025-03,1799,1087,7.3,6331.89,82.7
2032,7,Mumbai,2025-03,9293,7959,5.8,53953.7,46.4
2033,8,Mumbai,2025-03,1139,928,7.3,2066.37,53.5
2034,9,Mumbai,2025-03,2668,2101,5.1,8011.76,56.2
2035,10,Mumbai,2025-03,8882,5891,8.9,52338.31,97.7
2036,11,Mumbai,2025-03,5024,3271,7.2,13868.74,95.2
2037,12,Mumbai,2025-03,4674,3325,8.9,26253.71,81.7
2038,13,Mumbai,2025-03,7562,6667,6.6,17239.95,53.0
2039,14,Mumbai,2025-03,6885,5192,4.6,12875.62,80.1
2040,15,Mumbai,2025-03,8934,7394,6.9,34167.17,60.5
2041,1,Delhi,2025-03,769,592,7.7,4010.53,96.1
2042,2,Delhi,2025-03,8980,7842,6.5,40463.92,52.7
2043,3,Delhi,2025-03,11802,9683,7.6,62772.22,60.5
2044,4,Delhi,2025-03,9439,8283,8.2,54854.84,67.0
2045,5,Delhi,2025-03,8575,6024,5.5,48384.51,77.1
2046,6,Delhi,2025-03,5200,4523,8.4,9468.35,96.0
2047,7,Delhi,2025-03,953,825,8.9,1700.69,71.6
2048,8,Delhi,2025-03,391,343,9.1,908.88,70.0
2049,9,Delhi,2025-03,10160,7292,7.1,51306.74,56.7
2050,10,Delhi,2025-03,10659,8224,7.0,48421.97,88.9
2051,11,Delhi,2025-03,7574,5884,8.0,42162.49,86.4
2052,12,Delhi,2025-03,4804,4230,8.6,21552.82,70.8
2053,13,Delhi,2025-03,9499,6257,6.6,45997.97,64.2
2054,14,Delhi,2025-03,9639,6452,8.1,29465.15,42.5
2055,15,Delhi,2025-03,1311,1131,8.2,4004.11,84.3
2056,1,Bangalore,2025-03,19216,13336,4.8,89873.66,61.7
2057,2,Bangalore,2025-03,9990,7911,7.2,49542.07,51.3
2058,3,Bangalore,2025-03,2934,2324,6.4,7873.11,44.2
2059,4,Bangalore,2025-03,1141,975,7.9,3499.76,75.3
2060,5,Bangalore,2025-03,8670,7027,5.6,21418.78,88.1
2061,6,Bangalore,2025-03,8624,6707,8.9,15633.43,76.4
2062,7,Bangalore,2025-03,10601,9512,7.9,62398.2,83.0
2063,8,Bangalore,2025-03,9633,7166,9.0,56606.99,90.8
2064,9,Bangalore,2025-03,3991,2409,7.2,8929.85,77.2
2065,10,Bangalore,2025-03,5983,5044,8.4,13742.37,58.2
2066,11,Bangalore,2025-03,7409,5376,8.3,30360.27,78.1
2067,12,Bangalore,2025-03,5812,4585,4.9,11720.17,40.3
2068,13,Bangalore,2025-03,3426,2424,6.1,12255.35,48.5
2069,14,Bangalore,2025-03,1654,1487,7.9,2852.81,80.7
2070,15,Bangalore,2025-03,9535,8189,8.2,14785.35,64.1
2071,1,Hyderabad,2025-03,5293,3628,7.8,16652.75,68.1
2072,2,Hyderabad,2025-03,11429,8505,8.4,22543.14,51.9
2073,3,Hyderabad,2025-03,6606,4622,4.9,26023.59,88.9
2074,4,Hyderabad,2025-03,9045,8110,7.7,52151.72,70.7
2075,5,Hyderabad,2025-03,7684,4747,5.2,28445.89,68.6
2076,6,Hyderabad,2025-03,550,448,6.5,2463.44,70.8
2077,7,Hyderabad,2025-03,10989,8197,5.7,24469.02,86.4
2078,8,Hyderabad,2025-03,7183,6083,6.2,26928.31,71.6
2079,9,Hyderabad,2025-03,11070,9140,5.0,38474.83,49.9
2080,10,Hyderabad,2025-03,8646,5286,7.0,30855.61,73.2
2081,11,Hyderabad,2025-03,3374,2571,7.6,7579.43,63.0
2082,12,Hyderabad,2025-03,4978,4099,8.6,11838.1,46.2
2083,13,Hyderabad,2025-03,5519,4815,8.2,13438.15,95.2
2084,14,Hyderabad,2025-03,7833,5663,5.4,16247.51,65.8
2085,15,Hyderabad,2025-03,8821,6129,6.9,18285.57,96.5
2086,1,Chennai,2025-03,3337,2699,8.3,14046.13,42.8
2087,2,Chennai,2025-03,1177,942,6.5,5021.81,62.6
2088,3,Chennai,2025-03,10431,7257,8.3,23266.67,68.1
2089,4,Chennai,2025-03,11150,9309,4.7,60530.22,48.1
2090,5,Chennai,2025-03,8467,7014,6.9,39317.59,79.8
2091,6,Chennai,2025-03,9915,6076,5.1,48474.45,52.3
2092,7,Chennai,2025-03,6801,4430,8.3,16939.54,60.6
2093,8,Chennai,2025-03,1401,1171,6.7,5338.85,42.6
2094,9,Chennai,2025-03,5268,4493,4.6,24826.96,51.7
2095,10,Chennai,2025-03,10747,6680,6.7,56057.16,40.9
2096,11,Chennai,2025-03,2403,2157,8.2,11302.45,49.5
2097,12,Chennai,2025-03,7343,5640,5.3,39918.69,70.2
2098,13,Chennai,2025-03,5449,3694,5.2,27770.09,50.0
2099,14,Chennai,2025-03,1113,724,8.9,3918.17,55.9
2100,15,Chennai,2025-03,4662,3611,6.9,14526.61,97.3
2101,1,New York,2025-03,3397,2924,5.9,8051.23,95.2
2102,2,New York,2025-03,10908,6781,7.1,60426.3,42.9
2103,3,New York,2025-03,9583,6013,5.1,54094.05,75.4
2104,4,New York,2025-03,4717,3761,7.7,12058.61,67.4
2105,5,New York,2025-03,10847,7668,6.5,54767.22,93.4
2106,6,New York,2025-03,10064,8394,6.7,37577.21,91.0
2107,7,New York,2025-03,10076,6151,6.7,35091.22,88.1
2108,8,New York,2025-03,1715,1065,5.0,5703.97,53.8
2109,9,New York,2025-03,4289,2673,7.1,12104.99,94.4
2110,10,New York,2025-03,2723,2140,6.8,6975.09,69.7
2111,11,New York,2025-03,6574,4764,4.9,15508.11,42.9
2112,12,New York,2025-03,7776,6801,9.2,25047.84,42.1
2113,13,New York,2025-03,4417,3729,9.1,17397.93,92.4
2114,14,New York,2025-03,10547,6912,5.4,48089.15,61.2
2115,15,New York,2025-03,1692,1231,9.0,7803.45,64.4
2116,1,Los Angeles,2025-03,10206,6909,7.7,34265.87,62.5
2117,2,Los Angeles,2025-03,4481,3820,9.0,26283.98,75.7
2118,3,Los Angeles,2025-03,3088,2709,7.6,7261.28,92.7
2119,4,Los Angeles,2025-03,7571,6322,4.8,43892.12,78.9
2120,5,Los Angeles,2025-03,11683,9840,8.2,61689.87,94.4
2121,6,Los Angeles,2025-03,11830,9611,8.7,39021.46,80.0
2122,7,Los Angeles,2025-03,3533,3011,6.6,11472.47,85.5
2123,8,Los Angeles,2025-03,924,815,5.9,4090.93,56.1
2124,9,Los Angeles,2025-03,7238,4545,6.1,43419.62,51.4
2125,10,Los Angeles,2025-03,8367,6577,8.2,20798.18,75.1
2126,11,Los Angeles,2025-03,1599,1183,4.6,3927.64,90.1
2127,12,Los Angeles,2025-03,6991,4352,8.0,27151.69,87.0
2128,13,Los Angeles,2025-03,6904,5606,5.7,38343.4,92.5
2129,14,Los Angeles,2025-03,1902,1320,4.8,10964.92,74.5
2130,15,Los Angeles,2025-03,2023,1723,7.7,10524.96,59.0
2131,1,London,2025-03,8743,7646,9.2,37661.09,47.8
2132,2,London,2025-03,9938,6428,7.7,18263.96,42.6
2133,3,London,2025-03,2532,1842,6.2,9186.71,42.5
2134,4,London,2025-03,11513,8629,8.3,50049.37,87.0
2135,5,London,2025-03,2630,1753,6.7,14105.19,40.7
2136,6,London,2025-03,4405,2753,5.5,20389.0,66.7
2137,7,London,2025-03,9369,7482,5.4,21379.38,47.9
2138,8,London,2025-03,4046,2842,5.9,17431.09,90.7
2139,9,London,2025-03,6959,4939,7.1,26374.44,61.3
2140,10,London,2025-03,7147,4691,5.9,16395.38,67.5
2141,11,London,2025-03,7258,5524,5.8,37010.83,53.3
2142,12,London,2025-03,6795,4138,5.2,21276.28,84.8
2143,13,London,2025-03,11162,8065,8.7,54124.84,42.8
2144,14,London,2025-03,8820,7461,6.2,42281.65,41.4
2145,15,London,2025-03,3796,2793,4.7,9527.43,49.6
2146,1,Tokyo,2025-03,9016,6532,8.6,43690.35,64.7
2147,2,Tokyo,2025-03,6476,5122,4.7,22453.93,94.6
2148,3,Tokyo,2025-03,6407,4322,4.6,20208.51,44.4
2149,4,Tokyo,2025-03,3417,2745,7.0,14124.87,72.8
2150,5,Tokyo,2025-03,7245,4715,5.1,16807.06,49.7
2151,6,Tokyo,2025-03,5505,3642,9.0,19976.75,63.6
2152,7,Tokyo,2025-03,1714,1054,4.5,8239.9,74.9
2153,8,Tokyo,2025-03,368,319,8.7,1962.48,43.8
2154,9,Tokyo,2025-03,8604,6157,7.9,26397.99,72.7
2155,10,Tokyo,2025-03,11574,9792,8.2,37914.04,56.8
2156,11,Tokyo,2025-03,3602,2727,7.2,20992.1,46.9
2157,12,Tokyo,2025-03,6141,3896,8.4,24965.14,41.8
2158,13,Tokyo,2025-03,11338,7839,5.5,35763.26,51.6
2159,14,Tokyo,2025-03,11055,9052,6.8,50410.2,79.0
2160,15,Tokyo,2025-03,9546,6235,5.7,51558.23,53.7
2161,1,Sydney,2025-03,292,175,5.2,1660.62,44.5
2162,2,Sydney,2025-03,7136,6386,6.0,25850.0,78.9
2163,3,Sydney,2025-03,1934,1299,6.5,3048.35,67.1
2164,4,Sydney,2025-03,9627,6827,7.5,37669.82,57.3
2165,5,Sydney,2025-03,2791,1726,5.8,4464.84,83.0
2166,6,Sydney,2025-03,4991,3654,4.7,7676.95,92.7
2167,7,Sydney,2025-03,8071,5439,8.3,41080.04,68.5
2168,8,Sydney,2025-03,4909,3042,7.8,24939.56,95.1
2169,9,Sydney,2025-03,6231,3774,6.6,25393.66,72.8
2170,10,Sydney,2025-03,9087,7364,7.3,15612.47,67.0
2171,11,Sydney,2025-03,8464,6539,7.2,36080.45,56.0
2172,12,Sydney,2025-03,2833,2232,8.0,10414.42,79.8
2173,13,Sydney,2025-03,1321,956,4.6,7723.67,45.0
2174,14,Sydney,2025-03,363,219,8.7,1975.65,93.9
2175,15,Sydney,2025-03,11530,10127,5.3,48784.64,64.8
2176,1,Paris,2025-03,6601,5656,6.5,15077.71,86.2
2177,2,Paris,2025-03,8439,5770,6.0,45817.09,77.4
2178,3,Paris,2025-03,1137,901,6.8,3917.77,45.9
2179,4,Paris,2025-03,8182,6852,4.8,15321.31,71.4
2180,5,Paris,2025-03,10648,8409,8.5,61975.89,90.0
2181,6,Paris,2025-03,4691,3720,4.9,10576.96,62.4
2182,7,Paris,2025-03,1935,1713,6.3,6645.83,95.5
2183,8,Paris,2025-03,4784,3333,5.1,8875.82,74.7
2184,9,Paris,2025-03,7608,4814,5.5,39496.67,80.2
2185,10,Paris,2025-03,10819,7437,5.5,55580.62,43.0
2186,11,Paris,2025-03,10111,8837,6.6,30098.95,55.0
2187,12,Paris,2025-03,9281,5743,4.5,19337.69,51.5
2188,13,Paris,2025-03,1564,1350,5.0,7072.12,83.8
2189,14,Paris,2025-03,6787,4401,9.2,28685.85,96.1
2190,15,Paris,2025-03,4865,3184,6.3,21611.04,77.5
2191,1,Dubai,2025-03,10824,8371,7.1,17983.03,40.5
2192,2,Dubai,2025-03,4399,2774,6.8,22006.22,72.4
2193,3,Dubai,2025-03,223,153,4.5,1295.12,58.3
2194,4,Dubai,2025-03,2380,2067,7.7,7387.22,72.2
2195,5,Dubai,2025-03,3565,2839,4.5,17742.16,82.2
2196,6,Dubai,2025-03,493,429,7.0,975.31,91.4
2197,7,Dubai,2025-03,2446,1643,8.8,10263.68,78.3
2198,8,Dubai,2025-03,1075,845,8.6,2643.56,78.5
2199,9,Dubai,2025-03,4197,3177,8.2,12716.85,62.1
2200,10,Dubai,2025-03,6315,3850,7.3,19241.14,85.6
2201,11,Dubai,2025-03,9578,6369,6.1,19795.31,43.8
2202,12,Dubai,2025-03,2208,1874,6.8,6988.53,50.5
2203,13,Dubai,2025-03,4195,2749,7.9,19203.0,90.6
2204,14,Dubai,2025-03,11402,8712,7.5,46404.34,79.2
2205,15,Dubai,2025-03,8672,5794,7.2,42905.23,88.5
2206,1,Singapore,2025-03,9852,8843,6.8,27292.31,62.9
2207,2,Singapore,2025-03,5151,3313,4.5,19120.99,51.7
2208,3,Singapore,2025-03,8862,5987,4.9,19801.44,81.2
2209,4,Singapore,2025-03,3241,2311,4.8,5978.14,84.7
2210,5,Singapore,2025-03,4344,3007,7.3,24954.53,71.0
2211,6,Singapore,2025-03,9833,7287,7.4,26135.88,65.1
2212,7,Singapore,2025-03,2610,1936,4.5,5582.89,60.9
2213,8,Singapore,2025-03,5082,3247,5.0,21349.59,78.5
2214,9,Singapore,2025-03,4821,3292,7.6,26044.79,71.1
2215,10,Singapore,2025-03,9946,8808,7.4,35866.34,94.1
2216,11,Singapore,2025-03,4582,3167,8.2,16645.91,56.2
2217,12,Singapore,2025-03,10035,6876,5.0,35874.39,87.0
2218,13,Singapore,2025-03,3934,3246,7.2,10247.43,69.4
2219,14,Singapore,2025-03,1691,1220,6.8,10050.4,93.9
2220,15,Singapore,2025-03,2699,1834,4.8,14945.74,70.3
2221,1,Toronto,2025-03,9494,6957,6.6,37837.45,59.9
2222,2,Toronto,2025-03,4225,3566,8.8,8236.74,54.9
2223,3,Toronto,2025-03,7075,4674,5.7,21940.78,69.8
2224,4,Toronto,2025-03,10362,9191,6.2,23172.74,97.8
2225,5,Toronto,2025-03,9227,8162,8.7,32465.16,78.8
2226,6,Toronto,2025-03,2205,1443,7.6,12254.25,91.8
2227,7,Toronto,2025-03,2644,1895,5.9,4166.46,89.2
2228,8,Toronto,2025-03,7866,4919,6.0,33816.7,43.8
2229,9,Toronto,2025-03,660,475,8.8,3183.58,62.6
2230,10,Toronto,2025-03,10416,7736,5.6,47429.59,77.8
2231,11,Toronto,2025-03,9694,8393,5.2,28514.5,93.7
2232,12,Toronto,2025-03,5477,4416,6.9,10531.32,71.8
2233,13,Toronto,2025-03,6501,4098,6.0,14944.04,92.0
2234,14,Toronto,2025-03,6533,5528,6.5,22508.19,68.2
2235,15,Toronto,2025-03,8776,6688,4.7,19945.27,49.3
2236,1,Berlin,2025-03,2841,1872,8.3,11508.93,56.6
2237,2,Berlin,2025-03,8637,5226,5.0,45130.41,56.1
2238,3,Berlin,2025-03,8501,6254,6.2,44272.9,62.1
2239,4,Berlin,2025-03,4185,3723,6.9,19191.06,95.7
2240,5,Berlin,2025-03,11091,6757,8.3,53232.65,96.8
2241,6,Berlin,2025-03,7031,6005,6.8,36317.1,96.7
2242,7,Berlin,2025-03,2042,1483,5.2,3986.69,85.8
2243,8,Berlin,2025-03,10926,9239,7.3,24624.08,45.1
2244,9,Berlin,2025-03,11556,9483,8.8,51451.74,51.6
2245,10,Berlin,2025-03,9939,7777,6.3,15641.07,57.4
2246,11,Berlin,2025-03,11749,8697,7.8,22802.36,40.7
2247,12,Berlin,2025-03,3237,2288,4.5,18351.22,46.3
2248,13,Berlin,2025-03,4907,3426,6.4,11936.4,77.5
2249,14,Berlin,2025-03,11022,7129,6.5,40457.11,59.3
2250,15,Berlin,2025-03,5868,4811,4.6,21935.13,97.0
2251,1,Mumbai,2025-04,4338,3000,8.6,10243.37,59.5
2252,2,Mumbai,2025-04,7350,4642,5.7,42875.57,64.3
2253,3,Mumbai,2025-04,319,209,5.9,578.35,78.0
2254,4,Mumbai,2025-04,10255,8992,9.1,30551.54,80.0
2255,5,Mumbai,2025-04,1098,894,5.6,4094.99,69.7
2256,6,Mumbai,2025-04,6664,4910,6.6,23845.15,95.3
2257,7,Mumbai,2025-04,4546,2771,8.6,10698.28,49.4
2258,8,Mumbai,2025-04,6195,4124,7.5,31243.17,72.1
2259,9,Mumbai,2025-04,11164,8546,8.5,33412.13,96.6
2260,10,Mumbai,2025-04,755,531,6.1,4058.17,42.2
2261,11,Mumbai,2025-04,2986,2177,7.6,6999.45,78.1
2262,12,Mumbai,2025-04,9311,6042,8.3,18717.14,93.2
2263,13,Mumbai,2025-04,5293,4415,4.9,25050.24,62.9
2264,14,Mumbai,2025-04,9663,6277,8.0,31453.54,77.3
2265,15,Mumbai,2025-04,4656,3660,7.9,18397.3,73.5
2266,1,Delhi,2025-04,1786,1580,5.3,9390.11,73.7
2267,2,Delhi,2025-04,1571,1295,7.1,9197.74,89.9
2268,3,Delhi,2025-04,9768,8356,8.8,40500.39,86.6
2269,4,Delhi,2025-04,3717,3076,8.5,17101.93,63.2
2270,5,Delhi,2025-04,2110,1451,5.9,11181.15,66.0
2271,6,Delhi,2025-04,1689,1296,7.3,4648.32,42.2
2272,7,Delhi,2025-04,11600,9420,8.9,40666.06,93.2
2273,8,Delhi,2025-04,3024,1916,9.0,4988.16,64.9
2274,9,Delhi,2025-04,7848,6210,5.7,29922.99,94.4
2275,10,Delhi,2025-04,8823,5466,6.2,37656.05,67.3
2276,11,Delhi,2025-04,9240,6069,7.8,16600.76,40.8
2277,12,Delhi,2025-04,4947,3067,8.3,15740.13,50.1
2278,13,Delhi,2025-04,7856,6149,8.2,31825.26,42.1
2279,14,Delhi,2025-04,10035,8513,8.7,51962.19,75.2
2280,15,Delhi,2025-04,720,442,6.0,2782.86,92.0
2281,1,Bangalore,2025-04,9630,8330,5.7,27661.15,66.0
2282,2,Bangalore,2025-04,5316,3792,5.0,27506.48,75.6
2283,3,Bangalore,2025-04,260,208,5.4,1121.67,45.5
2284,4,Bangalore,2025-04,4445,3341,8.5,12301.11,49.3
2285,5,Bangalore,2025-04,7560,5030,5.9,32994.05,70.8
2286,6,Bangalore,2025-04,3987,2827,5.5,22441.61,45.2
2287,7,Bangalore,2025-04,6770,5016,5.4,33306.2,78.0
2288,8,Bangalore,2025-04,1801,1209,5.1,3130.62,43.8
2289,9,Bangalore,2025-04,3416,2055,5.2,6546.02,51.8
2290,10,Bangalore,2025-04,3237,2287,5.0,13342.66,54.0
2291,11,Bangalore,2025-04,10539,8675,7.2,36553.17,76.9
2292,12,Bangalore,2025-04,11810,9234,9.0,22671.72,89.9
2293,13,Bangalore,2025-04,2208,1961,4.7,9020.92,65.0
2294,14,Bangalore,2025-04,5605,3415,5.1,11654.55,49.8
2295,15,Bangalore,2025-04,5348,4329,5.7,16811.34,74.4
2296,1,Hyderabad,2025-04,8056,6742,5.9,42461.23,87.3
2297,2,Hyderabad,2025-04,1036,697,8.2,2997.4,90.7
2298,3,Hyderabad,2025-04,11152,9858,5.6,41879.17,76.9
2299,4,Hyderabad,2025-04,11493,8095,6.1,54077.48,46.2
2300,5,Hyderabad,2025-04,2786,2191,5.8,15085.84,67.2
2301,6,Hyderabad,2025-04,7038,6257,7.9,22327.77,94.5
2302,7,Hyderabad,2025-04,886,715,4.7,5177.42,47.0
2303,8,Hyderabad,2025-04,8069,5614,5.9,34392.28,90.2
2304,9,Hyderabad,2025-04,3454,2656,4.6,10590.11,89.5
2305,10,Hyderabad,2025-04,5238,4134,5.3,17716.69,67.4
2306,11,Hyderabad,2025-04,3184,2752,8.1,6233.02,76.2
2307,12,Hyderabad,2025-04,11905,9054,7.1,45820.0,50.3
2308,13,Hyderabad,2025-04,11372,9625,6.4,20453.54,51.1
2309,14,Hyderabad,2025-04,9423,7512,7.1,25399.73,85.1
2310,15,Hyderabad,2025-04,2611,2246,5.7,5141.32,92.2
2311,1,Chennai,2025-04,5316,4479,4.9,13815.15,41.2
2312,2,Chennai,2025-04,9938,6404,8.8,15622.17,66.6
2313,3,Chennai,2025-04,7423,5450,7.5,39215.32,92.3
2314,4,Chennai,2025-04,5317,3211,7.5,17577.45,51.1
2315,5,Chennai,2025-04,9433,7230,5.5,41399.78,73.7
2316,6,Chennai,2025-04,3247,2310,7.8,14922.27,74.2
2317,7,Chennai,2025-04,9380,8044,6.8,30749.41,91.2
2318,8,Chennai,2025-04,4458,3636,5.5,26166.69,61.4
2319,9,Chennai,2025-04,4215,3162,6.2,17503.18,43.9
2320,10,Chennai,2025-04,6383,4847,8.4,14883.65,82.1
2321,11,Chennai,2025-04,9148,5876,6.5,52850.91,77.4
2322,12,Chennai,2025-04,10973,8084,8.3,58219.0,43.0
2323,13,Chennai,2025-04,7502,4847,4.7,42537.97,67.2
2324,14,Chennai,2025-04,968,663,6.3,2574.44,76.7
2325,15,Chennai,2025-04,3564,2825,6.7,9968.71,85.7
2326,1,New York,2025-04,3694,3261,8.2,12213.46,58.2
2327,2,New York,2025-04,6500,4516,7.6,31744.63,51.8
2328,3,New York,2025-04,5023,3144,6.7,29602.48,60.6
2329,4,New York,2025-04,7097,6344,4.9,15540.82,83.6
2330,5,New York,2025-04,5788,3733,8.2,10409.69,50.8
2331,6,New York,2025-04,467,320,9.2,2203.49,63.9
2332,7,New York,2025-04,10486,7187,5.8,62638.72,49.5
2333,8,New York,2025-04,5955,4099,8.0,25571.56,95.1
2334,9,New York,2025-04,4969,4163,5.7,11122.71,92.8
2335,10,New York,2025-04,3283,2720,7.1,19016.03,53.0
2336,11,New York,2025-04,4729,3674,6.9,27954.01,94.0
2337,12,New York,2025-04,1885,1407,7.6,5250.79,83.9
2338,13,New York,2025-04,10314,8507,7.6,48067.9,47.7
2339,14,New York,2025-04,8866,7865,8.2,47893.07,60.8
2340,15,New York,2025-04,10562,7844,7.4,37870.62,46.9
2341,1,Los Angeles,2025-04,6011,4087,4.5,18884.36,62.0
2342,2,Los Angeles,2025-04,11128,9240,7.4,50560.23,80.3
2343,3,Los Angeles,2025-04,7180,5274,7.0,23226.94,64.7
2344,4,Los Angeles,2025-04,6445,4537,8.4,13461.91,61.0
2345,5,Los Angeles,2025-04,5609,4795,5.4,11347.79,92.8
2346,6,Los Angeles,2025-04,2273,1988,6.3,6436.76,81.1
2347,7,Los Angeles,2025-04,10945,7068,8.0,59855.27,76.2
2348,8,Los Angeles,2025-04,8785,7773,7.5,45519.07,52.0
2349,9,Los Angeles,2025-04,9483,8373,6.6,16534.43,87.2
2350,10,Los Angeles,2025-04,8208,6831,5.0,39202.56,73.5
2351,11,Los Angeles,2025-04,9334,6001,4.6,22422.02,51.4
2352,12,Los Angeles,2025-04,6796,4255,6.9,19217.2,77.1
2353,13,Los Angeles,2025-04,10945,8574,7.8,31151.6,64.8
2354,14,Los Angeles,2025-04,8398,5272,5.8,13593.66,55.7
2355,15,Los Angeles,2025-04,3120,2634,7.2,11531.44,92.7
2356,1,London,2025-04,2888,2014,5.8,15423.37,75.4
2357,2,London,2025-04,11603,9285,7.3,38204.27,72.4
2358,3,London,2025-04,4329,3538,6.6,18393.14,71.3
2359,4,London,2025-04,6590,4951,7.2,25740.6,88.9
2360,5,London,2025-04,5404,4714,5.5,22372.2,73.0
2361,6,London,2025-04,7103,4451,7.7,38795.77,96.4
2362,7,London,2025-04,574,416,9.1,2870.83,50.8
2363,8,London,2025-04,2522,2230,9.1,11080.76,67.1
2364,9,London,2025-04,11218,7669,8.1,28262.28,93.4
2365,10,London,2025-04,9264,5652,5.9,17823.95,56.4
2366,11,London,2025-04,7901,5144,5.2,37358.77,95.1
2367,12,London,2025-04,11808,7105,6.7,28234.13,74.8
2368,13,London,2025-04,4100,3267,4.6,16646.05,67.5
2369,14,London,2025-04,6687,5164,5.5,18439.32,88.2
2370,15,London,2025-04,9445,7436,5.3,34753.97,78.7
2371,1,Tokyo,2025-04,10755,8878,5.8,32045.76,89.0
2372,2,Tokyo,2025-04,11958,9088,4.8,21705.48,90.2
2373,3,Tokyo,2025-04,9142,5750,8.1,16902.22,82.6
2374,4,Tokyo,2025-04,4704,4004,4.7,23132.56,97.0
2375,5,Tokyo,2025-04,4005,3579,5.3,12576.42,62.8
2376,6,Tokyo,2025-04,6361,5492,6.7,20464.76,77.8
2377,7,Tokyo,2025-04,8510,6711,5.2,28290.75,78.5
2378,8,Tokyo,2025-04,9795,8706,6.2,23069.19,89.6
2379,9,Tokyo,2025-04,9169,7363,5.6,20897.89,46.6
2380,10,Tokyo,2025-04,5860,3785,5.1,13186.71,78.7
2381,11,Tokyo,2025-04,9409,8161,6.5,45347.7,41.2
2382,12,Tokyo,2025-04,6598,4266,6.2,12128.92,43.0
2383,13,Tokyo,2025-04,2284,1439,6.1,12098.28,47.8
2384,14,Tokyo,2025-04,2926,1765,5.7,13058.45,45.6
2385,15,Tokyo,2025-04,9654,8423,7.8,55207.08,88.8
2386,1,Sydney,2025-04,10829,8169,5.3,63507.48,97.5
2387,2,Sydney,2025-04,3225,2691,7.3,11113.76,41.0
2388,3,Sydney,2025-04,1195,839,7.9,5033.98,68.5
2389,4,Sydney,2025-04,7589,5471,5.7,20191.21,59.4
2390,5,Sydney,2025-04,10407,6361,6.9,44164.26,53.2
2391,6,Sydney,2025-04,3705,2736,8.4,5990.13,58.9
2392,7,Sydney,2025-04,7685,5850,7.5,33279.16,77.6
2393,8,Sydney,2025-04,3224,1938,7.3,9976.15,44.3
2394,9,Sydney,2025-04,5935,4261,7.7,18183.35,50.9
2395,10,Sydney,2025-04,4708,3550,4.7,23709.33,55.4
2396,11,Sydney,2025-04,586,476,6.2,1167.28,64.3
2397,12,Sydney,2025-04,3398,2466,5.2,18477.42,85.5
2398,13,Sydney,2025-04,9052,8009,9.2,18565.68,90.7
2399,14,Sydney,2025-04,3536,2646,6.7,19124.9,62.7
2400,15,Sydney,2025-04,3177,2163,6.3,13532.82,41.1
2401,1,Paris,2025-04,5646,3679,6.8,21222.28,95.6
2402,2,Paris,2025-04,2793,1678,6.0,14082.1,69.2
2403,3,Paris,2025-04,2966,2655,5.6,12092.73,78.6
2404,4,Paris,2025-04,9718,6589,4.6,32842.63,97.6
2405,5,Paris,2025-04,2649,2017,9.0,8079.13,58.1
2406,6,Paris,2025-04,621,435,6.2,1456.65,40.6
2407,7,Paris,2025-04,6482,4773,5.7,22279.44,72.5
2408,8,Paris,2025-04,7106,5394,8.4,13103.95,77.9
2409,9,Paris,2025-04,639,399,5.4,3354.29,45.9
2410,10,Paris,2025-04,7342,4613,4.8,24230.78,96.0
2411,11,Paris,2025-04,1046,785,5.8,1728.29,97.0
2412,12,Paris,2025-04,8006,5225,7.3,44045.7,81.3
2413,13,Paris,2025-04,2577,1671,5.9,5317.88,90.7
2414,14,Paris,2025-04,3231,2276,4.5,18464.29,62.6
2415,15,Paris,2025-04,4105,3489,9.1,16073.58,71.5
2416,1,Dubai,2025-04,3203,2134,8.0,6949.24,88.3
2417,2,Dubai,2025-04,4874,4046,6.2,24469.17,63.8
2418,3,Dubai,2025-04,6744,4547,9.2,29564.9,65.8
2419,4,Dubai,2025-04,9286,5976,8.5,21467.18,53.8
2420,5,Dubai,2025-04,3649,2780,5.9,15164.74,82.9
2421,6,Dubai,2025-04,4579,3294,7.7,7510.99,74.7
2422,7,Dubai,2025-04,11325,8783,5.2,17398.58,49.0
2423,8,Dubai,2025-04,10726,8914,8.3,30401.33,70.9
2424,9,Dubai,2025-04,1043,701,8.5,5027.27,92.6
2425,10,Dubai,2025-04,10640,8072,5.8,28471.24,45.2
2426,11,Dubai,2025-04,9282,5588,5.3,43964.55,62.9
2427,12,Dubai,2025-04,4080,2606,8.0,21361.34,83.8
2428,13,Dubai,2025-04,11795,7969,6.0,29211.86,79.6
2429,14,Dubai,2025-04,2497,1567,5.6,9023.05,73.3
2430,15,Dubai,2025-04,4451,3264,4.7,18458.93,86.9
2431,1,Singapore,2025-04,11148,6833,5.4,43536.75,49.7
2432,2,Singapore,2025-04,2393,1468,8.8,11106.8,80.0
2433,3,Singapore,2025-04,6335,4776,7.4,31975.8,91.8
2434,4,Singapore,2025-04,5366,4153,7.5,29201.38,48.5
2435,5,Singapore,2025-04,3178,2695,6.4,17591.42,85.5
2436,6,Singapore,2025-04,10403,8984,6.4,32409.58,46.6
2437,7,Singapore,2025-04,10459,8739,4.8,16467.38,55.7
2438,8,Singapore,2025-04,11939,8880,8.5,47116.59,88.2
2439,9,Singapore,2025-04,8803,6815,5.6,46575.45,66.6
2440,10,Singapore,2025-04,10706,7175,6.1,61972.76,67.2
2441,11,Singapore,2025-04,4325,2856,8.6,24896.93,59.2
2442,12,Singapore,2025-04,6101,4689,5.4,26059.52,64.0
2443,13,Singapore,2025-04,11300,7953,4.8,19643.93,96.9
2444,14,Singapore,2025-04,906,575,9.1,3028.89,48.4
2445,15,Singapore,2025-04,9361,7691,8.4,50893.63,90.7
2446,1,Toronto,2025-04,10044,8826,5.2,42539.49,56.4
2447,2,Toronto,2025-04,9273,7374,7.7,54517.33,72.2
2448,3,Toronto,2025-04,5390,3375,8.7,31656.0,55.0
2449,4,Toronto,2025-04,9565,8465,7.0,48717.17,76.4
2450,5,Toronto,2025-04,1207,916,4.8,2415.21,56.3
2451,6,Toronto,2025-04,6071,4751,5.2,26165.66,63.7
2452,7,Toronto,2025-04,1723,1271,7.2,2895.12,46.1
2453,8,Toronto,2025-04,7907,6760,6.5,20064.63,86.8
2454,9,Toronto,2025-04,11061,7391,7.8,16690.18,90.8
2455,10,Toronto,2025-04,5303,3207,9.1,19055.93,72.8
2456,11,Toronto,2025-04,2554,1700,7.5,12168.33,51.7
2457,12,Toronto,2025-04,1604,985,7.8,8174.89,87.3
2458,13,Toronto,2025-04,7410,5021,6.7,23958.69,73.1
2459,14,Toronto,2025-04,4113,2656,8.3,9408.39,69.4
2460,15,Toronto,2025-04,6679,5522,7.7,38428.99,85.6
2461,1,Berlin,2025-04,11273,8151,5.4,59575.56,43.7
2462,2,Berlin,2025-04,6868,5333,7.7,38020.07,79.0
2463,3,Berlin,2025-04,4961,3568,7.9,27606.97,42.0
2464,4,Berlin,2025-04,7818,5870,5.0,14900.08,50.6
2465,5,Berlin,2025-04,6852,5008,7.2,39368.24,56.8
2466,6,Berlin,2025-04,1362,914,7.9,5024.56,66.0
2467,7,Berlin,2025-04,8943,7209,5.9,15349.74,81.9
2468,8,Berlin,2025-04,1880,1684,8.7,10358.98,74.4
2469,9,Berlin,2025-04,8988,5626,8.8,40938.0,62.4
2470,10,Berlin,2025-04,5705,3548,7.2,24782.42,92.0
2471,11,Berlin,2025-04,1322,800,7.9,7438.21,89.6
2472,12,Berlin,2025-04,6169,4012,8.3,33776.39,90.3
2473,13,Berlin,2025-04,1244,1049,5.2,5854.61,80.7
2474,14,Berlin,2025-04,4360,3617,8.4,16660.26,75.4
2475,15,Berlin,2025-04,7493,5504,9.0,34293.4,89.6
