review_id,movie_id,viewer_id,review_date,score,sentiment,platform,helpful_votes
1,2,1747,2024-07-11,8,Positive,WebBrowser,36
2,5,1095,2024-10-06,8,Positive,TabletApp,7
3,3,1135,2024-10-08,10,Positive,TabletApp,38
4,2,1691,2024-10-05,7,Positive,StreamMax,100
5,7,1631,2025-03-18,7,Positive,MobileApp,145
6,14,351,2024-07-10,8,Positive,SmartTV,89
7,2,1994,2025-04-25,3,Negative,MobileApp,145
8,11,877,2025-01-03,8,Positive,MobileApp,135
9,4,71,2024-06-28,5,Neutral,WebBrowser,77
10,2,1991,2025-02-12,10,Positive,TabletApp,5
11,13,834,2025-02-18,9,Positive,StreamMax,40
12,5,545,2024-08-25,5,Neutral,TabletApp,11
13,4,817,2024-07-19,6,Neutral,WebBrowser,117
14,10,1838,2024-06-28,10,Positive,StreamMax,28
15,7,1629,2025-01-04,3,Negative,TabletApp,82
16,5,939,2024-07-21,9,Positive,MobileApp,101
17,8,1022,2025-04-22,5,Neutral,StreamMax,72
18,4,1786,2024-07-22,6,Neutral,WebBrowser,42
19,4,1896,2024-10-23,7,Positive,WebBrowser,60
20,2,194,2024-10-01,3,Negative,TabletApp,63
21,11,307,2024-10-27,8,Positive,MobileApp,6
22,10,1412,2024-08-13,9,Positive,MobileApp,96
23,14,132,2024-12-11,10,Positive,WebBrowser,80
24,10,450,2024-12-11,3,Negative,TabletApp,125
25,9,1303,2024-12-16,4,Negative,StreamMax,147
26,6,1157,2025-02-10,4,Negative,MobileApp,138
27,3,730,2025-03-27,5,Neutral,TabletApp,77
28,4,397,2024-08-19,7,Positive,TabletApp,99
29,10,1202,2024-10-29,6,Neutral,SmartTV,5
30,13,1556,2024-08-23,4,Negative,WebBrowser,148
31,3,1541,2024-11-27,3,Negative,SmartTV,83
32,1,894,2024-07-26,6,Neutral,SmartTV,122
33,8,671,2024-10-27,6,Neutral,SmartTV,117
34,2,504,2025-04-04,8,Positive,TabletApp,85
35,14,1034,2024-08-12,8,Positive,StreamMax,37
36,10,1805,2024-12-28,3,Negative,MobileApp,3
37,8,1636,2024-08-05,5,Neutral,TabletApp,1
38,13,777,2025-03-18,8,Positive,MobileApp,42
39,11,240,2024-06-20,6,Neutral,MobileApp,94
40,15,703,2024-07-29,4,Negative,MobileApp,48
41,12,35,2024-12-25,3,Negative,SmartTV,30
42,14,1054,2024-07-16,4,Negative,StreamMax,5
43,4,442,2025-02-22,10,Positive,TabletApp,136
44,3,362,2024-09-11,5,Neutral,WebBrowser,83
45,13,445,2024-10-31,6,Neutral,MobileApp,22
46,4,148,2024-12-29,6,Neutral,MobileApp,61
47,7,549,2024-11-09,5,Neutral,TabletApp,129
48,1,1772,2024-06-10,9,Positive,MobileApp,118
49,12,1662,2024-10-21,4,Negative,StreamMax,109
50,15,932,2024-11-30,10,Positive,StreamMax,98
51,2,915,2025-03-11,5,Neutral,SmartTV,126
52,15,258,2025-04-15,9,Positive,SmartTV,134
53,9,1702,2025-03-22,7,Positive,TabletApp,71
54,15,703,2024-09-15,9,Positive,TabletApp,30
55,3,661,2025-04-20,3,Negative,TabletApp,3
56,11,801,2024-10-31,3,Negative,StreamMax,13
57,13,1411,2024-06-24,5,Neutral,TabletApp,98
58,1,74,2025-03-14,7,Positive,TabletApp,134
59,2,20,2025-01-06,3,Negative,MobileApp,72
60,6,521,2024-11-03,3,Negative,MobileApp,87
61,9,300,2024-11-16,3,Negative,SmartTV,91
62,7,577,2024-11-06,5,Neutral,StreamMax,112
63,6,621,2025-02-11,7,Positive,TabletApp,45
64,2,1020,2024-06-26,6,Neutral,MobileApp,36
65,1,565,2025-04-29,6,Neutral,TabletApp,47
66,2,1260,2024-07-24,4,Negative,WebBrowser,15
67,12,625,2025-01-27,3,Negative,StreamMax,68
68,10,473,2025-01-01,9,Positive,TabletApp,79
69,2,136,2025-03-31,8,Positive,StreamMax,80
70,1,620,2024-12-17,10,Positive,TabletApp,142
71,4,1436,2025-02-09,8,Positive,WebBrowser,81
72,11,617,2024-11-06,6,Neutral,WebBrowser,51
73,13,1964,2024-10-01,9,Positive,TabletApp,20
74,9,666,2024-09-15,7,Positive,WebBrowser,69
75,13,455,2025-02-26,10,Positive,TabletApp,126
76,9,1568,2024-07-09,7,Positive,WebBrowser,93
77,8,902,2025-04-21,5,Neutral,MobileApp,23
78,2,1209,2024-09-22,7,Positive,WebBrowser,76
79,9,1167,2024-10-20,5,Neutral,WebBrowser,113
80,4,1474,2024-12-06,6,Neutral,WebBrowser,24
81,11,1069,2024-11-12,5,Neutral,TabletApp,25
82,2,1023,2024-10-06,6,Neutral,SmartTV,25
83,9,777,2024-08-19,8,Positive,SmartTV,8
84,5,69,2025-03-28,6,Neutral,StreamMax,147
85,15,635,2025-02-26,6,Neutral,MobileApp,55
86,13,820,2024-07-24,9,Positive,MobileApp,97
87,6,776,2025-04-29,4,Negative,SmartTV,80
88,15,113,2024-08-31,3,Negative,StreamMax,99
89,10,532,2024-11-22,6,Neutral,SmartTV,101
90,5,973,2025-01-12,9,Positive,MobileApp,63
91,9,1364,2024-12-25,5,Neutral,MobileApp,93
92,5,1328,2024-08-18,8,Positive,MobileApp,146
93,10,92,2024-07-08,10,Positive,MobileApp,143
94,12,1977,2024-11-12,8,Positive,TabletApp,141
95,12,1588,2025-03-01,6,Neutral,WebBrowser,25
96,13,1415,2025-01-19,5,Neutral,WebBrowser,47
97,4,986,2025-04-02,4,Negative,TabletApp,89
98,1,1106,2025-04-08,9,Positive,TabletApp,33
99,4,825,2025-03-10,4,Negative,StreamMax,64
100,11,179,2025-04-01,3,Negative,MobileApp,131
101,8,1516,2024-12-16,7,Positive,WebBrowser,44
102,9,1323,2024-11-11,9,Positive,TabletApp,139
103,13,594,2024-06-24,6,Neutral,MobileApp,61
104,4,1597,2025-01-06,9,Positive,StreamMax,120
105,8,785,2024-10-06,5,Neutral,TabletApp,122
106,4,1538,2024-11-25,5,Neutral,TabletApp,45
107,11,1013,2025-04-21,6,Neutral,SmartTV,74
108,8,102,2025-01-22,6,Neutral,SmartTV,39
109,12,348,2024-08-26,7,Positive,TabletApp,82
110,8,1096,2024-11-20,10,Positive,TabletApp,26
111,3,531,2024-07-03,5,Neutral,MobileApp,146
112,12,1575,2024-08-09,7,Positive,SmartTV,28
113,15,1654,2024-07-16,8,Positive,StreamMax,64
114,1,84,2024-06-02,7,Positive,StreamMax,89
115,2,1740,2025-03-27,10,Positive,MobileApp,80
116,15,228,2024-08-09,3,Negative,MobileApp,119
117,14,1026,2024-11-21,10,Positive,SmartTV,130
118,10,292,2025-03-05,8,Positive,WebBrowser,47
119,11,1655,2024-06-23,5,Neutral,MobileApp,89
120,12,1690,2024-11-03,3,Negative,StreamMax,8
121,5,345,2024-09-03,5,Neutral,WebBrowser,115
122,13,999,2025-01-16,4,Negative,MobileApp,7
123,10,1574,2024-08-24,4,Negative,SmartTV,97
124,6,1087,2025-02-27,4,Negative,MobileApp,63
125,11,1209,2024-09-09,10,Positive,WebBrowser,54
126,10,1881,2024-12-08,10,Positive,StreamMax,12
127,8,1761,2025-02-28,6,Neutral,StreamMax,106
128,3,1230,2024-10-19,6,Neutral,WebBrowser,108
129,13,1273,2024-11-26,4,Negative,MobileApp,100
130,2,328,2024-11-28,6,Neutral,MobileApp,31
131,9,487,2025-01-13,7,Positive,TabletApp,6
132,5,307,2025-02-09,9,Positive,StreamMax,109
133,13,1429,2024-09-16,4,Negative,MobileApp,41
134,11,1518,2024-10-08,3,Negative,StreamMax,2
135,8,1116,2024-11-05,4,Negative,TabletApp,103
136,14,699,2025-03-17,4,Negative,TabletApp,120
137,4,45,2025-01-04,5,Neutral,WebBrowser,49
138,3,1087,2025-02-03,5,Neutral,StreamMax,1
139,14,382,2024-12-10,8,Positive,StreamMax,103
140,15,615,2025-01-27,2,Negative,MobileApp,107
141,9,539,2024-08-02,4,Negative,MobileApp,51
142,3,972,2024-06-28,10,Positive,SmartTV,103
143,7,931,2025-02-01,5,Neutral,StreamMax,67
144,9,684,2024-10-26,5,Neutral,MobileApp,147
145,9,573,2025-04-29,7,Positive,WebBrowser,105
146,15,1982,2024-09-28,7,Positive,WebBrowser,109
147,4,1841,2025-03-18,1,Negative,SmartTV,56
148,1,877,2025-04-03,8,Positive,MobileApp,45
149,12,1960,2024-11-13,4,Negative,SmartTV,22
150,15,1454,2024-10-18,5,Neutral,TabletApp,20
151,9,1531,2024-11-15,10,Positive,TabletApp,130
152,9,812,2025-03-19,1,Negative,TabletApp,144
153,5,125,2024-12-23,10,Positive,StreamMax,75
154,10,1315,2025-03-08,3,Negative,MobileApp,17
155,6,1705,2024-09-21,6,Neutral,StreamMax,116
156,10,1739,2025-02-10,6,Neutral,WebBrowser,147
157,8,1831,2025-03-03,9,Positive,SmartTV,87
158,14,255,2025-01-06,3,Negative,StreamMax,102
159,11,1233,2025-04-02,9,Positive,TabletApp,140
160,13,127,2025-01-04,10,Positive,MobileApp,2
161,7,1094,2025-01-19,6,Neutral,SmartTV,123
162,4,593,2024-06-13,5,Neutral,SmartTV,121
163,15,115,2025-01-06,5,Neutral,SmartTV,62
164,13,1045,2024-06-21,4,Negative,TabletApp,8
165,4,498,2025-01-27,7,Positive,SmartTV,61
166,4,928,2025-04-23,7,Positive,StreamMax,19
167,6,1960,2024-09-10,10,Positive,MobileApp,105
168,13,777,2024-11-06,5,Neutral,StreamMax,105
169,13,620,2025-04-01,5,Neutral,SmartTV,81
170,3,823,2024-10-12,4,Negative,SmartTV,11
171,2,284,2025-02-07,5,Neutral,StreamMax,11
172,15,441,2025-02-03,4,Negative,WebBrowser,1
173,11,1854,2025-01-25,7,Positive,SmartTV,63
174,11,1377,2025-01-02,10,Positive,MobileApp,101
175,9,767,2025-02-04,6,Neutral,StreamMax,81
176,10,1252,2024-11-19,5,Neutral,MobileApp,111
177,10,1579,2024-09-16,3,Negative,StreamMax,9
178,1,1035,2024-10-15,10,Positive,TabletApp,69
179,5,1397,2024-08-14,8,Positive,MobileApp,71
180,2,1672,2024-09-24,7,Positive,TabletApp,83
181,5,689,2024-11-15,3,Negative,WebBrowser,17
182,8,1595,2024-12-03,7,Positive,TabletApp,43
183,2,424,2025-04-22,5,Neutral,MobileApp,146
184,5,1116,2025-02-19,4,Negative,SmartTV,110
185,5,1396,2024-07-28,6,Neutral,StreamMax,7
186,2,1411,2025-02-19,9,Positive,MobileApp,132
187,1,1253,2024-07-07,9,Positive,SmartTV,38
188,14,964,2024-10-14,6,Neutral,MobileApp,34
189,3,500,2024-06-17,6,Neutral,TabletApp,127
190,13,563,2025-01-18,5,Neutral,MobileApp,29
191,5,1618,2024-06-28,8,Positive,WebBrowser,25
192,8,967,2025-03-16,7,Positive,WebBrowser,83
193,4,1125,2025-03-15,8,Positive,StreamMax,136
194,9,358,2025-02-17,6,Neutral,MobileApp,17
195,1,1836,2024-12-27,7,Positive,StreamMax,62
196,11,1730,2025-03-26,9,Positive,TabletApp,46
197,15,988,2025-02-19,6,Neutral,MobileApp,121
198,10,1030,2025-04-26,8,Positive,MobileApp,123
199,9,1245,2024-09-23,7,Positive,StreamMax,52
200,5,1978,2024-08-25,5,Neutral,StreamMax,93
201,1,1832,2024-10-22,9,Positive,WebBrowser,14
202,2,1721,2024-12-27,10,Positive,MobileApp,116
203,13,784,2024-12-09,10,Positive,WebBrowser,5
204,11,575,2024-09-25,5,Neutral,StreamMax,7
205,3,386,2024-08-18,5,Neutral,StreamMax,79
206,6,409,2025-02-13,6,Neutral,SmartTV,91
207,1,1258,2025-04-09,9,Positive,MobileApp,83
208,8,1346,2025-01-31,5,Neutral,WebBrowser,102
209,4,980,2024-07-20,4,Negative,WebBrowser,145
210,7,1427,2024-09-19,3,Negative,StreamMax,79
211,3,1635,2024-06-03,9,Positive,WebBrowser,49
212,6,1122,2024-10-07,6,Neutral,StreamMax,111
213,4,1290,2024-11-22,6,Neutral,SmartTV,42
214,6,1829,2025-03-31,3,Negative,MobileApp,120
215,5,234,2024-06-09,6,Neutral,WebBrowser,59
216,10,83,2025-03-01,10,Positive,StreamMax,131
217,6,886,2025-02-27,3,Negative,StreamMax,35
218,14,1068,2024-07-20,3,Negative,SmartTV,27
219,6,396,2025-04-20,10,Positive,MobileApp,87
220,13,531,2025-02-25,8,Positive,StreamMax,136
221,1,429,2025-01-25,9,Positive,WebBrowser,120
222,13,912,2025-02-18,9,Positive,WebBrowser,92
223,2,1532,2024-07-13,8,Positive,TabletApp,16
224,7,1388,2024-12-28,4,Negative,MobileApp,68
225,1,409,2024-09-06,10,Positive,TabletApp,134
226,7,1947,2025-01-14,10,Positive,SmartTV,137
227,9,1952,2024-12-25,5,Neutral,StreamMax,28
228,4,1812,2024-06-18,5,Neutral,StreamMax,96
229,15,276,2024-12-08,2,Negative,StreamMax,43
230,2,633,2025-03-11,10,Positive,WebBrowser,17
231,1,97,2024-06-23,9,Positive,SmartTV,118
232,2,696,2024-11-20,10,Positive,TabletApp,15
233,15,1812,2024-07-31,5,Neutral,SmartTV,1
234,4,697,2025-02-16,6,Neutral,SmartTV,98
235,15,1481,2024-09-28,6,Neutral,TabletApp,28
236,2,1879,2024-06-03,3,Negative,SmartTV,54
237,15,224,2024-07-26,5,Neutral,StreamMax,99
238,14,1835,2024-12-14,8,Positive,WebBrowser,113
239,6,1741,2025-02-08,10,Positive,TabletApp,90
240,9,727,2024-10-02,6,Neutral,StreamMax,145
241,7,1530,2024-06-26,5,Neutral,TabletApp,126
242,3,911,2024-06-27,5,Neutral,TabletApp,72
243,3,649,2024-08-20,3,Negative,WebBrowser,0
244,5,1070,2024-06-03,6,Neutral,WebBrowser,25
245,9,518,2025-04-04,2,Negative,MobileApp,111
246,14,157,2024-08-13,6,Neutral,SmartTV,138
247,9,450,2024-09-23,5,Neutral,StreamMax,111
248,7,710,2025-04-15,6,Neutral,StreamMax,120
249,3,1167,2024-09-01,8,Positive,SmartTV,73
250,5,1019,2024-06-04,5,Neutral,TabletApp,104
251,12,1363,2025-02-16,9,Positive,TabletApp,45
252,3,1697,2025-02-10,5,Neutral,MobileApp,22
253,3,1517,2025-03-16,10,Positive,StreamMax,93
254,14,853,2024-08-14,9,Positive,TabletApp,51
255,5,168,2025-03-28,6,Neutral,StreamMax,105
256,2,1886,2025-02-22,6,Neutral,MobileApp,105
257,4,68,2024-11-06,5,Neutral,SmartTV,47
258,7,1307,2025-02-23,4,Negative,MobileApp,32
259,15,871,2024-09-20,6,Neutral,WebBrowser,131
260,5,661,2024-11-01,6,Neutral,TabletApp,114
261,7,1745,2024-12-23,5,Neutral,MobileApp,77
262,7,1442,2025-02-11,4,Negative,TabletApp,13
263,12,123,2024-11-01,7,Positive,WebBrowser,36
264,15,1398,2024-06-16,5,Neutral,WebBrowser,39
265,13,137,2024-12-26,4,Negative,MobileApp,41
266,13,1100,2025-02-21,10,Positive,MobileApp,59
267,12,940,2024-10-26,6,Neutral,StreamMax,29
268,10,898,2025-03-09,6,Neutral,WebBrowser,126
269,1,1390,2024-08-28,7,Positive,WebBrowser,84
270,7,225,2024-08-21,4,Negative,WebBrowser,76
271,1,647,2025-04-13,8,Positive,SmartTV,114
272,11,1085,2024-11-28,4,Negative,TabletApp,117
273,12,756,2024-09-07,10,Positive,SmartTV,98
274,13,1698,2025-01-24,10,Positive,SmartTV,17
275,2,401,2025-01-17,7,Positive,SmartTV,137
276,2,1546,2024-09-10,8,Positive,MobileApp,125
277,14,762,2024-06-30,8,Positive,SmartTV,34
278,4,1157,2024-12-27,7,Positive,TabletApp,150
279,6,1236,2024-06-02,7,Positive,StreamMax,60
280,1,1462,2024-07-19,5,Neutral,WebBrowser,90
281,1,348,2024-07-29,6,Neutral,StreamMax,46
282,13,1955,2024-10-22,5,Neutral,MobileApp,15
283,2,1972,2025-03-19,7,Positive,WebBrowser,81
284,6,1859,2024-09-24,10,Positive,WebBrowser,88
285,1,1428,2025-03-10,10,Positive,TabletApp,146
286,12,1058,2024-09-26,7,Positive,TabletApp,121
287,15,1058,2024-11-06,2,Negative,WebBrowser,74
288,2,559,2025-01-23,6,Neutral,MobileApp,82
289,1,1062,2025-01-04,9,Positive,StreamMax,57
290,1,1805,2025-02-10,10,Positive,SmartTV,119
291,11,921,2024-06-21,6,Neutral,MobileApp,73
292,1,1851,2024-09-28,8,Positive,StreamMax,91
293,5,1275,2024-11-23,9,Positive,MobileApp,105
294,5,381,2024-09-06,4,Negative,WebBrowser,108
295,4,1910,2025-04-23,8,Positive,MobileApp,146
296,12,1934,2024-12-13,6,Neutral,SmartTV,87
297,14,1203,2024-11-25,9,Positive,TabletApp,146
298,5,2000,2024-11-04,5,Neutral,WebBrowser,37
299,1,470,2024-08-05,9,Positive,WebBrowser,85
300,15,310,2024-11-19,7,Positive,StreamMax,71
301,15,520,2024-07-22,6,Neutral,WebBrowser,51
302,4,1622,2024-06-11,8,Positive,StreamMax,140
303,9,1874,2025-01-04,3,Negative,StreamMax,95
304,14,768,2025-04-30,3,Negative,MobileApp,85
305,8,1431,2025-01-05,6,Neutral,TabletApp,105
306,9,1445,2024-08-27,7,Positive,WebBrowser,75
307,8,1885,2025-03-09,8,Positive,SmartTV,128
308,15,1425,2024-12-31,5,Neutral,StreamMax,18
309,3,1271,2024-10-30,10,Positive,MobileApp,43
310,6,1111,2025-03-08,8,Positive,SmartTV,79
311,1,345,2024-12-21,7,Positive,StreamMax,54
312,5,1057,2024-09-13,7,Positive,TabletApp,127
313,13,1634,2025-02-02,4,Negative,WebBrowser,5
314,3,1254,2025-03-19,10,Positive,MobileApp,92
315,2,555,2024-07-17,9,Positive,MobileApp,23
316,14,1384,2024-07-10,10,Positive,StreamMax,22
317,9,1369,2024-11-11,4,Negative,StreamMax,75
318,11,474,2024-08-20,9,Positive,TabletApp,25
319,5,439,2025-04-28,9,Positive,WebBrowser,35
320,2,24,2024-11-23,6,Neutral,SmartTV,123
321,9,832,2024-09-03,3,Negative,TabletApp,124
322,6,1163,2025-01-02,10,Positive,StreamMax,58
323,2,840,2024-09-02,8,Positive,StreamMax,67
324,15,686,2025-02-08,6,Neutral,SmartTV,148
325,10,725,2024-12-15,5,Neutral,StreamMax,63
326,8,1622,2024-08-01,8,Positive,SmartTV,41
327,1,1895,2024-12-06,9,Positive,TabletApp,109
328,14,441,2025-04-14,10,Positive,TabletApp,95
329,3,852,2024-10-26,9,Positive,MobileApp,22
330,12,894,2025-03-26,7,Positive,TabletApp,11
331,4,1143,2024-10-09,5,Neutral,SmartTV,132
332,5,721,2025-03-15,6,Neutral,TabletApp,86
333,10,1315,2025-01-28,3,Negative,StreamMax,33
334,4,1742,2025-03-22,5,Neutral,TabletApp,93
335,14,502,2024-10-03,4,Negative,MobileApp,67
336,10,363,2024-08-04,6,Neutral,TabletApp,10
337,7,1075,2024-06-03,3,Negative,TabletApp,20
338,10,635,2025-03-23,9,Positive,SmartTV,69
339,7,1606,2025-02-16,6,Neutral,MobileApp,42
340,2,846,2024-07-13,6,Neutral,StreamMax,145
341,13,111,2025-04-18,3,Negative,SmartTV,31
342,13,1648,2025-04-16,7,Positive,TabletApp,15
343,13,1614,2025-01-30,10,Positive,TabletApp,97
344,1,1922,2025-03-23,9,Positive,TabletApp,143
345,4,876,2024-07-07,3,Negative,MobileApp,106
346,8,672,2024-06-11,4,Negative,TabletApp,59
347,13,1644,2024-08-01,5,Neutral,SmartTV,52
348,12,1440,2024-06-01,4,Negative,WebBrowser,84
349,14,1527,2025-03-16,6,Neutral,SmartTV,120
350,12,562,2025-03-14,10,Positive,WebBrowser,94
351,6,1055,2024-08-27,8,Positive,SmartTV,131
352,11,439,2025-04-28,5,Neutral,WebBrowser,115
353,3,572,2025-03-20,4,Negative,StreamMax,38
354,1,440,2025-03-08,9,Positive,MobileApp,138
355,9,1386,2024-07-14,6,Neutral,MobileApp,78
356,3,1927,2024-12-31,4,Negative,SmartTV,92
357,2,860,2024-08-27,4,Negative,TabletApp,10
358,12,1177,2025-04-27,3,Negative,SmartTV,99
359,8,100,2024-11-04,7,Positive,MobileApp,73
360,15,388,2024-07-21,4,Negative,MobileApp,72
361,8,1316,2024-11-22,8,Positive,StreamMax,55
362,11,1822,2024-08-27,4,Negative,StreamMax,7
363,15,1756,2025-02-16,2,Negative,MobileApp,2
364,8,1301,2025-04-29,7,Positive,SmartTV,8
365,8,1498,2024-12-18,10,Positive,MobileApp,31
366,14,1779,2024-12-25,10,Positive,SmartTV,28
367,8,954,2025-02-14,7,Positive,TabletApp,73
368,8,187,2025-03-25,8,Positive,WebBrowser,122
369,4,1334,2024-08-18,4,Negative,SmartTV,36
370,12,499,2024-11-22,4,Negative,StreamMax,48
371,4,42,2024-12-01,6,Neutral,SmartTV,18
372,12,1852,2024-10-15,9,Positive,StreamMax,35
373,8,398,2024-09-16,6,Neutral,SmartTV,97
374,9,37,2024-09-15,6,Neutral,WebBrowser,41
375,10,1199,2024-06-15,5,Neutral,WebBrowser,94
376,6,1976,2025-04-19,10,Positive,StreamMax,0
377,13,1522,2025-01-08,10,Positive,TabletApp,19
378,15,1167,2024-09-19,4,Negative,StreamMax,123
379,5,1075,2025-04-21,9,Positive,SmartTV,15
380,11,332,2025-01-08,8,Positive,SmartTV,14
381,1,1514,2024-11-28,8,Positive,MobileApp,88
382,14,1397,2024-09-15,3,Negative,StreamMax,12
383,10,644,2024-07-08,9,Positive,WebBrowser,33
384,6,290,2025-03-12,10,Positive,MobileApp,108
385,11,1216,2025-02-07,7,Positive,WebBrowser,87
386,14,1881,2024-10-31,5,Neutral,StreamMax,59
387,5,445,2025-01-30,10,Positive,SmartTV,137
388,4,1026,2024-09-29,9,Positive,WebBrowser,39
389,1,257,2024-12-04,10,Positive,StreamMax,16
390,9,1084,2024-06-19,3,Negative,TabletApp,21
391,1,317,2025-04-27,7,Positive,SmartTV,18
392,9,1387,2025-04-10,5,Neutral,SmartTV,106
393,5,234,2025-04-06,4,Negative,WebBrowser,127
394,2,615,2024-11-01,6,Neutral,TabletApp,54
395,6,1976,2025-03-07,4,Negative,MobileApp,71
396,13,258,2024-06-15,10,Positive,TabletApp,0
397,1,1132,2024-09-03,9,Positive,MobileApp,74
398,1,864,2024-10-15,8,Positive,TabletApp,116
399,11,1774,2024-10-24,9,Positive,MobileApp,13
400,4,1847,2024-08-27,5,Neutral,SmartTV,77
401,1,672,2024-11-09,8,Positive,WebBrowser,28
402,8,1795,2024-12-26,8,Positive,TabletApp,114
403,9,1609,2025-02-06,6,Neutral,TabletApp,17
404,4,200,2024-07-31,6,Neutral,SmartTV,139
405,15,606,2024-08-09,6,Neutral,StreamMax,40
406,3,660,2024-06-16,10,Positive,SmartTV,31
407,4,1756,2024-12-04,8,Positive,MobileApp,112
408,10,1228,2024-11-07,5,Neutral,SmartTV,133
409,4,475,2025-01-14,3,Negative,WebBrowser,66
410,8,1365,2024-12-02,5,Neutral,WebBrowser,30
411,5,1726,2024-12-14,4,Negative,MobileApp,125
412,2,1567,2024-09-09,4,Negative,SmartTV,89
413,14,556,2025-02-26,7,Positive,StreamMax,127
414,15,210,2024-06-18,3,Negative,SmartTV,134
415,8,1674,2024-11-28,9,Positive,WebBrowser,10
416,6,1619,2024-11-28,6,Neutral,WebBrowser,61
417,12,1946,2024-11-13,5,Neutral,MobileApp,95
418,15,1043,2025-01-19,2,Negative,StreamMax,101
419,6,1812,2024-08-01,3,Negative,TabletApp,59
420,12,662,2024-10-11,10,Positive,StreamMax,1
421,8,510,2024-09-22,7,Positive,StreamMax,53
422,1,862,2025-03-16,10,Positive,StreamMax,129
423,10,714,2025-04-15,4,Negative,SmartTV,136
424,13,366,2025-03-16,4,Negative,WebBrowser,130
425,10,1065,2025-01-15,8,Positive,TabletApp,88
426,10,40,2024-11-02,10,Positive,SmartTV,42
427,7,1738,2025-01-29,3,Negative,SmartTV,6
428,12,1121,2024-06-27,8,Positive,StreamMax,93
429,3,498,2024-07-16,6,Neutral,StreamMax,109
430,14,1250,2024-06-30,3,Negative,TabletApp,17
431,7,1888,2025-02-27,5,Neutral,SmartTV,15
432,11,1399,2024-06-15,3,Negative,StreamMax,115
433,5,690,2024-11-02,9,Positive,WebBrowser,130
434,4,1012,2024-11-23,9,Positive,StreamMax,1
435,10,1875,2024-11-26,9,Positive,WebBrowser,91
436,1,1214,2024-07-11,9,Positive,WebBrowser,133
437,6,561,2024-08-08,9,Positive,SmartTV,54
438,7,1513,2024-11-20,10,Positive,WebBrowser,84
439,12,1231,2024-12-20,3,Negative,StreamMax,18
440,7,1531,2024-07-10,5,Neutral,WebBrowser,55
441,7,1457,2024-09-14,5,Neutral,WebBrowser,53
442,6,1160,2024-06-04,4,Negative,MobileApp,97
443,7,1095,2024-09-07,3,Negative,TabletApp,103
444,13,1866,2024-08-06,9,Positive,TabletApp,71
445,11,1742,2025-01-11,9,Positive,StreamMax,129
446,11,1364,2024-08-25,3,Negative,TabletApp,147
447,12,1018,2025-04-19,9,Positive,WebBrowser,38
448,13,1298,2025-04-29,5,Neutral,WebBrowser,43
449,6,923,2024-08-23,10,Positive,WebBrowser,93
450,11,220,2024-12-31,4,Negative,SmartTV,117
451,6,67,2024-09-22,3,Negative,SmartTV,77
452,6,1270,2024-07-17,4,Negative,SmartTV,60
453,2,652,2025-03-23,10,Positive,WebBrowser,5
454,3,1912,2025-04-09,8,Positive,SmartTV,110
455,6,790,2024-06-08,9,Positive,MobileApp,56
456,4,1328,2024-11-19,7,Positive,StreamMax,127
457,6,1530,2025-01-23,8,Positive,WebBrowser,21
458,15,1981,2024-12-27,5,Neutral,MobileApp,92
459,6,703,2025-02-27,9,Positive,TabletApp,43
460,9,58,2024-06-08,6,Neutral,SmartTV,83
461,9,1555,2024-08-29,6,Neutral,TabletApp,149
462,2,807,2024-08-12,10,Positive,WebBrowser,42
463,5,137,2025-04-08,3,Negative,SmartTV,121
464,8,1415,2024-08-21,3,Negative,SmartTV,74
465,1,1012,2024-08-09,9,Positive,TabletApp,107
466,8,1772,2024-10-06,5,Neutral,WebBrowser,65
467,2,796,2024-08-28,3,Negative,WebBrowser,106
468,10,557,2025-01-02,3,Negative,StreamMax,12
469,14,699,2024-10-08,6,Neutral,WebBrowser,118
470,8,163,2024-09-14,8,Positive,TabletApp,29
471,1,128,2024-10-01,8,Positive,StreamMax,138
472,6,105,2025-03-16,3,Negative,WebBrowser,28
473,8,365,2024-06-04,3,Negative,StreamMax,122
474,9,607,2025-01-27,6,Neutral,SmartTV,5
475,8,428,2025-04-30,6,Neutral,StreamMax,102
476,11,847,2024-10-11,10,Positive,StreamMax,89
477,12,87,2025-04-01,10,Positive,MobileApp,7
478,7,1481,2025-01-08,9,Positive,TabletApp,65
479,6,1013,2024-07-01,10,Positive,TabletApp,41
480,10,874,2024-08-30,4,Negative,TabletApp,81
481,11,1347,2025-03-23,9,Positive,MobileApp,118
482,4,529,2025-01-19,4,Negative,MobileApp,147
483,4,884,2024-06-20,3,Negative,TabletApp,74
484,6,724,2024-10-17,8,Positive,MobileApp,37
485,12,1526,2024-11-20,3,Negative,SmartTV,98
486,8,430,2025-03-02,3,Negative,WebBrowser,0
487,15,1690,2025-03-04,5,Neutral,TabletApp,40
488,10,1285,2025-02-02,8,Positive,WebBrowser,69
489,12,50,2024-09-08,7,Positive,StreamMax,82
490,7,1353,2025-03-25,6,Neutral,WebBrowser,110
491,1,1764,2024-09-13,10,Positive,WebBrowser,52
492,2,1947,2025-04-17,10,Positive,SmartTV,42
493,6,1541,2025-01-18,3,Negative,StreamMax,33
494,13,1388,2024-12-13,6,Neutral,WebBrowser,123
495,4,993,2024-07-15,2,Negative,SmartTV,95
496,11,1577,2024-08-01,3,Negative,StreamMax,69
497,10,551,2025-02-06,5,Neutral,WebBrowser,145
498,4,1949,2024-06-08,10,Positive,TabletApp,118
499,10,69,2025-01-29,3,Negative,MobileApp,145
500,12,1526,2025-02-22,5,Neutral,TabletApp,121
501,10,368,2025-01-13,5,Neutral,StreamMax,3
502,9,129,2025-01-15,5,Neutral,MobileApp,101
503,2,25,2025-01-03,7,Positive,TabletApp,149
504,1,1911,2024-11-28,9,Positive,MobileApp,93
505,13,1172,2024-10-07,10,Positive,SmartTV,75
506,4,840,2024-12-18,5,Neutral,WebBrowser,141
507,15,1472,2024-07-22,5,Neutral,MobileApp,6
508,11,1088,2025-03-17,7,Positive,WebBrowser,111
509,14,660,2024-10-21,10,Positive,WebBrowser,63
510,4,1419,2024-06-02,8,Positive,MobileApp,116
511,12,1573,2024-10-22,7,Positive,StreamMax,26
512,7,228,2024-10-02,4,Negative,StreamMax,107
513,8,240,2024-08-12,8,Positive,StreamMax,136
514,14,393,2025-03-11,7,Positive,SmartTV,118
515,1,1974,2024-10-10,6,Neutral,WebBrowser,8
516,2,760,2024-09-21,6,Neutral,SmartTV,95
517,11,1238,2024-10-16,5,Neutral,TabletApp,127
518,6,113,2024-06-15,6,Neutral,MobileApp,102
519,4,349,2025-03-23,6,Neutral,MobileApp,126
520,8,140,2024-06-06,9,Positive,StreamMax,33
521,15,1330,2024-10-18,5,Neutral,TabletApp,123
522,14,1727,2025-03-29,9,Positive,SmartTV,69
523,15,743,2024-12-13,5,Neutral,SmartTV,62
524,14,210,2024-06-12,10,Positive,TabletApp,118
525,5,621,2024-10-24,5,Neutral,MobileApp,81
526,12,1431,2025-02-12,8,Positive,SmartTV,114
527,2,1278,2024-10-19,9,Positive,SmartTV,36
528,14,1651,2024-07-09,5,Neutral,StreamMax,141
529,15,1860,2024-09-05,8,Positive,TabletApp,63
530,12,1483,2024-12-30,4,Negative,WebBrowser,31
531,14,129,2024-07-26,4,Negative,StreamMax,52
532,9,752,2025-02-12,3,Negative,WebBrowser,89
533,13,829,2025-02-18,3,Negative,StreamMax,18
534,13,1206,2024-07-16,6,Neutral,SmartTV,26
535,2,109,2024-08-01,4,Negative,WebBrowser,84
536,9,260,2024-12-29,4,Negative,MobileApp,147
537,8,370,2024-10-12,3,Negative,SmartTV,137
538,8,1109,2025-02-16,8,Positive,SmartTV,120
539,7,903,2024-07-30,5,Neutral,TabletApp,86
540,5,118,2024-06-26,7,Positive,StreamMax,145
541,3,1949,2024-07-15,10,Positive,StreamMax,105
542,5,185,2024-10-18,7,Positive,StreamMax,115
543,8,1499,2025-02-07,4,Negative,MobileApp,142
544,6,1265,2024-08-30,5,Neutral,WebBrowser,7
545,11,835,2024-07-30,8,Positive,StreamMax,149
546,8,1682,2024-08-15,7,Positive,TabletApp,27
547,10,466,2025-01-04,5,Neutral,SmartTV,83
548,15,191,2024-08-26,1,Negative,SmartTV,138
549,9,96,2024-12-17,2,Negative,WebBrowser,149
550,10,934,2024-07-01,4,Negative,StreamMax,110
551,3,1547,2024-07-31,5,Neutral,TabletApp,117
552,8,1581,2025-03-22,5,Neutral,SmartTV,81
553,1,1437,2025-04-10,8,Positive,MobileApp,107
554,11,662,2024-08-24,6,Neutral,TabletApp,36
555,8,248,2024-09-20,6,Neutral,MobileApp,82
556,10,388,2024-11-07,10,Positive,MobileApp,143
557,6,7,2024-07-25,4,Negative,TabletApp,27
558,5,956,2025-03-18,10,Positive,WebBrowser,44
559,13,1122,2024-06-30,6,Neutral,SmartTV,55
560,1,1985,2024-10-03,8,Positive,MobileApp,129
561,7,279,2024-07-06,7,Positive,SmartTV,137
562,4,1700,2025-04-24,7,Positive,MobileApp,149
563,6,1818,2025-01-15,4,Negative,SmartTV,98
564,4,1588,2025-04-24,7,Positive,StreamMax,36
565,3,607,2024-10-02,5,Neutral,TabletApp,66
566,8,1730,2025-02-11,4,Negative,MobileApp,137
567,7,1266,2025-04-18,5,Neutral,SmartTV,26
568,5,1847,2024-10-16,4,Negative,StreamMax,9
569,12,848,2024-08-22,6,Neutral,TabletApp,139
570,12,226,2024-12-12,4,Negative,WebBrowser,9
571,1,1544,2025-02-02,10,Positive,TabletApp,101
572,9,579,2024-07-07,8,Positive,SmartTV,53
573,7,593,2024-12-06,7,Positive,StreamMax,117
574,1,675,2025-01-08,4,Negative,StreamMax,0
575,10,1712,2024-11-09,5,Neutral,SmartTV,21
576,5,244,2025-04-07,9,Positive,TabletApp,58
577,9,1844,2024-06-03,6,Neutral,StreamMax,98
578,11,1133,2024-11-09,3,Negative,SmartTV,57
579,5,1039,2024-09-17,3,Negative,SmartTV,119
580,8,39,2025-01-13,8,Positive,TabletApp,58
581,6,1141,2024-11-05,9,Positive,TabletApp,21
582,15,599,2024-11-23,3,Negative,TabletApp,126
583,3,1677,2024-11-18,9,Positive,MobileApp,63
584,14,448,2025-04-13,7,Positive,TabletApp,46
585,11,1610,2024-11-05,8,Positive,SmartTV,54
586,2,656,2024-06-20,10,Positive,TabletApp,48
587,2,1444,2025-01-09,5,Neutral,MobileApp,55
588,1,791,2024-06-26,9,Positive,WebBrowser,144
589,3,359,2025-01-14,7,Positive,TabletApp,17
590,10,1363,2024-11-13,5,Neutral,StreamMax,93
591,13,1339,2025-03-02,8,Positive,MobileApp,134
592,13,1766,2024-11-11,4,Negative,SmartTV,89
593,8,11,2024-12-14,5,Neutral,MobileApp,138
594,12,976,2024-09-23,3,Negative,TabletApp,99
595,3,643,2024-08-27,4,Negative,SmartTV,127
596,11,1057,2024-12-02,5,Neutral,StreamMax,39
597,10,90,2024-07-03,7,Positive,StreamMax,74
598,7,161,2024-10-27,10,Positive,SmartTV,58
599,5,671,2024-12-29,5,Neutral,StreamMax,16
600,15,712,2024-08-04,6,Neutral,TabletApp,96
601,10,1095,2024-07-04,10,Positive,TabletApp,63
602,13,368,2025-04-23,6,Neutral,WebBrowser,61
603,11,1369,2024-06-29,4,Negative,StreamMax,30
604,9,518,2024-07-01,5,Neutral,StreamMax,139
605,5,1075,2025-02-18,9,Positive,MobileApp,89
606,13,836,2024-10-07,6,Neutral,TabletApp,142
607,15,790,2024-10-02,6,Neutral,MobileApp,7
608,6,848,2025-02-14,5,Neutral,SmartTV,145
609,12,874,2025-01-26,5,Neutral,TabletApp,28
610,4,1563,2025-04-14,1,Negative,TabletApp,93
611,7,1182,2025-02-06,7,Positive,SmartTV,109
612,8,246,2025-01-14,4,Negative,SmartTV,31
613,6,1999,2025-03-02,5,Neutral,MobileApp,40
614,1,650,2025-02-21,7,Positive,StreamMax,117
615,11,846,2024-06-30,8,Positive,TabletApp,24
616,9,900,2025-01-04,6,Neutral,WebBrowser,62
617,2,1147,2024-12-07,5,Neutral,StreamMax,100
618,12,543,2024-09-13,5,Neutral,TabletApp,37
619,3,1890,2025-04-21,9,Positive,TabletApp,46
620,6,1814,2024-08-27,6,Neutral,WebBrowser,104
621,6,1196,2024-06-29,7,Positive,SmartTV,131
622,5,585,2025-03-05,7,Positive,MobileApp,80
623,4,1855,2024-11-20,4,Negative,SmartTV,4
624,8,1424,2024-09-20,4,Negative,MobileApp,14
625,10,141,2024-07-05,7,Positive,WebBrowser,99
626,14,400,2024-09-03,5,Neutral,StreamMax,14
627,9,1100,2024-06-20,7,Positive,WebBrowser,80
628,9,139,2024-12-02,6,Neutral,WebBrowser,121
629,7,1507,2024-11-19,3,Negative,MobileApp,9
630,14,581,2024-12-21,3,Negative,StreamMax,118
631,11,886,2024-12-11,10,Positive,TabletApp,82
632,9,568,2024-08-26,7,Positive,SmartTV,94
633,12,1097,2025-03-24,4,Negative,MobileApp,29
634,4,1773,2024-10-16,2,Negative,StreamMax,116
635,9,440,2025-01-11,7,Positive,StreamMax,102
636,7,171,2024-11-22,4,Negative,SmartTV,1
637,3,249,2025-03-11,6,Neutral,MobileApp,137
638,2,1074,2024-12-02,7,Positive,SmartTV,120
639,1,177,2024-08-23,9,Positive,TabletApp,64
640,13,1049,2025-02-01,10,Positive,WebBrowser,85
641,9,342,2025-03-11,7,Positive,StreamMax,17
642,4,429,2025-01-26,5,Neutral,WebBrowser,23
643,14,532,2024-07-23,8,Positive,StreamMax,7
644,6,786,2025-01-19,5,Neutral,WebBrowser,40
645,10,1938,2024-09-03,4,Negative,WebBrowser,55
646,11,1461,2024-08-29,9,Positive,MobileApp,85
647,3,845,2025-01-27,10,Positive,SmartTV,30
648,15,436,2025-03-22,3,Negative,WebBrowser,143
649,4,1414,2025-04-01,9,Positive,TabletApp,118
650,7,1883,2025-04-28,3,Negative,StreamMax,45
651,14,667,2024-12-01,10,Positive,TabletApp,70
652,7,375,2024-12-26,10,Positive,WebBrowser,118
653,15,1151,2024-11-16,1,Negative,WebBrowser,8
654,13,522,2025-01-18,10,Positive,TabletApp,1
655,8,327,2025-03-25,10,Positive,SmartTV,71
656,6,572,2024-07-16,5,Neutral,TabletApp,4
657,7,1027,2024-10-26,8,Positive,StreamMax,138
658,2,591,2024-09-18,10,Positive,SmartTV,32
659,4,630,2024-10-28,6,Neutral,SmartTV,52
660,3,1894,2024-08-30,7,Positive,TabletApp,122
661,2,45,2024-12-01,9,Positive,MobileApp,139
662,9,1750,2024-07-06,2,Negative,TabletApp,30
663,2,1828,2025-01-10,3,Negative,StreamMax,118
664,1,457,2024-12-22,9,Positive,SmartTV,52
665,14,10,2024-08-13,7,Positive,WebBrowser,77
666,14,141,2025-02-05,5,Neutral,TabletApp,93
667,12,305,2024-11-22,8,Positive,MobileApp,43
668,2,1048,2024-08-27,5,Neutral,StreamMax,1
669,4,1150,2024-08-16,7,Positive,TabletApp,136
670,8,183,2024-10-02,8,Positive,SmartTV,58
671,7,1662,2024-07-01,8,Positive,MobileApp,122
672,7,914,2025-01-10,4,Negative,TabletApp,123
673,3,1097,2024-11-30,6,Neutral,WebBrowser,19
674,4,1726,2024-11-25,3,Negative,StreamMax,31
675,5,72,2025-02-26,4,Negative,TabletApp,135
676,2,1472,2025-04-19,9,Positive,MobileApp,19
677,10,153,2025-02-27,10,Positive,TabletApp,63
678,11,1074,2024-08-15,6,Neutral,TabletApp,139
679,3,554,2024-09-26,10,Positive,MobileApp,48
680,12,1593,2024-06-02,6,Neutral,WebBrowser,3
681,1,702,2024-09-03,10,Positive,StreamMax,65
682,12,923,2025-01-26,10,Positive,MobileApp,31
683,7,1424,2024-07-14,6,Neutral,StreamMax,37
684,9,1983,2024-09-09,5,Neutral,TabletApp,100
685,13,465,2024-07-20,7,Positive,SmartTV,144
686,1,420,2025-01-01,9,Positive,MobileApp,26
687,8,460,2024-07-26,5,Neutral,MobileApp,47
688,12,1285,2024-09-23,9,Positive,TabletApp,35
689,8,667,2024-08-20,4,Negative,SmartTV,110
690,8,1496,2024-12-03,5,Neutral,WebBrowser,139
691,12,1563,2024-11-04,10,Positive,TabletApp,19
692,6,1675,2025-03-27,6,Neutral,StreamMax,95
693,12,41,2024-12-11,5,Neutral,StreamMax,25
694,1,1289,2024-10-21,9,Positive,TabletApp,53
695,6,789,2025-03-28,7,Positive,MobileApp,108
696,4,1330,2024-07-10,6,Neutral,TabletApp,114
697,10,1025,2024-09-19,3,Negative,WebBrowser,60
698,2,13,2025-02-20,9,Positive,SmartTV,10
699,4,1253,2025-04-04,4,Negative,TabletApp,135
700,7,1463,2024-12-26,8,Positive,SmartTV,76
701,5,1593,2025-02-26,8,Positive,MobileApp,71
702,15,1965,2025-04-02,1,Negative,WebBrowser,119
703,10,301,2024-07-02,3,Negative,TabletApp,37
704,4,1482,2024-12-29,3,Negative,TabletApp,69
705,3,345,2024-06-16,10,Positive,WebBrowser,82
706,14,1,2024-07-23,10,Positive,StreamMax,18
707,11,1776,2024-12-27,4,Negative,SmartTV,67
708,13,1294,2025-01-22,3,Negative,SmartTV,89
709,7,1698,2025-02-15,6,Neutral,StreamMax,110
710,4,844,2025-04-24,5,Neutral,MobileApp,40
711,6,817,2024-07-10,9,Positive,TabletApp,128
712,9,1009,2025-04-08,4,Negative,TabletApp,19
713,3,1010,2025-01-10,3,Negative,WebBrowser,87
714,9,723,2024-12-21,6,Neutral,MobileApp,31
715,8,1349,2025-02-23,7,Positive,StreamMax,96
716,10,995,2024-06-15,5,Neutral,SmartTV,98
717,7,1913,2025-04-28,9,Positive,TabletApp,125
718,14,345,2025-02-07,4,Negative,WebBrowser,67
719,7,1620,2024-08-02,8,Positive,TabletApp,29
720,12,1488,2025-01-30,10,Positive,WebBrowser,113
721,10,1763,2024-06-05,9,Positive,WebBrowser,137
722,2,177,2024-09-10,7,Positive,SmartTV,124
723,3,1444,2025-03-28,6,Neutral,WebBrowser,38
724,6,1244,2025-04-23,10,Positive,WebBrowser,14
725,15,994,2024-08-15,6,Neutral,SmartTV,125
726,7,1203,2024-09-11,10,Positive,TabletApp,55
727,9,1533,2025-01-23,2,Negative,WebBrowser,54
728,13,1319,2024-07-06,4,Negative,SmartTV,146
729,7,1968,2024-12-17,3,Negative,WebBrowser,11
730,10,554,2025-03-20,6,Neutral,SmartTV,14
731,14,1386,2024-08-02,3,Negative,SmartTV,114
732,10,922,2024-09-17,5,Neutral,MobileApp,95
733,8,855,2024-09-23,10,Positive,MobileApp,56
734,13,1920,2024-12-20,4,Negative,StreamMax,71
735,2,506,2024-12-31,3,Negative,WebBrowser,31
736,7,1597,2024-08-06,3,Negative,TabletApp,55
737,12,708,2024-09-13,8,Positive,MobileApp,47
738,6,903,2024-09-07,4,Negative,StreamMax,63
739,7,1521,2024-06-20,8,Positive,SmartTV,84
740,1,698,2024-06-21,9,Positive,WebBrowser,131
741,10,1158,2024-12-13,5,Neutral,SmartTV,109
742,12,1228,2024-07-19,4,Negative,SmartTV,23
743,12,1836,2024-07-22,5,Neutral,StreamMax,2
744,11,1054,2025-02-11,3,Negative,MobileApp,15
745,1,1233,2025-04-14,10,Positive,WebBrowser,58
746,4,819,2024-12-12,2,Negative,TabletApp,147
747,9,545,2024-12-12,10,Positive,StreamMax,90
748,5,1481,2025-02-16,4,Negative,SmartTV,149
749,6,1955,2025-03-04,7,Positive,MobileApp,90
750,3,1206,2024-06-09,9,Positive,MobileApp,58
751,6,766,2024-10-13,8,Positive,SmartTV,24
752,3,78,2024-10-02,9,Positive,StreamMax,117
753,15,1882,2024-11-18,1,Negative,TabletApp,61
754,1,163,2025-02-13,9,Positive,SmartTV,48
755,11,538,2024-08-20,7,Positive,TabletApp,71
756,13,179,2024-12-09,5,Neutral,MobileApp,63
757,4,1749,2024-10-05,6,Neutral,MobileApp,112
758,11,1801,2025-02-26,8,Positive,WebBrowser,95
759,6,1119,2025-04-28,4,Negative,SmartTV,135
760,15,558,2024-09-21,5,Neutral,WebBrowser,12
761,1,167,2024-07-25,9,Positive,MobileApp,139
762,10,614,2025-04-21,8,Positive,WebBrowser,131
763,15,1940,2025-03-06,7,Positive,MobileApp,100
764,15,1654,2024-11-23,5,Neutral,WebBrowser,69
765,10,680,2025-02-08,10,Positive,WebBrowser,105
766,6,272,2024-10-10,10,Positive,TabletApp,57
767,10,1495,2025-01-02,8,Positive,WebBrowser,146
768,8,618,2024-07-10,4,Negative,StreamMax,59
769,13,955,2024-07-30,9,Positive,MobileApp,80
770,8,420,2024-10-28,5,Neutral,TabletApp,97
771,7,627,2024-10-31,4,Negative,WebBrowser,56
772,14,545,2025-01-29,4,Negative,StreamMax,114
773,3,1222,2024-11-07,8,Positive,TabletApp,73
774,4,390,2025-03-26,3,Negative,TabletApp,145
775,1,722,2025-01-14,10,Positive,MobileApp,84
776,14,1657,2024-10-17,10,Positive,TabletApp,39
777,3,149,2025-02-26,5,Neutral,WebBrowser,135
778,12,287,2025-03-10,5,Neutral,MobileApp,29
779,3,300,2025-04-04,7,Positive,StreamMax,29
780,11,1420,2025-03-05,8,Positive,MobileApp,136
781,2,472,2025-03-26,8,Positive,MobileApp,79
782,7,141,2025-03-03,9,Positive,MobileApp,23
783,10,968,2024-11-15,7,Positive,WebBrowser,123
784,14,156,2024-09-14,8,Positive,StreamMax,17
785,4,1570,2025-03-24,10,Positive,TabletApp,78
786,1,1607,2024-08-01,7,Positive,StreamMax,145
787,14,1980,2025-04-19,10,Positive,WebBrowser,26
788,7,55,2025-01-01,3,Negative,SmartTV,38
789,2,45,2024-07-11,5,Neutral,MobileApp,64
790,12,752,2024-11-26,3,Negative,StreamMax,98
791,1,1573,2024-12-11,4,Negative,SmartTV,107
792,11,343,2025-01-28,4,Negative,StreamMax,93
793,13,211,2024-11-15,7,Positive,SmartTV,78
794,11,1564,2025-03-20,6,Neutral,TabletApp,50
795,3,1927,2024-11-28,7,Positive,WebBrowser,140
796,5,646,2024-06-14,3,Negative,SmartTV,104
797,10,620,2024-09-28,7,Positive,SmartTV,118
798,4,649,2024-12-17,6,Neutral,WebBrowser,27
799,7,786,2025-01-02,8,Positive,WebBrowser,4
800,9,1071,2024-08-11,3,Negative,MobileApp,3
801,15,612,2025-01-10,4,Negative,MobileApp,100
802,12,1620,2024-11-29,3,Negative,TabletApp,128
803,13,650,2025-01-06,9,Positive,MobileApp,126
804,7,1811,2024-06-06,10,Positive,TabletApp,31
805,6,1445,2024-07-07,5,Neutral,StreamMax,80
806,1,1886,2024-09-30,8,Positive,MobileApp,75
807,12,1733,2024-11-05,10,Positive,SmartTV,13
808,15,1574,2024-08-06,4,Negative,WebBrowser,82
809,9,372,2025-03-30,7,Positive,StreamMax,53
810,4,271,2024-12-24,7,Positive,TabletApp,90
811,8,1145,2024-10-18,8,Positive,TabletApp,113
812,15,634,2024-10-16,1,Negative,StreamMax,62
813,14,1577,2024-09-02,8,Positive,TabletApp,81
814,9,1447,2025-01-17,8,Positive,WebBrowser,68
815,12,1002,2024-06-13,8,Positive,TabletApp,94
816,4,78,2024-07-31,3,Negative,TabletApp,41
817,9,1324,2025-04-22,8,Positive,TabletApp,81
818,9,1178,2025-04-15,5,Neutral,SmartTV,149
819,9,998,2024-08-27,4,Negative,MobileApp,9
820,1,1790,2025-03-10,9,Positive,WebBrowser,123
821,12,1719,2025-02-18,9,Positive,WebBrowser,31
822,1,1732,2024-10-20,6,Neutral,SmartTV,4
823,13,733,2024-06-16,9,Positive,MobileApp,63
824,13,994,2024-11-24,6,Neutral,StreamMax,72
825,6,1487,2025-04-30,6,Neutral,StreamMax,62
826,8,1890,2024-11-04,4,Negative,SmartTV,47
827,15,517,2024-06-03,5,Neutral,MobileApp,118
828,9,165,2024-08-14,5,Neutral,WebBrowser,65
829,10,1658,2024-12-19,3,Negative,WebBrowser,4
830,4,1430,2025-02-08,9,Positive,SmartTV,35
831,14,1375,2024-10-24,6,Neutral,MobileApp,120
832,8,1411,2024-10-01,10,Positive,MobileApp,122
833,10,301,2024-10-05,5,Neutral,MobileApp,83
834,2,1093,2024-12-05,5,Neutral,SmartTV,94
835,15,1367,2024-11-26,6,Neutral,MobileApp,18
836,9,1216,2024-08-12,7,Positive,WebBrowser,45
837,2,1014,2024-08-04,3,Negative,MobileApp,24
838,14,1963,2025-04-14,8,Positive,SmartTV,149
839,13,1190,2025-04-20,9,Positive,StreamMax,60
840,1,382,2024-08-31,2,Negative,TabletApp,12
841,12,1671,2025-04-01,10,Positive,SmartTV,147
842,10,80,2024-06-11,3,Negative,WebBrowser,70
843,10,1529,2024-06-05,6,Neutral,TabletApp,60
844,5,501,2024-10-03,7,Positive,WebBrowser,49
845,3,599,2024-11-15,6,Neutral,TabletApp,26
846,2,66,2025-03-10,10,Positive,StreamMax,54
847,13,1060,2024-07-25,5,Neutral,SmartTV,114
848,13,1108,2024-12-11,4,Negative,StreamMax,14
849,12,1519,2024-09-08,9,Positive,SmartTV,44
850,11,188,2025-01-02,8,Positive,StreamMax,47
851,13,1230,2025-03-25,9,Positive,TabletApp,149
852,13,491,2024-09-02,10,Positive,WebBrowser,116
853,7,1425,2024-09-21,9,Positive,MobileApp,113
854,14,1480,2024-09-07,8,Positive,SmartTV,10
855,7,1871,2025-03-09,9,Positive,StreamMax,98
856,5,1080,2024-07-31,7,Positive,WebBrowser,60
857,2,1111,2024-11-10,8,Positive,MobileApp,85
858,3,1140,2025-02-01,3,Negative,SmartTV,48
859,11,102,2024-08-14,4,Negative,TabletApp,16
860,3,1619,2024-09-08,4,Negative,WebBrowser,93
861,1,1023,2025-02-09,9,Positive,MobileApp,17
862,15,761,2025-04-06,1,Negative,WebBrowser,91
863,14,982,2024-06-19,9,Positive,MobileApp,51
864,11,1645,2025-01-12,8,Positive,SmartTV,78
865,14,278,2024-07-26,9,Positive,WebBrowser,46
866,5,1995,2025-03-01,7,Positive,MobileApp,83
867,10,1500,2024-10-31,3,Negative,StreamMax,70
868,5,1097,2025-04-17,7,Positive,StreamMax,36
869,4,1906,2024-09-21,8,Positive,TabletApp,97
870,10,189,2024-09-10,7,Positive,StreamMax,2
871,6,1041,2025-02-10,10,Positive,WebBrowser,115
872,15,1585,2024-11-01,5,Neutral,TabletApp,115
873,2,1559,2024-11-11,9,Positive,StreamMax,106
874,4,1618,2024-07-07,2,Negative,SmartTV,81
875,15,1955,2024-09-29,8,Positive,StreamMax,146
876,14,786,2025-03-15,7,Positive,StreamMax,14
877,5,1369,2024-06-26,3,Negative,SmartTV,34
878,5,1688,2024-08-18,4,Negative,StreamMax,5
879,14,1296,2025-02-25,10,Positive,WebBrowser,90
880,6,1947,2024-09-13,3,Negative,SmartTV,76
881,6,823,2024-12-05,6,Neutral,SmartTV,20
882,13,836,2024-11-10,9,Positive,SmartTV,102
883,3,200,2024-11-27,8,Positive,SmartTV,114
884,8,853,2024-08-20,10,Positive,WebBrowser,130
885,6,38,2024-11-18,7,Positive,TabletApp,66
886,13,547,2024-08-25,4,Negative,StreamMax,75
887,7,255,2024-07-28,8,Positive,TabletApp,9
888,11,949,2024-08-07,10,Positive,SmartTV,14
889,13,1786,2024-11-22,7,Positive,TabletApp,138
890,8,732,2025-04-16,6,Neutral,StreamMax,23
891,5,25,2024-06-09,9,Positive,StreamMax,49
892,7,1013,2024-08-01,5,Neutral,MobileApp,5
893,9,453,2025-01-28,9,Positive,SmartTV,18
894,13,120,2024-12-23,7,Positive,MobileApp,16
895,2,886,2024-12-08,5,Neutral,StreamMax,5
896,6,601,2025-04-21,10,Positive,WebBrowser,2
897,8,1220,2024-07-15,3,Negative,WebBrowser,41
898,15,1001,2024-07-26,8,Positive,WebBrowser,39
899,5,1570,2025-03-11,5,Neutral,StreamMax,148
900,3,904,2025-04-02,8,Positive,SmartTV,3
901,7,1131,2025-03-22,3,Negative,StreamMax,52
902,14,1113,2024-10-05,4,Negative,WebBrowser,51
903,5,1525,2024-09-07,4,Negative,MobileApp,114
904,15,1748,2024-12-05,6,Neutral,MobileApp,27
905,14,1331,2024-06-14,10,Positive,StreamMax,104
906,11,1045,2025-01-26,6,Neutral,SmartTV,90
907,8,1488,2024-06-28,4,Negative,WebBrowser,65
908,8,1849,2024-08-05,7,Positive,MobileApp,112
909,14,1169,2024-12-25,10,Positive,WebBrowser,107
910,7,313,2025-02-04,10,Positive,MobileApp,46
911,7,1575,2024-09-20,9,Positive,MobileApp,4
912,13,1760,2025-01-16,5,Neutral,WebBrowser,61
913,5,754,2025-03-03,10,Positive,SmartTV,24
914,3,378,2024-08-17,9,Positive,WebBrowser,109
915,2,1331,2024-07-13,10,Positive,StreamMax,100
916,6,968,2024-11-02,9,Positive,TabletApp,68
917,6,95,2025-01-13,3,Negative,StreamMax,58
918,6,1713,2025-01-03,10,Positive,TabletApp,8
919,13,527,2025-02-24,10,Positive,TabletApp,18
920,2,282,2024-10-06,3,Negative,WebBrowser,142
921,1,1114,2024-12-12,9,Positive,TabletApp,107
922,3,1661,2024-12-24,10,Positive,StreamMax,85
923,8,1357,2024-09-21,7,Positive,SmartTV,107
924,3,190,2025-04-22,7,Positive,TabletApp,11
925,1,340,2024-07-27,9,Positive,StreamMax,77
926,13,1835,2024-07-02,8,Positive,WebBrowser,122
927,15,1979,2024-10-09,7,Positive,SmartTV,139
928,14,943,2024-10-21,5,Neutral,MobileApp,71
929,14,1931,2025-01-31,8,Positive,MobileApp,46
930,8,1719,2025-02-23,8,Positive,MobileApp,0
931,3,232,2024-06-11,7,Positive,StreamMax,102
932,4,672,2025-04-29,8,Positive,MobileApp,75
933,5,1486,2025-04-21,5,Neutral,WebBrowser,58
934,13,253,2024-06-01,10,Positive,SmartTV,37
935,9,954,2024-10-31,8,Positive,WebBrowser,95
936,2,1997,2025-01-03,10,Positive,TabletApp,76
937,2,30,2024-09-02,10,Positive,StreamMax,96
938,6,1467,2024-10-14,8,Positive,WebBrowser,50
939,5,1659,2024-11-10,8,Positive,MobileApp,141
940,15,1953,2024-09-11,4,Negative,MobileApp,100
941,10,1643,2024-10-10,6,Neutral,StreamMax,130
942,5,1801,2024-06-01,10,Positive,WebBrowser,105
943,4,1109,2024-10-18,4,Negative,TabletApp,88
944,2,435,2025-03-02,9,Positive,StreamMax,69
945,1,1355,2025-04-20,8,Positive,StreamMax,114
946,12,852,2025-03-18,6,Neutral,SmartTV,41
947,13,296,2024-11-04,7,Positive,StreamMax,26
948,4,1469,2024-07-05,2,Negative,SmartTV,46
949,10,794,2024-08-25,6,Neutral,SmartTV,4
950,7,895,2024-11-14,10,Positive,SmartTV,13
951,4,485,2024-10-23,8,Positive,WebBrowser,65
952,15,1138,2024-09-14,6,Neutral,SmartTV,34
953,15,1017,2025-02-24,5,Neutral,StreamMax,2
954,3,885,2024-06-03,3,Negative,MobileApp,149
955,1,663,2025-03-03,10,Positive,TabletApp,39
956,10,470,2025-02-08,3,Negative,SmartTV,67
957,1,124,2025-03-13,9,Positive,MobileApp,23
958,14,1826,2024-07-24,8,Positive,MobileApp,127
959,3,289,2024-11-26,8,Positive,MobileApp,74
960,11,1010,2024-09-14,9,Positive,MobileApp,142
961,13,1786,2024-11-12,7,Positive,SmartTV,148
962,1,344,2025-03-22,7,Positive,MobileApp,79
963,2,1631,2025-01-10,10,Positive,SmartTV,68
964,3,1550,2024-10-08,7,Positive,SmartTV,88
965,10,28,2024-09-07,4,Negative,SmartTV,136
966,9,131,2024-12-09,5,Neutral,StreamMax,99
967,3,839,2024-12-12,9,Positive,MobileApp,134
968,15,1469,2024-12-16,7,Positive,StreamMax,29
969,8,1472,2024-08-10,5,Neutral,StreamMax,126
970,9,1321,2024-10-03,7,Positive,StreamMax,28
971,4,99,2024-07-04,6,Neutral,StreamMax,35
972,7,385,2024-09-02,3,Negative,MobileApp,9
973,7,1963,2025-03-03,6,Neutral,WebBrowser,55
974,8,110,2024-11-28,5,Neutral,WebBrowser,76
975,11,729,2025-03-30,10,Positive,MobileApp,50
976,12,1256,2025-01-04,4,Negative,StreamMax,2
977,11,859,2025-03-09,10,Positive,StreamMax,23
978,3,689,2024-11-25,6,Neutral,TabletApp,44
979,7,647,2024-07-20,3,Negative,StreamMax,57
980,8,136,2025-01-26,6,Neutral,WebBrowser,9
981,2,950,2025-02-01,8,Positive,MobileApp,138
982,12,969,2024-08-16,5,Neutral,StreamMax,4
983,12,1765,2025-03-22,7,Positive,MobileApp,14
984,9,879,2024-07-07,6,Neutral,SmartTV,82
985,14,921,2024-07-10,4,Negative,WebBrowser,113
986,15,1723,2025-02-12,2,Negative,StreamMax,110
987,5,689,2025-03-14,6,Neutral,TabletApp,25
988,14,1010,2024-11-11,4,Negative,TabletApp,11
989,3,1855,2024-11-05,10,Positive,SmartTV,104
990,9,306,2024-06-20,6,Neutral,SmartTV,148
991,1,1142,2024-09-14,8,Positive,MobileApp,145
992,10,470,2024-10-20,7,Positive,TabletApp,108
993,12,148,2024-11-18,8,Positive,TabletApp,47
994,4,288,2025-01-12,10,Positive,StreamMax,54
995,3,1625,2024-07-17,10,Positive,SmartTV,112
996,8,963,2024-07-31,10,Positive,StreamMax,61
997,8,1391,2024-07-07,8,Positive,WebBrowser,110
998,15,1356,2024-07-22,8,Positive,TabletApp,59
999,13,929,2025-03-09,3,Negative,MobileApp,110
1000,5,1309,2024-07-21,9,Positive,MobileApp,143
1001,2,1979,2025-02-16,10,Positive,SmartTV,144
1002,8,520,2024-09-13,8,Positive,SmartTV,130
1003,12,1272,2024-08-17,3,Negative,TabletApp,20
1004,12,565,2024-12-03,9,Positive,WebBrowser,91
1005,5,1812,2024-11-16,5,Neutral,MobileApp,106
1006,9,1744,2024-06-02,6,Neutral,MobileApp,24
1007,9,1425,2024-06-16,5,Neutral,TabletApp,149
1008,12,820,2024-12-02,3,Negative,WebBrowser,97
1009,12,1348,2024-08-22,5,Neutral,SmartTV,53
1010,2,947,2024-12-14,7,Positive,WebBrowser,127
1011,1,818,2024-11-21,9,Positive,TabletApp,122
1012,6,706,2025-02-21,6,Neutral,WebBrowser,125
1013,8,1765,2025-03-30,5,Neutral,WebBrowser,63
1014,14,1207,2024-12-28,3,Negative,SmartTV,71
1015,10,948,2024-07-30,4,Negative,SmartTV,98
1016,13,1059,2024-11-12,4,Negative,SmartTV,15
1017,12,1724,2024-10-30,8,Positive,WebBrowser,150
1018,2,1489,2025-02-23,4,Negative,TabletApp,57
1019,11,1327,2024-09-30,5,Neutral,WebBrowser,84
1020,5,1078,2024-10-22,7,Positive,StreamMax,81
1021,9,1939,2024-12-02,5,Neutral,WebBrowser,95
1022,4,1001,2024-08-04,8,Positive,SmartTV,141
1023,8,976,2025-04-11,8,Positive,MobileApp,6
1024,5,330,2024-08-13,8,Positive,MobileApp,120
1025,11,1541,2025-04-14,10,Positive,SmartTV,129
1026,8,1167,2025-02-12,8,Positive,TabletApp,70
1027,5,1685,2024-12-31,5,Neutral,WebBrowser,70
1028,13,670,2024-08-08,5,Neutral,StreamMax,69
1029,15,1334,2024-10-20,5,Neutral,StreamMax,53
1030,14,1146,2025-03-21,7,Positive,WebBrowser,134
1031,9,308,2025-04-13,7,Positive,SmartTV,60
1032,7,98,2025-01-09,4,Negative,MobileApp,119
1033,11,1363,2025-02-19,8,Positive,WebBrowser,56
1034,12,450,2025-03-04,9,Positive,MobileApp,93
1035,9,782,2024-07-24,7,Positive,TabletApp,106
1036,9,1291,2024-10-15,5,Neutral,TabletApp,148
1037,15,1347,2025-01-12,5,Neutral,MobileApp,28
1038,3,400,2025-03-11,6,Neutral,SmartTV,62
1039,8,577,2025-03-17,10,Positive,SmartTV,8
1040,7,1228,2024-08-27,7,Positive,StreamMax,7
1041,2,1254,2025-01-30,8,Positive,WebBrowser,60
1042,10,425,2025-01-28,6,Neutral,MobileApp,137
1043,14,470,2024-12-06,8,Positive,WebBrowser,107
1044,15,1063,2024-09-03,7,Positive,SmartTV,88
1045,9,1226,2024-06-26,5,Neutral,SmartTV,119
1046,8,68,2025-02-02,6,Neutral,WebBrowser,10
1047,11,1156,2024-11-13,5,Neutral,TabletApp,37
1048,11,702,2024-06-14,10,Positive,MobileApp,4
1049,12,1488,2025-01-09,4,Negative,StreamMax,10
1050,14,1197,2024-06-17,9,Positive,WebBrowser,21
1051,6,633,2024-07-09,8,Positive,MobileApp,140
1052,10,858,2024-12-27,8,Positive,WebBrowser,104
1053,8,1425,2024-06-20,5,Neutral,MobileApp,47
1054,7,1611,2025-04-09,8,Positive,TabletApp,104
1055,8,233,2024-12-14,3,Negative,MobileApp,70
1056,4,1745,2024-12-26,5,Neutral,StreamMax,85
1057,1,577,2024-10-23,6,Neutral,WebBrowser,53
1058,4,1151,2025-02-03,5,Neutral,TabletApp,68
1059,14,1422,2025-01-27,8,Positive,SmartTV,79
1060,4,1947,2024-11-06,5,Neutral,StreamMax,108
1061,4,262,2024-11-23,7,Positive,SmartTV,24
1062,12,1992,2024-08-28,4,Negative,SmartTV,90
1063,4,291,2024-09-24,5,Neutral,StreamMax,128
1064,3,1436,2024-10-01,9,Positive,WebBrowser,104
1065,9,330,2025-03-04,3,Negative,MobileApp,104
1066,1,606,2024-09-24,8,Positive,MobileApp,74
1067,14,1139,2025-03-08,7,Positive,StreamMax,95
1068,7,1462,2024-06-01,10,Positive,SmartTV,133
1069,7,515,2025-01-16,8,Positive,StreamMax,30
1070,15,1477,2024-12-18,6,Neutral,TabletApp,126
1071,4,133,2024-09-16,9,Positive,StreamMax,75
1072,13,198,2024-06-25,8,Positive,SmartTV,36
1073,15,1074,2025-04-07,1,Negative,WebBrowser,32
1074,10,1147,2025-01-21,5,Neutral,StreamMax,139
1075,12,1398,2025-02-12,4,Negative,SmartTV,131
1076,12,707,2024-07-23,6,Neutral,MobileApp,123
1077,5,1468,2024-11-26,4,Negative,StreamMax,123
1078,8,898,2025-04-12,5,Neutral,TabletApp,125
1079,3,1057,2024-08-11,6,Neutral,StreamMax,132
1080,11,1640,2025-02-06,6,Neutral,WebBrowser,144
1081,13,1769,2024-12-10,7,Positive,MobileApp,48
1082,6,673,2024-10-16,5,Neutral,SmartTV,52
1083,1,1745,2025-01-10,9,Positive,TabletApp,69
1084,8,1377,2024-06-30,6,Neutral,WebBrowser,77
1085,11,327,2024-10-20,6,Neutral,TabletApp,121
1086,10,1807,2024-08-29,6,Neutral,WebBrowser,52
1087,12,1647,2024-07-01,10,Positive,MobileApp,51
1088,6,644,2025-03-20,9,Positive,TabletApp,56
1089,8,1554,2025-03-20,8,Positive,SmartTV,17
1090,10,516,2024-10-07,5,Neutral,SmartTV,81
1091,7,1780,2024-09-21,4,Negative,MobileApp,141
1092,6,208,2024-09-10,7,Positive,TabletApp,132
1093,5,1746,2024-12-26,4,Negative,StreamMax,107
1094,3,1339,2024-07-20,3,Negative,MobileApp,116
1095,6,643,2024-10-23,3,Negative,WebBrowser,132
1096,1,1014,2024-11-06,7,Positive,MobileApp,52
1097,10,934,2024-06-03,8,Positive,WebBrowser,128
1098,1,616,2024-06-06,10,Positive,SmartTV,103
1099,10,412,2024-07-17,4,Negative,TabletApp,22
1100,11,689,2024-06-30,4,Negative,MobileApp,85
1101,3,1250,2024-07-07,4,Negative,SmartTV,125
1102,13,374,2025-04-27,7,Positive,StreamMax,64
1103,8,1943,2024-07-12,6,Neutral,TabletApp,105
1104,10,668,2025-01-19,7,Positive,StreamMax,81
1105,11,1632,2025-01-26,7,Positive,MobileApp,108
1106,13,406,2024-06-24,8,Positive,SmartTV,97
1107,11,1594,2024-09-27,5,Neutral,SmartTV,44
1108,13,1343,2024-12-24,9,Positive,WebBrowser,96
1109,12,1204,2024-11-29,4,Negative,MobileApp,131
1110,1,581,2024-12-28,6,Neutral,StreamMax,42
1111,6,780,2024-12-10,8,Positive,StreamMax,79
1112,11,1221,2025-04-29,9,Positive,TabletApp,79
1113,5,340,2024-09-09,7,Positive,SmartTV,149
1114,11,508,2024-12-13,8,Positive,WebBrowser,103
1115,6,122,2025-02-25,7,Positive,SmartTV,22
1116,6,1554,2024-11-29,8,Positive,WebBrowser,94
1117,3,1367,2024-06-19,3,Negative,TabletApp,68
1118,7,1932,2025-02-07,9,Positive,StreamMax,58
1119,9,1765,2024-06-23,10,Positive,TabletApp,1
1120,9,1119,2024-10-04,3,Negative,SmartTV,8
1121,9,1469,2025-02-27,7,Positive,WebBrowser,101
1122,11,361,2024-11-01,4,Negative,SmartTV,62
1123,12,106,2024-09-14,6,Neutral,StreamMax,143
1124,15,391,2025-01-17,9,Positive,WebBrowser,16
1125,8,385,2024-11-30,7,Positive,TabletApp,27
1126,6,1019,2025-03-07,10,Positive,SmartTV,88
1127,11,400,2025-03-06,8,Positive,StreamMax,145
1128,5,1553,2025-02-03,8,Positive,WebBrowser,146
1129,12,1760,2024-07-22,4,Negative,StreamMax,88
1130,8,1666,2024-08-17,9,Positive,MobileApp,85
1131,1,490,2025-02-28,5,Neutral,StreamMax,59
1132,10,1409,2024-12-26,3,Negative,TabletApp,104
1133,3,1374,2024-12-06,7,Positive,TabletApp,44
1134,9,1774,2024-09-29,4,Negative,StreamMax,59
1135,13,1428,2025-04-21,7,Positive,SmartTV,97
1136,2,18,2025-02-07,7,Positive,TabletApp,105
1137,8,779,2025-02-02,5,Neutral,StreamMax,123
1138,6,115,2025-04-27,8,Positive,StreamMax,5
1139,6,216,2024-07-14,7,Positive,StreamMax,73
1140,14,423,2025-03-23,3,Negative,SmartTV,99
1141,11,656,2025-02-02,3,Negative,MobileApp,150
1142,5,8,2024-07-25,3,Negative,MobileApp,85
1143,5,1033,2024-12-15,6,Neutral,SmartTV,92
1144,1,708,2024-06-19,10,Positive,TabletApp,120
1145,8,413,2024-08-29,7,Positive,WebBrowser,73
1146,11,1870,2025-04-01,10,Positive,TabletApp,68
1147,13,1945,2025-01-21,6,Neutral,SmartTV,52
1148,12,1474,2024-06-13,3,Negative,SmartTV,83
1149,14,1582,2025-01-23,9,Positive,MobileApp,123
1150,5,287,2024-10-29,9,Positive,StreamMax,47
1151,6,1772,2024-06-13,6,Neutral,SmartTV,111
1152,7,297,2024-07-20,3,Negative,MobileApp,118
1153,13,954,2025-04-20,8,Positive,SmartTV,52
1154,13,34,2024-06-25,4,Negative,StreamMax,42
1155,9,462,2024-11-16,6,Neutral,SmartTV,7
1156,10,1179,2025-01-11,5,Neutral,SmartTV,48
1157,11,1330,2024-12-25,10,Positive,StreamMax,54
1158,14,1838,2024-08-19,6,Neutral,SmartTV,140
1159,8,881,2025-02-23,9,Positive,StreamMax,122
1160,1,1954,2024-10-21,3,Negative,StreamMax,120
1161,8,859,2024-10-02,7,Positive,SmartTV,118
1162,2,1867,2024-12-12,9,Positive,WebBrowser,35
1163,12,31,2025-02-05,8,Positive,TabletApp,102
1164,11,290,2025-02-17,5,Neutral,MobileApp,1
1165,12,1936,2024-12-30,10,Positive,MobileApp,119
1166,6,375,2024-07-13,4,Negative,WebBrowser,102
1167,2,722,2025-02-22,9,Positive,TabletApp,93
1168,5,76,2024-07-05,5,Neutral,StreamMax,101
1169,15,1909,2025-03-14,5,Neutral,StreamMax,67
1170,4,1583,2024-12-03,6,Neutral,WebBrowser,27
1171,12,53,2025-04-19,5,Neutral,StreamMax,7
1172,1,1524,2025-01-11,10,Positive,SmartTV,128
1173,4,176,2025-03-23,9,Positive,StreamMax,110
1174,11,1660,2024-08-01,9,Positive,TabletApp,145
1175,6,1241,2024-09-10,7,Positive,StreamMax,137
1176,2,1596,2024-06-21,4,Negative,WebBrowser,92
1177,7,315,2024-07-08,9,Positive,SmartTV,56
1178,6,1733,2024-08-09,8,Positive,SmartTV,92
1179,3,888,2025-04-30,3,Negative,TabletApp,49
1180,7,476,2025-04-17,4,Negative,MobileApp,106
1181,15,529,2024-09-25,2,Negative,TabletApp,21
1182,4,1642,2024-08-18,5,Neutral,TabletApp,93
1183,5,784,2024-06-06,4,Negative,TabletApp,75
1184,3,1880,2024-10-24,3,Negative,StreamMax,9
1185,13,1772,2025-03-19,10,Positive,SmartTV,43
1186,6,666,2024-10-25,9,Positive,StreamMax,125
1187,9,665,2024-12-21,7,Positive,StreamMax,71
1188,9,1070,2025-01-05,4,Negative,WebBrowser,144
1189,14,1243,2024-07-07,5,Neutral,MobileApp,131
1190,6,1857,2024-06-08,5,Neutral,SmartTV,57
1191,13,490,2024-06-18,8,Positive,TabletApp,103
1192,1,342,2025-03-11,8,Positive,SmartTV,26
1193,8,1596,2024-11-24,9,Positive,MobileApp,45
1194,10,1895,2025-04-13,6,Neutral,SmartTV,62
1195,1,349,2024-07-20,7,Positive,StreamMax,110
1196,11,75,2024-06-04,3,Negative,TabletApp,0
1197,12,1943,2025-02-04,4,Negative,StreamMax,87
1198,1,735,2025-04-08,10,Positive,WebBrowser,113
1199,8,84,2024-12-17,4,Negative,StreamMax,79
1200,3,1907,2024-12-14,9,Positive,WebBrowser,103
1201,2,143,2025-03-24,10,Positive,MobileApp,76
1202,14,45,2024-08-28,3,Negative,TabletApp,47
1203,4,1867,2024-08-07,7,Positive,SmartTV,57
1204,3,528,2024-10-18,5,Neutral,TabletApp,59
1205,14,869,2024-07-03,10,Positive,WebBrowser,76
1206,6,57,2024-07-13,10,Positive,SmartTV,129
1207,9,1855,2025-03-22,6,Neutral,MobileApp,80
1208,13,38,2025-02-17,6,Neutral,WebBrowser,32
1209,8,821,2024-07-29,7,Positive,SmartTV,47
1210,3,978,2025-02-07,7,Positive,SmartTV,110
1211,12,408,2024-07-27,4,Negative,StreamMax,13
1212,10,941,2025-01-02,10,Positive,SmartTV,14
1213,8,643,2024-12-02,10,Positive,StreamMax,45
1214,13,1580,2024-07-05,5,Neutral,TabletApp,26
1215,1,398,2024-09-03,8,Positive,WebBrowser,72
1216,11,685,2024-07-25,7,Positive,WebBrowser,115
1217,3,11,2025-03-02,7,Positive,WebBrowser,109
1218,15,848,2024-12-30,7,Positive,StreamMax,142
1219,11,767,2024-12-18,3,Negative,MobileApp,82
1220,8,1800,2025-03-21,9,Positive,MobileApp,7
1221,12,1958,2024-08-13,9,Positive,SmartTV,91
1222,9,1586,2025-03-19,1,Negative,WebBrowser,80
1223,11,1315,2024-07-06,6,Neutral,SmartTV,47
1224,7,263,2025-01-18,8,Positive,WebBrowser,80
1225,3,767,2024-07-12,4,Negative,StreamMax,101
1226,9,1692,2024-12-15,4,Negative,WebBrowser,137
1227,9,992,2024-12-13,2,Negative,SmartTV,70
1228,4,834,2024-11-24,7,Positive,MobileApp,39
1229,7,1564,2024-09-19,4,Negative,TabletApp,7
1230,11,1356,2024-12-18,8,Positive,WebBrowser,104
1231,6,9,2024-06-07,9,Positive,TabletApp,101
1232,2,666,2024-08-11,3,Negative,TabletApp,41
1233,1,361,2025-01-24,10,Positive,SmartTV,59
1234,9,227,2025-01-26,5,Neutral,TabletApp,55
1235,8,1305,2024-11-12,4,Negative,StreamMax,33
1236,13,1617,2024-07-12,8,Positive,StreamMax,94
1237,1,170,2025-01-22,9,Positive,SmartTV,18
1238,10,63,2025-01-19,10,Positive,MobileApp,36
1239,1,1194,2025-03-04,7,Positive,MobileApp,43
1240,9,1206,2024-10-31,4,Negative,TabletApp,150
1241,8,1219,2024-10-16,5,Neutral,TabletApp,0
1242,12,54,2025-02-19,7,Positive,MobileApp,87
1243,7,1013,2024-08-04,4,Negative,StreamMax,125
1244,13,180,2025-03-06,10,Positive,TabletApp,46
1245,13,351,2025-01-27,3,Negative,SmartTV,52
1246,5,308,2024-12-26,10,Positive,WebBrowser,8
1247,5,1126,2025-01-04,9,Positive,StreamMax,24
1248,7,27,2024-09-18,4,Negative,MobileApp,15
1249,10,1960,2025-04-20,8,Positive,TabletApp,52
1250,12,1096,2024-07-17,10,Positive,WebBrowser,146
1251,7,1123,2025-03-15,10,Positive,MobileApp,0
1252,12,168,2024-06-12,5,Neutral,SmartTV,78
1253,7,227,2024-08-11,7,Positive,WebBrowser,62
1254,13,550,2024-10-09,8,Positive,MobileApp,99
1255,2,1580,2024-06-10,7,Positive,WebBrowser,62
1256,1,1003,2024-11-21,9,Positive,TabletApp,34
1257,2,53,2025-04-06,10,Positive,TabletApp,143
1258,7,1671,2025-03-08,8,Positive,WebBrowser,52
1259,3,1666,2024-10-15,9,Positive,WebBrowser,104
1260,7,1893,2025-03-09,5,Neutral,MobileApp,2
1261,5,105,2024-12-06,9,Positive,MobileApp,136
1262,10,1360,2024-10-03,9,Positive,TabletApp,44
1263,10,133,2024-08-14,5,Neutral,SmartTV,55
1264,4,1781,2025-04-27,2,Negative,WebBrowser,148
1265,11,641,2024-10-20,9,Positive,SmartTV,105
1266,12,657,2024-11-29,3,Negative,WebBrowser,3
1267,4,206,2024-10-20,5,Neutral,TabletApp,7
1268,1,427,2024-10-08,8,Positive,WebBrowser,123
1269,14,1975,2025-02-24,9,Positive,MobileApp,131
1270,13,1643,2025-04-03,8,Positive,StreamMax,87
1271,7,1244,2025-01-22,8,Positive,MobileApp,25
1272,9,1547,2025-01-19,7,Positive,WebBrowser,60
1273,4,274,2024-08-11,6,Neutral,SmartTV,11
1274,5,1208,2025-03-25,9,Positive,WebBrowser,140
1275,11,369,2025-02-02,10,Positive,TabletApp,127
1276,14,1618,2024-10-01,6,Neutral,SmartTV,71
1277,8,914,2024-08-12,8,Positive,TabletApp,51
1278,11,804,2024-11-30,3,Negative,WebBrowser,109
1279,10,155,2025-02-05,5,Neutral,MobileApp,88
1280,7,1690,2024-11-26,10,Positive,StreamMax,51
1281,11,451,2024-12-24,7,Positive,MobileApp,133
1282,11,1761,2025-02-06,8,Positive,StreamMax,115
1283,9,1406,2024-10-20,5,Neutral,MobileApp,51
1284,9,767,2024-09-19,6,Neutral,TabletApp,93
1285,7,1723,2024-07-03,4,Negative,MobileApp,9
1286,15,271,2024-11-13,10,Positive,TabletApp,19
1287,13,1729,2024-11-22,8,Positive,SmartTV,41
1288,12,176,2024-08-26,3,Negative,StreamMax,111
1289,10,1978,2025-01-02,8,Positive,WebBrowser,51
1290,6,994,2025-02-13,3,Negative,WebBrowser,63
1291,14,1929,2024-09-26,3,Negative,WebBrowser,131
1292,14,1899,2024-08-20,10,Positive,TabletApp,131
1293,15,1549,2025-02-13,10,Positive,MobileApp,43
1294,9,1796,2024-08-15,7,Positive,StreamMax,122
1295,7,1848,2025-01-09,9,Positive,MobileApp,150
1296,5,1738,2025-02-09,4,Negative,SmartTV,32
1297,3,38,2024-08-18,6,Neutral,SmartTV,89
1298,7,324,2025-01-21,6,Neutral,MobileApp,49
1299,7,1588,2024-12-19,5,Neutral,TabletApp,24
1300,6,1789,2024-10-31,8,Positive,SmartTV,3
1301,15,938,2025-02-03,6,Neutral,TabletApp,68
1302,10,1692,2025-04-30,4,Negative,StreamMax,107
1303,11,75,2024-10-15,5,Neutral,WebBrowser,48
1304,5,672,2024-06-25,10,Positive,StreamMax,118
1305,2,358,2024-11-16,4,Negative,SmartTV,25
1306,14,117,2024-10-12,5,Neutral,TabletApp,94
1307,7,1316,2024-06-27,7,Positive,StreamMax,93
1308,13,964,2024-06-30,3,Negative,MobileApp,8
1309,3,1532,2024-11-08,5,Neutral,MobileApp,76
1310,4,1122,2024-08-24,3,Negative,WebBrowser,42
1311,1,550,2024-07-22,8,Positive,TabletApp,100
1312,4,1236,2024-07-06,7,Positive,MobileApp,53
1313,9,564,2025-03-05,8,Positive,TabletApp,31
1314,6,261,2024-07-25,3,Negative,TabletApp,26
1315,6,687,2025-04-10,3,Negative,WebBrowser,7
1316,11,1833,2025-04-29,4,Negative,SmartTV,150
1317,11,675,2025-02-02,6,Neutral,WebBrowser,72
1318,4,728,2025-01-08,6,Neutral,StreamMax,138
1319,1,225,2025-04-28,8,Positive,WebBrowser,48
1320,15,92,2025-01-24,8,Positive,MobileApp,15
1321,7,25,2025-03-23,10,Positive,WebBrowser,90
1322,5,316,2024-08-30,4,Negative,MobileApp,3
1323,4,1928,2025-01-07,6,Neutral,StreamMax,112
1324,7,1574,2024-10-13,6,Neutral,SmartTV,90
1325,15,917,2024-08-17,4,Negative,StreamMax,17
1326,2,67,2024-11-17,6,Neutral,MobileApp,77
1327,5,935,2024-12-25,3,Negative,SmartTV,110
1328,9,1604,2024-12-12,6,Neutral,MobileApp,138
1329,15,135,2025-04-18,1,Negative,SmartTV,85
1330,13,515,2024-12-24,9,Positive,StreamMax,64
1331,11,657,2024-11-09,10,Positive,TabletApp,67
1332,6,1290,2025-03-30,6,Neutral,WebBrowser,130
1333,3,1061,2025-04-26,3,Negative,WebBrowser,74
1334,10,1848,2024-06-28,8,Positive,StreamMax,62
1335,7,247,2024-09-20,10,Positive,StreamMax,101
1336,2,1388,2024-07-26,9,Positive,SmartTV,34
1337,4,835,2024-10-09,6,Neutral,MobileApp,110
1338,3,1147,2024-11-03,7,Positive,StreamMax,36
1339,13,1568,2024-10-10,6,Neutral,StreamMax,62
1340,4,1525,2024-08-18,6,Neutral,SmartTV,45
1341,8,575,2024-12-16,8,Positive,StreamMax,36
1342,13,1444,2025-01-29,8,Positive,TabletApp,90
1343,12,1491,2025-04-17,6,Neutral,MobileApp,86
1344,2,1804,2024-06-05,10,Positive,TabletApp,102
1345,13,543,2024-10-29,8,Positive,SmartTV,50
1346,1,1475,2024-08-12,7,Positive,StreamMax,81
1347,7,1266,2025-01-13,9,Positive,TabletApp,127
1348,6,211,2024-08-17,3,Negative,StreamMax,25
1349,4,166,2024-12-09,6,Neutral,TabletApp,138
1350,13,424,2024-07-19,10,Positive,SmartTV,10
1351,1,1446,2025-04-13,10,Positive,StreamMax,78
1352,5,751,2024-12-09,5,Neutral,WebBrowser,38
1353,13,1983,2025-04-25,8,Positive,StreamMax,93
1354,9,1700,2024-08-20,9,Positive,WebBrowser,22
1355,3,1604,2025-04-11,8,Positive,WebBrowser,35
1356,11,1070,2024-06-11,9,Positive,SmartTV,22
1357,1,105,2024-07-15,10,Positive,WebBrowser,92
1358,12,1587,2024-07-28,5,Neutral,WebBrowser,10
1359,6,1583,2024-12-07,3,Negative,SmartTV,29
1360,7,16,2024-09-29,3,Negative,SmartTV,45
1361,11,1570,2025-02-25,5,Neutral,MobileApp,92
1362,9,882,2024-08-31,10,Positive,TabletApp,0
1363,12,848,2025-04-21,3,Negative,WebBrowser,32
1364,14,753,2025-01-04,4,Negative,WebBrowser,46
1365,13,164,2025-02-09,10,Positive,StreamMax,47
1366,14,1301,2025-03-22,6,Neutral,WebBrowser,148
1367,15,1271,2024-11-02,2,Negative,SmartTV,132
1368,15,1036,2024-07-30,4,Negative,SmartTV,112
1369,8,1002,2024-08-26,7,Positive,MobileApp,32
1370,11,1259,2025-01-08,9,Positive,StreamMax,25
1371,7,1204,2024-06-18,10,Positive,StreamMax,141
1372,10,1380,2025-04-02,5,Neutral,MobileApp,104
1373,7,425,2025-03-28,10,Positive,MobileApp,41
1374,7,1238,2025-03-13,7,Positive,SmartTV,150
1375,1,806,2025-01-23,6,Neutral,TabletApp,65
1376,15,1074,2024-11-12,7,Positive,StreamMax,64
1377,15,759,2025-04-18,3,Negative,SmartTV,32
1378,15,391,2024-09-06,8,Positive,StreamMax,9
1379,2,1418,2024-12-10,6,Neutral,StreamMax,10
1380,7,994,2024-09-30,8,Positive,MobileApp,117
1381,14,1538,2024-10-01,3,Negative,WebBrowser,87
1382,6,350,2025-03-03,3,Negative,MobileApp,140
1383,10,945,2025-03-10,6,Neutral,MobileApp,81
1384,15,1084,2024-10-14,8,Positive,StreamMax,77
1385,1,543,2025-02-14,10,Positive,MobileApp,136
1386,3,1149,2024-07-22,9,Positive,WebBrowser,7
1387,15,858,2024-12-15,6,Neutral,WebBrowser,43
1388,6,1167,2024-08-23,6,Neutral,SmartTV,130
1389,13,1330,2024-10-13,5,Neutral,StreamMax,65
1390,9,115,2024-09-26,4,Negative,StreamMax,43
1391,15,1203,2024-11-29,7,Positive,MobileApp,23
1392,15,1163,2024-12-20,8,Positive,SmartTV,94
1393,6,1202,2025-02-08,6,Neutral,MobileApp,143
1394,5,22,2024-12-04,9,Positive,TabletApp,121
1395,2,990,2024-11-22,9,Positive,MobileApp,68
1396,11,605,2025-02-06,10,Positive,TabletApp,75
1397,15,1973,2025-04-01,4,Negative,MobileApp,78
1398,13,490,2024-10-23,5,Neutral,SmartTV,147
1399,13,213,2024-10-18,6,Neutral,StreamMax,56
1400,11,285,2025-03-21,9,Positive,StreamMax,97
1401,13,160,2025-03-15,9,Positive,StreamMax,54
1402,9,274,2024-09-13,6,Neutral,StreamMax,144
1403,7,142,2025-03-03,3,Negative,TabletApp,23
1404,10,1793,2025-04-13,6,Neutral,WebBrowser,79
1405,1,1823,2024-07-03,10,Positive,SmartTV,3
1406,10,81,2024-09-20,6,Neutral,StreamMax,98
1407,15,824,2024-12-20,10,Positive,StreamMax,60
1408,3,999,2025-04-02,10,Positive,StreamMax,79
1409,9,1096,2025-04-08,6,Neutral,SmartTV,28
1410,12,1809,2024-06-10,6,Neutral,MobileApp,123
1411,15,979,2025-01-13,5,Neutral,TabletApp,40
1412,1,697,2024-06-03,5,Neutral,MobileApp,140
1413,6,1134,2025-03-29,5,Neutral,MobileApp,24
1414,12,742,2024-06-07,9,Positive,WebBrowser,89
1415,4,1149,2025-01-23,5,Neutral,StreamMax,133
1416,5,243,2025-04-14,8,Positive,WebBrowser,22
1417,4,386,2025-01-21,2,Negative,MobileApp,88
1418,10,353,2024-12-10,3,Negative,SmartTV,50
1419,6,1425,2025-03-10,4,Negative,SmartTV,96
1420,2,900,2025-04-17,3,Negative,TabletApp,85
1421,13,130,2025-03-13,6,Neutral,SmartTV,95
1422,14,1031,2024-08-13,7,Positive,TabletApp,73
1423,7,934,2024-12-01,6,Neutral,SmartTV,80
1424,6,665,2025-04-25,10,Positive,StreamMax,119
1425,6,526,2024-07-11,10,Positive,SmartTV,148
1426,13,1879,2025-04-06,3,Negative,StreamMax,18
1427,13,1770,2024-07-09,5,Neutral,WebBrowser,45
1428,10,857,2024-07-29,3,Negative,SmartTV,142
1429,10,1490,2024-07-14,3,Negative,MobileApp,133
1430,11,406,2024-06-06,8,Positive,MobileApp,75
1431,11,918,2024-09-21,4,Negative,WebBrowser,5
1432,10,344,2024-09-30,4,Negative,WebBrowser,55
1433,6,1833,2025-01-16,6,Neutral,MobileApp,79
1434,11,1960,2025-04-17,8,Positive,SmartTV,99
1435,12,799,2025-01-29,7,Positive,WebBrowser,75
1436,10,364,2024-09-11,5,Neutral,StreamMax,57
1437,10,1472,2024-12-01,4,Negative,StreamMax,5
1438,4,1333,2025-03-16,7,Positive,MobileApp,136
1439,11,1209,2024-08-11,7,Positive,StreamMax,51
1440,8,1479,2024-10-05,6,Neutral,MobileApp,137
1441,14,161,2025-02-11,6,Neutral,TabletApp,93
1442,13,1253,2025-04-03,9,Positive,TabletApp,149
1443,3,1092,2025-01-31,8,Positive,StreamMax,31
1444,6,760,2025-02-16,7,Positive,SmartTV,20
1445,3,505,2025-01-10,10,Positive,SmartTV,75
1446,11,578,2025-03-17,10,Positive,WebBrowser,87
1447,8,797,2025-03-05,4,Negative,MobileApp,14
1448,11,1558,2024-10-19,8,Positive,MobileApp,108
1449,15,750,2025-02-25,3,Negative,TabletApp,8
1450,2,1371,2024-07-30,3,Negative,MobileApp,135
1451,7,30,2024-06-07,6,Neutral,WebBrowser,80
1452,15,152,2024-08-27,8,Positive,SmartTV,126
1453,11,500,2025-02-04,8,Positive,MobileApp,69
1454,10,1086,2024-11-26,5,Neutral,StreamMax,31
1455,2,1821,2024-07-08,10,Positive,StreamMax,147
1456,2,471,2024-12-19,5,Neutral,StreamMax,105
1457,4,895,2024-12-19,4,Negative,StreamMax,114
1458,7,1594,2025-03-13,4,Negative,MobileApp,29
1459,5,1353,2025-04-08,8,Positive,TabletApp,13
1460,15,1837,2025-02-15,4,Negative,MobileApp,93
1461,5,578,2024-07-14,8,Positive,WebBrowser,61
1462,14,448,2024-09-03,5,Neutral,SmartTV,124
1463,13,584,2025-03-05,9,Positive,TabletApp,67
1464,6,1055,2024-07-18,8,Positive,WebBrowser,140
1465,10,1741,2024-09-13,9,Positive,TabletApp,127
1466,7,307,2025-02-24,6,Neutral,WebBrowser,88
1467,3,1649,2025-03-11,6,Neutral,StreamMax,19
1468,10,685,2025-01-02,9,Positive,StreamMax,16
1469,6,899,2024-06-11,8,Positive,MobileApp,17
1470,5,827,2024-12-24,4,Negative,MobileApp,89
1471,11,440,2025-04-06,8,Positive,TabletApp,113
1472,10,677,2024-12-10,7,Positive,TabletApp,113
1473,11,1520,2025-01-14,3,Negative,WebBrowser,93
1474,4,289,2024-07-08,10,Positive,StreamMax,86
1475,8,1720,2024-11-07,4,Negative,SmartTV,13
1476,14,1681,2024-09-16,6,Neutral,StreamMax,138
1477,4,231,2024-09-08,6,Neutral,SmartTV,147
1478,13,1818,2025-02-13,5,Neutral,WebBrowser,22
1479,13,800,2024-12-30,8,Positive,MobileApp,17
1480,14,1999,2024-12-14,4,Negative,StreamMax,141
1481,10,1290,2024-06-20,10,Positive,TabletApp,83
1482,8,1687,2025-04-14,4,Negative,MobileApp,80
1483,8,1662,2025-01-29,7,Positive,StreamMax,132
1484,1,679,2024-07-12,2,Negative,SmartTV,102
1485,5,1960,2024-10-07,5,Neutral,StreamMax,103
1486,1,717,2025-03-08,4,Negative,StreamMax,18
1487,1,1299,2024-06-11,10,Positive,StreamMax,84
1488,4,1886,2024-10-31,2,Negative,TabletApp,59
1489,5,81,2024-09-19,4,Negative,TabletApp,36
1490,15,1955,2025-03-22,6,Neutral,MobileApp,25
1491,7,1335,2024-12-03,6,Neutral,WebBrowser,88
1492,11,1547,2024-12-25,10,Positive,StreamMax,46
1493,15,1053,2024-08-31,4,Negative,MobileApp,8
1494,4,1400,2025-02-03,3,Negative,WebBrowser,76
1495,13,333,2024-12-11,5,Neutral,MobileApp,62
1496,10,212,2024-08-28,6,Neutral,StreamMax,143
1497,10,437,2024-09-19,10,Positive,WebBrowser,119
1498,12,1311,2024-11-12,3,Negative,StreamMax,117
1499,3,1407,2024-12-22,8,Positive,StreamMax,80
1500,2,901,2024-12-10,8,Positive,StreamMax,21
1501,3,1750,2024-08-14,6,Neutral,TabletApp,93
1502,15,1178,2025-02-05,4,Negative,MobileApp,144
1503,2,75,2024-09-21,10,Positive,SmartTV,54
1504,10,1464,2024-11-10,4,Negative,StreamMax,99
1505,9,1209,2025-02-03,6,Neutral,WebBrowser,101
1506,14,628,2025-03-31,5,Neutral,TabletApp,81
1507,1,417,2025-01-27,10,Positive,StreamMax,78
1508,5,1507,2024-07-20,10,Positive,MobileApp,25
1509,7,732,2024-08-21,10,Positive,TabletApp,100
1510,13,654,2024-08-04,9,Positive,SmartTV,59
1511,5,479,2024-08-04,5,Neutral,TabletApp,137
1512,2,911,2024-09-04,8,Positive,MobileApp,44
1513,7,1560,2024-11-01,6,Neutral,StreamMax,114
1514,14,1127,2024-10-13,10,Positive,TabletApp,102
1515,13,1280,2024-11-12,3,Negative,SmartTV,71
1516,5,755,2024-12-07,10,Positive,SmartTV,53
1517,1,909,2024-11-08,10,Positive,TabletApp,42
1518,13,1611,2025-01-14,10,Positive,SmartTV,142
1519,14,1256,2024-07-10,3,Negative,TabletApp,16
1520,10,763,2025-03-13,4,Negative,MobileApp,30
1521,5,1430,2024-12-07,7,Positive,StreamMax,22
1522,5,1458,2024-11-01,3,Negative,TabletApp,63
1523,15,707,2025-02-05,10,Positive,MobileApp,143
1524,12,976,2024-11-14,5,Neutral,WebBrowser,30
1525,7,1141,2024-10-19,5,Neutral,WebBrowser,137
1526,10,699,2024-11-20,4,Negative,SmartTV,134
1527,3,1181,2024-08-24,5,Neutral,SmartTV,8
1528,1,749,2024-08-08,8,Positive,WebBrowser,109
1529,8,212,2025-01-12,3,Negative,WebBrowser,144
1530,4,1425,2024-07-16,6,Neutral,SmartTV,8
1531,5,1235,2024-09-02,8,Positive,MobileApp,65
1532,10,1391,2024-11-30,9,Positive,WebBrowser,86
1533,7,951,2024-06-14,8,Positive,WebBrowser,67
1534,14,1510,2025-04-14,5,Neutral,MobileApp,46
1535,1,359,2024-09-20,4,Negative,MobileApp,127
1536,4,773,2024-06-20,5,Neutral,SmartTV,133
1537,10,1507,2025-03-24,7,Positive,StreamMax,98
1538,9,98,2024-10-17,7,Positive,TabletApp,13
1539,6,27,2024-12-31,4,Negative,WebBrowser,57
1540,4,1307,2024-06-20,1,Negative,StreamMax,61
1541,4,1118,2024-07-22,6,Neutral,TabletApp,10
1542,6,715,2024-12-14,5,Neutral,TabletApp,23
1543,4,55,2025-02-21,2,Negative,MobileApp,106
1544,11,415,2024-10-21,6,Neutral,WebBrowser,84
1545,15,843,2025-01-24,7,Positive,MobileApp,79
1546,1,1372,2024-12-28,9,Positive,WebBrowser,80
1547,7,404,2024-09-18,7,Positive,WebBrowser,106
1548,1,1635,2025-04-27,10,Positive,WebBrowser,69
1549,14,475,2024-10-11,10,Positive,SmartTV,138
1550,1,1487,2025-03-08,7,Positive,WebBrowser,116
1551,3,1340,2024-12-03,8,Positive,MobileApp,95
1552,5,1075,2024-06-11,10,Positive,MobileApp,24
1553,13,590,2024-10-22,9,Positive,StreamMax,14
1554,14,1361,2025-02-27,10,Positive,StreamMax,79
1555,5,1613,2024-12-06,10,Positive,StreamMax,38
1556,4,116,2025-04-27,9,Positive,TabletApp,7
1557,9,679,2025-01-31,7,Positive,WebBrowser,12
1558,4,1886,2025-03-16,7,Positive,WebBrowser,139
1559,9,1690,2025-04-07,4,Negative,WebBrowser,62
1560,7,971,2024-12-31,7,Positive,WebBrowser,33
1561,3,923,2024-10-01,10,Positive,MobileApp,13
1562,6,649,2025-01-19,4,Negative,StreamMax,130
1563,6,2000,2024-09-11,3,Negative,WebBrowser,18
1564,7,376,2024-10-13,6,Neutral,SmartTV,35
1565,11,633,2024-09-05,7,Positive,TabletApp,36
1566,5,998,2024-06-03,6,Neutral,SmartTV,46
1567,7,462,2025-01-14,6,Neutral,TabletApp,24
1568,12,1842,2024-10-14,6,Neutral,SmartTV,8
1569,2,1020,2024-08-07,5,Neutral,StreamMax,63
1570,11,86,2024-07-19,10,Positive,WebBrowser,64
1571,9,55,2024-07-11,4,Negative,StreamMax,38
1572,8,201,2025-01-19,7,Positive,TabletApp,39
1573,6,455,2024-06-19,4,Negative,WebBrowser,85
1574,8,1383,2024-06-30,8,Positive,TabletApp,69
1575,9,806,2025-04-08,7,Positive,StreamMax,7
1576,14,215,2024-09-18,5,Neutral,StreamMax,36
1577,8,208,2025-02-22,4,Negative,MobileApp,135
1578,9,1821,2024-08-16,9,Positive,StreamMax,92
1579,9,1553,2024-08-29,8,Positive,SmartTV,94
1580,13,1623,2024-10-05,10,Positive,StreamMax,49
1581,6,1700,2025-01-29,4,Negative,SmartTV,79
1582,5,1303,2024-07-21,3,Negative,WebBrowser,87
1583,12,1170,2024-06-10,7,Positive,TabletApp,42
1584,4,1766,2024-07-06,8,Positive,MobileApp,14
1585,1,96,2025-04-22,9,Positive,SmartTV,40
1586,14,814,2024-10-09,9,Positive,WebBrowser,105
1587,3,1841,2024-06-23,10,Positive,SmartTV,1
1588,5,1390,2025-03-12,8,Positive,SmartTV,107
1589,10,1512,2024-07-02,5,Neutral,MobileApp,1
1590,9,374,2024-10-26,6,Neutral,TabletApp,6
1591,5,291,2024-11-15,10,Positive,TabletApp,126
1592,9,857,2025-02-11,3,Negative,SmartTV,44
1593,4,1719,2024-11-23,2,Negative,SmartTV,67
1594,8,1581,2025-01-23,7,Positive,SmartTV,149
1595,1,1188,2024-10-16,9,Positive,StreamMax,90
1596,14,539,2025-01-30,4,Negative,TabletApp,35
1597,6,1209,2025-03-30,4,Negative,TabletApp,18
1598,12,1900,2025-02-14,6,Neutral,WebBrowser,125
1599,5,1485,2025-04-26,10,Positive,StreamMax,108
1600,6,1548,2025-02-28,6,Neutral,StreamMax,129
1601,6,1891,2024-10-22,3,Negative,StreamMax,84
1602,6,1586,2024-09-20,10,Positive,WebBrowser,147
1603,15,157,2025-02-23,5,Neutral,StreamMax,22
1604,11,4,2025-02-07,9,Positive,StreamMax,54
1605,11,1724,2024-08-05,8,Positive,StreamMax,73
1606,8,347,2024-08-23,10,Positive,TabletApp,120
1607,6,1273,2024-12-20,10,Positive,MobileApp,47
1608,15,1357,2024-12-06,4,Negative,TabletApp,60
1609,10,884,2024-10-24,8,Positive,StreamMax,148
1610,2,480,2025-03-24,6,Neutral,MobileApp,97
1611,5,809,2025-02-28,5,Neutral,WebBrowser,3
1612,5,470,2025-04-13,5,Neutral,TabletApp,150
1613,13,568,2024-10-05,4,Negative,SmartTV,134
1614,1,691,2024-10-11,9,Positive,SmartTV,30
1615,6,675,2025-02-21,9,Positive,SmartTV,57
1616,9,581,2024-07-07,6,Neutral,StreamMax,92
1617,6,1946,2024-06-20,7,Positive,TabletApp,118
1618,15,869,2025-02-06,7,Positive,SmartTV,91
1619,10,330,2025-01-24,3,Negative,StreamMax,34
1620,5,807,2024-08-12,8,Positive,MobileApp,86
1621,10,860,2024-10-03,5,Neutral,SmartTV,125
1622,2,676,2024-07-08,8,Positive,MobileApp,69
1623,13,192,2025-02-16,8,Positive,StreamMax,124
1624,7,1661,2025-02-09,4,Negative,WebBrowser,106
1625,9,123,2024-06-10,6,Neutral,MobileApp,87
1626,15,257,2024-08-14,3,Negative,WebBrowser,104
1627,5,1280,2025-02-16,10,Positive,WebBrowser,78
1628,10,621,2025-01-04,5,Neutral,SmartTV,107
1629,5,852,2024-06-25,8,Positive,StreamMax,17
1630,6,1114,2024-07-25,8,Positive,SmartTV,81
1631,7,83,2025-01-31,3,Negative,TabletApp,3
1632,7,1276,2025-03-18,9,Positive,WebBrowser,91
1633,8,1697,2025-03-23,5,Neutral,SmartTV,27
1634,4,1214,2024-07-14,3,Negative,WebBrowser,137
1635,6,1112,2025-03-04,6,Neutral,MobileApp,128
1636,1,199,2024-10-07,8,Positive,StreamMax,111
1637,9,1317,2024-12-03,6,Neutral,TabletApp,136
1638,4,920,2025-01-09,9,Positive,MobileApp,104
1639,13,335,2024-10-01,10,Positive,SmartTV,54
1640,2,320,2024-07-09,10,Positive,MobileApp,18
1641,2,921,2025-01-15,3,Negative,StreamMax,20
1642,4,128,2024-07-05,6,Neutral,MobileApp,64
1643,15,295,2024-10-07,9,Positive,TabletApp,65
1644,7,380,2025-04-20,3,Negative,MobileApp,128
1645,13,523,2024-11-10,5,Neutral,MobileApp,34
1646,4,1935,2025-03-15,7,Positive,WebBrowser,2
1647,15,1319,2024-06-28,9,Positive,SmartTV,90
1648,6,1447,2024-09-11,8,Positive,WebBrowser,79
1649,9,1916,2025-01-10,6,Neutral,TabletApp,147
1650,4,1603,2025-01-04,1,Negative,TabletApp,130
1651,3,890,2025-02-20,4,Negative,StreamMax,136
1652,2,769,2024-11-14,7,Positive,TabletApp,18
1653,1,1532,2025-01-25,4,Negative,TabletApp,43
1654,12,304,2025-03-25,5,Neutral,WebBrowser,48
1655,8,891,2025-02-05,6,Neutral,SmartTV,59
1656,11,792,2024-11-13,9,Positive,StreamMax,47
1657,13,758,2024-06-20,5,Neutral,WebBrowser,107
1658,9,526,2024-12-06,7,Positive,WebBrowser,63
1659,11,620,2024-10-25,7,Positive,MobileApp,24
1660,14,1469,2024-12-21,6,Neutral,WebBrowser,31
1661,15,219,2025-02-12,5,Neutral,MobileApp,97
1662,7,1696,2024-12-15,9,Positive,StreamMax,108
1663,15,1479,2025-03-30,6,Neutral,StreamMax,24
1664,5,1652,2024-06-06,10,Positive,WebBrowser,136
1665,9,95,2024-09-20,4,Negative,MobileApp,10
1666,13,1838,2025-01-17,6,Neutral,SmartTV,50
1667,6,1275,2024-10-22,6,Neutral,TabletApp,35
1668,11,816,2024-12-23,7,Positive,WebBrowser,143
1669,8,1313,2024-08-06,5,Neutral,TabletApp,117
1670,8,245,2025-03-14,7,Positive,MobileApp,88
1671,3,1283,2024-10-17,8,Positive,MobileApp,81
1672,9,1187,2025-04-03,5,Neutral,TabletApp,24
1673,1,1947,2025-04-09,10,Positive,MobileApp,119
1674,14,259,2025-02-23,4,Negative,StreamMax,71
1675,6,170,2025-02-11,8,Positive,MobileApp,63
1676,6,1408,2025-02-04,6,Neutral,StreamMax,64
1677,14,646,2024-08-23,7,Positive,SmartTV,50
1678,11,1074,2024-10-28,5,Neutral,TabletApp,126
1679,15,1434,2025-04-22,7,Positive,MobileApp,150
1680,9,1745,2024-10-22,7,Positive,WebBrowser,70
1681,4,1856,2024-08-17,9,Positive,SmartTV,91
1682,3,1998,2024-07-02,8,Positive,WebBrowser,6
1683,13,1204,2025-02-03,8,Positive,TabletApp,45
1684,15,1660,2024-07-25,6,Neutral,MobileApp,47
1685,2,643,2024-08-11,8,Positive,WebBrowser,60
1686,7,153,2025-03-22,4,Negative,SmartTV,106
1687,10,694,2025-03-21,4,Negative,SmartTV,144
1688,2,1365,2024-06-07,7,Positive,TabletApp,89
1689,3,66,2024-10-27,10,Positive,SmartTV,128
1690,5,1110,2024-12-29,5,Neutral,MobileApp,99
1691,1,439,2024-06-23,10,Positive,SmartTV,116
1692,6,1040,2025-04-01,6,Neutral,TabletApp,8
1693,5,867,2024-08-08,9,Positive,WebBrowser,17
1694,8,1323,2025-03-14,10,Positive,WebBrowser,12
1695,4,1003,2024-12-26,6,Neutral,SmartTV,73
1696,3,1336,2025-02-05,6,Neutral,WebBrowser,112
1697,10,918,2025-01-05,6,Neutral,StreamMax,64
1698,11,1044,2024-08-18,9,Positive,MobileApp,53
1699,15,574,2024-08-08,4,Negative,SmartTV,41
1700,11,1350,2025-03-05,7,Positive,MobileApp,89
1701,2,658,2025-04-11,4,Negative,TabletApp,79
1702,5,1187,2024-11-20,7,Positive,MobileApp,59
1703,5,1574,2024-12-27,10,Positive,SmartTV,130
1704,6,137,2024-10-20,3,Negative,StreamMax,51
1705,5,118,2025-04-26,3,Negative,WebBrowser,29
1706,9,844,2025-01-04,8,Positive,SmartTV,104
1707,9,81,2025-01-18,7,Positive,SmartTV,27
1708,1,1059,2024-11-18,8,Positive,WebBrowser,73
1709,14,750,2025-04-11,10,Positive,SmartTV,12
1710,5,317,2024-11-25,6,Neutral,MobileApp,109
1711,1,1541,2024-09-09,6,Neutral,SmartTV,35
1712,4,350,2024-09-10,8,Positive,StreamMax,97
1713,8,1865,2024-09-22,8,Positive,SmartTV,65
1714,7,25,2024-09-15,5,Neutral,MobileApp,31
1715,11,1584,2024-07-19,3,Negative,WebBrowser,102
1716,7,1177,2024-12-08,9,Positive,WebBrowser,104
1717,5,1672,2025-03-24,10,Positive,StreamMax,4
1718,13,723,2024-08-03,5,Neutral,StreamMax,94
1719,7,273,2024-11-29,6,Neutral,SmartTV,39
1720,10,381,2024-11-21,6,Neutral,TabletApp,70
1721,6,157,2024-09-08,8,Positive,StreamMax,1
1722,12,756,2025-02-05,7,Positive,MobileApp,35
1723,10,257,2024-11-11,9,Positive,StreamMax,10
1724,13,773,2024-07-30,9,Positive,MobileApp,19
1725,3,1162,2024-12-21,3,Negative,WebBrowser,106
1726,14,315,2024-09-19,6,Neutral,StreamMax,69
1727,12,93,2025-04-29,7,Positive,TabletApp,145
1728,8,923,2024-10-15,10,Positive,WebBrowser,125
1729,15,1715,2024-06-06,6,Neutral,TabletApp,106
1730,2,1795,2024-08-01,6,Neutral,WebBrowser,129
1731,14,1122,2024-10-05,4,Negative,MobileApp,111
1732,14,1158,2025-04-14,9,Positive,SmartTV,89
1733,14,1281,2024-11-04,9,Positive,TabletApp,146
1734,8,273,2024-09-05,3,Negative,TabletApp,110
1735,12,495,2025-01-24,8,Positive,MobileApp,37
1736,14,1841,2025-03-12,4,Negative,SmartTV,82
1737,13,402,2025-03-17,9,Positive,SmartTV,80
1738,5,1166,2025-02-25,5,Neutral,WebBrowser,89
1739,9,874,2025-01-19,5,Neutral,WebBrowser,129
1740,8,608,2025-03-18,10,Positive,WebBrowser,85
1741,6,1928,2025-01-09,10,Positive,SmartTV,85
1742,15,218,2024-11-16,7,Positive,StreamMax,147
1743,12,254,2024-09-17,9,Positive,MobileApp,77
1744,11,1927,2025-03-10,6,Neutral,SmartTV,62
1745,6,73,2024-11-11,3,Negative,SmartTV,70
1746,10,1544,2025-04-22,9,Positive,MobileApp,74
1747,2,577,2025-01-06,10,Positive,StreamMax,112
1748,7,1927,2024-09-07,9,Positive,StreamMax,45
1749,6,394,2024-11-29,3,Negative,TabletApp,100
1750,11,253,2025-03-23,9,Positive,SmartTV,20
1751,1,1773,2024-07-12,9,Positive,SmartTV,120
1752,9,1453,2024-08-31,3,Negative,TabletApp,134
1753,2,1452,2025-02-17,4,Negative,MobileApp,108
1754,12,560,2024-09-10,6,Neutral,WebBrowser,49
1755,10,1579,2024-12-29,6,Neutral,SmartTV,137
1756,10,525,2024-09-26,3,Negative,WebBrowser,57
1757,7,1814,2025-03-24,10,Positive,StreamMax,132
1758,15,218,2024-07-22,7,Positive,StreamMax,7
1759,2,1471,2025-04-27,8,Positive,TabletApp,68
1760,12,1857,2025-02-05,7,Positive,WebBrowser,149
1761,15,1767,2025-04-04,5,Neutral,WebBrowser,147
1762,1,1805,2024-11-21,8,Positive,TabletApp,117
1763,11,1640,2024-07-10,9,Positive,TabletApp,21
1764,15,1560,2024-10-28,8,Positive,WebBrowser,58
1765,12,1552,2025-04-05,5,Neutral,MobileApp,44
1766,13,1063,2025-02-24,8,Positive,SmartTV,121
1767,13,67,2025-02-06,9,Positive,TabletApp,137
1768,12,912,2024-10-30,6,Neutral,SmartTV,144
1769,8,787,2025-02-15,7,Positive,MobileApp,62
1770,13,1551,2024-12-14,6,Neutral,TabletApp,40
1771,9,176,2024-06-11,4,Negative,StreamMax,83
1772,12,568,2025-01-28,5,Neutral,SmartTV,18
1773,5,1086,2025-03-16,4,Negative,StreamMax,21
1774,8,1883,2024-09-15,5,Neutral,TabletApp,74
1775,1,327,2024-07-18,10,Positive,TabletApp,55
1776,14,1799,2024-11-17,6,Neutral,TabletApp,111
1777,2,145,2024-11-29,10,Positive,MobileApp,104
1778,4,1327,2025-04-02,7,Positive,TabletApp,69
1779,10,738,2024-08-12,5,Neutral,MobileApp,27
1780,1,1534,2024-06-11,10,Positive,WebBrowser,136
1781,11,417,2024-08-26,7,Positive,StreamMax,103
1782,8,1783,2024-06-17,3,Negative,SmartTV,15
1783,1,1345,2025-03-22,8,Positive,WebBrowser,8
1784,11,904,2025-02-25,10,Positive,SmartTV,143
1785,13,649,2024-09-08,10,Positive,MobileApp,68
1786,7,1377,2025-02-05,10,Positive,StreamMax,78
1787,12,1155,2025-02-14,10,Positive,StreamMax,134
1788,4,1521,2025-03-10,6,Neutral,TabletApp,34
1789,1,1890,2025-04-05,9,Positive,WebBrowser,63
1790,1,965,2024-12-15,7,Positive,SmartTV,117
1791,5,1597,2025-03-03,8,Positive,StreamMax,51
1792,4,1469,2025-01-13,4,Negative,MobileApp,116
1793,4,1892,2024-10-13,3,Negative,WebBrowser,70
1794,7,369,2024-06-21,4,Negative,StreamMax,53
1795,3,1233,2024-10-07,3,Negative,SmartTV,105
1796,8,116,2024-06-25,8,Positive,MobileApp,135
1797,9,395,2024-10-09,1,Negative,SmartTV,75
1798,13,889,2024-10-26,4,Negative,MobileApp,82
1799,7,1690,2024-09-05,10,Positive,WebBrowser,1
1800,2,766,2025-02-21,6,Neutral,MobileApp,99
1801,12,1960,2024-06-29,6,Neutral,WebBrowser,3
1802,5,743,2024-06-28,4,Negative,StreamMax,37
1803,14,1974,2024-07-10,7,Positive,MobileApp,94
1804,15,812,2025-04-10,1,Negative,StreamMax,19
1805,10,1983,2024-10-02,4,Negative,WebBrowser,1
1806,9,1701,2024-08-19,2,Negative,WebBrowser,37
1807,8,1293,2024-06-11,6,Neutral,StreamMax,102
1808,7,511,2025-02-20,10,Positive,MobileApp,32
1809,13,1516,2025-04-17,8,Positive,MobileApp,7
1810,6,660,2024-08-14,8,Positive,TabletApp,77
1811,1,1698,2024-11-18,10,Positive,TabletApp,72
1812,1,387,2025-01-30,7,Positive,MobileApp,19
1813,8,46,2024-10-04,9,Positive,WebBrowser,77
1814,9,248,2024-07-26,7,Positive,TabletApp,3
1815,4,1062,2024-06-10,1,Negative,MobileApp,55
1816,10,429,2024-12-03,5,Neutral,WebBrowser,4
1817,4,844,2025-02-13,4,Negative,MobileApp,94
1818,6,1458,2025-02-18,4,Negative,TabletApp,139
1819,6,1222,2025-04-16,6,Neutral,MobileApp,58
1820,4,984,2024-07-28,7,Positive,WebBrowser,66
1821,4,679,2024-07-09,6,Neutral,MobileApp,119
1822,3,1997,2024-06-20,4,Negative,StreamMax,62
1823,10,512,2025-04-29,8,Positive,TabletApp,70
1824,13,613,2024-08-27,9,Positive,StreamMax,43
1825,12,1107,2024-10-13,3,Negative,MobileApp,16
1826,13,525,2025-02-23,6,Neutral,MobileApp,92
1827,1,1642,2024-06-17,7,Positive,WebBrowser,92
1828,13,627,2024-10-02,7,Positive,WebBrowser,5
1829,1,293,2024-09-29,10,Positive,WebBrowser,63
1830,4,1630,2024-09-22,7,Positive,StreamMax,5
1831,1,357,2024-12-03,10,Positive,WebBrowser,128
1832,15,1525,2024-11-05,2,Negative,MobileApp,74
1833,10,434,2024-08-30,9,Positive,MobileApp,51
1834,7,1810,2024-10-31,6,Neutral,TabletApp,87
1835,3,419,2024-10-16,5,Neutral,TabletApp,57
1836,7,1292,2024-09-01,10,Positive,TabletApp,91
1837,9,1201,2024-12-04,7,Positive,WebBrowser,42
1838,6,1312,2025-04-14,5,Neutral,SmartTV,44
1839,12,796,2025-04-16,9,Positive,MobileApp,69
1840,9,1896,2024-08-17,2,Negative,StreamMax,20
1841,1,441,2024-07-23,9,Positive,SmartTV,112
1842,1,1919,2024-09-02,8,Positive,StreamMax,57
1843,8,54,2025-03-03,5,Neutral,StreamMax,107
1844,4,763,2025-03-24,2,Negative,StreamMax,133
1845,15,1084,2024-07-25,10,Positive,StreamMax,130
1846,6,508,2025-01-02,9,Positive,WebBrowser,60
1847,1,1701,2025-01-26,2,Negative,TabletApp,44
1848,8,595,2025-04-10,6,Neutral,MobileApp,20
1849,2,331,2024-06-05,4,Negative,MobileApp,124
1850,2,110,2025-01-17,8,Positive,SmartTV,53
1851,3,403,2024-06-05,4,Negative,TabletApp,131
1852,1,376,2025-01-15,9,Positive,MobileApp,65
1853,8,1176,2024-11-14,6,Neutral,MobileApp,62
1854,2,1482,2025-01-11,9,Positive,WebBrowser,26
1855,3,1204,2024-07-12,9,Positive,WebBrowser,138
1856,7,389,2024-10-04,9,Positive,WebBrowser,84
1857,11,135,2024-08-09,5,Neutral,SmartTV,50
1858,3,1219,2024-08-03,7,Positive,TabletApp,60
1859,12,1870,2025-04-10,7,Positive,WebBrowser,132
1860,5,1136,2024-06-23,10,Positive,TabletApp,103
1861,3,1137,2025-02-06,6,Neutral,TabletApp,80
1862,1,924,2025-02-14,9,Positive,StreamMax,126
1863,9,1162,2024-12-29,4,Negative,MobileApp,98
1864,4,1103,2024-11-06,6,Neutral,StreamMax,110
1865,11,8,2025-04-20,9,Positive,TabletApp,4
1866,15,1045,2024-09-30,6,Neutral,TabletApp,67
1867,12,150,2025-03-30,4,Negative,TabletApp,23
1868,13,1640,2024-08-18,9,Positive,SmartTV,11
1869,4,489,2025-03-23,4,Negative,StreamMax,66
1870,10,620,2024-09-13,4,Negative,WebBrowser,5
1871,5,1371,2025-03-14,3,Negative,SmartTV,33
1872,7,1416,2025-02-28,10,Positive,StreamMax,73
1873,11,560,2025-04-30,3,Negative,StreamMax,11
1874,3,1991,2025-04-15,5,Neutral,WebBrowser,18
1875,11,1185,2025-01-26,6,Neutral,MobileApp,17
1876,12,1586,2024-10-14,7,Positive,WebBrowser,55
1877,7,1204,2024-12-20,3,Negative,SmartTV,47
1878,8,1554,2025-04-12,5,Neutral,TabletApp,82
1879,13,1326,2024-06-26,4,Negative,TabletApp,8
1880,8,1426,2024-12-08,9,Positive,MobileApp,102
1881,5,1067,2024-07-10,7,Positive,WebBrowser,54
1882,10,718,2025-03-27,6,Neutral,MobileApp,23
1883,11,709,2024-07-23,8,Positive,MobileApp,22
1884,12,579,2025-01-16,4,Negative,TabletApp,120
1885,3,388,2025-01-12,6,Neutral,SmartTV,115
1886,6,1857,2024-08-13,7,Positive,MobileApp,138
1887,13,710,2024-08-25,4,Negative,TabletApp,132
1888,11,1069,2024-09-16,9,Positive,StreamMax,138
1889,4,1889,2024-09-20,4,Negative,SmartTV,147
1890,3,1255,2024-09-21,10,Positive,MobileApp,123
1891,13,477,2024-09-09,7,Positive,WebBrowser,111
1892,10,454,2025-03-01,3,Negative,WebBrowser,97
1893,14,1572,2024-10-26,3,Negative,TabletApp,86
1894,5,1051,2024-12-21,5,Neutral,SmartTV,13
1895,5,143,2025-01-26,6,Neutral,TabletApp,12
1896,11,69,2025-03-16,5,Neutral,MobileApp,140
1897,5,1474,2025-03-19,10,Positive,SmartTV,98
1898,1,708,2024-12-25,10,Positive,WebBrowser,55
1899,8,1427,2025-01-12,5,Neutral,SmartTV,51
1900,6,1396,2024-08-08,4,Negative,SmartTV,69
1901,12,10,2025-04-25,6,Neutral,TabletApp,55
1902,2,562,2024-06-03,9,Positive,TabletApp,79
1903,1,945,2024-11-05,8,Positive,TabletApp,24
1904,5,1609,2024-10-02,4,Negative,SmartTV,150
1905,4,1836,2024-10-29,6,Neutral,SmartTV,98
1906,15,1306,2024-12-06,4,Negative,StreamMax,17
1907,15,452,2025-01-31,8,Positive,TabletApp,66
1908,6,434,2025-04-28,10,Positive,MobileApp,44
1909,14,1346,2024-08-02,3,Negative,StreamMax,60
1910,5,955,2025-02-02,6,Neutral,SmartTV,121
1911,15,821,2024-12-05,2,Negative,WebBrowser,141
1912,8,393,2024-09-21,5,Neutral,SmartTV,149
1913,9,1475,2025-02-06,7,Positive,WebBrowser,67
1914,4,69,2024-12-30,1,Negative,StreamMax,18
1915,11,18,2024-09-01,10,Positive,WebBrowser,54
1916,15,1483,2024-10-17,9,Positive,WebBrowser,93
1917,8,636,2025-04-02,8,Positive,MobileApp,21
1918,9,700,2024-12-03,3,Negative,MobileApp,116
1919,10,810,2024-07-18,7,Positive,TabletApp,46
1920,2,158,2025-01-23,6,Neutral,SmartTV,51
1921,11,1964,2024-07-28,3,Negative,WebBrowser,27
1922,3,1431,2024-12-06,6,Neutral,StreamMax,4
1923,8,1990,2024-06-05,8,Positive,TabletApp,99
1924,1,1548,2025-03-12,7,Positive,TabletApp,130
1925,12,1410,2024-07-09,9,Positive,MobileApp,135
1926,13,1197,2025-03-09,6,Neutral,TabletApp,27
1927,13,1124,2024-07-10,8,Positive,MobileApp,65
1928,9,544,2025-02-18,4,Negative,TabletApp,72
1929,10,406,2024-06-17,3,Negative,SmartTV,8
1930,13,1449,2024-11-12,6,Neutral,TabletApp,104
1931,12,7,2025-04-26,8,Positive,TabletApp,81
1932,1,1152,2024-10-10,8,Positive,SmartTV,83
1933,9,1136,2025-04-03,5,Neutral,WebBrowser,132
1934,11,149,2025-01-21,4,Negative,TabletApp,3
1935,8,983,2024-07-14,7,Positive,WebBrowser,69
1936,12,1323,2024-12-19,9,Positive,WebBrowser,111
1937,11,1303,2024-06-28,6,Neutral,StreamMax,1
1938,7,1144,2024-08-23,6,Neutral,StreamMax,40
1939,6,715,2024-12-23,7,Positive,TabletApp,49
1940,9,653,2024-11-01,6,Neutral,SmartTV,112
1941,15,1767,2024-07-21,2,Negative,SmartTV,39
1942,11,1671,2025-04-25,8,Positive,SmartTV,69
1943,10,1625,2024-10-02,5,Neutral,StreamMax,22
1944,4,694,2024-12-07,4,Negative,TabletApp,127
1945,11,1004,2025-02-22,8,Positive,TabletApp,104
1946,9,609,2024-10-10,8,Positive,WebBrowser,38
1947,1,629,2025-03-17,8,Positive,WebBrowser,4
1948,7,309,2024-07-28,9,Positive,SmartTV,106
1949,10,367,2024-07-29,5,Neutral,SmartTV,75
1950,14,908,2025-02-12,8,Positive,SmartTV,132
1951,15,796,2024-06-17,7,Positive,MobileApp,89
1952,5,1289,2024-08-13,3,Negative,TabletApp,0
1953,12,1649,2024-12-20,4,Negative,TabletApp,85
1954,11,1202,2025-04-04,5,Neutral,StreamMax,74
1955,3,1013,2025-04-30,5,Neutral,TabletApp,126
1956,11,437,2024-06-28,5,Neutral,StreamMax,121
1957,4,692,2024-09-30,7,Positive,StreamMax,64
1958,14,1426,2024-07-27,9,Positive,TabletApp,18
1959,1,1368,2025-02-05,10,Positive,WebBrowser,113
1960,8,1290,2024-10-25,6,Neutral,MobileApp,109
1961,12,1605,2025-04-18,3,Negative,MobileApp,102
1962,6,865,2024-07-04,7,Positive,TabletApp,60
1963,12,512,2025-01-24,9,Positive,WebBrowser,105
1964,13,1597,2024-09-06,10,Positive,SmartTV,97
1965,4,230,2024-12-28,6,Neutral,WebBrowser,35
1966,7,271,2024-10-02,9,Positive,SmartTV,31
1967,6,1437,2025-01-08,3,Negative,SmartTV,97
1968,12,395,2024-09-12,3,Negative,MobileApp,140
1969,8,1335,2024-11-21,4,Negative,SmartTV,95
1970,13,1901,2024-12-23,4,Negative,SmartTV,8
1971,8,968,2025-02-20,10,Positive,StreamMax,107
1972,11,489,2024-09-08,5,Neutral,WebBrowser,79
1973,8,350,2024-11-26,8,Positive,WebBrowser,33
1974,9,764,2025-03-19,8,Positive,WebBrowser,59
1975,13,1583,2024-09-06,7,Positive,TabletApp,44
1976,1,318,2025-01-24,10,Positive,SmartTV,102
1977,6,1285,2024-08-14,5,Neutral,WebBrowser,35
1978,3,825,2025-04-15,8,Positive,TabletApp,34
1979,4,1567,2025-02-15,7,Positive,TabletApp,75
1980,3,995,2025-02-15,10,Positive,SmartTV,146
1981,1,299,2024-11-17,2,Negative,MobileApp,98
1982,1,360,2024-12-10,8,Positive,MobileApp,0
1983,7,1993,2025-01-26,10,Positive,StreamMax,9
1984,3,1330,2024-07-31,3,Negative,StreamMax,51
1985,5,828,2024-06-11,4,Negative,WebBrowser,149
1986,15,1186,2025-02-14,2,Negative,SmartTV,20
1987,8,286,2024-12-30,8,Positive,MobileApp,142
1988,15,1954,2024-06-18,5,Neutral,WebBrowser,52
1989,14,51,2024-12-29,10,Positive,TabletApp,84
1990,3,692,2025-01-15,9,Positive,WebBrowser,129
1991,2,1104,2025-01-07,6,Neutral,StreamMax,33
1992,10,1485,2024-06-20,4,Negative,TabletApp,130
1993,13,1481,2024-12-23,3,Negative,TabletApp,133
1994,14,1771,2024-10-15,9,Positive,StreamMax,39
1995,15,445,2024-11-08,3,Negative,StreamMax,56
1996,5,178,2024-06-18,3,Negative,WebBrowser,53
1997,1,1204,2025-03-09,5,Neutral,TabletApp,108
1998,2,315,2025-04-17,4,Negative,SmartTV,101
1999,11,1054,2024-12-31,8,Positive,SmartTV,76
2000,8,1550,2024-07-07,4,Negative,WebBrowser,56
2001,10,366,2024-12-31,8,Positive,WebBrowser,129
2002,1,791,2024-11-23,8,Positive,WebBrowser,13
2003,8,298,2025-01-07,4,Negative,StreamMax,42
2004,3,738,2024-06-15,4,Negative,SmartTV,91
2005,15,1801,2025-01-31,7,Positive,TabletApp,84
2006,1,246,2025-01-14,10,Positive,MobileApp,63
2007,10,994,2024-06-01,3,Negative,MobileApp,115
2008,12,928,2024-10-07,7,Positive,SmartTV,30
2009,11,841,2024-10-08,4,Negative,MobileApp,74
2010,2,1893,2024-09-02,9,Positive,StreamMax,36
2011,9,1155,2024-11-09,5,Neutral,StreamMax,64
2012,7,495,2024-06-18,3,Negative,MobileApp,37
2013,2,395,2025-03-02,4,Negative,MobileApp,13
2014,4,295,2024-10-23,7,Positive,WebBrowser,125
2015,11,1754,2025-02-27,10,Positive,TabletApp,30
2016,6,1211,2024-07-18,4,Negative,StreamMax,113
2017,9,1912,2025-03-18,1,Negative,SmartTV,83
2018,6,1922,2025-02-15,9,Positive,TabletApp,19
2019,3,1836,2025-02-12,7,Positive,MobileApp,68
2020,15,211,2024-06-15,5,Neutral,SmartTV,58
2021,5,201,2025-04-15,7,Positive,WebBrowser,123
2022,12,469,2024-08-04,6,Neutral,WebBrowser,21
2023,9,1970,2025-03-31,6,Neutral,TabletApp,111
2024,6,1715,2024-11-30,5,Neutral,StreamMax,4
2025,14,83,2024-09-28,7,Positive,StreamMax,108
2026,15,1075,2024-08-28,8,Positive,TabletApp,20
2027,13,869,2025-02-23,5,Neutral,MobileApp,139
2028,10,580,2025-04-23,7,Positive,StreamMax,118
2029,2,1708,2024-10-08,8,Positive,WebBrowser,71
2030,13,1235,2024-10-10,6,Neutral,MobileApp,142
2031,6,318,2024-06-05,5,Neutral,WebBrowser,52
2032,15,1270,2024-12-11,2,Negative,SmartTV,140
2033,15,1674,2025-03-10,9,Positive,StreamMax,25
2034,7,1172,2025-02-14,8,Positive,SmartTV,59
2035,8,26,2025-01-07,10,Positive,MobileApp,35
2036,15,1366,2024-09-15,4,Negative,StreamMax,50
2037,12,426,2024-06-25,6,Neutral,TabletApp,143
2038,2,148,2024-08-05,4,Negative,TabletApp,143
2039,8,618,2025-01-24,6,Neutral,StreamMax,8
2040,12,607,2024-12-05,9,Positive,TabletApp,51
2041,5,107,2024-06-27,3,Negative,TabletApp,56
2042,7,1808,2025-03-24,3,Negative,WebBrowser,86
2043,15,1577,2024-10-06,4,Negative,MobileApp,75
2044,3,1085,2024-09-20,5,Neutral,StreamMax,21
2045,15,1302,2024-10-08,7,Positive,TabletApp,90
2046,1,1124,2024-12-28,8,Positive,StreamMax,47
2047,12,1801,2025-02-13,7,Positive,TabletApp,102
2048,15,167,2024-10-24,6,Neutral,TabletApp,69
2049,13,725,2024-10-23,7,Positive,StreamMax,45
2050,8,55,2025-01-16,7,Positive,TabletApp,135
2051,2,193,2025-04-14,3,Negative,MobileApp,71
2052,10,142,2024-06-29,5,Neutral,MobileApp,147
2053,8,31,2025-01-26,4,Negative,SmartTV,95
2054,11,1947,2024-09-07,9,Positive,MobileApp,61
2055,11,190,2025-03-08,10,Positive,StreamMax,25
2056,6,132,2024-08-01,5,Neutral,TabletApp,124
2057,12,1071,2024-08-31,7,Positive,StreamMax,37
2058,15,41,2025-02-20,8,Positive,MobileApp,6
2059,8,1458,2024-10-24,10,Positive,MobileApp,22
2060,9,747,2025-01-20,2,Negative,SmartTV,54
2061,1,1119,2025-03-31,10,Positive,TabletApp,52
2062,15,1232,2024-07-18,6,Neutral,WebBrowser,91
2063,4,797,2024-09-09,5,Neutral,StreamMax,70
2064,3,718,2025-02-26,10,Positive,WebBrowser,94
2065,9,1160,2024-08-20,3,Negative,MobileApp,106
2066,2,236,2024-09-28,5,Neutral,MobileApp,75
2067,2,1647,2024-08-17,3,Negative,SmartTV,144
2068,12,768,2024-12-17,8,Positive,SmartTV,18
2069,7,1010,2024-09-28,3,Negative,MobileApp,103
2070,2,199,2024-09-04,5,Neutral,WebBrowser,101
2071,7,905,2024-10-15,10,Positive,MobileApp,49
2072,10,1697,2024-10-28,3,Negative,SmartTV,28
2073,3,1352,2024-06-12,6,Neutral,WebBrowser,137
2074,11,389,2024-07-10,8,Positive,TabletApp,83
2075,4,720,2024-11-20,6,Neutral,WebBrowser,7
2076,13,1441,2024-10-19,9,Positive,WebBrowser,87
2077,5,1775,2024-08-28,9,Positive,WebBrowser,54
2078,2,1933,2024-08-29,10,Positive,StreamMax,41
2079,4,394,2025-02-10,9,Positive,StreamMax,116
2080,5,1677,2025-01-09,7,Positive,WebBrowser,45
2081,7,1957,2024-08-01,8,Positive,SmartTV,70
2082,11,1884,2025-03-01,8,Positive,StreamMax,61
2083,8,528,2024-10-09,6,Neutral,TabletApp,88
2084,7,1129,2024-12-03,6,Neutral,WebBrowser,41
2085,13,755,2024-06-15,4,Negative,SmartTV,121
2086,4,56,2025-02-02,3,Negative,StreamMax,94
2087,11,1128,2024-10-03,8,Positive,WebBrowser,116
2088,8,517,2024-09-26,7,Positive,StreamMax,95
2089,10,1307,2025-03-14,8,Positive,TabletApp,87
2090,15,952,2024-10-17,6,Neutral,TabletApp,13
2091,14,34,2024-09-07,4,Negative,WebBrowser,43
2092,2,388,2024-12-28,3,Negative,SmartTV,6
2093,13,80,2024-11-30,10,Positive,TabletApp,58
2094,13,1556,2025-01-26,8,Positive,WebBrowser,78
2095,10,146,2024-07-20,6,Neutral,StreamMax,66
2096,3,632,2024-11-15,4,Negative,WebBrowser,46
2097,9,1940,2024-11-04,4,Negative,TabletApp,53
2098,12,230,2024-08-12,10,Positive,WebBrowser,119
2099,13,1944,2024-12-11,4,Negative,SmartTV,44
2100,5,397,2024-12-09,10,Positive,TabletApp,49
2101,11,268,2025-01-24,6,Neutral,SmartTV,76
2102,9,974,2024-07-29,5,Neutral,StreamMax,38
2103,3,1037,2024-09-14,4,Negative,SmartTV,46
2104,11,480,2024-09-10,4,Negative,MobileApp,125
2105,6,1123,2025-01-11,4,Negative,TabletApp,61
2106,13,449,2024-06-08,5,Neutral,WebBrowser,33
2107,1,1074,2024-07-07,6,Neutral,StreamMax,113
2108,2,330,2024-10-25,7,Positive,TabletApp,118
2109,15,1554,2025-03-11,3,Negative,MobileApp,30
2110,11,237,2024-11-06,5,Neutral,MobileApp,121
2111,14,1619,2025-02-02,4,Negative,MobileApp,35
2112,12,503,2024-11-09,10,Positive,TabletApp,107
2113,2,1794,2025-04-05,4,Negative,WebBrowser,98
2114,11,1243,2025-04-10,10,Positive,TabletApp,4
2115,13,1239,2024-11-01,5,Neutral,MobileApp,40
2116,9,1464,2024-11-14,3,Negative,StreamMax,104
2117,13,1890,2024-12-05,6,Neutral,StreamMax,46
2118,7,692,2025-01-16,7,Positive,TabletApp,73
2119,9,399,2024-08-29,8,Positive,SmartTV,10
2120,6,1355,2024-06-21,5,Neutral,TabletApp,60
2121,9,702,2024-12-05,5,Neutral,SmartTV,63
2122,5,1208,2024-06-15,7,Positive,MobileApp,135
2123,5,1589,2025-04-08,3,Negative,WebBrowser,67
2124,14,506,2025-03-27,5,Neutral,MobileApp,123
2125,8,1392,2024-08-10,6,Neutral,StreamMax,55
2126,5,904,2024-07-18,5,Neutral,SmartTV,108
2127,9,1976,2024-09-08,4,Negative,StreamMax,24
2128,7,1094,2024-06-01,9,Positive,StreamMax,59
2129,7,209,2025-01-03,8,Positive,TabletApp,34
2130,6,1328,2024-09-28,9,Positive,StreamMax,75
2131,5,454,2024-10-20,10,Positive,StreamMax,108
2132,2,1048,2024-08-23,6,Neutral,WebBrowser,142
2133,8,1612,2025-02-18,4,Negative,WebBrowser,63
2134,2,1028,2025-02-28,3,Negative,MobileApp,150
2135,7,1141,2025-01-10,5,Neutral,TabletApp,143
2136,11,968,2025-04-09,9,Positive,MobileApp,1
2137,12,1352,2025-02-03,9,Positive,StreamMax,149
2138,8,1641,2025-03-16,7,Positive,SmartTV,47
2139,2,148,2024-06-09,3,Negative,TabletApp,100
2140,8,1608,2025-03-27,5,Neutral,StreamMax,67
2141,3,1891,2024-10-01,9,Positive,WebBrowser,75
2142,3,1076,2025-01-22,6,Neutral,StreamMax,114
2143,15,811,2024-10-13,9,Positive,WebBrowser,36
2144,6,1640,2024-08-30,3,Negative,MobileApp,115
2145,3,5,2025-02-27,6,Neutral,SmartTV,14
2146,6,19,2025-03-05,4,Negative,StreamMax,136
2147,13,326,2024-09-04,10,Positive,SmartTV,53
2148,12,678,2024-12-04,8,Positive,SmartTV,65
2149,11,621,2024-12-22,9,Positive,WebBrowser,68
2150,13,1000,2024-06-25,8,Positive,StreamMax,2
2151,6,80,2024-12-03,5,Neutral,WebBrowser,122
2152,3,1749,2025-01-28,7,Positive,WebBrowser,123
2153,4,1410,2025-04-21,7,Positive,WebBrowser,143
2154,3,80,2024-12-27,7,Positive,StreamMax,78
2155,2,631,2025-03-18,8,Positive,StreamMax,14
2156,4,676,2025-04-09,9,Positive,WebBrowser,43
2157,2,734,2024-06-08,8,Positive,MobileApp,147
2158,10,286,2024-11-02,8,Positive,StreamMax,132
2159,12,1193,2024-10-11,6,Neutral,SmartTV,40
2160,8,1066,2024-06-14,3,Negative,MobileApp,26
2161,5,135,2025-02-27,10,Positive,SmartTV,145
2162,10,1916,2025-04-15,3,Negative,SmartTV,59
2163,9,1222,2025-01-03,4,Negative,WebBrowser,24
2164,14,1842,2024-11-30,9,Positive,StreamMax,1
2165,9,806,2025-04-22,1,Negative,TabletApp,45
2166,2,1569,2024-11-26,8,Positive,MobileApp,51
2167,8,935,2024-08-28,9,Positive,WebBrowser,148
2168,13,772,2025-04-12,4,Negative,SmartTV,3
2169,1,1297,2025-03-31,1,Negative,MobileApp,12
2170,11,319,2024-10-01,6,Neutral,MobileApp,77
2171,4,516,2024-08-15,4,Negative,TabletApp,90
2172,8,342,2025-04-14,5,Neutral,SmartTV,13
2173,6,612,2025-02-13,10,Positive,TabletApp,150
2174,15,1736,2024-12-27,7,Positive,WebBrowser,62
2175,4,875,2024-10-20,3,Negative,TabletApp,85
2176,9,411,2025-02-18,1,Negative,TabletApp,78
2177,1,1033,2024-11-27,10,Positive,TabletApp,59
2178,1,1256,2024-08-14,10,Positive,WebBrowser,77
2179,12,690,2024-12-22,5,Neutral,StreamMax,27
2180,14,1327,2024-11-12,7,Positive,TabletApp,121
2181,4,1826,2024-11-30,4,Negative,StreamMax,72
2182,8,1931,2024-07-08,9,Positive,TabletApp,13
2183,15,1055,2025-02-02,4,Negative,TabletApp,75
2184,12,1335,2025-03-26,3,Negative,StreamMax,44
2185,11,1910,2025-02-26,5,Neutral,TabletApp,81
2186,14,1556,2024-10-16,4,Negative,StreamMax,11
2187,5,1397,2024-10-25,3,Negative,TabletApp,97
2188,15,1768,2024-06-16,3,Negative,MobileApp,28
2189,13,853,2024-09-08,3,Negative,WebBrowser,26
2190,8,1266,2024-08-14,9,Positive,WebBrowser,126
2191,12,151,2024-09-16,5,Neutral,WebBrowser,61
2192,9,1802,2024-12-19,5,Neutral,TabletApp,20
2193,11,990,2025-02-27,8,Positive,StreamMax,30
2194,9,1747,2025-01-26,3,Negative,WebBrowser,101
2195,8,107,2025-01-23,7,Positive,WebBrowser,128
2196,2,253,2024-06-16,4,Negative,WebBrowser,42
2197,7,327,2024-09-02,6,Neutral,SmartTV,65
2198,14,1926,2024-11-26,7,Positive,StreamMax,50
2199,6,1170,2024-08-11,5,Neutral,MobileApp,94
2200,9,690,2024-08-30,5,Neutral,StreamMax,137
2201,12,468,2025-01-23,3,Negative,SmartTV,134
2202,15,814,2025-03-01,2,Negative,SmartTV,64
2203,4,1808,2024-11-30,1,Negative,WebBrowser,98
2204,7,1317,2025-03-26,7,Positive,MobileApp,28
2205,12,1605,2025-03-17,10,Positive,MobileApp,126
2206,11,406,2025-01-20,9,Positive,SmartTV,80
2207,4,1222,2024-09-16,8,Positive,MobileApp,120
2208,11,1186,2024-12-15,4,Negative,WebBrowser,32
2209,7,1249,2025-02-09,5,Neutral,WebBrowser,121
2210,6,1566,2024-10-19,3,Negative,WebBrowser,110
2211,7,685,2024-07-03,7,Positive,WebBrowser,83
2212,6,1216,2024-09-21,3,Negative,SmartTV,99
2213,1,398,2024-09-15,10,Positive,StreamMax,131
2214,14,328,2025-03-27,10,Positive,StreamMax,51
2215,8,1492,2025-02-13,5,Neutral,WebBrowser,105
2216,6,1301,2024-09-23,3,Negative,TabletApp,137
2217,4,703,2024-08-05,2,Negative,MobileApp,41
2218,9,1083,2025-04-22,3,Negative,SmartTV,149
2219,4,688,2024-08-11,6,Neutral,SmartTV,66
2220,1,313,2024-09-25,7,Positive,WebBrowser,126
2221,3,1681,2024-12-12,4,Negative,WebBrowser,119
2222,4,1758,2024-06-06,4,Negative,SmartTV,24
2223,3,1953,2024-07-01,8,Positive,SmartTV,76
2224,11,720,2024-12-20,6,Neutral,WebBrowser,127
2225,11,1407,2025-04-12,5,Neutral,TabletApp,128
2226,11,590,2025-04-29,8,Positive,WebBrowser,46
2227,4,1613,2024-06-10,4,Negative,MobileApp,29
2228,15,120,2024-09-29,7,Positive,MobileApp,13
2229,10,925,2025-01-01,8,Positive,WebBrowser,16
2230,1,803,2025-04-14,9,Positive,WebBrowser,125
2231,2,1327,2024-10-06,4,Negative,WebBrowser,66
2232,13,1326,2025-03-30,4,Negative,SmartTV,83
2233,7,1108,2024-10-12,5,Neutral,StreamMax,98
2234,15,1296,2024-07-08,5,Neutral,WebBrowser,107
2235,3,573,2025-01-27,10,Positive,TabletApp,45
2236,12,1219,2024-11-04,4,Negative,WebBrowser,91
2237,15,45,2024-08-24,2,Negative,TabletApp,21
2238,1,1920,2024-08-01,10,Positive,TabletApp,16
2239,2,964,2025-02-27,9,Positive,MobileApp,115
2240,3,1720,2025-02-16,6,Neutral,TabletApp,45
2241,10,1609,2024-07-29,4,Negative,MobileApp,67
2242,14,1846,2025-03-24,9,Positive,MobileApp,95
2243,2,1076,2024-12-07,9,Positive,MobileApp,8
2244,15,650,2024-12-29,9,Positive,SmartTV,95
2245,4,1578,2025-03-06,5,Neutral,StreamMax,45
2246,11,858,2024-10-04,5,Neutral,StreamMax,27
2247,6,1390,2025-04-02,7,Positive,WebBrowser,57
2248,1,1994,2024-12-07,7,Positive,SmartTV,38
2249,10,547,2024-07-24,9,Positive,WebBrowser,28
2250,4,1012,2024-12-23,4,Negative,StreamMax,132
2251,4,1735,2024-11-23,8,Positive,MobileApp,21
2252,4,1420,2024-07-19,3,Negative,MobileApp,60
2253,15,187,2024-11-30,4,Negative,MobileApp,22
2254,14,1274,2024-11-03,6,Neutral,StreamMax,138
2255,10,1407,2024-08-23,4,Negative,WebBrowser,34
2256,6,1365,2024-10-10,4,Negative,StreamMax,54
2257,4,225,2025-03-16,1,Negative,StreamMax,122
2258,15,1663,2024-08-25,2,Negative,WebBrowser,3
2259,3,1718,2024-08-04,4,Negative,SmartTV,137
2260,5,1,2024-07-10,3,Negative,StreamMax,42
2261,6,1181,2025-03-22,6,Neutral,SmartTV,12
2262,11,123,2024-06-16,8,Positive,MobileApp,143
2263,14,946,2025-02-15,5,Neutral,WebBrowser,75
2264,3,1798,2024-06-28,9,Positive,WebBrowser,124
2265,14,1805,2024-10-29,8,Positive,TabletApp,64
2266,9,310,2025-02-19,5,Neutral,StreamMax,65
2267,15,1460,2024-09-11,7,Positive,TabletApp,82
2268,9,1897,2024-09-09,9,Positive,StreamMax,150
2269,2,242,2025-02-18,5,Neutral,TabletApp,114
2270,3,1806,2025-03-10,5,Neutral,WebBrowser,60
2271,7,191,2024-08-09,5,Neutral,MobileApp,147
2272,3,1527,2025-04-27,5,Neutral,SmartTV,13
2273,8,31,2024-07-06,4,Negative,WebBrowser,109
2274,4,1993,2025-03-24,6,Neutral,TabletApp,91
2275,5,462,2024-08-31,5,Neutral,StreamMax,55
2276,3,1174,2025-02-19,7,Positive,MobileApp,101
2277,11,1085,2024-11-21,6,Neutral,SmartTV,50
2278,9,1215,2024-07-14,9,Positive,StreamMax,118
2279,7,726,2024-08-18,10,Positive,SmartTV,76
2280,7,1434,2024-11-23,10,Positive,SmartTV,108
2281,15,1807,2024-08-31,9,Positive,SmartTV,73
2282,9,1521,2025-01-23,5,Neutral,WebBrowser,92
2283,10,216,2024-06-15,8,Positive,MobileApp,114
2284,8,1231,2025-04-16,9,Positive,MobileApp,139
2285,1,79,2025-01-12,8,Positive,StreamMax,46
2286,11,301,2024-07-15,3,Negative,SmartTV,6
2287,10,94,2024-10-26,6,Neutral,TabletApp,1
2288,1,877,2025-01-02,4,Negative,WebBrowser,16
2289,8,1015,2025-04-14,5,Neutral,WebBrowser,111
2290,1,982,2024-07-09,8,Positive,MobileApp,18
2291,12,578,2025-03-24,4,Negative,MobileApp,120
2292,11,885,2024-10-31,9,Positive,TabletApp,118
2293,9,590,2024-12-14,8,Positive,TabletApp,71
2294,4,1704,2024-08-29,7,Positive,WebBrowser,25
2295,9,1649,2024-07-18,7,Positive,StreamMax,44
2296,12,1261,2024-10-01,5,Neutral,TabletApp,139
2297,5,1292,2024-09-13,10,Positive,MobileApp,105
2298,2,1705,2025-04-25,8,Positive,WebBrowser,138
2299,4,151,2024-06-17,7,Positive,WebBrowser,107
2300,11,1728,2025-03-11,10,Positive,SmartTV,72
2301,12,891,2024-07-14,9,Positive,SmartTV,94
2302,11,251,2024-11-24,10,Positive,TabletApp,73
2303,9,390,2024-09-17,8,Positive,SmartTV,150
2304,13,785,2024-10-10,10,Positive,TabletApp,20
2305,5,551,2024-12-13,8,Positive,SmartTV,80
2306,7,1225,2024-08-22,6,Neutral,TabletApp,87
2307,13,275,2024-07-13,7,Positive,MobileApp,125
2308,13,1555,2025-03-13,3,Negative,WebBrowser,137
2309,9,1754,2025-03-22,5,Neutral,SmartTV,99
2310,15,886,2024-08-17,4,Negative,MobileApp,72
2311,2,1034,2025-03-04,3,Negative,WebBrowser,83
2312,14,964,2024-11-04,9,Positive,WebBrowser,60
2313,10,1521,2024-11-29,4,Negative,TabletApp,10
2314,12,1689,2024-12-23,4,Negative,WebBrowser,73
2315,13,433,2024-10-07,5,Neutral,MobileApp,33
2316,1,1282,2024-12-13,10,Positive,WebBrowser,134
2317,6,624,2025-02-24,5,Neutral,TabletApp,23
2318,11,549,2025-03-15,4,Negative,StreamMax,62
2319,1,608,2024-11-20,6,Neutral,SmartTV,48
2320,7,495,2024-07-14,10,Positive,WebBrowser,24
2321,11,318,2024-11-05,7,Positive,StreamMax,118
2322,15,106,2024-07-25,9,Positive,MobileApp,127
2323,4,1772,2024-08-30,3,Negative,MobileApp,60
2324,9,553,2025-01-02,1,Negative,TabletApp,58
2325,11,900,2024-10-13,9,Positive,TabletApp,70
2326,13,720,2024-06-28,9,Positive,TabletApp,83
2327,3,645,2025-02-23,8,Positive,WebBrowser,72
2328,15,1735,2024-08-24,3,Negative,WebBrowser,76
2329,5,1441,2025-02-06,10,Positive,WebBrowser,120
2330,7,427,2024-11-25,3,Negative,WebBrowser,75
2331,2,1681,2025-01-05,9,Positive,SmartTV,117
2332,2,864,2024-10-04,5,Neutral,TabletApp,104
2333,15,702,2025-03-13,1,Negative,SmartTV,148
2334,8,99,2025-01-31,9,Positive,MobileApp,80
2335,13,1484,2025-03-10,6,Neutral,TabletApp,91
2336,7,1393,2024-06-10,8,Positive,MobileApp,84
2337,7,1381,2024-09-29,10,Positive,SmartTV,144
2338,10,1001,2025-01-12,6,Neutral,TabletApp,121
2339,11,339,2024-06-08,6,Neutral,TabletApp,128
2340,2,928,2025-01-30,6,Neutral,SmartTV,98
2341,9,1307,2024-10-23,6,Neutral,SmartTV,13
2342,9,919,2025-03-18,6,Neutral,StreamMax,106
2343,3,1834,2025-03-07,4,Negative,TabletApp,125
2344,14,1754,2025-02-15,5,Neutral,StreamMax,104
2345,3,195,2024-06-14,8,Positive,WebBrowser,16
2346,10,832,2024-07-06,8,Positive,SmartTV,25
2347,15,1276,2024-10-13,6,Neutral,SmartTV,4
2348,4,1912,2024-06-03,6,Neutral,SmartTV,39
2349,15,498,2025-03-10,4,Negative,TabletApp,27
2350,15,62,2025-02-28,9,Positive,MobileApp,41
2351,8,1055,2025-02-10,10,Positive,MobileApp,7
2352,6,1631,2024-07-12,3,Negative,StreamMax,17
2353,11,59,2024-12-09,7,Positive,MobileApp,48
2354,7,1420,2025-04-19,4,Negative,SmartTV,0
2355,13,1748,2024-10-09,10,Positive,SmartTV,45
2356,1,1851,2025-02-25,5,Neutral,TabletApp,44
2357,15,1450,2024-10-05,5,Neutral,TabletApp,124
2358,7,1732,2024-08-22,8,Positive,StreamMax,44
2359,2,1018,2024-06-08,7,Positive,WebBrowser,106
2360,10,1172,2024-07-11,10,Positive,StreamMax,83
2361,15,1720,2024-06-28,8,Positive,MobileApp,11
2362,4,758,2024-09-21,7,Positive,MobileApp,15
2363,9,1288,2025-03-02,6,Neutral,TabletApp,27
2364,4,1317,2025-01-23,7,Positive,TabletApp,55
2365,3,1521,2025-01-19,8,Positive,MobileApp,98
2366,9,1621,2024-06-11,5,Neutral,StreamMax,25
2367,11,1505,2025-03-13,8,Positive,MobileApp,104
2368,15,1300,2024-06-28,8,Positive,SmartTV,107
2369,4,1812,2025-02-22,7,Positive,StreamMax,103
2370,13,1829,2024-06-15,5,Neutral,MobileApp,126
2371,6,1938,2024-07-21,4,Negative,StreamMax,86
2372,5,1328,2024-10-02,10,Positive,SmartTV,27
2373,15,826,2025-02-07,5,Neutral,StreamMax,1
2374,3,858,2024-06-12,6,Neutral,MobileApp,124
2375,5,476,2024-09-05,5,Neutral,TabletApp,54
2376,2,1296,2024-10-04,7,Positive,SmartTV,43
2377,8,1478,2025-04-24,9,Positive,StreamMax,28
2378,14,812,2024-08-10,10,Positive,MobileApp,65
2379,1,802,2024-09-23,9,Positive,TabletApp,137
2380,7,660,2024-08-21,7,Positive,StreamMax,117
2381,3,1932,2024-10-12,4,Negative,MobileApp,84
2382,8,604,2024-09-13,5,Neutral,MobileApp,74
2383,10,230,2024-06-11,4,Negative,StreamMax,67
2384,6,414,2024-07-31,8,Positive,StreamMax,134
2385,7,477,2024-11-02,5,Neutral,MobileApp,125
2386,4,1981,2024-08-03,4,Negative,StreamMax,117
2387,8,688,2025-03-22,5,Neutral,WebBrowser,90
2388,13,1907,2024-08-07,5,Neutral,TabletApp,33
2389,13,529,2024-11-25,7,Positive,StreamMax,95
2390,2,1667,2025-03-29,7,Positive,StreamMax,1
2391,1,478,2024-12-30,6,Neutral,WebBrowser,83
2392,8,583,2025-04-02,7,Positive,MobileApp,41
2393,9,1911,2024-11-18,7,Positive,SmartTV,65
2394,6,1577,2025-03-30,9,Positive,WebBrowser,149
2395,3,1424,2024-10-07,7,Positive,WebBrowser,137
2396,2,1560,2025-04-07,4,Negative,MobileApp,68
2397,4,874,2025-04-11,5,Neutral,MobileApp,83
2398,8,1612,2024-08-08,3,Negative,TabletApp,11
2399,4,1808,2024-11-16,5,Neutral,MobileApp,47
2400,1,920,2024-12-25,8,Positive,WebBrowser,49
2401,12,1487,2025-01-20,5,Neutral,SmartTV,51
2402,11,1211,2025-01-18,3,Negative,SmartTV,123
2403,10,1694,2024-07-23,3,Negative,TabletApp,30
2404,11,148,2024-09-18,5,Neutral,SmartTV,11
2405,2,78,2025-02-03,5,Neutral,WebBrowser,100
2406,9,591,2025-03-16,3,Negative,TabletApp,126
2407,3,2000,2024-09-10,8,Positive,WebBrowser,136
2408,13,351,2024-12-06,5,Neutral,TabletApp,106
2409,4,936,2024-09-05,4,Negative,StreamMax,24
2410,14,781,2024-06-01,4,Negative,WebBrowser,39
2411,3,1536,2024-11-15,3,Negative,WebBrowser,35
2412,14,420,2024-06-13,9,Positive,MobileApp,39
2413,14,446,2024-07-15,5,Neutral,StreamMax,29
2414,8,1220,2024-12-03,8,Positive,MobileApp,42
2415,11,1996,2024-09-28,6,Neutral,StreamMax,123
2416,11,709,2024-12-05,5,Neutral,WebBrowser,66
2417,5,1608,2025-01-18,4,Negative,TabletApp,39
2418,1,1288,2024-07-15,3,Negative,SmartTV,43
2419,8,245,2024-12-04,4,Negative,TabletApp,49
2420,9,955,2025-03-12,5,Neutral,StreamMax,0
2421,8,284,2024-11-28,4,Negative,TabletApp,26
2422,1,1755,2024-07-20,6,Neutral,MobileApp,87
2423,10,1755,2025-01-31,3,Negative,SmartTV,147
2424,3,1905,2024-09-21,9,Positive,SmartTV,22
2425,6,1741,2024-11-01,10,Positive,TabletApp,86
2426,14,433,2024-12-24,9,Positive,WebBrowser,114
2427,12,238,2025-04-14,9,Positive,StreamMax,84
2428,14,240,2025-02-09,5,Neutral,SmartTV,133
2429,12,1668,2024-12-31,10,Positive,StreamMax,84
2430,3,1227,2024-10-06,3,Negative,MobileApp,29
2431,8,378,2024-08-30,4,Negative,WebBrowser,73
2432,12,1732,2025-04-22,8,Positive,MobileApp,150
2433,4,39,2024-08-14,4,Negative,TabletApp,25
2434,14,1320,2024-12-24,10,Positive,WebBrowser,32
2435,9,34,2024-11-22,9,Positive,SmartTV,2
2436,5,805,2025-02-04,3,Negative,SmartTV,30
2437,15,1289,2024-07-29,4,Negative,SmartTV,5
2438,13,1268,2024-11-24,3,Negative,WebBrowser,105
2439,3,262,2024-07-11,6,Neutral,StreamMax,78
2440,11,217,2024-08-25,10,Positive,TabletApp,45
2441,3,820,2025-01-21,8,Positive,MobileApp,0
2442,12,53,2025-04-13,7,Positive,WebBrowser,122
2443,12,136,2025-02-19,5,Neutral,StreamMax,4
2444,7,124,2025-02-28,10,Positive,StreamMax,147
2445,11,1026,2024-08-02,3,Negative,MobileApp,72
2446,8,511,2024-11-28,10,Positive,MobileApp,147
2447,1,739,2024-12-21,6,Neutral,MobileApp,149
2448,10,1148,2024-06-05,6,Neutral,StreamMax,17
2449,6,1727,2024-12-06,3,Negative,StreamMax,118
2450,14,361,2024-10-05,4,Negative,StreamMax,8
2451,4,823,2024-06-12,1,Negative,TabletApp,70
2452,9,571,2025-04-11,4,Negative,MobileApp,4
2453,9,1456,2024-11-08,5,Neutral,StreamMax,110
2454,3,1312,2024-12-13,3,Negative,WebBrowser,63
2455,6,24,2025-04-07,6,Neutral,TabletApp,5
2456,14,1299,2024-10-13,7,Positive,MobileApp,108
2457,15,689,2024-09-30,2,Negative,StreamMax,63
2458,1,390,2024-06-23,10,Positive,TabletApp,128
2459,11,997,2025-02-01,7,Positive,TabletApp,54
2460,9,57,2024-07-27,7,Positive,TabletApp,139
2461,15,1527,2025-02-23,8,Positive,SmartTV,139
2462,4,1990,2025-04-26,8,Positive,TabletApp,100
2463,13,102,2024-09-10,10,Positive,MobileApp,83
2464,14,1823,2025-03-07,9,Positive,MobileApp,117
2465,5,1859,2025-04-12,7,Positive,MobileApp,123
2466,6,430,2024-10-13,8,Positive,MobileApp,126
2467,11,1728,2024-08-30,5,Neutral,SmartTV,143
2468,14,1920,2024-06-25,3,Negative,MobileApp,38
2469,15,259,2025-04-12,2,Negative,StreamMax,82
2470,15,782,2025-03-05,5,Neutral,StreamMax,105
2471,2,1840,2024-08-02,3,Negative,WebBrowser,51
2472,8,1178,2025-02-13,7,Positive,SmartTV,142
2473,3,1017,2025-03-10,4,Negative,StreamMax,12
2474,6,920,2025-03-20,4,Negative,SmartTV,35
2475,15,1380,2024-08-26,10,Positive,StreamMax,90
2476,14,1499,2025-01-17,9,Positive,StreamMax,72
2477,3,1901,2024-12-23,10,Positive,TabletApp,140
2478,12,1174,2024-08-07,6,Neutral,TabletApp,14
2479,13,1025,2024-06-26,5,Neutral,MobileApp,7
2480,9,1663,2024-06-30,7,Positive,StreamMax,64
2481,5,265,2025-04-07,5,Neutral,MobileApp,45
2482,9,1059,2024-11-10,10,Positive,MobileApp,69
2483,13,1435,2024-07-06,4,Negative,TabletApp,142
2484,3,445,2024-10-13,10,Positive,StreamMax,85
2485,8,1598,2025-04-30,3,Negative,StreamMax,101
2486,14,1978,2025-03-30,4,Negative,StreamMax,135
2487,6,279,2024-12-19,3,Negative,StreamMax,58
2488,3,1995,2024-10-13,7,Positive,WebBrowser,2
2489,6,1492,2025-04-20,5,Neutral,StreamMax,145
2490,5,855,2025-03-26,10,Positive,TabletApp,60
2491,4,1883,2025-02-13,3,Negative,MobileApp,27
2492,2,738,2025-02-05,10,Positive,SmartTV,10
2493,4,524,2024-08-13,5,Neutral,WebBrowser,54
2494,12,601,2024-07-26,5,Neutral,MobileApp,126
2495,8,1215,2025-01-12,7,Positive,MobileApp,97
2496,12,1148,2024-07-08,10,Positive,StreamMax,89
2497,15,1695,2024-07-21,6,Neutral,TabletApp,31
2498,13,736,2024-11-22,4,Negative,MobileApp,85
2499,4,1497,2024-10-16,4,Negative,SmartTV,75
2500,11,611,2025-03-30,7,Positive,WebBrowser,42
2501,14,556,2025-01-28,3,Negative,StreamMax,123
2502,1,1972,2024-10-26,10,Positive,MobileApp,12
2503,4,1817,2025-02-17,5,Neutral,SmartTV,62
2504,9,1024,2025-02-12,3,Negative,MobileApp,33
2505,11,1549,2025-03-06,4,Negative,TabletApp,23
2506,4,671,2025-04-11,7,Positive,SmartTV,57
2507,13,1411,2024-10-17,10,Positive,WebBrowser,72
2508,12,846,2024-10-18,6,Neutral,TabletApp,13
2509,14,958,2025-04-08,8,Positive,MobileApp,88
2510,10,1798,2024-12-03,3,Negative,StreamMax,24
2511,8,1338,2024-09-10,4,Negative,TabletApp,20
2512,7,1116,2024-10-10,7,Positive,MobileApp,77
2513,9,1083,2025-02-22,3,Negative,WebBrowser,91
2514,10,1156,2024-12-09,10,Positive,MobileApp,9
2515,4,422,2025-02-02,3,Negative,StreamMax,74
2516,8,1443,2024-11-11,4,Negative,SmartTV,108
2517,3,409,2025-02-24,4,Negative,TabletApp,18
2518,7,1884,2024-10-12,10,Positive,WebBrowser,18
2519,5,1034,2024-11-15,7,Positive,MobileApp,111
2520,14,1179,2024-08-11,10,Positive,TabletApp,148
2521,14,1043,2025-03-26,3,Negative,StreamMax,18
2522,12,593,2025-02-11,4,Negative,StreamMax,58
2523,6,646,2024-10-11,7,Positive,StreamMax,132
2524,9,389,2024-09-09,5,Neutral,MobileApp,80
2525,11,1362,2024-11-05,10,Positive,WebBrowser,43
2526,15,135,2024-11-06,8,Positive,WebBrowser,117
2527,11,902,2024-12-21,3,Negative,StreamMax,136
2528,9,816,2024-07-22,2,Negative,WebBrowser,130
2529,9,541,2025-02-27,2,Negative,MobileApp,19
2530,7,592,2024-07-15,9,Positive,MobileApp,122
2531,13,40,2024-11-25,6,Neutral,MobileApp,43
2532,4,678,2024-08-18,6,Neutral,StreamMax,115
2533,13,1865,2024-12-15,5,Neutral,MobileApp,56
2534,5,241,2024-08-08,4,Negative,MobileApp,147
2535,11,1179,2025-03-27,7,Positive,SmartTV,49
2536,10,674,2024-07-25,5,Neutral,StreamMax,103
2537,4,1062,2024-06-16,6,Neutral,SmartTV,143
2538,6,129,2025-04-07,8,Positive,MobileApp,3
2539,12,1791,2024-08-13,6,Neutral,WebBrowser,128
2540,13,300,2024-09-24,10,Positive,MobileApp,140
2541,5,1641,2025-01-24,4,Negative,MobileApp,83
2542,5,747,2024-07-04,7,Positive,WebBrowser,46
2543,3,1494,2024-08-02,3,Negative,StreamMax,94
2544,6,1827,2024-07-27,9,Positive,TabletApp,74
2545,6,984,2025-02-23,9,Positive,MobileApp,124
2546,11,1161,2025-02-16,8,Positive,WebBrowser,5
2547,11,1038,2025-03-18,9,Positive,MobileApp,7
2548,1,1309,2024-09-08,9,Positive,TabletApp,121
2549,14,310,2024-09-29,5,Neutral,WebBrowser,66
2550,14,365,2025-03-02,3,Negative,StreamMax,73
2551,9,310,2024-06-02,2,Negative,StreamMax,29
2552,12,887,2025-02-02,8,Positive,SmartTV,57
2553,10,902,2024-11-09,8,Positive,StreamMax,86
2554,3,1216,2024-12-04,4,Negative,TabletApp,87
2555,14,1304,2024-11-16,7,Positive,SmartTV,117
2556,1,142,2025-01-06,9,Positive,StreamMax,98
2557,3,1040,2025-02-23,10,Positive,WebBrowser,95
2558,15,1499,2025-01-14,4,Negative,StreamMax,114
2559,4,1380,2024-10-04,7,Positive,StreamMax,44
2560,13,99,2024-06-24,5,Neutral,WebBrowser,52
2561,10,979,2025-02-15,6,Neutral,StreamMax,86
2562,1,1737,2025-02-07,9,Positive,WebBrowser,118
2563,15,709,2025-01-15,6,Neutral,StreamMax,135
2564,5,1694,2024-06-20,7,Positive,TabletApp,44
2565,7,790,2024-10-21,8,Positive,SmartTV,52
2566,4,1498,2024-08-20,1,Negative,WebBrowser,96
2567,15,1496,2024-06-11,7,Positive,WebBrowser,147
2568,5,69,2024-12-09,9,Positive,MobileApp,28
2569,1,942,2025-02-16,6,Neutral,SmartTV,118
2570,10,1553,2024-06-20,3,Negative,TabletApp,141
2571,10,844,2025-01-13,10,Positive,MobileApp,128
2572,13,1651,2025-01-29,4,Negative,WebBrowser,139
2573,12,599,2025-04-02,4,Negative,WebBrowser,108
2574,7,856,2025-03-24,4,Negative,WebBrowser,29
2575,9,1247,2024-11-02,5,Neutral,TabletApp,75
2576,4,1758,2024-09-17,5,Neutral,MobileApp,16
2577,4,840,2024-09-21,5,Neutral,TabletApp,24
2578,11,1052,2025-02-04,3,Negative,SmartTV,60
2579,5,1765,2025-03-05,8,Positive,StreamMax,93
2580,11,152,2025-02-06,5,Neutral,WebBrowser,4
2581,11,1685,2025-04-27,3,Negative,TabletApp,47
2582,7,109,2024-06-27,6,Neutral,SmartTV,96
2583,5,260,2024-10-03,3,Negative,TabletApp,45
2584,15,1276,2024-07-06,6,Neutral,TabletApp,30
2585,13,1226,2024-12-23,7,Positive,WebBrowser,107
2586,11,1989,2025-02-04,7,Positive,WebBrowser,85
2587,6,1102,2024-09-21,6,Neutral,StreamMax,40
2588,3,1481,2024-10-14,8,Positive,TabletApp,65
2589,11,1281,2025-04-03,9,Positive,SmartTV,42
2590,12,151,2024-09-29,6,Neutral,WebBrowser,46
2591,15,1354,2025-02-22,7,Positive,StreamMax,73
2592,14,728,2025-03-23,4,Negative,MobileApp,16
2593,7,1957,2025-03-15,6,Neutral,TabletApp,4
2594,10,1763,2025-01-31,4,Negative,WebBrowser,18
2595,2,1742,2025-04-11,8,Positive,TabletApp,109
2596,15,1038,2024-09-12,3,Negative,StreamMax,129
2597,11,1236,2024-11-25,9,Positive,TabletApp,111
2598,4,1624,2024-11-29,3,Negative,StreamMax,77
2599,10,682,2024-10-08,4,Negative,WebBrowser,57
2600,13,195,2025-02-26,9,Positive,TabletApp,4
2601,3,1582,2025-03-07,8,Positive,MobileApp,83
2602,8,1450,2024-07-09,5,Neutral,MobileApp,140
2603,7,379,2025-03-27,6,Neutral,WebBrowser,21
2604,10,1126,2024-11-17,3,Negative,StreamMax,77
2605,11,506,2024-11-30,5,Neutral,TabletApp,107
2606,6,849,2024-08-27,10,Positive,SmartTV,144
2607,1,1471,2024-09-15,9,Positive,WebBrowser,80
2608,10,1795,2025-04-06,3,Negative,MobileApp,6
2609,12,1887,2024-08-30,3,Negative,TabletApp,26
2610,14,811,2024-08-10,3,Negative,MobileApp,57
2611,9,1456,2025-03-03,6,Neutral,MobileApp,138
2612,7,1409,2024-07-19,9,Positive,WebBrowser,70
2613,10,1,2025-01-02,7,Positive,SmartTV,90
2614,9,552,2025-01-28,3,Negative,SmartTV,49
2615,15,941,2024-10-02,9,Positive,TabletApp,115
2616,14,10,2025-04-03,5,Neutral,StreamMax,49
2617,8,1902,2024-07-02,7,Positive,StreamMax,67
2618,5,1959,2025-01-07,6,Neutral,MobileApp,56
2619,6,1670,2024-10-18,9,Positive,StreamMax,67
2620,7,370,2024-10-14,8,Positive,TabletApp,103
2621,9,1307,2024-12-10,4,Negative,TabletApp,21
2622,4,1291,2024-06-30,6,Neutral,SmartTV,117
2623,6,1061,2024-10-17,6,Neutral,WebBrowser,125
2624,9,1855,2025-01-14,6,Neutral,SmartTV,76
2625,13,881,2024-10-22,9,Positive,MobileApp,94
2626,12,70,2024-06-06,8,Positive,TabletApp,124
2627,11,1787,2025-03-15,5,Neutral,MobileApp,91
2628,14,1758,2024-12-28,7,Positive,SmartTV,86
2629,4,222,2025-01-24,8,Positive,MobileApp,58
2630,9,1682,2024-08-04,7,Positive,SmartTV,145
2631,11,598,2024-09-07,7,Positive,SmartTV,44
2632,6,1617,2024-08-03,5,Neutral,SmartTV,136
2633,1,31,2024-08-11,8,Positive,StreamMax,108
2634,8,1176,2024-07-12,8,Positive,MobileApp,116
2635,13,901,2024-10-26,7,Positive,MobileApp,67
2636,11,1447,2024-09-21,8,Positive,StreamMax,94
2637,11,1101,2024-07-02,3,Negative,TabletApp,138
2638,9,1940,2024-11-18,5,Neutral,SmartTV,62
2639,14,1508,2024-12-20,10,Positive,TabletApp,5
2640,3,214,2025-03-02,8,Positive,TabletApp,150
2641,2,1561,2024-12-10,3,Negative,TabletApp,119
2642,12,1058,2024-11-13,6,Neutral,WebBrowser,149
2643,14,381,2024-12-02,5,Neutral,TabletApp,113
2644,8,1119,2024-11-17,9,Positive,TabletApp,101
2645,1,558,2025-03-18,5,Neutral,StreamMax,88
2646,11,1856,2024-08-21,3,Negative,TabletApp,37
2647,15,1922,2024-06-17,6,Neutral,WebBrowser,27
2648,15,183,2024-12-26,3,Negative,StreamMax,11
2649,8,734,2024-08-27,6,Neutral,MobileApp,30
2650,10,895,2025-04-05,10,Positive,SmartTV,74
2651,15,1301,2025-02-25,9,Positive,TabletApp,18
2652,10,1093,2025-01-29,10,Positive,SmartTV,84
2653,6,749,2024-11-29,4,Negative,StreamMax,11
2654,15,1758,2025-01-22,5,Neutral,WebBrowser,2
2655,7,287,2024-10-01,4,Negative,TabletApp,31
2656,14,406,2025-01-26,10,Positive,WebBrowser,0
2657,8,1664,2025-01-09,10,Positive,SmartTV,97
2658,8,926,2024-11-03,10,Positive,StreamMax,127
2659,3,631,2025-03-14,7,Positive,TabletApp,1
2660,3,92,2025-03-08,10,Positive,WebBrowser,101
2661,13,223,2025-03-01,10,Positive,MobileApp,147
2662,10,71,2024-10-16,4,Negative,MobileApp,61
2663,15,1920,2024-06-19,9,Positive,MobileApp,30
2664,12,872,2024-07-13,10,Positive,StreamMax,43
2665,3,1128,2024-10-30,6,Neutral,TabletApp,139
2666,4,307,2024-09-27,6,Neutral,SmartTV,56
2667,13,772,2024-08-04,8,Positive,TabletApp,96
2668,9,810,2024-09-13,7,Positive,SmartTV,108
2669,2,698,2024-09-06,7,Positive,StreamMax,35
2670,4,633,2024-11-28,7,Positive,WebBrowser,116
2671,5,903,2024-10-26,10,Positive,MobileApp,66
2672,11,66,2024-12-23,8,Positive,TabletApp,119
2673,2,1904,2024-07-10,10,Positive,TabletApp,26
2674,3,906,2024-09-23,6,Neutral,StreamMax,135
2675,8,1981,2024-07-11,4,Negative,StreamMax,91
2676,5,169,2024-08-26,6,Neutral,MobileApp,144
2677,14,1807,2025-02-01,10,Positive,TabletApp,134
2678,2,1412,2025-02-20,8,Positive,TabletApp,139
2679,14,1972,2025-03-18,3,Negative,WebBrowser,55
2680,13,1396,2025-02-22,6,Neutral,TabletApp,144
2681,10,1161,2024-11-25,8,Positive,MobileApp,129
2682,4,1972,2024-07-04,4,Negative,StreamMax,50
2683,5,900,2025-01-10,3,Negative,StreamMax,5
2684,15,1080,2024-10-16,6,Neutral,MobileApp,50
2685,13,1064,2025-01-14,5,Neutral,MobileApp,5
2686,14,1529,2024-10-04,9,Positive,SmartTV,53
2687,14,501,2024-09-21,8,Positive,StreamMax,47
2688,14,1875,2024-11-12,3,Negative,WebBrowser,136
2689,7,797,2024-10-31,4,Negative,SmartTV,92
2690,1,232,2025-01-01,8,Positive,MobileApp,116
2691,6,264,2025-02-20,10,Positive,StreamMax,135
2692,2,49,2024-09-14,7,Positive,MobileApp,74
2693,5,1099,2024-12-20,4,Negative,StreamMax,118
2694,12,1771,2025-03-02,7,Positive,WebBrowser,58
2695,11,1391,2025-01-26,9,Positive,MobileApp,69
2696,1,462,2024-08-25,7,Positive,MobileApp,45
2697,6,1421,2024-09-19,5,Neutral,StreamMax,57
2698,6,331,2024-06-30,4,Negative,MobileApp,119
2699,5,364,2024-10-08,8,Positive,StreamMax,43
2700,15,1914,2024-06-12,7,Positive,MobileApp,145
2701,5,1593,2024-10-23,3,Negative,SmartTV,87
2702,12,763,2024-11-22,10,Positive,WebBrowser,39
2703,3,1191,2025-04-16,5,Neutral,WebBrowser,118
2704,14,345,2025-03-04,4,Negative,SmartTV,88
2705,13,100,2024-06-07,10,Positive,WebBrowser,41
2706,12,673,2024-09-30,6,Neutral,StreamMax,133
2707,8,250,2024-12-23,8,Positive,MobileApp,98
2708,11,1764,2024-06-06,10,Positive,TabletApp,52
2709,13,1909,2024-12-10,7,Positive,TabletApp,72
2710,13,1162,2025-03-30,7,Positive,SmartTV,149
2711,15,925,2025-01-17,5,Neutral,StreamMax,2
2712,5,119,2024-11-14,5,Neutral,MobileApp,48
2713,4,674,2024-12-18,4,Negative,StreamMax,59
2714,6,1843,2024-07-26,10,Positive,WebBrowser,7
2715,7,1277,2024-06-14,5,Neutral,StreamMax,134
2716,9,1279,2025-02-10,4,Negative,SmartTV,96
2717,4,354,2024-12-10,4,Negative,MobileApp,22
2718,14,820,2025-04-24,9,Positive,StreamMax,113
2719,14,1087,2024-12-06,10,Positive,StreamMax,14
2720,6,1770,2024-08-24,3,Negative,SmartTV,67
2721,3,1197,2024-11-11,10,Positive,TabletApp,39
2722,6,6,2024-08-12,6,Neutral,StreamMax,76
2723,7,1826,2025-03-14,9,Positive,MobileApp,7
2724,4,1324,2025-02-18,4,Negative,WebBrowser,90
2725,6,1715,2024-10-30,9,Positive,TabletApp,30
2726,6,1606,2024-09-11,9,Positive,SmartTV,14
2727,4,1947,2024-10-09,2,Negative,StreamMax,6
2728,10,510,2024-11-11,6,Neutral,StreamMax,76
2729,12,146,2024-09-22,3,Negative,StreamMax,87
2730,1,1431,2024-10-27,9,Positive,WebBrowser,116
2731,3,1803,2025-04-21,10,Positive,SmartTV,42
2732,10,161,2024-08-03,6,Neutral,StreamMax,6
2733,2,1117,2024-09-05,9,Positive,WebBrowser,131
2734,1,19,2024-06-17,10,Positive,MobileApp,16
2735,12,795,2025-03-12,7,Positive,SmartTV,97
2736,3,65,2025-04-07,8,Positive,MobileApp,93
2737,7,685,2025-04-10,10,Positive,MobileApp,68
2738,12,157,2024-07-04,6,Neutral,SmartTV,37
2739,2,1174,2024-11-19,4,Negative,WebBrowser,49
2740,13,797,2024-08-07,10,Positive,WebBrowser,94
2741,12,1029,2025-01-04,3,Negative,StreamMax,109
2742,2,276,2025-03-25,3,Negative,MobileApp,125
2743,11,1170,2025-01-29,4,Negative,TabletApp,129
2744,1,726,2024-09-02,9,Positive,MobileApp,107
2745,6,1497,2025-04-01,6,Neutral,WebBrowser,70
2746,12,1302,2024-08-06,9,Positive,SmartTV,83
2747,3,1118,2025-04-28,6,Neutral,StreamMax,62
2748,7,219,2024-10-07,10,Positive,WebBrowser,119
2749,11,1660,2025-01-25,8,Positive,TabletApp,25
2750,5,887,2024-09-26,6,Neutral,WebBrowser,27
2751,8,1482,2024-08-27,5,Neutral,WebBrowser,118
2752,15,374,2025-02-27,4,Negative,StreamMax,102
2753,12,1579,2024-08-11,10,Positive,SmartTV,9
2754,12,758,2025-04-17,3,Negative,MobileApp,10
2755,13,1091,2024-07-21,10,Positive,TabletApp,27
2756,2,408,2024-09-20,8,Positive,StreamMax,48
2757,6,1435,2025-04-05,9,Positive,MobileApp,28
2758,6,1579,2025-02-03,7,Positive,MobileApp,67
2759,14,1823,2025-01-06,5,Neutral,SmartTV,13
2760,10,973,2025-01-01,5,Neutral,MobileApp,139
2761,11,967,2024-12-11,10,Positive,MobileApp,80
2762,15,1638,2025-04-14,7,Positive,TabletApp,43
2763,2,1692,2024-09-14,9,Positive,SmartTV,47
2764,6,300,2024-06-09,10,Positive,MobileApp,52
2765,8,185,2024-11-04,8,Positive,StreamMax,13
2766,1,234,2024-08-27,8,Positive,SmartTV,36
2767,2,146,2024-11-14,3,Negative,StreamMax,73
2768,12,1424,2025-01-28,7,Positive,TabletApp,107
2769,11,734,2025-01-21,9,Positive,StreamMax,63
2770,6,1833,2024-08-07,8,Positive,MobileApp,88
2771,2,1146,2024-11-11,5,Neutral,StreamMax,76
2772,14,1895,2024-12-03,9,Positive,StreamMax,32
2773,12,1815,2024-06-21,5,Neutral,TabletApp,113
2774,14,612,2024-09-08,9,Positive,StreamMax,57
2775,1,135,2024-06-14,9,Positive,WebBrowser,87
2776,4,1693,2024-12-15,8,Positive,MobileApp,87
2777,4,189,2025-04-02,8,Positive,StreamMax,80
2778,7,1563,2024-10-04,8,Positive,SmartTV,36
2779,10,1625,2024-11-28,10,Positive,WebBrowser,64
2780,12,637,2025-02-03,5,Neutral,WebBrowser,53
2781,4,1042,2025-01-15,8,Positive,TabletApp,92
2782,12,1890,2024-08-10,8,Positive,MobileApp,145
2783,9,1399,2025-01-20,6,Neutral,WebBrowser,137
2784,5,267,2024-11-29,5,Neutral,MobileApp,59
2785,2,702,2024-08-09,7,Positive,SmartTV,43
2786,3,1956,2024-06-27,9,Positive,TabletApp,0
2787,9,1729,2024-11-20,4,Negative,StreamMax,28
2788,3,1756,2024-08-11,10,Positive,WebBrowser,46
2789,6,1200,2024-12-11,5,Neutral,SmartTV,41
2790,15,1950,2024-09-02,6,Neutral,MobileApp,40
2791,15,845,2024-12-03,2,Negative,WebBrowser,42
2792,14,706,2024-10-22,5,Neutral,TabletApp,124
2793,3,57,2025-02-07,9,Positive,WebBrowser,143
2794,6,1522,2024-08-26,9,Positive,SmartTV,80
2795,7,759,2025-02-03,7,Positive,WebBrowser,109
2796,1,637,2024-08-02,8,Positive,TabletApp,44
2797,10,1321,2024-10-27,10,Positive,MobileApp,67
2798,15,1311,2024-11-08,1,Negative,StreamMax,11
2799,5,767,2024-08-16,7,Positive,SmartTV,107
2800,7,766,2025-03-10,7,Positive,WebBrowser,8
2801,5,1229,2024-11-04,4,Negative,TabletApp,139
2802,6,439,2024-07-06,8,Positive,MobileApp,42
2803,8,847,2025-04-23,9,Positive,SmartTV,68
2804,8,352,2025-02-14,10,Positive,TabletApp,77
2805,2,645,2025-01-26,8,Positive,SmartTV,124
2806,15,229,2025-02-21,6,Neutral,StreamMax,94
2807,13,1050,2024-06-12,10,Positive,TabletApp,83
2808,1,1878,2024-12-31,9,Positive,TabletApp,89
2809,10,1678,2024-09-22,10,Positive,WebBrowser,123
2810,13,1845,2025-02-09,7,Positive,SmartTV,65
2811,12,714,2025-04-17,9,Positive,MobileApp,136
2812,15,1107,2025-03-08,7,Positive,StreamMax,128
2813,10,307,2025-02-11,7,Positive,MobileApp,6
2814,1,60,2024-08-19,9,Positive,SmartTV,146
2815,11,1020,2024-08-23,9,Positive,WebBrowser,36
2816,10,1261,2024-07-30,5,Neutral,StreamMax,15
2817,12,976,2024-06-14,6,Neutral,SmartTV,0
2818,5,620,2024-06-02,9,Positive,SmartTV,93
2819,12,1230,2025-03-25,10,Positive,MobileApp,132
2820,1,14,2025-02-05,8,Positive,StreamMax,125
2821,9,232,2024-10-11,8,Positive,StreamMax,65
2822,1,1428,2024-12-14,9,Positive,StreamMax,115
2823,2,267,2024-11-30,7,Positive,SmartTV,135
2824,11,302,2025-02-01,10,Positive,MobileApp,120
2825,11,1950,2024-11-27,5,Neutral,MobileApp,67
2826,11,1711,2024-09-13,10,Positive,TabletApp,0
2827,7,441,2025-03-12,10,Positive,SmartTV,82
2828,13,1396,2024-11-28,4,Negative,StreamMax,146
2829,10,1967,2025-02-27,8,Positive,MobileApp,13
2830,11,395,2025-01-29,9,Positive,SmartTV,74
2831,3,1795,2025-01-05,8,Positive,StreamMax,58
2832,7,1754,2025-02-01,7,Positive,WebBrowser,25
2833,6,433,2025-03-23,8,Positive,StreamMax,69
2834,10,331,2024-08-10,3,Negative,MobileApp,53
2835,9,844,2024-08-22,2,Negative,StreamMax,147
2836,11,918,2025-01-21,7,Positive,MobileApp,125
2837,13,364,2024-07-26,7,Positive,SmartTV,126
2838,13,7,2024-09-23,6,Neutral,SmartTV,106
2839,4,1262,2024-09-01,8,Positive,WebBrowser,31
2840,9,1639,2024-09-05,4,Negative,TabletApp,85
2841,8,690,2025-04-06,3,Negative,MobileApp,146
2842,14,1829,2024-07-29,10,Positive,MobileApp,35
2843,4,577,2025-01-06,3,Negative,SmartTV,98
2844,13,99,2024-11-09,3,Negative,StreamMax,63
2845,12,629,2024-11-17,4,Negative,WebBrowser,118
2846,8,202,2024-06-05,8,Positive,MobileApp,33
2847,15,1213,2025-01-14,3,Negative,SmartTV,23
2848,12,1303,2024-12-29,3,Negative,MobileApp,83
2849,15,1333,2024-06-27,5,Neutral,MobileApp,55
2850,7,1010,2025-01-24,3,Negative,MobileApp,4
2851,14,1185,2024-08-02,8,Positive,StreamMax,27
2852,12,1511,2024-08-07,7,Positive,SmartTV,74
2853,11,986,2025-04-25,10,Positive,TabletApp,104
2854,15,47,2024-09-01,7,Positive,WebBrowser,28
2855,6,1879,2024-06-08,5,Neutral,TabletApp,1
2856,11,1163,2024-09-16,9,Positive,TabletApp,81
2857,6,1942,2025-01-26,4,Negative,TabletApp,2
2858,4,878,2025-02-13,6,Neutral,SmartTV,96
2859,11,609,2024-06-18,6,Neutral,StreamMax,33
2860,8,1195,2025-04-08,10,Positive,TabletApp,94
2861,4,684,2024-06-14,5,Neutral,MobileApp,1
2862,2,1528,2024-10-01,7,Positive,StreamMax,24
2863,11,1434,2025-03-29,6,Neutral,WebBrowser,4
2864,1,784,2024-09-23,8,Positive,SmartTV,125
2865,1,1721,2025-03-03,10,Positive,WebBrowser,31
2866,8,228,2025-04-24,6,Neutral,WebBrowser,140
2867,9,1875,2025-04-22,5,Neutral,WebBrowser,141
2868,10,36,2025-03-21,10,Positive,StreamMax,114
2869,11,195,2024-07-08,3,Negative,SmartTV,113
2870,11,954,2024-12-31,10,Positive,WebBrowser,14
2871,7,873,2024-07-20,3,Negative,SmartTV,88
2872,15,1673,2025-02-28,5,Neutral,StreamMax,97
2873,10,401,2025-02-18,8,Positive,StreamMax,115
2874,6,120,2025-04-08,3,Negative,SmartTV,32
2875,7,389,2025-02-13,9,Positive,SmartTV,85
2876,12,1794,2024-07-13,6,Neutral,WebBrowser,144
2877,6,1967,2025-02-16,3,Negative,MobileApp,53
2878,1,1170,2024-12-18,9,Positive,SmartTV,30
2879,11,1554,2024-08-17,9,Positive,StreamMax,125
2880,9,296,2025-04-09,6,Neutral,MobileApp,130
2881,7,479,2025-03-18,10,Positive,SmartTV,34
2882,9,731,2025-03-18,4,Negative,TabletApp,104
2883,9,1812,2024-09-05,7,Positive,TabletApp,73
2884,1,1135,2025-01-01,9,Positive,SmartTV,35
2885,8,472,2025-01-22,8,Positive,WebBrowser,22
2886,8,12,2025-03-01,8,Positive,MobileApp,22
2887,5,298,2024-10-18,10,Positive,MobileApp,28
2888,6,1467,2025-03-14,8,Positive,WebBrowser,119
2889,8,1984,2024-08-07,8,Positive,SmartTV,146
2890,10,1912,2024-06-04,4,Negative,MobileApp,50
2891,11,499,2024-10-02,9,Positive,MobileApp,95
2892,1,1490,2025-01-29,10,Positive,MobileApp,93
2893,7,335,2024-12-21,10,Positive,TabletApp,34
2894,14,37,2025-01-16,9,Positive,StreamMax,101
2895,10,1976,2024-06-26,5,Neutral,WebBrowser,78
2896,6,1658,2024-09-01,4,Negative,TabletApp,115
2897,9,845,2024-09-12,5,Neutral,MobileApp,109
2898,6,1349,2024-11-19,9,Positive,WebBrowser,98
2899,7,1933,2025-04-27,6,Neutral,TabletApp,38
2900,3,810,2024-11-15,4,Negative,TabletApp,121
2901,12,1625,2024-07-26,9,Positive,StreamMax,53
2902,6,1870,2024-08-26,10,Positive,SmartTV,130
2903,3,1253,2024-10-13,4,Negative,MobileApp,111
2904,13,684,2024-09-30,4,Negative,MobileApp,143
2905,2,30,2024-06-05,6,Neutral,TabletApp,86
2906,7,852,2024-12-02,9,Positive,WebBrowser,30
2907,9,473,2025-01-14,8,Positive,MobileApp,46
2908,15,1571,2025-04-25,7,Positive,TabletApp,9
2909,1,239,2024-12-28,9,Positive,SmartTV,23
2910,1,1062,2024-09-03,9,Positive,TabletApp,70
2911,1,1630,2024-12-16,9,Positive,TabletApp,139
2912,3,22,2025-01-20,9,Positive,SmartTV,15
2913,7,1755,2024-08-25,7,Positive,MobileApp,146
2914,5,1158,2024-10-09,8,Positive,StreamMax,111
2915,1,825,2024-08-03,9,Positive,TabletApp,102
2916,11,741,2024-11-23,8,Positive,WebBrowser,142
2917,11,994,2025-03-29,9,Positive,MobileApp,116
2918,14,1904,2024-08-08,10,Positive,SmartTV,105
2919,11,848,2025-01-11,5,Neutral,StreamMax,134
2920,8,48,2024-10-31,5,Neutral,WebBrowser,80
2921,10,1765,2025-04-04,7,Positive,WebBrowser,6
2922,4,615,2024-06-07,6,Neutral,WebBrowser,56
2923,1,1479,2025-01-04,5,Neutral,SmartTV,106
2924,11,1809,2025-02-24,6,Neutral,SmartTV,74
2925,7,1434,2024-08-29,5,Neutral,StreamMax,147
2926,7,1533,2024-11-01,9,Positive,StreamMax,137
2927,8,1896,2024-08-01,10,Positive,MobileApp,84
2928,14,767,2024-07-29,5,Neutral,MobileApp,55
2929,8,300,2024-06-14,6,Neutral,TabletApp,68
2930,13,354,2024-12-25,5,Neutral,MobileApp,98
2931,3,1840,2024-12-18,10,Positive,TabletApp,34
2932,8,1759,2024-11-03,7,Positive,MobileApp,64
2933,14,308,2024-08-05,10,Positive,StreamMax,86
2934,6,372,2024-10-05,5,Neutral,SmartTV,28
2935,7,1359,2024-07-31,7,Positive,TabletApp,92
2936,13,405,2025-04-02,7,Positive,MobileApp,20
2937,7,634,2024-08-20,10,Positive,SmartTV,140
2938,15,1821,2025-02-26,4,Negative,SmartTV,121
2939,12,1455,2025-04-18,7,Positive,TabletApp,149
2940,4,282,2025-02-24,2,Negative,MobileApp,128
2941,11,955,2025-02-16,7,Positive,MobileApp,0
2942,1,433,2024-09-07,8,Positive,MobileApp,77
2943,9,976,2024-07-20,7,Positive,TabletApp,74
2944,15,1308,2024-07-06,10,Positive,WebBrowser,5
2945,12,371,2024-09-05,3,Negative,SmartTV,102
2946,2,1350,2025-01-30,4,Negative,MobileApp,2
2947,11,707,2024-06-08,9,Positive,SmartTV,34
2948,4,471,2024-07-30,2,Negative,WebBrowser,58
2949,1,283,2025-02-26,6,Neutral,MobileApp,105
2950,14,1749,2024-11-03,4,Negative,TabletApp,19
2951,8,1750,2024-12-29,5,Neutral,SmartTV,146
2952,1,400,2025-02-18,10,Positive,MobileApp,72
2953,3,716,2024-08-24,6,Neutral,MobileApp,130
2954,5,120,2025-04-04,4,Negative,TabletApp,31
2955,1,1672,2025-03-18,9,Positive,SmartTV,125
2956,14,430,2025-01-09,5,Neutral,MobileApp,76
2957,14,43,2025-04-05,10,Positive,SmartTV,127
2958,1,1051,2025-01-18,6,Neutral,MobileApp,41
2959,12,260,2025-03-23,9,Positive,TabletApp,81
2960,12,334,2024-12-11,7,Positive,SmartTV,110
2961,13,456,2024-11-08,6,Neutral,MobileApp,31
2962,11,374,2025-02-16,4,Negative,StreamMax,137
2963,12,1385,2024-11-06,8,Positive,WebBrowser,15
2964,8,370,2024-06-02,8,Positive,StreamMax,109
2965,10,1206,2025-02-17,3,Negative,SmartTV,31
2966,4,1650,2025-03-03,2,Negative,StreamMax,82
2967,9,937,2024-07-26,4,Negative,WebBrowser,16
2968,9,862,2025-04-29,8,Positive,TabletApp,40
2969,11,448,2025-03-28,3,Negative,WebBrowser,99
2970,12,627,2025-04-26,6,Neutral,SmartTV,60
2971,12,1557,2025-01-02,4,Negative,MobileApp,47
2972,14,1274,2024-07-28,4,Negative,MobileApp,82
2973,6,1729,2024-08-20,5,Neutral,TabletApp,114
2974,5,1475,2024-11-16,8,Positive,SmartTV,60
2975,6,837,2025-02-24,3,Negative,MobileApp,101
2976,12,820,2025-03-16,10,Positive,MobileApp,95
2977,15,1043,2024-10-20,2,Negative,TabletApp,109
2978,3,1398,2024-10-07,8,Positive,TabletApp,3
2979,11,218,2024-10-31,6,Neutral,TabletApp,120
2980,13,1253,2024-07-31,3,Negative,SmartTV,63
2981,9,351,2024-09-04,6,Neutral,MobileApp,139
2982,3,965,2024-06-22,5,Neutral,StreamMax,11
2983,2,649,2024-11-16,5,Neutral,MobileApp,113
2984,12,1239,2024-11-18,4,Negative,WebBrowser,128
2985,9,1643,2024-06-24,2,Negative,StreamMax,0
2986,3,27,2025-04-21,7,Positive,StreamMax,126
2987,2,1769,2025-04-12,9,Positive,StreamMax,60
2988,3,1680,2024-08-30,3,Negative,MobileApp,20
2989,8,1485,2024-06-26,3,Negative,MobileApp,115
2990,5,792,2025-03-25,4,Negative,SmartTV,132
2991,6,1873,2025-04-18,5,Neutral,SmartTV,99
2992,12,614,2024-11-04,3,Negative,TabletApp,13
2993,9,1619,2025-04-19,5,Neutral,StreamMax,128
2994,1,1002,2025-03-14,9,Positive,SmartTV,129
2995,13,673,2025-04-19,9,Positive,MobileApp,24
2996,11,1274,2025-04-23,8,Positive,WebBrowser,25
2997,11,1323,2024-07-05,9,Positive,MobileApp,125
2998,14,1741,2025-04-17,5,Neutral,TabletApp,120
2999,8,1654,2024-10-16,3,Negative,StreamMax,17
3000,1,1605,2024-10-03,8,Positive,WebBrowser,88
3001,12,437,2024-11-21,3,Negative,WebBrowser,117
3002,11,1404,2024-11-07,5,Neutral,SmartTV,57
3003,2,965,2024-06-06,5,Neutral,StreamMax,6
3004,5,564,2024-12-06,3,Negative,TabletApp,106
3005,14,1923,2025-01-26,9,Positive,MobileApp,75
3006,3,953,2024-11-18,10,Positive,WebBrowser,142
3007,12,1707,2024-12-02,5,Neutral,SmartTV,16
3008,5,604,2025-04-11,6,Neutral,TabletApp,137
3009,14,733,2024-08-17,10,Positive,StreamMax,68
3010,8,1746,2024-07-18,5,Neutral,TabletApp,13
3011,3,681,2024-09-14,4,Negative,SmartTV,119
3012,3,1600,2024-07-27,8,Positive,TabletApp,44
3013,2,197,2025-04-17,6,Neutral,MobileApp,132
3014,7,96,2024-09-30,8,Positive,MobileApp,74
3015,12,506,2025-01-03,9,Positive,MobileApp,108
3016,12,1167,2025-03-23,6,Neutral,WebBrowser,96
3017,1,1262,2024-09-28,10,Positive,MobileApp,77
3018,3,1067,2024-11-21,8,Positive,TabletApp,20
3019,2,1601,2024-12-05,6,Neutral,StreamMax,145
3020,9,124,2024-12-30,4,Negative,StreamMax,121
3021,12,1500,2024-08-28,4,Negative,TabletApp,137
3022,3,1405,2024-06-27,3,Negative,SmartTV,145
3023,8,93,2024-11-02,3,Negative,StreamMax,11
3024,4,1251,2024-09-15,7,Positive,WebBrowser,92
3025,13,742,2024-10-31,9,Positive,StreamMax,96
3026,9,553,2024-06-02,2,Negative,WebBrowser,23
3027,12,757,2025-01-18,8,Positive,WebBrowser,90
3028,4,155,2024-11-27,6,Neutral,WebBrowser,21
3029,11,362,2024-07-11,8,Positive,TabletApp,132
3030,14,84,2024-10-06,4,Negative,TabletApp,11
3031,7,1698,2024-11-13,10,Positive,MobileApp,74
3032,6,986,2024-12-27,5,Neutral,SmartTV,99
3033,11,1607,2025-01-09,7,Positive,SmartTV,52
3034,12,1284,2024-10-10,4,Negative,StreamMax,4
3035,8,1137,2024-12-28,7,Positive,MobileApp,0
3036,6,640,2025-01-08,4,Negative,StreamMax,7
3037,13,399,2025-04-19,8,Positive,MobileApp,121
3038,12,692,2024-11-04,9,Positive,TabletApp,99
3039,4,952,2025-03-26,7,Positive,MobileApp,95
3040,2,1097,2024-06-12,3,Negative,WebBrowser,57
3041,14,970,2024-08-13,5,Neutral,StreamMax,137
3042,6,428,2025-03-09,5,Neutral,StreamMax,7
3043,4,1693,2024-09-18,8,Positive,WebBrowser,27
3044,13,1649,2024-06-05,5,Neutral,WebBrowser,55
3045,12,677,2024-09-29,3,Negative,TabletApp,125
3046,12,868,2024-08-27,10,Positive,WebBrowser,37
3047,7,392,2025-03-07,3,Negative,StreamMax,114
3048,4,352,2024-10-25,6,Neutral,MobileApp,37
3049,2,1650,2024-09-21,10,Positive,SmartTV,17
3050,12,237,2025-01-25,9,Positive,MobileApp,79
3051,7,465,2024-07-27,4,Negative,WebBrowser,52
3052,10,1869,2025-02-25,7,Positive,MobileApp,137
3053,14,1339,2024-06-14,3,Negative,WebBrowser,62
3054,9,103,2025-02-20,7,Positive,TabletApp,64
3055,11,474,2025-02-13,10,Positive,MobileApp,133
3056,9,934,2024-12-01,7,Positive,TabletApp,124
3057,10,1427,2024-12-05,8,Positive,TabletApp,19
3058,2,1587,2025-02-04,3,Negative,MobileApp,5
3059,15,478,2025-02-01,7,Positive,StreamMax,123
3060,6,923,2025-03-23,6,Neutral,WebBrowser,83
3061,9,845,2024-07-20,8,Positive,WebBrowser,17
3062,13,544,2024-09-27,3,Negative,TabletApp,74
3063,7,549,2025-04-26,5,Neutral,TabletApp,145
3064,11,197,2025-02-09,5,Neutral,WebBrowser,26
3065,3,301,2024-08-27,8,Positive,SmartTV,144
3066,14,1355,2024-10-20,10,Positive,SmartTV,72
3067,10,875,2024-11-04,6,Neutral,SmartTV,116
3068,8,1024,2025-02-14,9,Positive,WebBrowser,68
3069,13,558,2024-09-26,4,Negative,StreamMax,122
3070,10,505,2025-02-19,10,Positive,TabletApp,30
3071,15,788,2024-12-12,6,Neutral,WebBrowser,21
3072,2,679,2024-10-07,4,Negative,TabletApp,68
3073,8,1598,2024-08-19,3,Negative,TabletApp,30
3074,6,1215,2024-08-23,8,Positive,TabletApp,51
3075,7,1906,2024-10-18,7,Positive,TabletApp,86
3076,3,1388,2024-06-10,3,Negative,TabletApp,5
3077,5,1747,2024-09-23,7,Positive,StreamMax,106
3078,3,478,2024-11-30,5,Neutral,WebBrowser,124
3079,9,1046,2025-04-27,1,Negative,TabletApp,6
3080,14,266,2024-09-14,10,Positive,SmartTV,84
3081,10,402,2025-03-09,10,Positive,WebBrowser,138
3082,4,928,2024-07-24,3,Negative,SmartTV,73
3083,6,313,2025-01-19,3,Negative,StreamMax,58
3084,2,297,2025-02-09,7,Positive,SmartTV,6
3085,5,1774,2024-06-20,3,Negative,StreamMax,93
3086,2,615,2025-01-05,3,Negative,StreamMax,45
3087,5,1617,2025-03-14,7,Positive,StreamMax,113
3088,2,1986,2025-02-02,9,Positive,MobileApp,43
3089,13,795,2025-01-27,4,Negative,TabletApp,60
3090,3,1333,2025-04-20,6,Neutral,MobileApp,119
3091,11,1123,2024-08-01,6,Neutral,StreamMax,8
3092,6,1698,2025-01-20,10,Positive,WebBrowser,28
3093,9,1739,2024-11-27,7,Positive,WebBrowser,70
3094,1,1810,2024-12-18,8,Positive,WebBrowser,92
3095,6,346,2025-03-25,7,Positive,TabletApp,90
3096,8,224,2024-07-07,4,Negative,TabletApp,118
3097,5,379,2024-12-27,9,Positive,WebBrowser,1
3098,15,316,2025-04-29,2,Negative,StreamMax,37
3099,14,1377,2025-01-01,4,Negative,StreamMax,101
3100,3,638,2024-06-15,5,Neutral,StreamMax,114
3101,4,1255,2024-09-06,8,Positive,TabletApp,124
3102,10,1082,2025-04-12,7,Positive,WebBrowser,27
3103,9,297,2025-04-23,5,Neutral,WebBrowser,114
3104,14,1107,2024-12-10,7,Positive,TabletApp,49
3105,12,1781,2025-04-18,10,Positive,TabletApp,21
3106,6,1621,2024-09-27,3,Negative,MobileApp,129
3107,7,1489,2024-08-08,5,Neutral,SmartTV,108
3108,13,919,2024-08-03,4,Negative,MobileApp,131
3109,12,1620,2025-01-16,8,Positive,WebBrowser,67
3110,1,945,2024-07-17,6,Neutral,TabletApp,46
3111,14,1308,2024-08-27,10,Positive,MobileApp,16
3112,11,657,2024-11-29,3,Negative,SmartTV,136
3113,13,409,2025-03-07,7,Positive,TabletApp,6
3114,9,1257,2024-07-20,5,Neutral,SmartTV,44
3115,4,935,2025-04-20,5,Neutral,StreamMax,84
3116,2,196,2024-08-14,4,Negative,StreamMax,110
3117,10,1573,2024-07-07,8,Positive,StreamMax,8
3118,6,312,2024-11-07,7,Positive,StreamMax,82
3119,2,333,2024-11-19,8,Positive,WebBrowser,111
3120,6,1480,2024-06-17,7,Positive,TabletApp,9
3121,12,1227,2025-01-13,10,Positive,WebBrowser,103
3122,3,1913,2024-08-29,9,Positive,WebBrowser,51
3123,4,1806,2025-04-28,6,Neutral,SmartTV,93
3124,4,1887,2024-12-12,8,Positive,WebBrowser,119
3125,7,1880,2024-06-14,10,Positive,MobileApp,23
3126,1,224,2024-06-17,9,Positive,TabletApp,66
3127,15,858,2025-02-16,7,Positive,StreamMax,123
3128,6,1597,2024-08-04,9,Positive,WebBrowser,76
3129,9,51,2024-06-19,3,Negative,StreamMax,37
3130,3,1115,2024-08-04,3,Negative,StreamMax,68
3131,6,1007,2025-02-05,10,Positive,MobileApp,41
3132,3,163,2024-12-14,4,Negative,WebBrowser,139
3133,11,202,2024-12-02,7,Positive,WebBrowser,34
3134,8,1991,2024-10-12,6,Neutral,SmartTV,62
3135,3,481,2024-10-22,7,Positive,SmartTV,0
3136,1,1154,2024-12-06,3,Negative,WebBrowser,136
3137,10,1551,2024-09-12,4,Negative,TabletApp,5
3138,9,1583,2025-01-15,7,Positive,TabletApp,39
3139,10,1400,2025-01-05,8,Positive,WebBrowser,32
3140,1,877,2025-01-23,9,Positive,TabletApp,133
3141,15,958,2024-06-04,8,Positive,StreamMax,48
3142,6,103,2025-01-23,8,Positive,MobileApp,138
3143,14,1812,2024-06-25,7,Positive,SmartTV,87
3144,13,1895,2024-08-31,5,Neutral,WebBrowser,150
3145,14,441,2024-10-24,6,Neutral,StreamMax,128
3146,11,1623,2025-04-08,4,Negative,StreamMax,3
3147,3,732,2024-11-02,5,Neutral,SmartTV,103
3148,12,1085,2024-12-11,9,Positive,WebBrowser,149
3149,12,312,2024-11-05,6,Neutral,TabletApp,82
3150,6,524,2024-11-11,9,Positive,WebBrowser,135
3151,11,310,2024-11-20,7,Positive,TabletApp,53
3152,13,890,2025-03-23,3,Negative,StreamMax,136
3153,14,1403,2024-10-06,5,Neutral,SmartTV,85
3154,4,230,2025-03-24,3,Negative,StreamMax,127
3155,5,1600,2024-09-19,5,Neutral,TabletApp,78
3156,8,370,2025-01-02,7,Positive,WebBrowser,116
3157,13,1906,2025-01-18,4,Negative,WebBrowser,141
3158,7,504,2024-08-08,10,Positive,StreamMax,118
3159,8,1686,2024-08-16,7,Positive,MobileApp,145
3160,7,305,2024-09-21,7,Positive,WebBrowser,137
3161,5,848,2024-09-19,4,Negative,StreamMax,9
3162,6,882,2025-04-01,9,Positive,MobileApp,126
3163,12,1968,2024-11-11,9,Positive,MobileApp,143
3164,10,332,2024-11-06,5,Neutral,MobileApp,19
3165,12,1383,2025-03-05,7,Positive,SmartTV,142
3166,6,152,2025-02-12,5,Neutral,WebBrowser,78
3167,7,527,2024-06-21,7,Positive,WebBrowser,0
3168,12,1025,2024-08-12,5,Neutral,MobileApp,62
3169,12,494,2024-09-03,3,Negative,SmartTV,64
3170,15,66,2025-02-19,3,Negative,SmartTV,96
3171,5,613,2024-07-24,5,Neutral,SmartTV,102
3172,6,743,2024-09-04,7,Positive,StreamMax,114
3173,11,403,2025-02-15,4,Negative,StreamMax,30
3174,14,506,2024-07-01,5,Neutral,WebBrowser,99
3175,5,936,2024-06-24,7,Positive,StreamMax,120
3176,12,497,2025-04-05,5,Neutral,StreamMax,24
3177,13,1580,2025-04-19,7,Positive,TabletApp,79
3178,10,794,2025-02-11,5,Neutral,MobileApp,145
3179,8,113,2024-06-03,6,Neutral,MobileApp,150
3180,11,1184,2024-07-26,9,Positive,TabletApp,18
3181,7,1427,2024-08-04,4,Negative,SmartTV,60
3182,14,1114,2025-04-21,5,Neutral,WebBrowser,81
3183,15,326,2024-09-10,7,Positive,TabletApp,108
3184,14,179,2024-10-03,3,Negative,TabletApp,11
3185,2,442,2025-03-07,10,Positive,WebBrowser,88
3186,3,461,2024-10-30,7,Positive,TabletApp,12
3187,11,1071,2024-10-16,10,Positive,SmartTV,103
3188,2,1545,2024-11-16,6,Neutral,SmartTV,133
3189,1,1307,2024-09-02,6,Neutral,TabletApp,7
3190,5,257,2025-01-14,6,Neutral,StreamMax,97
3191,12,1501,2025-01-06,7,Positive,TabletApp,65
3192,4,495,2025-04-03,8,Positive,StreamMax,148
3193,7,1368,2024-09-07,3,Negative,StreamMax,40
3194,5,1355,2024-08-28,10,Positive,StreamMax,77
3195,6,1333,2024-07-23,3,Negative,SmartTV,7
3196,15,76,2024-06-11,5,Neutral,StreamMax,115
3197,13,613,2025-02-11,10,Positive,MobileApp,114
3198,4,1068,2024-08-16,3,Negative,MobileApp,36
3199,7,1267,2024-12-18,10,Positive,MobileApp,62
3200,1,1099,2024-09-07,7,Positive,SmartTV,27
3201,14,720,2024-07-01,3,Negative,SmartTV,67
3202,9,1961,2024-06-13,2,Negative,SmartTV,77
3203,9,879,2025-04-07,3,Negative,WebBrowser,65
3204,2,1981,2025-01-13,4,Negative,TabletApp,21
3205,1,1112,2025-03-02,8,Positive,StreamMax,112
3206,7,95,2024-09-05,4,Negative,MobileApp,149
3207,13,1454,2024-12-04,6,Neutral,MobileApp,77
3208,13,284,2024-11-23,10,Positive,SmartTV,43
3209,8,1592,2024-10-07,4,Negative,SmartTV,111
3210,5,1980,2025-03-09,9,Positive,StreamMax,69
3211,8,547,2025-03-10,5,Neutral,WebBrowser,117
3212,8,1341,2024-10-29,10,Positive,MobileApp,116
3213,3,1179,2024-09-13,6,Neutral,WebBrowser,47
3214,9,981,2025-04-13,7,Positive,TabletApp,140
3215,6,638,2024-06-29,10,Positive,TabletApp,100
3216,8,1298,2024-09-28,4,Negative,WebBrowser,3
3217,14,1647,2024-06-11,4,Negative,StreamMax,73
3218,10,689,2025-04-11,8,Positive,TabletApp,84
3219,4,402,2024-07-09,8,Positive,MobileApp,101
3220,3,1077,2024-06-15,9,Positive,WebBrowser,43
3221,5,43,2024-10-02,3,Negative,TabletApp,120
3222,1,192,2024-08-20,10,Positive,WebBrowser,39
3223,11,1685,2024-11-25,10,Positive,SmartTV,42
3224,12,1443,2025-02-01,7,Positive,MobileApp,122
3225,7,243,2025-02-09,6,Neutral,MobileApp,112
3226,1,1892,2024-11-24,7,Positive,WebBrowser,139
3227,9,590,2024-06-23,3,Negative,SmartTV,128
3228,13,1272,2024-06-15,10,Positive,MobileApp,90
3229,1,110,2024-12-16,7,Positive,SmartTV,91
3230,11,37,2025-01-21,4,Negative,StreamMax,147
3231,2,1937,2025-03-18,3,Negative,MobileApp,134
3232,6,368,2024-07-14,6,Neutral,SmartTV,0
3233,11,971,2024-12-29,10,Positive,SmartTV,122
3234,8,400,2025-01-10,8,Positive,StreamMax,40
3235,15,786,2025-01-24,7,Positive,SmartTV,140
3236,7,1700,2024-11-22,8,Positive,TabletApp,129
3237,12,529,2024-06-24,8,Positive,SmartTV,103
3238,13,905,2025-04-20,3,Negative,StreamMax,75
3239,2,1469,2025-04-21,3,Negative,MobileApp,2
3240,4,899,2024-10-22,6,Neutral,SmartTV,59
3241,1,690,2024-06-09,9,Positive,MobileApp,71
3242,15,875,2024-07-05,7,Positive,StreamMax,100
3243,10,392,2025-03-31,8,Positive,TabletApp,90
3244,13,1517,2024-10-18,6,Neutral,WebBrowser,13
3245,9,947,2025-04-29,6,Neutral,MobileApp,5
3246,1,900,2025-01-12,10,Positive,MobileApp,6
3247,13,590,2024-06-10,6,Neutral,WebBrowser,139
3248,5,122,2024-08-11,8,Positive,WebBrowser,21
3249,3,372,2025-04-11,8,Positive,WebBrowser,18
3250,5,98,2024-11-16,7,Positive,TabletApp,46
3251,1,1117,2025-01-31,8,Positive,WebBrowser,40
3252,10,369,2025-02-27,7,Positive,TabletApp,44
3253,11,402,2024-10-25,3,Negative,StreamMax,37
3254,7,111,2024-11-12,8,Positive,TabletApp,37
3255,6,1298,2024-12-30,6,Neutral,MobileApp,9
3256,7,1005,2025-04-11,10,Positive,TabletApp,60
3257,3,1356,2025-02-16,4,Negative,WebBrowser,68
3258,11,78,2025-02-02,9,Positive,StreamMax,103
3259,9,3,2024-08-19,3,Negative,WebBrowser,113
3260,13,1103,2024-11-03,6,Neutral,SmartTV,33
3261,5,482,2024-11-06,9,Positive,TabletApp,89
3262,4,507,2024-06-21,2,Negative,SmartTV,129
3263,9,607,2025-04-03,8,Positive,WebBrowser,70
3264,13,1234,2024-12-15,6,Neutral,SmartTV,69
3265,13,633,2025-02-16,5,Neutral,WebBrowser,119
3266,1,1180,2024-12-29,10,Positive,StreamMax,39
3267,14,303,2025-01-29,5,Neutral,StreamMax,19
3268,10,492,2024-08-06,7,Positive,TabletApp,130
3269,7,634,2025-03-07,10,Positive,StreamMax,12
3270,12,820,2024-09-17,6,Neutral,SmartTV,87
3271,13,1719,2024-06-27,9,Positive,MobileApp,112
3272,4,398,2025-03-08,3,Negative,TabletApp,95
3273,2,799,2024-07-31,8,Positive,TabletApp,135
3274,3,81,2024-12-27,8,Positive,SmartTV,42
3275,6,1431,2025-03-06,5,Neutral,WebBrowser,144
3276,3,178,2024-08-17,7,Positive,MobileApp,116
3277,13,829,2025-02-28,7,Positive,MobileApp,18
3278,4,1389,2025-03-17,3,Negative,SmartTV,0
3279,4,164,2024-11-20,6,Neutral,SmartTV,82
3280,13,346,2025-01-07,10,Positive,SmartTV,69
3281,14,694,2024-12-11,3,Negative,StreamMax,35
3282,2,687,2025-01-12,8,Positive,TabletApp,119
3283,5,876,2024-07-17,6,Neutral,WebBrowser,14
3284,5,488,2024-08-11,4,Negative,SmartTV,93
3285,6,208,2024-10-01,3,Negative,TabletApp,26
3286,11,633,2025-04-19,9,Positive,MobileApp,22
3287,15,1727,2024-06-28,2,Negative,StreamMax,117
3288,2,797,2024-12-21,9,Positive,TabletApp,88
3289,13,1077,2024-10-31,7,Positive,StreamMax,41
3290,12,228,2025-02-12,8,Positive,MobileApp,50
3291,9,1791,2024-09-16,9,Positive,WebBrowser,27
3292,9,437,2024-10-18,8,Positive,TabletApp,128
3293,14,891,2024-10-25,4,Negative,TabletApp,41
3294,4,381,2025-01-04,4,Negative,StreamMax,112
3295,7,1152,2024-12-18,6,Neutral,TabletApp,30
3296,1,1161,2024-06-01,6,Neutral,StreamMax,90
3297,10,1144,2024-12-28,6,Neutral,StreamMax,104
3298,7,208,2024-08-08,9,Positive,WebBrowser,75
3299,12,221,2024-10-03,7,Positive,TabletApp,30
3300,14,848,2025-04-08,5,Neutral,StreamMax,130
3301,2,570,2025-03-08,9,Positive,StreamMax,35
3302,14,632,2025-03-20,7,Positive,MobileApp,80
3303,2,646,2024-10-28,4,Negative,SmartTV,56
3304,10,544,2025-03-03,7,Positive,WebBrowser,89
3305,11,642,2024-06-04,6,Neutral,WebBrowser,141
3306,10,768,2025-03-24,9,Positive,StreamMax,97
3307,13,226,2025-01-31,8,Positive,SmartTV,104
3308,1,1498,2024-11-08,7,Positive,MobileApp,134
3309,7,1501,2024-07-08,5,Neutral,SmartTV,53
3310,4,820,2024-07-30,6,Neutral,StreamMax,117
3311,10,172,2025-03-03,6,Neutral,SmartTV,29
3312,6,341,2025-04-08,7,Positive,SmartTV,27
3313,13,13,2024-07-25,8,Positive,TabletApp,146
3314,10,1052,2024-10-16,7,Positive,WebBrowser,87
3315,13,567,2024-08-16,5,Neutral,TabletApp,19
3316,4,1935,2024-09-08,4,Negative,MobileApp,112
3317,3,1895,2024-09-01,9,Positive,MobileApp,58
3318,12,1466,2024-06-27,10,Positive,SmartTV,39
3319,14,468,2025-04-04,4,Negative,StreamMax,115
3320,3,1512,2025-04-29,6,Neutral,StreamMax,150
3321,4,742,2024-12-29,6,Neutral,MobileApp,117
3322,3,524,2025-03-04,4,Negative,StreamMax,61
3323,4,501,2025-02-03,4,Negative,StreamMax,131
3324,3,460,2025-04-15,9,Positive,MobileApp,76
3325,11,1632,2024-09-01,8,Positive,WebBrowser,13
3326,11,159,2024-10-08,4,Negative,MobileApp,18
3327,1,1917,2024-10-05,9,Positive,StreamMax,54
3328,1,1270,2025-01-29,6,Neutral,MobileApp,78
3329,10,1400,2025-03-25,10,Positive,StreamMax,69
3330,6,908,2024-12-08,8,Positive,StreamMax,126
3331,9,671,2024-06-25,5,Neutral,StreamMax,102
3332,13,1349,2024-10-11,3,Negative,StreamMax,69
3333,5,179,2025-02-01,3,Negative,MobileApp,46
3334,11,1416,2024-08-11,9,Positive,StreamMax,37
3335,15,1772,2025-04-11,2,Negative,MobileApp,80
3336,6,96,2025-02-20,6,Neutral,MobileApp,3
3337,2,1321,2025-04-23,4,Negative,MobileApp,98
3338,11,1972,2024-07-07,5,Neutral,StreamMax,9
3339,11,1190,2025-04-02,10,Positive,SmartTV,132
3340,14,1732,2025-03-13,3,Negative,WebBrowser,1
3341,14,1202,2025-02-22,10,Positive,TabletApp,45
3342,3,1002,2025-01-08,6,Neutral,TabletApp,8
3343,13,526,2024-12-19,3,Negative,MobileApp,4
3344,11,1826,2024-08-31,6,Neutral,WebBrowser,96
3345,4,430,2024-12-02,10,Positive,StreamMax,5
3346,11,827,2024-10-07,3,Negative,WebBrowser,143
3347,6,280,2024-06-25,8,Positive,WebBrowser,122
3348,3,247,2024-12-23,10,Positive,TabletApp,135
3349,12,359,2024-06-27,9,Positive,WebBrowser,94
3350,1,1905,2024-10-16,8,Positive,WebBrowser,108
3351,7,614,2024-12-24,4,Negative,WebBrowser,71
3352,14,1990,2024-12-20,3,Negative,StreamMax,7
3353,9,1624,2024-08-16,5,Neutral,MobileApp,130
3354,9,1838,2024-06-11,6,Neutral,WebBrowser,79
3355,7,939,2025-04-04,4,Negative,SmartTV,26
3356,13,1176,2024-07-19,7,Positive,TabletApp,91
3357,3,924,2024-07-04,8,Positive,SmartTV,65
3358,12,1702,2024-06-15,7,Positive,StreamMax,133
3359,3,1673,2024-12-06,4,Negative,SmartTV,116
3360,4,704,2024-11-25,9,Positive,SmartTV,18
3361,8,1527,2025-01-24,6,Neutral,MobileApp,142
3362,9,295,2024-08-06,3,Negative,WebBrowser,119
3363,3,1604,2025-04-21,4,Negative,WebBrowser,142
3364,10,805,2025-01-13,10,Positive,WebBrowser,104
3365,11,593,2024-12-28,7,Positive,SmartTV,66
3366,1,1519,2024-06-28,8,Positive,TabletApp,9
3367,9,392,2024-08-01,2,Negative,WebBrowser,109
3368,3,1875,2024-06-30,3,Negative,SmartTV,120
3369,3,395,2025-03-16,3,Negative,WebBrowser,128
3370,9,399,2025-01-25,4,Negative,TabletApp,98
3371,13,1001,2024-11-29,9,Positive,WebBrowser,2
3372,15,505,2024-11-18,2,Negative,StreamMax,59
3373,6,622,2024-10-22,8,Positive,WebBrowser,106
3374,12,961,2024-09-03,3,Negative,StreamMax,102
3375,5,1744,2024-08-02,9,Positive,MobileApp,150
3376,2,725,2025-04-06,9,Positive,SmartTV,59
3377,1,1260,2024-11-11,10,Positive,MobileApp,88
3378,3,843,2024-06-19,9,Positive,TabletApp,122
3379,12,756,2024-06-29,6,Neutral,WebBrowser,149
3380,10,229,2024-09-25,6,Neutral,MobileApp,33
3381,2,874,2024-10-13,6,Neutral,SmartTV,2
3382,12,559,2024-09-30,3,Negative,TabletApp,133
3383,3,955,2024-07-22,7,Positive,StreamMax,38
3384,5,1825,2025-04-11,8,Positive,MobileApp,51
3385,15,599,2024-06-19,8,Positive,MobileApp,135
3386,13,780,2025-04-16,5,Neutral,TabletApp,70
3387,8,1377,2025-03-08,5,Neutral,StreamMax,26
3388,7,926,2025-03-15,4,Negative,WebBrowser,84
3389,14,404,2025-01-23,10,Positive,TabletApp,25
3390,5,327,2024-11-22,6,Neutral,WebBrowser,86
3391,8,1921,2024-08-22,9,Positive,TabletApp,69
3392,6,519,2024-12-24,7,Positive,SmartTV,93
3393,5,995,2025-04-21,10,Positive,SmartTV,86
3394,1,322,2025-01-10,9,Positive,StreamMax,79
3395,13,609,2024-11-03,3,Negative,TabletApp,83
3396,12,327,2024-07-06,3,Negative,SmartTV,65
3397,6,461,2024-06-23,3,Negative,TabletApp,36
3398,14,1805,2024-09-27,6,Neutral,StreamMax,123
3399,2,1557,2024-12-07,3,Negative,StreamMax,3
3400,9,1395,2024-06-11,5,Neutral,MobileApp,57
3401,2,965,2024-10-14,8,Positive,TabletApp,42
3402,9,50,2024-08-03,9,Positive,StreamMax,82
3403,6,529,2025-04-26,7,Positive,SmartTV,123
3404,2,1923,2024-07-20,10,Positive,SmartTV,112
3405,14,311,2024-12-20,7,Positive,SmartTV,101
3406,11,1137,2024-06-11,3,Negative,StreamMax,144
3407,2,1318,2025-02-02,6,Neutral,MobileApp,88
3408,7,1290,2025-03-14,7,Positive,StreamMax,59
3409,7,840,2024-06-17,10,Positive,MobileApp,95
3410,5,35,2024-10-22,9,Positive,StreamMax,8
3411,11,373,2025-01-13,4,Negative,WebBrowser,112
3412,11,374,2025-04-08,10,Positive,WebBrowser,58
3413,8,791,2024-08-04,4,Negative,TabletApp,148
3414,7,368,2024-10-27,10,Positive,WebBrowser,50
3415,11,1361,2024-07-21,8,Positive,TabletApp,76
3416,13,1523,2025-01-18,3,Negative,WebBrowser,32
3417,13,978,2024-07-29,9,Positive,StreamMax,130
3418,5,1870,2024-06-28,9,Positive,SmartTV,127
3419,7,646,2025-02-06,6,Neutral,SmartTV,1
3420,2,336,2025-01-07,9,Positive,TabletApp,137
3421,12,744,2025-03-28,9,Positive,WebBrowser,144
3422,2,447,2025-03-18,5,Neutral,SmartTV,62
3423,1,313,2024-07-10,5,Neutral,SmartTV,76
3424,9,69,2025-02-27,5,Neutral,MobileApp,119
3425,1,1928,2024-10-04,7,Positive,StreamMax,76
3426,2,1825,2024-07-25,8,Positive,WebBrowser,129
3427,15,590,2025-03-04,1,Negative,WebBrowser,47
3428,14,1299,2025-04-24,9,Positive,StreamMax,31
3429,1,893,2024-10-05,8,Positive,MobileApp,13
3430,2,181,2024-07-06,9,Positive,TabletApp,77
3431,5,1488,2024-07-31,9,Positive,SmartTV,94
3432,7,1017,2024-08-15,4,Negative,MobileApp,25
3433,10,1490,2025-02-22,9,Positive,StreamMax,2
3434,12,1637,2025-03-15,4,Negative,TabletApp,63
3435,11,884,2025-02-17,9,Positive,SmartTV,119
3436,8,1935,2025-03-25,6,Neutral,WebBrowser,3
3437,1,1947,2024-08-28,5,Neutral,MobileApp,44
3438,9,1543,2024-08-22,7,Positive,TabletApp,147
3439,9,1586,2024-09-29,1,Negative,WebBrowser,89
3440,8,1554,2024-12-10,4,Negative,StreamMax,54
3441,2,1994,2024-09-22,5,Neutral,WebBrowser,59
3442,9,1153,2025-03-03,2,Negative,SmartTV,145
3443,5,1189,2024-07-30,7,Positive,MobileApp,131
3444,3,1087,2025-03-01,7,Positive,MobileApp,42
3445,8,346,2025-04-08,4,Negative,SmartTV,139
3446,7,247,2024-10-25,9,Positive,StreamMax,5
3447,11,940,2025-04-08,9,Positive,WebBrowser,29
3448,6,297,2025-04-18,6,Neutral,SmartTV,50
3449,10,1101,2025-02-23,3,Negative,SmartTV,17
3450,5,291,2025-01-18,10,Positive,WebBrowser,63
3451,1,1242,2025-03-04,9,Positive,SmartTV,138
3452,4,1317,2025-04-15,5,Neutral,TabletApp,103
3453,6,1624,2025-01-18,7,Positive,TabletApp,145
3454,5,850,2024-08-05,5,Neutral,SmartTV,133
3455,1,1633,2024-12-19,3,Negative,TabletApp,121
3456,10,1830,2025-01-24,9,Positive,SmartTV,87
3457,11,1744,2024-09-01,8,Positive,TabletApp,87
3458,13,1359,2024-08-02,10,Positive,StreamMax,87
3459,3,1712,2024-08-25,10,Positive,MobileApp,123
3460,3,1589,2024-08-29,7,Positive,TabletApp,79
3461,3,576,2024-06-05,3,Negative,TabletApp,86
3462,4,921,2025-04-29,6,Neutral,WebBrowser,17
3463,4,1555,2025-01-16,5,Neutral,TabletApp,44
3464,6,368,2024-09-09,7,Positive,SmartTV,36
3465,14,880,2024-09-02,10,Positive,TabletApp,33
3466,7,34,2025-03-28,8,Positive,SmartTV,49
3467,11,650,2024-06-23,9,Positive,StreamMax,95
3468,15,233,2025-02-03,4,Negative,TabletApp,15
3469,2,240,2024-10-30,7,Positive,TabletApp,140
3470,11,1135,2024-07-13,6,Neutral,StreamMax,83
3471,14,299,2024-10-03,9,Positive,StreamMax,31
3472,1,1574,2024-11-30,8,Positive,MobileApp,31
3473,15,893,2024-11-29,5,Neutral,MobileApp,8
3474,8,904,2025-04-10,9,Positive,TabletApp,142
3475,14,1657,2025-03-03,10,Positive,SmartTV,83
3476,10,1748,2024-09-16,6,Neutral,MobileApp,34
3477,7,1008,2025-04-16,5,Neutral,TabletApp,59
3478,15,817,2024-11-13,6,Neutral,SmartTV,25
3479,4,1984,2025-04-02,8,Positive,WebBrowser,102
3480,13,707,2024-06-08,10,Positive,MobileApp,66
3481,2,1889,2024-07-16,8,Positive,TabletApp,38
3482,9,1703,2024-08-28,6,Neutral,WebBrowser,10
3483,12,753,2024-09-13,3,Negative,MobileApp,111
3484,14,971,2024-11-06,8,Positive,SmartTV,24
3485,7,641,2024-10-20,7,Positive,TabletApp,29
3486,7,1955,2024-09-27,5,Neutral,SmartTV,63
3487,3,1003,2025-01-31,4,Negative,SmartTV,39
3488,13,677,2024-12-07,9,Positive,SmartTV,96
3489,9,1134,2024-12-16,5,Neutral,TabletApp,1
3490,4,723,2024-07-02,4,Negative,TabletApp,64
3491,11,1281,2025-02-05,8,Positive,MobileApp,58
3492,7,1807,2025-01-14,10,Positive,WebBrowser,145
3493,12,1386,2024-09-07,9,Positive,MobileApp,149
3494,5,1940,2024-09-01,8,Positive,StreamMax,126
3495,10,1929,2025-01-04,5,Neutral,StreamMax,27
3496,6,308,2024-09-28,10,Positive,MobileApp,148
3497,9,469,2024-10-20,1,Negative,StreamMax,18
3498,2,222,2024-08-23,8,Positive,StreamMax,19
3499,7,797,2024-07-18,7,Positive,MobileApp,64
3500,5,1023,2025-04-19,10,Positive,StreamMax,94
3501,1,92,2025-01-17,8,Positive,SmartTV,26
3502,6,712,2024-10-25,7,Positive,WebBrowser,144
3503,6,1960,2024-11-22,5,Neutral,StreamMax,7
3504,14,1990,2025-01-15,4,Negative,StreamMax,4
3505,13,311,2024-09-02,4,Negative,SmartTV,37
3506,5,450,2024-12-30,4,Negative,StreamMax,17
3507,11,1354,2024-12-05,7,Positive,WebBrowser,44
3508,8,1552,2024-10-15,9,Positive,StreamMax,11
3509,12,430,2024-10-16,9,Positive,StreamMax,81
3510,1,1200,2024-12-04,10,Positive,WebBrowser,102
3511,2,857,2024-11-26,3,Negative,MobileApp,89
3512,14,898,2025-04-09,3,Negative,WebBrowser,11
3513,10,774,2025-01-24,6,Neutral,MobileApp,7
3514,14,1288,2024-10-04,6,Neutral,MobileApp,107
3515,12,1682,2024-08-27,7,Positive,SmartTV,149
3516,6,1643,2024-09-06,5,Neutral,TabletApp,58
3517,6,841,2024-06-21,3,Negative,SmartTV,150
3518,4,350,2024-09-08,5,Neutral,SmartTV,72
3519,8,1134,2024-10-28,10,Positive,StreamMax,53
3520,2,1927,2024-12-05,10,Positive,SmartTV,44
3521,13,1843,2024-12-29,6,Neutral,TabletApp,33
3522,2,57,2024-11-21,7,Positive,StreamMax,66
3523,4,23,2025-01-28,4,Negative,SmartTV,84
3524,10,336,2024-10-11,3,Negative,SmartTV,142
3525,5,580,2024-11-10,6,Neutral,WebBrowser,28
3526,7,55,2025-04-12,8,Positive,SmartTV,144
3527,15,1558,2024-10-02,10,Positive,TabletApp,65
3528,1,1786,2024-12-19,9,Positive,WebBrowser,52
3529,5,1480,2024-11-24,7,Positive,WebBrowser,49
3530,11,1027,2025-02-19,8,Positive,SmartTV,143
3531,8,44,2025-02-02,8,Positive,MobileApp,142
3532,7,1729,2024-08-16,7,Positive,SmartTV,76
3533,6,1444,2025-03-15,7,Positive,TabletApp,71
3534,7,1499,2024-06-05,8,Positive,MobileApp,95
3535,7,1153,2024-12-12,9,Positive,StreamMax,127
3536,2,471,2024-10-04,10,Positive,WebBrowser,123
3537,7,567,2025-01-28,10,Positive,SmartTV,36
3538,3,1577,2024-10-13,8,Positive,MobileApp,60
3539,14,940,2025-01-31,8,Positive,SmartTV,93
3540,4,906,2025-01-10,6,Neutral,TabletApp,101
3541,5,161,2025-03-30,5,Neutral,StreamMax,17
3542,5,505,2024-11-15,4,Negative,TabletApp,48
3543,7,1885,2025-01-13,8,Positive,TabletApp,9
3544,15,1432,2024-07-09,7,Positive,WebBrowser,7
3545,6,1873,2024-07-21,9,Positive,TabletApp,78
3546,6,1252,2024-11-27,10,Positive,StreamMax,13
3547,14,1184,2024-07-09,10,Positive,SmartTV,133
3548,13,1265,2024-09-22,3,Negative,SmartTV,136
3549,14,431,2025-02-27,8,Positive,StreamMax,97
3550,2,1496,2025-01-21,5,Neutral,WebBrowser,145
3551,3,1741,2024-11-17,4,Negative,WebBrowser,114
3552,6,1989,2024-06-01,4,Negative,TabletApp,74
3553,11,1354,2025-02-17,10,Positive,TabletApp,128
3554,8,1813,2025-02-18,3,Negative,SmartTV,39
3555,9,1427,2025-04-12,8,Positive,WebBrowser,63
3556,8,825,2024-10-29,7,Positive,StreamMax,96
3557,10,817,2024-08-24,4,Negative,SmartTV,73
3558,6,512,2024-12-20,7,Positive,StreamMax,100
3559,9,233,2025-04-09,4,Negative,TabletApp,55
3560,15,921,2024-11-27,8,Positive,SmartTV,47
3561,1,848,2025-03-14,10,Positive,SmartTV,49
3562,7,205,2024-12-15,8,Positive,TabletApp,26
3563,14,998,2024-09-06,3,Negative,WebBrowser,32
3564,6,1837,2025-04-22,8,Positive,TabletApp,32
3565,3,1326,2025-03-25,6,Neutral,WebBrowser,48
3566,6,1073,2025-01-30,4,Negative,StreamMax,20
3567,2,786,2024-11-27,9,Positive,WebBrowser,138
3568,14,99,2024-10-26,10,Positive,StreamMax,62
3569,1,1051,2024-06-13,8,Positive,SmartTV,38
3570,2,1768,2024-06-29,5,Neutral,SmartTV,118
3571,7,17,2025-04-20,3,Negative,WebBrowser,84
3572,1,1119,2024-10-19,10,Positive,MobileApp,102
3573,11,1133,2024-09-28,9,Positive,MobileApp,59
3574,3,9,2024-06-16,9,Positive,TabletApp,117
3575,9,1852,2024-07-04,6,Neutral,StreamMax,123
3576,5,1314,2025-04-28,9,Positive,MobileApp,98
3577,14,326,2024-10-27,6,Neutral,SmartTV,66
3578,10,1083,2024-10-21,3,Negative,MobileApp,50
3579,14,906,2024-12-12,8,Positive,MobileApp,35
3580,4,614,2024-09-07,1,Negative,StreamMax,133
3581,12,817,2024-12-21,9,Positive,MobileApp,27
3582,13,1320,2024-10-23,7,Positive,SmartTV,27
3583,13,627,2024-10-11,5,Neutral,TabletApp,96
3584,3,564,2025-04-16,9,Positive,WebBrowser,45
3585,6,421,2025-04-03,9,Positive,WebBrowser,84
3586,8,359,2025-01-26,9,Positive,TabletApp,103
3587,6,933,2025-02-24,6,Neutral,SmartTV,31
3588,2,694,2025-03-11,8,Positive,TabletApp,103
3589,15,422,2024-06-19,1,Negative,MobileApp,32
3590,14,695,2025-03-22,10,Positive,WebBrowser,18
3591,3,1465,2024-11-14,10,Positive,MobileApp,2
3592,14,377,2024-12-25,4,Negative,MobileApp,92
3593,13,731,2024-12-14,6,Neutral,StreamMax,10
3594,5,1691,2024-07-16,8,Positive,MobileApp,120
3595,9,1640,2024-12-11,7,Positive,StreamMax,21
3596,5,1805,2024-10-26,10,Positive,MobileApp,51
3597,9,1368,2024-11-04,5,Neutral,TabletApp,20
3598,9,129,2025-03-14,2,Negative,StreamMax,29
3599,1,23,2024-12-08,10,Positive,SmartTV,120
3600,6,371,2025-04-24,7,Positive,SmartTV,56
3601,1,1562,2025-04-23,10,Positive,WebBrowser,58
3602,1,1282,2025-02-22,3,Negative,SmartTV,103
3603,7,1570,2024-11-13,8,Positive,WebBrowser,134
3604,5,15,2025-02-08,5,Neutral,WebBrowser,137
3605,2,755,2024-06-02,8,Positive,TabletApp,146
3606,5,501,2024-12-21,4,Negative,TabletApp,25
3607,10,492,2025-03-05,3,Negative,StreamMax,21
3608,6,1752,2025-04-29,4,Negative,TabletApp,73
3609,11,1781,2024-09-09,6,Neutral,MobileApp,150
3610,11,1276,2025-02-02,3,Negative,MobileApp,65
3611,3,900,2025-04-01,4,Negative,WebBrowser,103
3612,8,59,2024-06-04,10,Positive,SmartTV,64
3613,15,102,2025-01-03,6,Neutral,StreamMax,131
3614,11,1990,2025-03-04,8,Positive,SmartTV,92
3615,4,296,2024-08-26,1,Negative,SmartTV,110
3616,15,1335,2025-01-20,5,Neutral,WebBrowser,149
3617,4,677,2024-09-15,7,Positive,SmartTV,90
3618,12,643,2025-04-16,7,Positive,StreamMax,68
3619,4,522,2024-07-23,5,Neutral,WebBrowser,102
3620,5,1189,2025-01-06,8,Positive,StreamMax,100
3621,6,521,2025-02-21,3,Negative,SmartTV,49
3622,1,1738,2024-09-16,9,Positive,TabletApp,110
3623,10,364,2025-01-08,4,Negative,TabletApp,85
3624,14,164,2024-11-04,9,Positive,MobileApp,137
3625,3,816,2025-03-07,10,Positive,TabletApp,87
3626,4,1444,2024-06-28,3,Negative,MobileApp,138
3627,7,208,2024-11-24,4,Negative,SmartTV,13
3628,15,777,2024-08-10,7,Positive,TabletApp,87
3629,7,566,2024-11-09,8,Positive,MobileApp,98
3630,6,1280,2024-07-04,5,Neutral,WebBrowser,14
3631,9,1020,2025-03-17,6,Neutral,StreamMax,42
3632,4,791,2025-01-23,4,Negative,StreamMax,11
3633,1,1286,2024-07-31,9,Positive,TabletApp,22
3634,8,160,2025-04-26,7,Positive,MobileApp,2
3635,13,156,2024-12-06,9,Positive,WebBrowser,2
3636,4,874,2025-02-04,8,Positive,StreamMax,137
3637,3,1573,2024-08-28,7,Positive,MobileApp,111
3638,4,310,2025-03-31,8,Positive,MobileApp,69
3639,11,1753,2025-03-29,10,Positive,WebBrowser,22
3640,9,1513,2025-03-10,6,Neutral,WebBrowser,18
3641,1,290,2024-11-19,9,Positive,SmartTV,135
3642,11,1030,2025-02-18,9,Positive,MobileApp,77
3643,1,337,2024-12-19,9,Positive,WebBrowser,81
3644,8,1771,2024-09-15,10,Positive,MobileApp,61
3645,12,29,2025-01-06,10,Positive,TabletApp,21
3646,6,1480,2025-02-20,6,Neutral,SmartTV,40
3647,12,1079,2024-12-22,6,Neutral,MobileApp,100
3648,10,1343,2024-07-06,8,Positive,TabletApp,82
3649,9,1434,2025-04-25,5,Neutral,WebBrowser,89
3650,8,76,2024-09-29,4,Negative,SmartTV,74
3651,12,793,2024-10-01,6,Neutral,SmartTV,67
3652,12,1870,2025-01-26,8,Positive,TabletApp,129
3653,9,284,2025-01-10,5,Neutral,StreamMax,120
3654,9,1600,2025-03-16,9,Positive,TabletApp,98
3655,15,586,2024-11-11,3,Negative,SmartTV,15
3656,4,1723,2024-10-12,4,Negative,TabletApp,148
3657,9,1169,2024-10-22,7,Positive,StreamMax,25
3658,4,302,2025-02-22,3,Negative,SmartTV,90
3659,4,1199,2025-03-02,9,Positive,SmartTV,111
3660,15,1545,2024-07-05,8,Positive,TabletApp,89
3661,7,1720,2024-08-23,10,Positive,WebBrowser,14
3662,10,1662,2024-08-16,4,Negative,SmartTV,121
3663,6,1812,2024-09-21,4,Negative,SmartTV,66
3664,1,508,2024-06-18,9,Positive,WebBrowser,11
3665,13,1307,2025-01-13,6,Neutral,MobileApp,50
3666,10,1978,2024-11-19,4,Negative,TabletApp,124
3667,4,678,2024-10-04,2,Negative,SmartTV,138
3668,6,189,2025-01-19,9,Positive,MobileApp,125
3669,9,1277,2024-12-19,6,Neutral,SmartTV,41
3670,2,1379,2024-06-18,9,Positive,SmartTV,74
3671,11,1489,2024-09-20,5,Neutral,WebBrowser,3
3672,3,1291,2025-03-24,5,Neutral,TabletApp,142
3673,4,1810,2024-12-12,3,Negative,StreamMax,31
3674,9,282,2024-06-11,5,Neutral,StreamMax,35
3675,13,1218,2024-09-19,10,Positive,SmartTV,139
3676,10,774,2024-12-24,7,Positive,StreamMax,17
3677,1,709,2024-09-10,9,Positive,StreamMax,124
3678,3,1745,2024-09-14,8,Positive,TabletApp,129
3679,12,1558,2024-12-03,3,Negative,WebBrowser,55
3680,1,503,2024-12-24,7,Positive,MobileApp,37
3681,1,1244,2025-02-19,8,Positive,StreamMax,45
3682,9,748,2024-11-01,5,Neutral,StreamMax,66
3683,8,828,2024-11-20,3,Negative,WebBrowser,26
3684,4,910,2024-11-05,9,Positive,MobileApp,51
3685,9,1989,2024-11-18,5,Neutral,TabletApp,22
3686,3,1607,2024-12-30,3,Negative,MobileApp,76
3687,10,614,2025-01-20,3,Negative,MobileApp,97
3688,9,722,2025-01-28,7,Positive,StreamMax,85
3689,1,840,2024-09-30,9,Positive,WebBrowser,21
3690,5,831,2024-11-08,10,Positive,TabletApp,23
3691,3,397,2024-06-09,4,Negative,WebBrowser,20
3692,10,1571,2025-02-23,10,Positive,MobileApp,112
3693,1,213,2025-03-18,10,Positive,WebBrowser,77
3694,3,171,2024-07-12,5,Neutral,StreamMax,124
3695,3,71,2024-09-08,9,Positive,WebBrowser,127
3696,6,547,2024-07-13,3,Negative,SmartTV,114
3697,2,856,2024-12-12,7,Positive,MobileApp,77
3698,4,1854,2024-10-08,7,Positive,SmartTV,17
3699,15,445,2024-08-14,3,Negative,TabletApp,135
3700,14,308,2025-02-23,9,Positive,SmartTV,3
3701,5,150,2024-08-07,3,Negative,TabletApp,86
3702,9,111,2024-08-10,3,Negative,MobileApp,136
3703,15,924,2024-11-08,7,Positive,SmartTV,19
3704,6,714,2025-01-22,4,Negative,TabletApp,126
3705,5,916,2024-08-21,3,Negative,WebBrowser,29
3706,2,930,2025-03-18,10,Positive,WebBrowser,96
3707,5,1286,2024-11-03,3,Negative,TabletApp,114
3708,8,203,2024-10-31,7,Positive,WebBrowser,72
3709,11,1499,2024-08-01,8,Positive,SmartTV,121
3710,12,835,2024-12-22,4,Negative,MobileApp,150
3711,10,700,2025-01-05,4,Negative,SmartTV,148
3712,12,920,2024-12-05,8,Positive,WebBrowser,29
3713,5,1364,2025-01-31,9,Positive,TabletApp,46
3714,7,632,2025-02-25,4,Negative,TabletApp,6
3715,15,766,2024-07-22,6,Neutral,TabletApp,143
3716,3,1777,2024-06-24,10,Positive,StreamMax,14
3717,13,778,2024-07-19,6,Neutral,MobileApp,28
3718,3,1672,2025-03-28,8,Positive,TabletApp,27
3719,10,1585,2025-03-02,9,Positive,WebBrowser,13
3720,6,191,2024-07-26,4,Negative,WebBrowser,34
3721,9,1455,2025-01-31,6,Neutral,MobileApp,139
3722,1,1719,2024-11-08,10,Positive,StreamMax,149
3723,14,1529,2024-06-04,3,Negative,MobileApp,14
3724,5,202,2025-04-16,4,Negative,SmartTV,121
3725,8,497,2024-12-29,4,Negative,TabletApp,111
3726,9,1679,2025-03-18,4,Negative,MobileApp,47
3727,4,117,2024-07-09,2,Negative,StreamMax,121
3728,13,1297,2025-01-14,7,Positive,WebBrowser,70
3729,9,631,2024-08-04,5,Neutral,StreamMax,63
3730,13,1228,2025-02-02,3,Negative,StreamMax,46
3731,11,1776,2024-12-18,4,Negative,MobileApp,147
3732,8,1157,2025-04-23,9,Positive,TabletApp,149
3733,2,260,2024-09-17,9,Positive,MobileApp,79
3734,5,1126,2024-08-24,4,Negative,SmartTV,89
3735,4,851,2024-09-07,8,Positive,MobileApp,30
3736,1,244,2024-08-25,10,Positive,MobileApp,61
3737,15,765,2025-02-22,5,Neutral,WebBrowser,133
3738,5,990,2024-08-25,10,Positive,SmartTV,144
3739,14,1095,2025-03-22,3,Negative,StreamMax,32
3740,1,21,2025-02-20,5,Neutral,StreamMax,136
3741,10,1500,2024-09-19,6,Neutral,WebBrowser,98
3742,1,1657,2024-11-09,5,Neutral,StreamMax,78
3743,2,1191,2024-08-01,9,Positive,StreamMax,149
3744,12,895,2025-02-18,5,Neutral,MobileApp,23
3745,3,138,2024-11-03,4,Negative,SmartTV,58
3746,1,1869,2024-08-17,9,Positive,StreamMax,136
3747,14,76,2024-09-23,3,Negative,SmartTV,70
3748,5,926,2024-10-05,6,Neutral,MobileApp,107
3749,3,346,2025-03-06,8,Positive,WebBrowser,116
3750,13,1611,2024-10-31,3,Negative,TabletApp,132
3751,3,838,2024-08-02,9,Positive,MobileApp,148
3752,12,773,2024-09-21,9,Positive,MobileApp,91
3753,7,1414,2025-04-24,6,Neutral,SmartTV,49
3754,12,543,2025-02-22,7,Positive,StreamMax,50
3755,15,483,2024-11-28,4,Negative,StreamMax,79
3756,2,773,2025-04-25,7,Positive,WebBrowser,94
3757,3,1623,2024-07-14,10,Positive,MobileApp,138
3758,7,305,2024-12-02,10,Positive,MobileApp,84
3759,14,1380,2024-10-23,8,Positive,StreamMax,53
3760,10,677,2025-01-27,6,Neutral,MobileApp,3
3761,10,1644,2025-01-06,3,Negative,MobileApp,88
3762,9,1771,2024-06-18,6,Neutral,MobileApp,84
3763,12,642,2024-06-15,8,Positive,WebBrowser,139
3764,12,204,2024-07-26,9,Positive,TabletApp,31
3765,3,1739,2024-07-17,3,Negative,StreamMax,108
3766,11,1154,2024-10-23,3,Negative,SmartTV,150
3767,13,400,2025-03-12,9,Positive,WebBrowser,53
3768,13,407,2025-02-03,10,Positive,StreamMax,89
3769,2,419,2024-08-04,4,Negative,WebBrowser,61
3770,5,1273,2025-02-09,8,Positive,TabletApp,6
3771,14,1752,2024-07-12,8,Positive,SmartTV,67
3772,12,1348,2025-04-12,7,Positive,SmartTV,46
3773,7,1602,2024-11-11,6,Neutral,TabletApp,115
3774,2,1160,2024-08-31,7,Positive,WebBrowser,112
3775,8,1194,2024-11-28,8,Positive,StreamMax,85
3776,10,1766,2024-09-07,4,Negative,MobileApp,3
3777,11,1230,2025-03-31,8,Positive,TabletApp,86
3778,14,1378,2025-01-24,6,Neutral,MobileApp,23
3779,12,1682,2024-07-22,8,Positive,TabletApp,15
3780,15,1895,2025-02-16,7,Positive,WebBrowser,66
3781,6,608,2024-07-21,3,Negative,StreamMax,17
3782,5,198,2025-04-13,6,Neutral,TabletApp,141
3783,1,1775,2025-03-14,10,Positive,SmartTV,108
3784,11,1168,2025-02-13,10,Positive,StreamMax,26
3785,7,1575,2024-06-16,5,Neutral,MobileApp,55
3786,2,559,2024-06-06,6,Neutral,MobileApp,67
3787,14,111,2024-06-02,7,Positive,TabletApp,26
3788,4,1879,2025-04-19,7,Positive,StreamMax,40
3789,6,383,2024-07-20,7,Positive,MobileApp,0
3790,4,1232,2025-03-10,3,Negative,StreamMax,58
3791,14,1034,2025-04-05,10,Positive,StreamMax,126
3792,12,1075,2024-11-11,7,Positive,WebBrowser,35
3793,15,133,2025-03-31,4,Negative,TabletApp,54
3794,6,1380,2024-09-05,4,Negative,StreamMax,39
3795,11,13,2024-06-07,3,Negative,TabletApp,74
3796,4,1820,2024-09-12,4,Negative,WebBrowser,119
3797,15,617,2025-01-30,7,Positive,SmartTV,117
3798,2,772,2024-07-09,7,Positive,TabletApp,42
3799,11,1474,2024-07-27,7,Positive,TabletApp,4
3800,1,283,2024-10-18,6,Neutral,MobileApp,62
3801,6,356,2025-04-28,3,Negative,MobileApp,32
3802,13,950,2024-08-04,10,Positive,SmartTV,91
3803,6,299,2024-12-19,4,Negative,MobileApp,113
3804,14,725,2025-03-13,9,Positive,MobileApp,115
3805,5,1926,2025-01-06,3,Negative,TabletApp,73
3806,4,1175,2024-11-18,4,Negative,MobileApp,109
3807,3,926,2025-04-04,7,Positive,SmartTV,148
3808,11,1082,2024-06-09,8,Positive,TabletApp,21
3809,10,1594,2024-10-25,7,Positive,WebBrowser,89
3810,8,1492,2024-12-09,9,Positive,StreamMax,23
3811,9,1910,2025-02-19,8,Positive,SmartTV,121
3812,4,956,2024-06-30,6,Neutral,TabletApp,140
3813,5,1603,2024-11-10,6,Neutral,TabletApp,68
3814,2,1611,2025-03-08,5,Neutral,SmartTV,13
3815,10,1843,2025-04-16,4,Negative,SmartTV,72
3816,5,1712,2025-01-28,7,Positive,MobileApp,33
3817,15,1791,2024-08-25,6,Neutral,TabletApp,96
3818,12,1148,2025-02-19,7,Positive,TabletApp,48
3819,11,159,2025-04-17,3,Negative,MobileApp,144
3820,4,1354,2024-06-01,4,Negative,MobileApp,35
3821,15,705,2024-09-10,5,Neutral,SmartTV,15
3822,9,349,2024-07-04,3,Negative,SmartTV,8
3823,10,1333,2024-11-30,9,Positive,TabletApp,70
3824,12,885,2024-10-23,8,Positive,SmartTV,89
3825,2,1660,2024-10-01,3,Negative,TabletApp,14
3826,14,1367,2024-09-06,10,Positive,WebBrowser,1
3827,3,972,2024-08-30,7,Positive,WebBrowser,145
3828,5,1494,2025-04-04,8,Positive,SmartTV,106
3829,8,905,2024-12-28,9,Positive,TabletApp,115
3830,4,1546,2024-10-08,3,Negative,SmartTV,123
3831,9,545,2025-01-09,6,Neutral,TabletApp,101
3832,13,458,2024-06-12,10,Positive,TabletApp,47
3833,1,1443,2024-07-25,7,Positive,MobileApp,11
3834,7,1874,2024-10-04,7,Positive,SmartTV,33
3835,8,1953,2024-08-24,5,Neutral,MobileApp,88
3836,11,1486,2025-01-01,8,Positive,SmartTV,103
3837,1,1566,2024-06-28,8,Positive,TabletApp,75
3838,6,1919,2025-01-23,6,Neutral,WebBrowser,84
3839,6,1265,2024-08-29,6,Neutral,WebBrowser,93
3840,4,1007,2024-12-01,9,Positive,StreamMax,87
3841,5,1913,2024-09-09,9,Positive,TabletApp,5
3842,4,404,2024-10-06,7,Positive,MobileApp,140
3843,13,14,2024-09-24,3,Negative,MobileApp,41
3844,8,1487,2024-08-08,7,Positive,StreamMax,142
3845,1,69,2025-02-25,2,Negative,StreamMax,70
3846,4,176,2024-12-20,4,Negative,TabletApp,85
3847,15,1322,2024-08-07,3,Negative,WebBrowser,116
3848,9,1038,2025-03-04,6,Neutral,StreamMax,9
3849,9,1220,2024-06-22,4,Negative,TabletApp,148
3850,4,376,2024-08-07,7,Positive,MobileApp,129
3851,11,124,2024-12-26,6,Neutral,TabletApp,83
3852,6,1495,2024-07-19,6,Neutral,WebBrowser,18
3853,14,1245,2025-01-29,7,Positive,WebBrowser,98
3854,10,391,2024-06-04,3,Negative,SmartTV,28
3855,2,319,2025-01-03,5,Neutral,MobileApp,108
3856,3,1822,2025-03-16,5,Neutral,WebBrowser,103
3857,12,1783,2024-09-07,10,Positive,TabletApp,65
3858,9,829,2024-08-07,7,Positive,StreamMax,62
3859,8,289,2025-01-28,10,Positive,SmartTV,1
3860,10,372,2024-12-16,6,Neutral,StreamMax,25
3861,2,1622,2024-08-29,6,Neutral,WebBrowser,142
3862,12,1943,2024-12-08,8,Positive,MobileApp,25
3863,3,870,2025-04-06,6,Neutral,MobileApp,125
3864,12,820,2025-02-20,8,Positive,MobileApp,112
3865,14,556,2024-12-07,6,Neutral,TabletApp,101
3866,10,1255,2025-02-12,5,Neutral,SmartTV,57
3867,2,1899,2024-07-03,4,Negative,TabletApp,4
3868,2,946,2025-02-22,10,Positive,TabletApp,81
3869,11,221,2024-06-03,7,Positive,SmartTV,71
3870,6,1576,2024-12-23,4,Negative,StreamMax,2
3871,1,172,2025-02-09,9,Positive,TabletApp,85
3872,3,1131,2025-03-18,10,Positive,MobileApp,9
3873,5,737,2025-01-31,3,Negative,SmartTV,75
3874,14,1604,2025-02-26,7,Positive,TabletApp,135
3875,1,16,2024-09-01,9,Positive,TabletApp,62
3876,3,667,2024-07-10,3,Negative,WebBrowser,107
3877,3,1486,2025-02-10,5,Neutral,TabletApp,62
3878,1,602,2024-10-09,10,Positive,TabletApp,143
3879,1,786,2024-12-01,10,Positive,SmartTV,80
3880,13,1647,2024-08-15,3,Negative,MobileApp,96
3881,11,1300,2024-12-05,3,Negative,MobileApp,80
3882,14,1131,2025-02-16,10,Positive,WebBrowser,96
3883,8,23,2024-09-02,9,Positive,WebBrowser,60
3884,2,816,2024-10-23,4,Negative,SmartTV,74
3885,8,598,2024-10-15,5,Neutral,MobileApp,12
3886,4,1420,2024-06-11,5,Neutral,MobileApp,24
3887,15,247,2024-08-01,6,Neutral,WebBrowser,67
3888,3,919,2024-06-07,6,Neutral,SmartTV,2
3889,1,1984,2024-09-20,9,Positive,StreamMax,44
3890,7,1148,2025-01-27,7,Positive,StreamMax,55
3891,12,83,2024-12-20,7,Positive,MobileApp,29
3892,13,165,2024-08-30,9,Positive,TabletApp,26
3893,2,139,2025-03-26,7,Positive,MobileApp,32
3894,1,831,2025-03-16,9,Positive,TabletApp,127
3895,11,1301,2024-08-12,5,Neutral,MobileApp,73
3896,9,99,2025-02-10,9,Positive,StreamMax,133
3897,12,1762,2025-04-06,4,Negative,StreamMax,110
3898,12,163,2025-04-11,8,Positive,MobileApp,37
3899,14,1390,2024-06-19,6,Neutral,MobileApp,121
3900,5,368,2024-10-20,10,Positive,WebBrowser,143
3901,11,1066,2025-03-07,6,Neutral,WebBrowser,134
3902,8,1115,2025-02-24,6,Neutral,TabletApp,132
3903,9,441,2024-08-16,9,Positive,WebBrowser,67
3904,15,962,2025-02-09,5,Neutral,WebBrowser,128
3905,15,1224,2025-02-21,4,Negative,StreamMax,41
3906,10,1892,2025-03-26,7,Positive,MobileApp,130
3907,4,1398,2024-09-26,2,Negative,WebBrowser,78
3908,11,792,2024-12-27,8,Positive,StreamMax,128
3909,6,62,2024-12-17,9,Positive,WebBrowser,14
3910,1,213,2024-06-02,10,Positive,TabletApp,55
3911,1,201,2024-06-19,10,Positive,WebBrowser,137
3912,6,1988,2024-06-27,8,Positive,WebBrowser,140
3913,7,269,2025-04-08,6,Neutral,WebBrowser,64
3914,15,1754,2024-09-20,5,Neutral,TabletApp,47
3915,11,382,2025-01-30,3,Negative,WebBrowser,41
3916,12,613,2024-09-23,4,Negative,WebBrowser,88
3917,1,1951,2024-09-14,7,Positive,StreamMax,19
3918,15,421,2024-07-14,2,Negative,TabletApp,55
3919,4,89,2025-03-30,9,Positive,MobileApp,52
3920,3,92,2024-11-25,7,Positive,StreamMax,120
3921,8,648,2024-11-16,6,Neutral,SmartTV,138
3922,9,1268,2025-02-09,8,Positive,StreamMax,45
3923,14,1746,2024-07-10,10,Positive,MobileApp,4
3924,4,103,2024-09-20,5,Neutral,SmartTV,34
3925,12,424,2025-03-25,5,Neutral,MobileApp,105
3926,4,1591,2025-01-16,10,Positive,SmartTV,77
3927,15,452,2024-12-16,8,Positive,SmartTV,22
3928,8,1421,2024-09-22,10,Positive,MobileApp,78
3929,3,1722,2024-07-06,3,Negative,StreamMax,18
3930,11,842,2025-02-27,6,Neutral,TabletApp,10
3931,5,154,2024-11-07,10,Positive,SmartTV,122
3932,3,1228,2024-06-26,10,Positive,MobileApp,46
3933,11,388,2024-11-07,8,Positive,StreamMax,85
3934,13,1766,2024-08-28,4,Negative,StreamMax,21
3935,15,1348,2024-08-15,3,Negative,SmartTV,141
3936,10,1163,2025-03-07,9,Positive,StreamMax,106
3937,12,1962,2025-03-14,9,Positive,WebBrowser,126
3938,4,564,2024-11-14,4,Negative,MobileApp,19
3939,15,638,2024-08-11,7,Positive,SmartTV,104
3940,2,1853,2024-12-03,5,Neutral,MobileApp,110
3941,2,1832,2025-01-25,3,Negative,WebBrowser,58
3942,4,469,2024-07-24,7,Positive,SmartTV,6
3943,9,16,2025-02-23,1,Negative,TabletApp,75
3944,5,587,2025-04-18,8,Positive,MobileApp,2
3945,4,1510,2025-03-24,7,Positive,StreamMax,145
3946,1,1137,2025-03-16,9,Positive,WebBrowser,104
3947,9,1810,2024-10-22,3,Negative,MobileApp,116
3948,14,780,2024-09-19,6,Neutral,MobileApp,40
3949,5,1492,2024-09-08,6,Neutral,StreamMax,130
3950,9,1339,2024-07-29,5,Neutral,StreamMax,147
3951,2,1249,2024-08-02,6,Neutral,StreamMax,135
3952,14,1126,2024-11-24,7,Positive,SmartTV,145
3953,5,634,2025-04-20,7,Positive,StreamMax,33
3954,8,723,2024-10-31,4,Negative,TabletApp,9
3955,10,1469,2024-12-07,3,Negative,WebBrowser,21
3956,13,1984,2024-07-14,8,Positive,TabletApp,41
3957,4,537,2024-11-02,9,Positive,MobileApp,108
3958,14,1802,2024-08-12,10,Positive,WebBrowser,56
3959,11,910,2024-10-01,4,Negative,MobileApp,112
3960,13,1444,2024-11-07,7,Positive,TabletApp,112
3961,2,728,2024-12-31,7,Positive,MobileApp,145
3962,9,883,2024-09-21,9,Positive,WebBrowser,39
3963,7,398,2024-07-07,9,Positive,SmartTV,130
3964,7,630,2024-11-11,7,Positive,TabletApp,90
3965,1,1460,2024-11-17,8,Positive,StreamMax,81
3966,2,1613,2025-04-29,8,Positive,MobileApp,107
3967,1,617,2024-07-24,5,Neutral,TabletApp,73
3968,1,1212,2024-11-08,8,Positive,SmartTV,77
3969,6,1560,2024-11-10,3,Negative,StreamMax,138
3970,10,1668,2024-12-08,9,Positive,TabletApp,18
3971,4,1052,2024-10-18,3,Negative,SmartTV,34
3972,14,48,2024-09-16,6,Neutral,TabletApp,2
3973,7,325,2025-01-08,3,Negative,SmartTV,4
3974,11,89,2024-10-29,9,Positive,TabletApp,105
3975,6,799,2025-01-03,3,Negative,TabletApp,97
3976,11,1165,2025-02-14,4,Negative,StreamMax,7
3977,2,1150,2024-08-31,9,Positive,MobileApp,55
3978,5,287,2024-06-22,10,Positive,SmartTV,46
3979,3,1380,2024-11-25,9,Positive,MobileApp,24
3980,13,729,2025-03-06,9,Positive,StreamMax,93
3981,11,277,2024-08-05,6,Neutral,MobileApp,23
3982,6,259,2024-11-25,6,Neutral,SmartTV,59
3983,10,1098,2024-07-20,8,Positive,TabletApp,71
3984,6,1184,2024-10-01,5,Neutral,MobileApp,101
3985,2,1354,2025-02-16,7,Positive,MobileApp,62
3986,7,1322,2024-07-28,6,Neutral,StreamMax,137
3987,11,1630,2025-03-09,3,Negative,TabletApp,0
3988,10,1986,2024-07-21,10,Positive,StreamMax,99
3989,11,1606,2024-10-31,3,Negative,StreamMax,25
3990,5,1599,2024-11-20,5,Neutral,StreamMax,82
3991,11,239,2025-04-12,3,Negative,MobileApp,11
3992,2,1709,2025-03-02,4,Negative,MobileApp,23
3993,7,169,2024-12-28,9,Positive,TabletApp,5
3994,8,57,2024-09-05,3,Negative,TabletApp,122
3995,13,739,2024-07-10,8,Positive,StreamMax,96
3996,10,164,2024-08-16,8,Positive,MobileApp,138
3997,7,1724,2024-07-28,4,Negative,StreamMax,37
3998,14,693,2025-01-05,7,Positive,SmartTV,138
3999,1,1903,2025-03-07,8,Positive,StreamMax,14
4000,3,1555,2024-08-08,5,Neutral,StreamMax,15
4001,7,580,2025-03-21,10,Positive,SmartTV,22
4002,10,1934,2024-12-15,5,Neutral,MobileApp,67
4003,11,982,2025-01-17,6,Neutral,WebBrowser,60
4004,1,1144,2024-12-08,7,Positive,SmartTV,78
4005,13,1800,2024-10-24,3,Negative,WebBrowser,73
4006,15,1019,2024-10-24,8,Positive,StreamMax,143
4007,7,1817,2025-02-27,4,Negative,TabletApp,26
4008,4,594,2025-01-21,4,Negative,StreamMax,19
4009,9,580,2025-04-27,8,Positive,WebBrowser,88
4010,1,400,2024-07-11,10,Positive,TabletApp,108
4011,14,1833,2025-02-17,4,Negative,MobileApp,59
4012,7,848,2025-04-22,9,Positive,SmartTV,101
4013,3,1129,2025-01-04,5,Neutral,WebBrowser,84
4014,6,1306,2024-11-28,10,Positive,WebBrowser,117
4015,3,1203,2024-07-06,10,Positive,TabletApp,0
4016,3,1663,2024-10-29,3,Negative,StreamMax,88
4017,8,425,2024-08-18,3,Negative,SmartTV,69
4018,3,1198,2025-03-25,8,Positive,StreamMax,136
4019,12,403,2024-06-05,4,Negative,SmartTV,12
4020,12,1656,2025-04-27,3,Negative,WebBrowser,117
4021,12,1825,2024-09-10,9,Positive,WebBrowser,89
4022,8,1419,2024-08-03,6,Neutral,WebBrowser,141
4023,11,1382,2025-04-09,6,Neutral,WebBrowser,58
4024,2,137,2024-10-17,8,Positive,StreamMax,88
4025,6,1855,2025-04-13,7,Positive,TabletApp,44
4026,12,642,2025-04-10,10,Positive,MobileApp,58
4027,8,21,2024-06-16,5,Neutral,SmartTV,50
4028,15,1757,2024-09-05,6,Neutral,TabletApp,61
4029,13,826,2024-09-03,3,Negative,MobileApp,86
4030,11,1366,2025-04-12,6,Neutral,SmartTV,128
4031,15,1726,2024-08-24,5,Neutral,SmartTV,9
4032,1,1706,2024-12-21,10,Positive,MobileApp,148
4033,10,1989,2024-12-08,7,Positive,MobileApp,37
4034,13,1437,2024-10-16,9,Positive,SmartTV,85
4035,10,643,2025-02-19,5,Neutral,MobileApp,45
4036,4,283,2025-04-27,5,Neutral,WebBrowser,135
4037,13,1755,2024-12-06,7,Positive,StreamMax,18
4038,9,642,2024-10-22,2,Negative,StreamMax,22
4039,14,1382,2025-03-26,10,Positive,SmartTV,13
4040,11,1397,2025-01-11,10,Positive,MobileApp,117
4041,1,1427,2024-09-24,8,Positive,WebBrowser,80
4042,7,1785,2024-12-04,4,Negative,StreamMax,16
4043,4,305,2025-04-16,3,Negative,TabletApp,113
4044,10,1899,2024-12-25,7,Positive,TabletApp,25
4045,7,198,2024-09-03,5,Neutral,StreamMax,95
4046,2,635,2025-02-02,4,Negative,SmartTV,129
4047,3,1079,2024-10-11,9,Positive,WebBrowser,111
4048,10,685,2024-11-16,8,Positive,MobileApp,32
4049,13,1317,2025-04-09,3,Negative,WebBrowser,131
4050,15,211,2024-09-22,6,Neutral,StreamMax,58
4051,11,150,2024-11-06,6,Neutral,WebBrowser,140
4052,15,383,2025-04-22,3,Negative,TabletApp,44
4053,1,640,2025-02-11,10,Positive,StreamMax,146
4054,2,757,2024-07-14,10,Positive,StreamMax,46
4055,5,648,2025-04-18,7,Positive,WebBrowser,93
4056,9,1909,2025-03-05,8,Positive,StreamMax,71
4057,13,461,2024-09-26,8,Positive,WebBrowser,23
4058,13,320,2025-04-05,5,Neutral,MobileApp,21
4059,8,480,2024-11-18,5,Neutral,SmartTV,20
4060,5,176,2024-08-24,6,Neutral,StreamMax,51
4061,14,352,2025-04-08,9,Positive,WebBrowser,146
4062,14,1428,2024-11-23,4,Negative,WebBrowser,143
4063,6,272,2025-02-18,3,Negative,StreamMax,40
4064,5,1203,2024-12-30,7,Positive,MobileApp,122
4065,10,1736,2025-03-01,10,Positive,StreamMax,67
4066,3,1312,2025-02-07,10,Positive,WebBrowser,100
4067,14,90,2024-10-20,6,Neutral,SmartTV,69
4068,12,216,2024-11-26,9,Positive,SmartTV,0
4069,12,1688,2025-02-06,9,Positive,TabletApp,0
4070,1,1532,2025-02-07,10,Positive,MobileApp,44
4071,2,1355,2024-12-20,5,Neutral,StreamMax,57
4072,7,449,2025-01-01,3,Negative,MobileApp,81
4073,10,1694,2025-03-22,8,Positive,WebBrowser,26
4074,3,922,2024-10-19,7,Positive,TabletApp,53
4075,12,1953,2025-01-06,7,Positive,MobileApp,96
4076,15,781,2024-09-01,2,Negative,StreamMax,142
4077,13,509,2025-04-06,9,Positive,StreamMax,41
4078,15,1142,2024-06-30,7,Positive,WebBrowser,25
4079,9,1462,2025-01-01,5,Neutral,TabletApp,122
4080,15,928,2024-08-14,7,Positive,WebBrowser,146
4081,6,34,2025-01-26,5,Neutral,WebBrowser,49
4082,15,1723,2025-03-14,5,Neutral,TabletApp,95
4083,10,1419,2024-10-17,5,Neutral,SmartTV,59
4084,13,253,2024-09-28,7,Positive,MobileApp,2
4085,10,527,2024-08-27,7,Positive,WebBrowser,143
4086,8,995,2024-08-06,8,Positive,WebBrowser,145
4087,15,64,2025-01-07,7,Positive,TabletApp,68
4088,10,1256,2024-07-26,10,Positive,SmartTV,143
4089,6,193,2024-09-12,7,Positive,WebBrowser,68
4090,6,1554,2024-06-07,5,Neutral,TabletApp,89
4091,14,164,2024-08-02,8,Positive,MobileApp,32
4092,7,1029,2024-06-12,7,Positive,StreamMax,134
4093,15,1939,2024-08-13,8,Positive,WebBrowser,45
4094,5,488,2025-04-17,6,Neutral,MobileApp,54
4095,12,364,2025-03-05,7,Positive,TabletApp,47
4096,14,1681,2024-12-13,8,Positive,SmartTV,135
4097,2,501,2024-08-21,10,Positive,SmartTV,59
4098,7,197,2025-04-01,10,Positive,SmartTV,47
4099,4,569,2025-02-14,4,Negative,MobileApp,108
4100,1,1374,2025-03-28,10,Positive,TabletApp,30
4101,5,759,2025-01-01,5,Neutral,SmartTV,92
4102,15,1194,2024-08-01,8,Positive,WebBrowser,115
4103,14,734,2024-06-11,10,Positive,TabletApp,38
4104,3,475,2024-09-26,7,Positive,StreamMax,9
4105,15,452,2025-02-18,3,Negative,WebBrowser,86
4106,12,742,2024-08-06,9,Positive,TabletApp,118
4107,8,920,2024-06-22,8,Positive,SmartTV,31
4108,2,147,2025-04-13,3,Negative,SmartTV,81
4109,14,1876,2024-08-04,9,Positive,StreamMax,62
4110,13,1162,2024-10-08,6,Neutral,MobileApp,116
4111,8,27,2025-04-07,8,Positive,SmartTV,38
4112,15,1997,2024-08-23,6,Neutral,TabletApp,66
4113,13,1770,2024-11-28,5,Neutral,MobileApp,25
4114,10,116,2024-11-08,10,Positive,MobileApp,15
4115,5,1292,2024-07-13,3,Negative,SmartTV,59
4116,15,1283,2025-03-31,4,Negative,SmartTV,67
4117,15,1459,2024-08-07,5,Neutral,MobileApp,94
4118,2,208,2024-09-10,10,Positive,TabletApp,109
4119,6,282,2025-02-11,10,Positive,SmartTV,143
4120,6,843,2025-01-28,10,Positive,SmartTV,74
4121,13,1932,2025-03-06,5,Neutral,SmartTV,109
4122,12,268,2024-12-26,3,Negative,MobileApp,131
4123,7,864,2024-06-13,10,Positive,StreamMax,79
4124,1,1238,2024-12-11,8,Positive,TabletApp,102
4125,3,1977,2024-11-25,10,Positive,StreamMax,104
4126,3,1984,2025-04-28,4,Negative,SmartTV,9
4127,14,80,2024-12-04,5,Neutral,SmartTV,28
4128,2,410,2025-01-16,7,Positive,StreamMax,39
4129,10,1866,2025-02-26,7,Positive,MobileApp,75
4130,3,537,2024-10-26,8,Positive,TabletApp,119
4131,5,128,2025-03-14,8,Positive,MobileApp,66
4132,10,1999,2025-01-04,8,Positive,StreamMax,126
4133,3,148,2024-09-04,6,Neutral,SmartTV,122
4134,9,1298,2025-03-27,8,Positive,MobileApp,110
4135,13,1290,2025-01-08,10,Positive,WebBrowser,4
4136,11,831,2024-06-26,5,Neutral,MobileApp,77
4137,9,328,2024-12-01,8,Positive,StreamMax,18
4138,5,1075,2025-04-26,10,Positive,StreamMax,52
4139,15,479,2024-10-04,6,Neutral,MobileApp,10
4140,10,986,2024-06-01,6,Neutral,SmartTV,125
4141,2,394,2024-11-11,9,Positive,WebBrowser,111
4142,9,813,2025-04-03,8,Positive,SmartTV,36
4143,8,544,2024-06-09,3,Negative,SmartTV,32
4144,12,1236,2024-09-25,6,Neutral,MobileApp,108
4145,6,797,2024-11-22,6,Neutral,SmartTV,120
4146,5,1327,2024-11-14,8,Positive,WebBrowser,61
4147,5,795,2024-12-27,4,Negative,SmartTV,32
4148,3,502,2024-07-29,3,Negative,MobileApp,137
4149,1,99,2025-02-23,9,Positive,SmartTV,60
4150,1,46,2024-10-22,10,Positive,WebBrowser,142
4151,3,1348,2025-02-08,10,Positive,WebBrowser,43
4152,13,904,2025-03-30,4,Negative,WebBrowser,73
4153,4,1768,2025-04-05,6,Neutral,WebBrowser,43
4154,5,579,2025-03-12,5,Neutral,MobileApp,36
4155,1,1953,2024-11-10,5,Neutral,TabletApp,134
4156,5,756,2024-07-15,10,Positive,StreamMax,128
4157,13,872,2024-09-01,7,Positive,SmartTV,142
4158,4,158,2025-01-20,2,Negative,StreamMax,19
4159,5,388,2025-04-17,5,Neutral,SmartTV,61
4160,2,929,2024-06-30,6,Neutral,MobileApp,67
4161,5,1562,2024-10-01,10,Positive,WebBrowser,122
4162,11,1965,2025-01-09,10,Positive,MobileApp,85
4163,14,1106,2025-03-04,5,Neutral,StreamMax,102
4164,3,65,2024-10-04,4,Negative,WebBrowser,130
4165,8,302,2024-11-04,7,Positive,TabletApp,62
4166,10,27,2024-10-20,10,Positive,MobileApp,129
4167,11,1177,2024-11-04,8,Positive,StreamMax,103
4168,13,1241,2024-09-02,6,Neutral,TabletApp,70
4169,15,862,2024-08-13,6,Neutral,SmartTV,28
4170,10,1836,2025-03-04,8,Positive,SmartTV,126
4171,7,868,2024-12-24,9,Positive,SmartTV,82
4172,5,1472,2024-07-23,7,Positive,MobileApp,10
4173,13,1104,2024-11-18,3,Negative,WebBrowser,8
4174,5,576,2024-10-25,8,Positive,WebBrowser,120
4175,9,465,2025-02-05,3,Negative,SmartTV,22
4176,2,1684,2024-11-21,6,Neutral,WebBrowser,111
4177,14,415,2024-12-31,10,Positive,MobileApp,121
4178,4,1257,2025-03-18,6,Neutral,MobileApp,84
4179,12,1395,2025-04-15,8,Positive,SmartTV,68
4180,11,1714,2024-12-25,7,Positive,StreamMax,49
4181,12,102,2024-11-05,5,Neutral,SmartTV,62
4182,1,429,2024-06-30,7,Positive,SmartTV,49
4183,12,1191,2024-08-14,9,Positive,MobileApp,2
4184,15,1897,2024-06-09,7,Positive,MobileApp,85
4185,15,294,2024-08-23,6,Neutral,StreamMax,81
4186,3,119,2024-07-08,10,Positive,StreamMax,133
4187,2,1561,2024-12-04,8,Positive,TabletApp,110
4188,7,616,2024-06-30,4,Negative,StreamMax,79
4189,8,83,2024-10-31,7,Positive,MobileApp,107
4190,2,441,2024-10-15,3,Negative,StreamMax,148
4191,3,25,2024-11-11,8,Positive,StreamMax,0
4192,4,1962,2024-09-23,6,Neutral,MobileApp,99
4193,12,215,2024-09-23,8,Positive,StreamMax,138
4194,5,1198,2024-11-13,5,Neutral,WebBrowser,40
4195,9,205,2024-07-23,6,Neutral,WebBrowser,67
4196,3,7,2025-01-09,9,Positive,MobileApp,89
4197,2,1316,2025-04-26,10,Positive,WebBrowser,104
4198,10,122,2025-03-12,10,Positive,MobileApp,104
4199,10,79,2024-10-24,9,Positive,MobileApp,106
4200,14,1678,2024-10-13,7,Positive,WebBrowser,14
4201,11,637,2025-01-27,10,Positive,WebBrowser,47
4202,8,590,2024-08-16,10,Positive,SmartTV,72
4203,1,458,2025-03-09,8,Positive,SmartTV,51
4204,1,127,2024-08-14,9,Positive,WebBrowser,61
4205,2,1410,2025-02-02,4,Negative,TabletApp,112
4206,10,125,2025-03-22,3,Negative,StreamMax,6
4207,7,378,2025-02-18,3,Negative,MobileApp,85
4208,15,228,2024-10-25,7,Positive,StreamMax,63
4209,12,1535,2024-11-04,9,Positive,TabletApp,16
4210,8,1420,2024-12-01,8,Positive,TabletApp,87
4211,4,898,2025-02-06,8,Positive,StreamMax,77
4212,4,667,2024-08-25,7,Positive,StreamMax,2
4213,1,1212,2024-06-20,5,Neutral,WebBrowser,150
4214,2,1163,2024-11-04,6,Neutral,SmartTV,9
4215,12,993,2024-12-17,3,Negative,MobileApp,19
4216,13,1928,2025-02-27,5,Neutral,MobileApp,75
4217,7,1592,2025-01-19,4,Negative,MobileApp,68
4218,10,1433,2025-03-24,3,Negative,SmartTV,10
4219,10,606,2024-07-22,8,Positive,WebBrowser,10
4220,14,1200,2025-03-31,5,Neutral,WebBrowser,55
4221,13,1203,2024-08-08,9,Positive,WebBrowser,123
4222,11,1112,2025-04-01,7,Positive,MobileApp,125
4223,9,1969,2024-08-07,2,Negative,MobileApp,16
4224,9,13,2024-09-16,4,Negative,SmartTV,1
4225,5,360,2025-02-25,8,Positive,SmartTV,54
4226,6,103,2025-04-06,5,Neutral,WebBrowser,90
4227,2,575,2024-08-03,9,Positive,TabletApp,2
4228,3,34,2024-09-18,4,Negative,MobileApp,89
4229,12,873,2024-11-05,6,Neutral,WebBrowser,32
4230,11,198,2024-08-27,8,Positive,StreamMax,40
4231,13,937,2025-02-24,7,Positive,WebBrowser,104
4232,6,515,2024-07-12,10,Positive,WebBrowser,130
4233,2,1354,2024-07-24,8,Positive,TabletApp,131
4234,6,706,2025-01-17,10,Positive,WebBrowser,106
4235,3,1102,2025-04-16,3,Negative,WebBrowser,81
4236,10,611,2025-02-09,9,Positive,WebBrowser,19
4237,13,120,2025-03-11,5,Neutral,WebBrowser,125
4238,9,1513,2024-10-06,9,Positive,MobileApp,4
4239,10,443,2024-12-16,9,Positive,StreamMax,118
4240,11,465,2025-02-23,7,Positive,WebBrowser,101
4241,9,1884,2025-03-03,2,Negative,MobileApp,95
4242,9,214,2025-01-11,1,Negative,SmartTV,88
4243,11,1590,2025-03-26,4,Negative,StreamMax,55
4244,12,1669,2025-04-15,5,Neutral,WebBrowser,69
4245,1,1884,2025-04-18,10,Positive,TabletApp,87
4246,13,937,2024-08-31,9,Positive,WebBrowser,35
4247,2,1068,2025-03-06,5,Neutral,StreamMax,88
4248,10,1873,2024-08-01,4,Negative,TabletApp,99
4249,6,722,2024-12-14,7,Positive,MobileApp,48
4250,2,1941,2024-07-27,5,Neutral,TabletApp,149
4251,12,589,2025-04-27,4,Negative,SmartTV,134
4252,9,1140,2024-11-04,6,Neutral,MobileApp,63
4253,10,1529,2024-08-13,6,Neutral,MobileApp,36
4254,1,1549,2025-04-24,8,Positive,StreamMax,63
4255,1,1288,2024-07-01,8,Positive,StreamMax,57
4256,3,1350,2024-11-15,4,Negative,TabletApp,26
4257,14,1658,2024-12-11,7,Positive,MobileApp,68
4258,15,1578,2024-09-25,5,Neutral,TabletApp,60
4259,15,380,2024-12-07,1,Negative,MobileApp,39
4260,15,870,2025-01-29,2,Negative,StreamMax,134
4261,7,512,2024-08-18,9,Positive,TabletApp,72
4262,11,845,2024-08-08,7,Positive,TabletApp,118
4263,9,1492,2024-09-13,2,Negative,MobileApp,118
4264,14,1392,2025-04-16,3,Negative,SmartTV,134
4265,2,1590,2024-08-19,3,Negative,SmartTV,148
4266,15,1170,2024-11-04,2,Negative,TabletApp,20
4267,11,248,2025-01-07,8,Positive,TabletApp,141
4268,13,1095,2025-04-28,10,Positive,MobileApp,17
4269,12,868,2025-04-14,5,Neutral,WebBrowser,13
4270,5,471,2025-02-06,9,Positive,TabletApp,93
4271,11,1042,2025-03-15,6,Neutral,MobileApp,6
4272,15,772,2024-11-01,6,Neutral,StreamMax,37
4273,3,778,2024-10-01,4,Negative,WebBrowser,41
4274,11,1530,2024-06-20,4,Negative,WebBrowser,10
4275,8,1299,2025-01-08,3,Negative,WebBrowser,109
4276,15,1725,2024-07-15,5,Neutral,SmartTV,116
4277,11,458,2025-04-04,3,Negative,WebBrowser,8
4278,15,1257,2024-10-02,7,Positive,StreamMax,82
4279,13,1313,2024-09-30,4,Negative,SmartTV,52
4280,1,1014,2025-02-22,10,Positive,MobileApp,126
4281,10,1525,2024-09-22,4,Negative,MobileApp,54
4282,15,1911,2024-09-11,4,Negative,MobileApp,14
4283,7,489,2025-02-19,4,Negative,MobileApp,50
4284,15,980,2024-06-30,4,Negative,TabletApp,129
4285,13,1509,2025-02-10,3,Negative,WebBrowser,68
4286,9,547,2024-07-14,5,Neutral,TabletApp,34
4287,4,165,2025-02-15,3,Negative,StreamMax,93
4288,2,493,2025-03-06,3,Negative,WebBrowser,142
4289,11,1132,2025-03-14,9,Positive,TabletApp,21
4290,5,1999,2024-06-04,4,Negative,StreamMax,83
4291,15,1993,2024-12-24,10,Positive,MobileApp,26
4292,10,349,2024-12-13,7,Positive,WebBrowser,132
4293,14,708,2025-01-23,8,Positive,TabletApp,106
4294,15,1268,2024-11-06,4,Negative,SmartTV,4
4295,2,1159,2025-04-01,10,Positive,WebBrowser,45
4296,6,249,2024-06-03,10,Positive,TabletApp,118
4297,15,939,2025-02-20,4,Negative,TabletApp,86
4298,6,164,2024-12-28,10,Positive,MobileApp,113
4299,1,340,2025-01-19,7,Positive,WebBrowser,100
4300,12,842,2024-10-08,8,Positive,MobileApp,61
4301,13,1929,2025-01-02,10,Positive,SmartTV,66
4302,13,369,2024-08-16,8,Positive,SmartTV,96
4303,2,1016,2025-03-11,3,Negative,SmartTV,37
4304,5,1260,2024-09-18,3,Negative,MobileApp,122
4305,8,1896,2025-04-12,10,Positive,WebBrowser,15
4306,11,1128,2024-08-13,10,Positive,SmartTV,77
4307,13,1128,2024-11-04,8,Positive,MobileApp,36
4308,6,1852,2024-08-15,6,Neutral,SmartTV,14
4309,4,759,2025-02-22,4,Negative,WebBrowser,15
4310,13,597,2025-04-02,4,Negative,TabletApp,110
4311,4,641,2024-06-30,5,Neutral,TabletApp,123
4312,2,1384,2024-07-04,10,Positive,MobileApp,99
4313,5,177,2025-03-31,6,Neutral,SmartTV,36
4314,13,1164,2025-04-08,3,Negative,TabletApp,19
4315,11,264,2025-02-07,8,Positive,StreamMax,94
4316,3,908,2025-04-12,7,Positive,SmartTV,50
4317,8,827,2024-11-09,4,Negative,SmartTV,34
4318,5,1593,2024-08-27,7,Positive,SmartTV,0
4319,10,98,2024-06-10,4,Negative,TabletApp,88
4320,15,1699,2024-12-16,6,Neutral,WebBrowser,50
4321,2,1984,2024-09-06,4,Negative,WebBrowser,72
4322,13,1745,2024-09-12,8,Positive,WebBrowser,99
4323,15,98,2024-06-21,6,Neutral,StreamMax,67
4324,9,855,2025-03-12,3,Negative,WebBrowser,70
4325,15,15,2024-12-30,4,Negative,StreamMax,116
4326,11,846,2024-06-07,6,Neutral,TabletApp,87
4327,7,1050,2024-07-20,10,Positive,MobileApp,110
4328,10,1179,2025-03-28,6,Neutral,StreamMax,69
4329,8,1741,2025-02-13,6,Neutral,StreamMax,25
4330,15,1591,2024-10-12,4,Negative,SmartTV,34
4331,15,1920,2024-08-01,3,Negative,TabletApp,150
4332,15,123,2025-03-29,2,Negative,SmartTV,146
4333,2,442,2025-03-03,8,Positive,TabletApp,144
4334,2,334,2024-06-22,3,Negative,StreamMax,110
4335,3,1285,2025-04-12,5,Neutral,StreamMax,135
4336,10,1091,2025-03-29,6,Neutral,StreamMax,44
4337,14,7,2024-09-14,3,Negative,StreamMax,49
4338,15,1274,2025-01-05,6,Neutral,SmartTV,48
4339,12,1488,2025-03-14,5,Neutral,WebBrowser,80
4340,11,1464,2025-04-04,6,Neutral,MobileApp,25
4341,3,181,2024-07-19,7,Positive,SmartTV,142
4342,9,1537,2025-02-26,8,Positive,TabletApp,148
4343,9,1909,2025-03-30,6,Neutral,MobileApp,63
4344,2,1661,2025-03-12,6,Neutral,WebBrowser,72
4345,4,1270,2024-06-10,10,Positive,TabletApp,59
4346,11,232,2024-10-17,6,Neutral,TabletApp,135
4347,13,678,2025-01-13,8,Positive,StreamMax,82
4348,2,220,2024-09-24,10,Positive,WebBrowser,10
4349,13,1817,2025-04-07,9,Positive,TabletApp,43
4350,1,969,2024-11-24,6,Neutral,StreamMax,82
4351,4,838,2024-07-02,3,Negative,WebBrowser,53
4352,3,1666,2024-08-11,9,Positive,TabletApp,139
4353,7,1794,2025-04-07,9,Positive,TabletApp,107
4354,6,1412,2025-03-05,3,Negative,SmartTV,64
4355,11,282,2025-01-06,10,Positive,WebBrowser,34
4356,12,1638,2024-11-27,7,Positive,WebBrowser,121
4357,15,1963,2024-08-13,6,Neutral,MobileApp,19
4358,2,1559,2025-04-16,9,Positive,StreamMax,98
4359,7,182,2024-06-15,7,Positive,WebBrowser,83
4360,9,1599,2024-10-07,10,Positive,MobileApp,54
4361,14,492,2025-03-07,10,Positive,MobileApp,47
4362,12,1539,2024-06-18,5,Neutral,MobileApp,0
4363,1,1042,2025-02-01,7,Positive,SmartTV,31
4364,11,1089,2024-11-07,6,Neutral,TabletApp,43
4365,14,1985,2025-02-03,3,Negative,MobileApp,107
4366,5,191,2024-07-30,8,Positive,SmartTV,50
4367,15,1059,2024-12-31,8,Positive,WebBrowser,109
4368,7,207,2025-03-10,8,Positive,SmartTV,64
4369,9,1387,2024-11-30,4,Negative,MobileApp,35
4370,1,1934,2024-08-12,10,Positive,StreamMax,74
4371,12,920,2024-08-11,10,Positive,WebBrowser,111
4372,2,1060,2024-12-30,10,Positive,SmartTV,3
4373,9,1113,2024-06-04,6,Neutral,SmartTV,114
4374,8,722,2025-02-01,4,Negative,SmartTV,121
4375,9,1162,2024-12-05,6,Neutral,SmartTV,30
4376,2,1753,2024-10-31,10,Positive,StreamMax,102
4377,1,1295,2025-04-08,5,Neutral,MobileApp,105
4378,13,678,2024-08-09,6,Neutral,MobileApp,62
4379,6,733,2024-11-15,5,Neutral,StreamMax,53
4380,9,1891,2024-12-31,5,Neutral,WebBrowser,100
4381,5,1973,2025-02-01,8,Positive,MobileApp,84
4382,9,1541,2024-12-05,8,Positive,MobileApp,0
4383,13,1179,2024-07-07,4,Negative,MobileApp,104
4384,4,199,2024-12-27,4,Negative,WebBrowser,148
4385,5,1016,2025-04-22,10,Positive,StreamMax,115
4386,7,795,2024-12-14,6,Neutral,WebBrowser,132
4387,5,715,2024-07-30,9,Positive,TabletApp,42
4388,13,377,2024-07-04,5,Neutral,SmartTV,119
4389,5,1140,2024-12-14,5,Neutral,MobileApp,132
4390,15,1271,2024-09-23,6,Neutral,SmartTV,139
4391,3,247,2025-02-18,4,Negative,WebBrowser,36
4392,10,402,2024-10-22,5,Neutral,TabletApp,86
4393,2,148,2024-07-15,10,Positive,TabletApp,118
4394,12,484,2024-12-26,7,Positive,SmartTV,69
4395,3,1129,2024-12-25,3,Negative,SmartTV,23
4396,13,932,2025-03-18,9,Positive,SmartTV,115
4397,11,1418,2025-03-07,3,Negative,StreamMax,20
4398,1,1608,2025-04-05,7,Positive,WebBrowser,41
4399,6,83,2025-01-05,3,Negative,SmartTV,112
4400,2,4,2024-11-26,8,Positive,SmartTV,68
4401,2,1905,2025-01-13,3,Negative,TabletApp,8
4402,4,597,2024-09-01,5,Neutral,StreamMax,118
4403,8,1570,2024-12-12,4,Negative,SmartTV,94
4404,9,935,2024-12-17,10,Positive,StreamMax,68
4405,9,841,2024-08-19,7,Positive,WebBrowser,77
4406,3,219,2024-10-31,4,Negative,MobileApp,41
4407,6,138,2025-04-30,7,Positive,MobileApp,53
4408,1,1714,2025-01-24,7,Positive,MobileApp,64
4409,7,410,2024-12-22,3,Negative,WebBrowser,106
4410,6,1334,2024-11-27,7,Positive,MobileApp,78
4411,13,1897,2025-02-14,5,Neutral,StreamMax,5
4412,14,943,2024-07-30,5,Neutral,SmartTV,101
4413,7,1990,2025-02-03,8,Positive,SmartTV,136
4414,14,1500,2024-08-02,4,Negative,StreamMax,56
4415,8,1473,2025-03-21,4,Negative,MobileApp,78
4416,5,1833,2024-12-25,5,Neutral,MobileApp,133
4417,1,115,2024-12-24,5,Neutral,SmartTV,110
4418,8,209,2024-07-11,4,Negative,WebBrowser,134
4419,8,1609,2024-09-26,3,Negative,WebBrowser,0
4420,7,1291,2024-07-28,5,Neutral,TabletApp,24
4421,8,940,2025-02-07,9,Positive,TabletApp,12
4422,1,1963,2024-09-23,8,Positive,StreamMax,48
4423,5,1263,2024-10-30,7,Positive,SmartTV,30
4424,13,1425,2024-08-27,9,Positive,MobileApp,143
4425,14,841,2024-12-05,4,Negative,TabletApp,110
4426,1,608,2024-10-04,10,Positive,WebBrowser,124
4427,1,676,2024-11-29,9,Positive,StreamMax,98
4428,14,1858,2024-08-10,7,Positive,MobileApp,38
4429,7,505,2024-11-01,8,Positive,TabletApp,132
4430,8,1074,2024-12-04,8,Positive,MobileApp,67
4431,2,356,2024-11-01,8,Positive,TabletApp,19
4432,7,610,2024-08-03,3,Negative,TabletApp,134
4433,5,1027,2024-08-07,6,Neutral,StreamMax,103
4434,2,1557,2024-12-28,10,Positive,StreamMax,81
4435,12,1686,2024-09-07,6,Neutral,SmartTV,2
4436,9,338,2024-09-03,6,Neutral,StreamMax,35
4437,5,1806,2024-09-01,8,Positive,TabletApp,101
4438,6,531,2024-11-04,7,Positive,MobileApp,4
4439,15,824,2025-02-11,8,Positive,StreamMax,106
4440,12,636,2025-01-02,5,Neutral,SmartTV,25
4441,5,997,2024-09-14,9,Positive,TabletApp,139
4442,6,1118,2024-12-20,9,Positive,WebBrowser,17
4443,5,465,2024-12-04,9,Positive,WebBrowser,43
4444,15,1614,2024-06-20,3,Negative,StreamMax,66
4445,14,1835,2024-09-26,5,Neutral,SmartTV,29
4446,11,1581,2024-06-24,5,Neutral,WebBrowser,44
4447,8,1156,2024-12-08,7,Positive,WebBrowser,135
4448,3,346,2025-01-20,3,Negative,TabletApp,23
4449,2,538,2024-09-01,6,Neutral,WebBrowser,58
4450,2,1931,2024-12-30,6,Neutral,MobileApp,15
4451,9,1511,2024-12-31,3,Negative,StreamMax,86
4452,5,1506,2024-08-05,10,Positive,MobileApp,38
4453,13,1773,2025-01-24,10,Positive,WebBrowser,40
4454,12,446,2024-10-27,9,Positive,TabletApp,45
4455,13,996,2024-12-10,10,Positive,SmartTV,5
4456,5,1292,2025-03-19,9,Positive,SmartTV,94
4457,8,596,2024-12-21,4,Negative,MobileApp,131
4458,5,1756,2024-06-06,6,Neutral,TabletApp,115
4459,6,1958,2025-02-22,10,Positive,StreamMax,106
4460,4,980,2025-03-09,8,Positive,TabletApp,123
4461,9,1887,2024-11-17,3,Negative,WebBrowser,51
4462,10,602,2024-08-11,5,Neutral,TabletApp,16
4463,12,1981,2025-02-20,6,Neutral,WebBrowser,76
4464,2,1486,2024-12-21,4,Negative,SmartTV,100
4465,1,90,2024-11-23,8,Positive,StreamMax,3
4466,5,1741,2024-09-21,4,Negative,StreamMax,47
4467,14,950,2025-01-08,9,Positive,StreamMax,42
4468,10,719,2024-10-17,10,Positive,MobileApp,104
4469,3,461,2024-12-23,3,Negative,MobileApp,91
4470,13,679,2024-10-14,9,Positive,MobileApp,34
4471,12,1968,2025-03-16,7,Positive,StreamMax,81
4472,1,840,2024-07-02,10,Positive,StreamMax,36
4473,7,205,2024-08-14,8,Positive,StreamMax,42
4474,13,81,2025-03-07,6,Neutral,StreamMax,23
4475,10,1164,2025-02-12,9,Positive,TabletApp,22
4476,4,1937,2025-04-17,8,Positive,WebBrowser,97
4477,15,298,2024-08-18,4,Negative,TabletApp,58
4478,13,1583,2025-03-20,10,Positive,WebBrowser,144
4479,11,1349,2025-04-20,5,Neutral,WebBrowser,6
4480,3,210,2024-07-12,10,Positive,WebBrowser,138
4481,14,268,2025-04-06,10,Positive,WebBrowser,14
4482,15,1767,2024-09-24,7,Positive,MobileApp,140
4483,15,833,2024-08-11,5,Neutral,StreamMax,120
4484,11,909,2024-07-06,5,Neutral,SmartTV,2
4485,15,1064,2024-06-28,2,Negative,StreamMax,50
4486,9,1952,2025-01-13,1,Negative,WebBrowser,123
4487,12,230,2025-01-03,3,Negative,WebBrowser,31
4488,1,1673,2025-01-31,4,Negative,StreamMax,93
4489,5,1057,2024-08-22,6,Neutral,TabletApp,92
4490,10,1740,2024-07-20,7,Positive,MobileApp,45
4491,12,73,2025-03-21,10,Positive,SmartTV,116
4492,14,1656,2024-09-08,10,Positive,SmartTV,100
4493,11,721,2024-11-08,8,Positive,SmartTV,56
4494,12,1675,2024-07-16,7,Positive,SmartTV,29
4495,6,1741,2025-03-22,10,Positive,SmartTV,49
4496,9,1089,2024-12-29,6,Neutral,SmartTV,99
4497,6,1789,2024-10-23,5,Neutral,TabletApp,116
4498,1,1267,2024-11-12,6,Neutral,SmartTV,47
4499,14,1127,2024-08-17,6,Neutral,MobileApp,23
4500,8,143,2025-02-28,5,Neutral,MobileApp,96
4501,12,1230,2025-03-02,3,Negative,WebBrowser,130
4502,4,405,2024-09-19,5,Neutral,SmartTV,135
4503,11,83,2024-07-01,8,Positive,StreamMax,69
4504,9,1308,2024-11-23,8,Positive,StreamMax,84
4505,6,1921,2024-12-29,6,Neutral,SmartTV,83
4506,8,1947,2024-08-05,3,Negative,TabletApp,31
4507,13,1160,2024-11-13,3,Negative,TabletApp,41
4508,1,1928,2024-10-04,10,Positive,StreamMax,104
4509,11,1443,2024-06-08,5,Neutral,StreamMax,38
4510,6,464,2024-08-21,10,Positive,TabletApp,30
4511,3,1648,2025-01-06,8,Positive,MobileApp,146
4512,9,73,2024-11-08,6,Neutral,TabletApp,106
4513,1,1128,2024-07-06,7,Positive,WebBrowser,2
4514,10,318,2025-03-18,7,Positive,TabletApp,26
4515,7,1817,2024-10-18,7,Positive,TabletApp,145
4516,12,184,2024-12-28,8,Positive,SmartTV,149
4517,10,1767,2024-09-12,3,Negative,SmartTV,122
4518,11,1151,2025-03-06,5,Neutral,SmartTV,78
4519,1,1954,2024-12-26,9,Positive,StreamMax,17
4520,8,1835,2025-02-10,6,Neutral,SmartTV,150
4521,11,1366,2024-11-28,10,Positive,SmartTV,2
4522,7,1320,2024-12-12,7,Positive,SmartTV,136
4523,7,969,2025-02-23,8,Positive,MobileApp,64
4524,7,1524,2024-11-09,8,Positive,MobileApp,131
4525,8,1653,2024-07-02,4,Negative,SmartTV,52
4526,5,1512,2024-06-25,8,Positive,StreamMax,39
4527,1,1226,2024-12-10,7,Positive,StreamMax,83
4528,2,1305,2025-01-05,10,Positive,StreamMax,41
4529,14,306,2024-10-20,9,Positive,MobileApp,82
4530,2,296,2025-04-12,10,Positive,SmartTV,111
4531,8,307,2024-07-07,5,Neutral,SmartTV,100
4532,15,115,2024-12-26,9,Positive,SmartTV,80
4533,6,397,2025-04-03,8,Positive,StreamMax,105
4534,12,1055,2024-07-11,7,Positive,SmartTV,146
4535,11,1956,2025-01-03,9,Positive,SmartTV,70
4536,7,1028,2025-04-12,6,Neutral,WebBrowser,112
4537,9,478,2024-08-26,6,Neutral,MobileApp,132
4538,5,1752,2025-04-01,3,Negative,MobileApp,83
4539,4,398,2024-11-12,8,Positive,MobileApp,105
4540,8,931,2025-03-27,5,Neutral,WebBrowser,83
4541,13,1996,2024-11-04,8,Positive,WebBrowser,84
4542,9,1781,2024-09-17,5,Neutral,StreamMax,143
4543,12,223,2024-09-26,8,Positive,WebBrowser,35
4544,8,1980,2025-04-22,7,Positive,TabletApp,104
4545,8,698,2024-12-30,4,Negative,MobileApp,55
4546,15,1498,2025-04-23,6,Neutral,SmartTV,118
4547,5,1248,2024-12-10,3,Negative,StreamMax,47
4548,1,1736,2024-12-10,6,Neutral,SmartTV,115
4549,3,932,2024-07-08,9,Positive,MobileApp,3
4550,7,723,2024-10-18,4,Negative,StreamMax,14
4551,12,1985,2025-01-23,8,Positive,SmartTV,40
4552,9,1476,2025-03-31,3,Negative,TabletApp,119
4553,9,477,2025-03-15,4,Negative,MobileApp,52
4554,13,1720,2024-06-04,6,Neutral,StreamMax,63
4555,13,1193,2025-01-20,8,Positive,SmartTV,72
4556,10,1928,2025-02-03,6,Neutral,StreamMax,60
4557,11,1597,2025-01-18,4,Negative,WebBrowser,40
4558,8,1085,2024-10-31,4,Negative,SmartTV,39
4559,4,1633,2024-08-04,2,Negative,MobileApp,106
4560,8,1941,2025-04-09,4,Negative,MobileApp,117
4561,2,1971,2025-02-27,8,Positive,StreamMax,77
4562,1,1689,2025-02-01,8,Positive,MobileApp,24
4563,9,894,2024-06-06,6,Neutral,MobileApp,36
4564,11,283,2024-10-11,10,Positive,TabletApp,112
4565,15,653,2024-10-02,6,Neutral,SmartTV,150
4566,15,197,2024-09-30,4,Negative,WebBrowser,102
4567,13,453,2024-07-25,8,Positive,TabletApp,4
4568,11,661,2025-01-05,3,Negative,WebBrowser,134
4569,3,433,2024-07-11,10,Positive,StreamMax,34
4570,1,103,2024-11-13,5,Neutral,MobileApp,140
4571,7,1985,2024-10-13,10,Positive,WebBrowser,7
4572,13,220,2025-04-11,3,Negative,TabletApp,11
4573,11,854,2024-11-11,4,Negative,StreamMax,117
4574,14,1816,2024-12-21,7,Positive,TabletApp,4
4575,12,1583,2024-10-11,10,Positive,TabletApp,130
4576,3,1954,2025-01-21,9,Positive,TabletApp,43
4577,15,1277,2025-04-03,1,Negative,MobileApp,134
4578,3,876,2025-01-31,8,Positive,WebBrowser,95
4579,11,1524,2024-12-05,3,Negative,TabletApp,86
4580,5,743,2025-01-04,9,Positive,SmartTV,145
4581,3,1370,2025-04-16,3,Negative,SmartTV,122
4582,6,1254,2024-08-25,6,Neutral,SmartTV,47
4583,14,980,2025-04-19,6,Neutral,WebBrowser,125
4584,15,1513,2024-11-23,6,Neutral,SmartTV,86
4585,11,836,2025-04-16,10,Positive,MobileApp,148
4586,14,558,2024-09-04,9,Positive,SmartTV,35
4587,2,1300,2024-06-19,4,Negative,MobileApp,75
4588,3,883,2024-07-19,6,Neutral,MobileApp,1
4589,10,513,2024-06-28,7,Positive,SmartTV,111
4590,2,426,2024-12-15,10,Positive,MobileApp,122
4591,8,1283,2025-04-06,6,Neutral,WebBrowser,84
4592,8,601,2024-06-10,3,Negative,MobileApp,4
4593,6,1623,2025-01-08,3,Negative,MobileApp,121
4594,11,1561,2024-12-12,9,Positive,StreamMax,3
4595,15,1507,2025-03-12,2,Negative,TabletApp,147
4596,8,800,2024-11-29,9,Positive,StreamMax,41
4597,5,1773,2025-04-09,3,Negative,MobileApp,79
4598,13,270,2024-07-05,5,Neutral,MobileApp,120
4599,2,1050,2024-11-09,7,Positive,MobileApp,131
4600,13,915,2024-08-09,4,Negative,StreamMax,46
4601,1,1668,2024-06-16,8,Positive,TabletApp,57
4602,4,669,2024-10-08,1,Negative,TabletApp,111
4603,4,692,2025-01-24,8,Positive,MobileApp,3
4604,8,1646,2024-10-12,7,Positive,StreamMax,28
4605,7,539,2025-02-20,9,Positive,StreamMax,79
4606,11,698,2025-01-10,10,Positive,TabletApp,134
4607,2,1952,2024-06-01,4,Negative,TabletApp,109
4608,12,290,2025-02-09,5,Neutral,MobileApp,54
4609,13,1951,2024-09-24,9,Positive,SmartTV,115
4610,4,157,2024-10-24,5,Neutral,SmartTV,21
4611,11,1262,2024-10-07,5,Neutral,TabletApp,103
4612,3,481,2025-02-01,4,Negative,TabletApp,55
4613,7,903,2024-10-15,3,Negative,SmartTV,115
4614,1,1651,2024-12-13,9,Positive,WebBrowser,41
4615,15,387,2024-08-20,1,Negative,SmartTV,103
4616,4,219,2024-11-19,9,Positive,WebBrowser,93
4617,2,1461,2025-01-17,10,Positive,WebBrowser,146
4618,3,406,2024-06-26,6,Neutral,WebBrowser,125
4619,3,140,2024-10-14,10,Positive,StreamMax,120
4620,8,627,2025-01-05,5,Neutral,TabletApp,64
4621,1,1474,2024-10-18,9,Positive,TabletApp,77
4622,15,763,2024-07-12,4,Negative,WebBrowser,117
4623,6,1384,2024-06-02,6,Neutral,SmartTV,79
4624,4,278,2025-03-09,8,Positive,SmartTV,75
4625,3,706,2024-09-30,9,Positive,TabletApp,55
4626,14,1499,2025-03-11,4,Negative,MobileApp,119
4627,10,523,2025-04-25,8,Positive,WebBrowser,84
4628,7,980,2024-12-12,4,Negative,TabletApp,49
4629,10,1396,2024-11-19,3,Negative,TabletApp,123
4630,9,1349,2024-09-13,2,Negative,StreamMax,144
4631,11,847,2024-09-10,6,Neutral,WebBrowser,13
4632,12,1322,2025-02-15,5,Neutral,StreamMax,74
4633,9,1094,2024-09-26,4,Negative,MobileApp,150
4634,6,830,2025-03-17,10,Positive,MobileApp,117
4635,5,1228,2024-12-25,8,Positive,StreamMax,59
4636,13,568,2025-04-27,10,Positive,WebBrowser,104
4637,10,1421,2024-06-22,5,Neutral,TabletApp,102
4638,4,904,2024-10-09,9,Positive,MobileApp,126
4639,14,75,2024-07-23,5,Neutral,StreamMax,90
4640,4,1817,2024-06-14,5,Neutral,StreamMax,7
4641,4,1380,2025-01-08,6,Neutral,MobileApp,135
4642,7,904,2024-07-18,10,Positive,SmartTV,77
4643,10,293,2025-02-14,4,Negative,WebBrowser,81
4644,7,1973,2024-09-20,10,Positive,TabletApp,93
4645,4,453,2025-01-14,3,Negative,WebBrowser,44
4646,3,450,2024-06-03,9,Positive,MobileApp,60
4647,5,958,2024-09-19,3,Negative,WebBrowser,55
4648,11,1041,2024-09-26,8,Positive,TabletApp,95
4649,3,31,2025-01-03,7,Positive,MobileApp,67
4650,6,637,2025-03-09,4,Negative,StreamMax,108
4651,9,1348,2024-11-26,3,Negative,SmartTV,35
4652,5,257,2024-10-02,9,Positive,SmartTV,56
4653,10,1065,2024-11-28,3,Negative,MobileApp,82
4654,8,1873,2024-10-30,4,Negative,StreamMax,9
4655,10,601,2025-01-30,9,Positive,SmartTV,59
4656,12,213,2025-01-16,7,Positive,StreamMax,55
4657,8,1791,2024-09-12,10,Positive,MobileApp,94
4658,2,1738,2024-11-08,6,Neutral,SmartTV,139
4659,14,1655,2024-10-08,9,Positive,WebBrowser,92
4660,7,1908,2025-04-18,10,Positive,WebBrowser,145
4661,4,918,2024-12-12,6,Neutral,MobileApp,83
4662,14,971,2024-06-19,3,Negative,WebBrowser,19
4663,13,1705,2025-01-17,6,Neutral,TabletApp,79
4664,14,934,2024-12-25,5,Neutral,MobileApp,0
4665,11,420,2025-01-24,5,Neutral,MobileApp,58
4666,6,1623,2025-01-11,9,Positive,WebBrowser,88
4667,4,826,2024-09-05,4,Negative,TabletApp,74
4668,11,1159,2024-07-29,5,Neutral,StreamMax,98
4669,7,1358,2024-06-08,3,Negative,TabletApp,33
4670,7,88,2024-11-20,3,Negative,MobileApp,78
4671,10,1991,2024-12-30,3,Negative,StreamMax,32
4672,12,1261,2024-10-09,3,Negative,WebBrowser,45
4673,15,1657,2024-07-03,3,Negative,WebBrowser,109
4674,3,1724,2025-04-17,10,Positive,StreamMax,106
4675,1,1159,2025-03-28,10,Positive,StreamMax,131
4676,3,1933,2024-08-10,4,Negative,TabletApp,72
4677,14,210,2025-01-01,9,Positive,MobileApp,39
4678,2,1703,2024-11-06,10,Positive,StreamMax,85
4679,14,755,2024-06-05,3,Negative,MobileApp,134
4680,6,1849,2025-02-08,10,Positive,SmartTV,133
4681,13,806,2024-07-15,7,Positive,SmartTV,144
4682,10,414,2024-11-04,10,Positive,StreamMax,43
4683,9,312,2024-09-12,6,Neutral,StreamMax,58
4684,12,1854,2024-08-19,5,Neutral,WebBrowser,51
4685,13,189,2024-09-09,5,Neutral,TabletApp,116
4686,5,47,2024-12-15,6,Neutral,SmartTV,82
4687,10,1754,2024-07-24,5,Neutral,MobileApp,85
4688,2,861,2025-01-29,5,Neutral,SmartTV,135
4689,11,1636,2024-07-16,5,Neutral,WebBrowser,128
4690,5,1971,2025-03-15,6,Neutral,MobileApp,126
4691,13,947,2024-12-28,4,Negative,SmartTV,120
4692,2,85,2024-11-15,7,Positive,WebBrowser,115
4693,2,1820,2024-09-15,10,Positive,SmartTV,67
4694,11,179,2024-06-28,4,Negative,StreamMax,80
4695,3,1828,2024-09-13,7,Positive,WebBrowser,117
4696,6,957,2025-04-02,7,Positive,TabletApp,85
4697,13,1705,2024-12-25,4,Negative,MobileApp,89
4698,9,155,2025-01-15,3,Negative,SmartTV,125
4699,11,128,2024-09-03,3,Negative,WebBrowser,95
4700,13,303,2024-09-16,8,Positive,StreamMax,144
4701,13,241,2024-10-10,3,Negative,WebBrowser,118
4702,4,1883,2025-03-17,5,Neutral,TabletApp,138
4703,15,670,2024-11-29,2,Negative,WebBrowser,19
4704,14,1884,2024-06-05,9,Positive,StreamMax,116
4705,2,945,2025-04-06,7,Positive,SmartTV,99
4706,5,89,2025-01-16,10,Positive,TabletApp,18
4707,2,1885,2024-06-08,10,Positive,SmartTV,120
4708,6,1092,2024-06-06,4,Negative,WebBrowser,101
4709,14,1056,2025-03-17,6,Neutral,StreamMax,43
4710,6,1237,2025-01-05,3,Negative,MobileApp,148
4711,2,1792,2024-12-04,10,Positive,SmartTV,89
4712,3,1013,2024-08-08,5,Neutral,SmartTV,98
4713,7,452,2025-03-24,5,Neutral,StreamMax,81
4714,3,1759,2024-08-11,6,Neutral,TabletApp,104
4715,4,1410,2024-07-02,9,Positive,MobileApp,121
4716,10,242,2024-11-16,9,Positive,StreamMax,17
4717,6,1720,2024-06-30,5,Neutral,WebBrowser,92
4718,9,826,2024-12-26,1,Negative,SmartTV,70
4719,3,457,2024-07-20,8,Positive,TabletApp,53
4720,1,1079,2024-10-18,10,Positive,StreamMax,129
4721,6,544,2024-07-18,3,Negative,WebBrowser,51
4722,6,874,2024-10-16,10,Positive,SmartTV,72
4723,12,282,2024-12-08,8,Positive,TabletApp,30
4724,5,1417,2024-11-22,7,Positive,TabletApp,3
4725,15,1308,2025-03-16,6,Neutral,WebBrowser,89
4726,9,1711,2024-09-20,8,Positive,StreamMax,125
4727,6,403,2024-11-12,3,Negative,TabletApp,81
4728,6,1595,2024-06-05,4,Negative,MobileApp,134
4729,9,1087,2024-09-24,9,Positive,WebBrowser,45
4730,8,1925,2025-02-03,8,Positive,MobileApp,47
4731,6,507,2024-10-14,5,Neutral,MobileApp,147
4732,11,1788,2025-03-13,10,Positive,StreamMax,122
4733,14,732,2024-06-11,8,Positive,SmartTV,111
4734,12,347,2024-09-17,4,Negative,StreamMax,1
4735,4,182,2025-03-21,8,Positive,StreamMax,12
4736,1,606,2025-03-10,9,Positive,MobileApp,54
4737,1,1085,2024-11-19,8,Positive,SmartTV,5
4738,2,1424,2024-11-01,3,Negative,MobileApp,80
4739,11,1032,2024-10-29,4,Negative,SmartTV,49
4740,4,1,2024-07-06,3,Negative,TabletApp,81
4741,13,764,2024-06-18,5,Neutral,TabletApp,52
4742,15,1937,2025-04-21,5,Neutral,MobileApp,87
4743,12,437,2024-09-05,10,Positive,WebBrowser,70
4744,6,1655,2024-08-02,5,Neutral,TabletApp,121
4745,9,1409,2025-01-24,5,Neutral,TabletApp,50
4746,5,1948,2024-06-07,7,Positive,TabletApp,58
4747,9,274,2024-08-14,3,Negative,MobileApp,3
4748,1,197,2024-08-13,9,Positive,MobileApp,142
4749,12,1321,2024-09-17,4,Negative,TabletApp,77
4750,13,1897,2025-02-18,9,Positive,TabletApp,136
4751,6,895,2025-04-08,8,Positive,StreamMax,79
4752,12,1177,2024-08-06,10,Positive,TabletApp,26
4753,11,650,2024-09-02,5,Neutral,StreamMax,7
4754,12,1659,2024-06-18,4,Negative,TabletApp,66
4755,6,433,2024-11-10,7,Positive,SmartTV,26
4756,13,1121,2025-04-10,5,Neutral,SmartTV,7
4757,12,1836,2025-01-09,10,Positive,WebBrowser,144
4758,5,1722,2024-08-02,4,Negative,WebBrowser,3
4759,6,1462,2024-12-25,3,Negative,StreamMax,147
4760,10,573,2024-07-27,4,Negative,TabletApp,65
4761,12,1153,2024-12-23,10,Positive,StreamMax,142
4762,7,564,2024-10-12,4,Negative,MobileApp,7
4763,2,1601,2025-01-15,10,Positive,WebBrowser,32
4764,12,1159,2025-01-23,9,Positive,MobileApp,39
4765,3,1236,2025-04-14,5,Neutral,MobileApp,15
4766,2,1741,2024-09-07,5,Neutral,TabletApp,117
4767,1,1629,2024-08-17,7,Positive,TabletApp,113
4768,15,689,2024-10-04,6,Neutral,TabletApp,96
4769,13,894,2024-07-25,4,Negative,StreamMax,62
4770,7,224,2024-06-20,7,Positive,StreamMax,131
4771,13,285,2025-04-04,3,Negative,TabletApp,146
4772,11,369,2024-10-24,10,Positive,WebBrowser,4
4773,15,1510,2025-02-27,7,Positive,TabletApp,26
4774,2,1797,2024-12-26,4,Negative,MobileApp,35
4775,4,1619,2024-07-19,7,Positive,SmartTV,24
4776,2,481,2024-06-23,4,Negative,MobileApp,142
4777,4,1585,2024-06-08,2,Negative,TabletApp,69
4778,8,300,2024-07-22,6,Neutral,WebBrowser,98
4779,5,250,2024-12-26,6,Neutral,SmartTV,79
4780,9,332,2025-01-11,3,Negative,TabletApp,143
4781,15,616,2024-07-22,4,Negative,SmartTV,24
4782,14,1542,2025-02-02,6,Neutral,SmartTV,73
4783,6,1374,2025-01-19,6,Neutral,StreamMax,0
4784,11,1839,2025-02-07,6,Neutral,MobileApp,45
4785,12,674,2024-12-08,10,Positive,MobileApp,119
4786,4,39,2024-08-10,4,Negative,SmartTV,147
4787,15,1980,2024-10-07,7,Positive,StreamMax,142
4788,15,263,2024-08-28,3,Negative,StreamMax,58
4789,1,499,2025-03-29,8,Positive,WebBrowser,41
4790,15,1713,2024-08-30,2,Negative,StreamMax,6
4791,1,1537,2024-07-28,3,Negative,SmartTV,16
4792,9,1419,2024-09-21,1,Negative,WebBrowser,34
4793,12,761,2025-03-24,3,Negative,WebBrowser,114
4794,2,286,2024-06-16,5,Neutral,SmartTV,61
4795,4,719,2024-09-03,1,Negative,TabletApp,146
4796,15,1660,2024-06-02,10,Positive,TabletApp,98
4797,8,478,2025-02-11,7,Positive,MobileApp,93
4798,5,1471,2024-06-20,9,Positive,MobileApp,52
4799,4,456,2025-02-14,4,Negative,MobileApp,137
4800,8,313,2024-07-06,7,Positive,SmartTV,49
4801,7,1678,2024-10-13,10,Positive,TabletApp,107
4802,6,517,2025-03-14,10,Positive,SmartTV,119
4803,5,365,2024-12-09,9,Positive,WebBrowser,147
4804,10,845,2024-07-31,10,Positive,StreamMax,12
4805,5,1068,2025-02-27,10,Positive,MobileApp,0
4806,4,937,2025-03-06,4,Negative,MobileApp,10
4807,10,154,2024-09-03,4,Negative,StreamMax,143
4808,13,560,2024-09-07,4,Negative,WebBrowser,127
4809,3,1578,2024-12-26,4,Negative,MobileApp,42
4810,15,1849,2024-09-22,9,Positive,StreamMax,15
4811,11,508,2024-07-11,3,Negative,TabletApp,143
4812,10,925,2025-03-07,3,Negative,StreamMax,35
4813,6,1036,2025-01-25,5,Neutral,WebBrowser,2
4814,9,939,2024-08-11,4,Negative,MobileApp,57
4815,3,1386,2024-09-29,6,Neutral,MobileApp,132
4816,11,806,2024-12-01,5,Neutral,MobileApp,109
4817,4,1739,2025-01-07,7,Positive,MobileApp,49
4818,9,701,2024-08-16,5,Neutral,MobileApp,127
4819,7,1716,2024-12-18,9,Positive,StreamMax,74
4820,4,20,2024-08-15,9,Positive,WebBrowser,121
4821,1,1413,2024-10-10,9,Positive,StreamMax,103
4822,11,177,2024-08-15,7,Positive,StreamMax,102
4823,6,766,2025-01-26,5,Neutral,TabletApp,74
4824,11,1916,2025-03-06,3,Negative,StreamMax,5
4825,8,1392,2024-07-01,5,Neutral,TabletApp,99
4826,1,1283,2024-12-30,8,Positive,TabletApp,137
4827,8,1575,2024-11-29,5,Neutral,MobileApp,70
4828,2,1609,2024-08-17,8,Positive,MobileApp,96
4829,10,484,2025-03-06,5,Neutral,MobileApp,138
4830,3,470,2024-12-25,3,Negative,TabletApp,85
4831,4,1944,2025-04-16,6,Neutral,StreamMax,4
4832,14,869,2024-11-10,7,Positive,TabletApp,65
4833,4,1337,2025-03-14,4,Negative,TabletApp,59
4834,14,405,2024-11-23,3,Negative,SmartTV,3
4835,10,952,2024-10-25,8,Positive,TabletApp,80
4836,13,1878,2025-03-21,8,Positive,MobileApp,44
4837,1,1833,2024-07-01,5,Neutral,MobileApp,19
4838,7,1754,2024-10-31,7,Positive,MobileApp,137
4839,3,226,2024-06-24,6,Neutral,SmartTV,115
4840,14,1373,2025-03-16,9,Positive,MobileApp,111
4841,14,1437,2025-04-02,6,Neutral,MobileApp,7
4842,10,1135,2024-11-02,5,Neutral,StreamMax,22
4843,14,764,2024-12-21,9,Positive,SmartTV,132
4844,9,1287,2024-06-01,6,Neutral,SmartTV,69
4845,1,1144,2024-07-14,9,Positive,StreamMax,51
4846,9,1445,2024-08-30,3,Negative,StreamMax,102
4847,1,172,2025-01-17,10,Positive,TabletApp,137
4848,12,1460,2025-01-19,4,Negative,SmartTV,16
4849,4,1699,2024-12-05,4,Negative,MobileApp,28
4850,15,149,2024-10-29,7,Positive,SmartTV,120
4851,8,25,2025-02-24,10,Positive,StreamMax,49
4852,4,585,2024-12-03,7,Positive,TabletApp,64
4853,13,1236,2025-02-14,4,Negative,StreamMax,59
4854,5,1735,2024-07-18,9,Positive,MobileApp,45
4855,3,853,2024-08-29,9,Positive,TabletApp,96
4856,9,752,2024-06-21,10,Positive,TabletApp,89
4857,6,1024,2024-07-11,8,Positive,SmartTV,24
4858,15,40,2025-02-18,4,Negative,TabletApp,136
4859,9,1868,2024-06-27,3,Negative,StreamMax,99
4860,6,543,2025-02-06,6,Neutral,SmartTV,102
4861,7,124,2025-02-16,4,Negative,SmartTV,127
4862,2,955,2024-07-08,4,Negative,WebBrowser,54
4863,13,78,2024-09-03,9,Positive,TabletApp,148
4864,14,686,2025-04-27,5,Neutral,SmartTV,15
4865,5,1333,2024-08-29,3,Negative,StreamMax,84
4866,14,633,2024-07-24,6,Neutral,TabletApp,96
4867,2,1866,2024-10-17,3,Negative,SmartTV,131
4868,4,952,2025-04-30,6,Neutral,StreamMax,16
4869,10,262,2024-09-03,6,Neutral,WebBrowser,2
4870,11,480,2024-10-25,6,Neutral,MobileApp,3
4871,14,54,2024-07-22,9,Positive,MobileApp,5
4872,14,271,2024-06-11,3,Negative,SmartTV,137
4873,14,1864,2025-04-17,6,Neutral,SmartTV,39
4874,12,519,2024-12-25,4,Negative,SmartTV,17
4875,3,1815,2024-07-12,5,Neutral,StreamMax,102
4876,4,1923,2024-10-04,2,Negative,WebBrowser,93
4877,5,687,2025-04-12,5,Neutral,TabletApp,62
4878,15,101,2025-02-27,2,Negative,SmartTV,93
4879,2,653,2024-07-27,5,Neutral,TabletApp,145
4880,12,586,2024-10-11,4,Negative,SmartTV,105
4881,10,1089,2024-12-06,6,Neutral,MobileApp,99
4882,1,790,2025-04-29,10,Positive,MobileApp,111
4883,7,324,2024-11-10,5,Neutral,TabletApp,3
4884,1,271,2024-07-19,5,Neutral,TabletApp,27
4885,12,703,2024-10-30,5,Neutral,SmartTV,68
4886,10,1487,2025-04-21,9,Positive,StreamMax,69
4887,15,557,2025-02-23,1,Negative,SmartTV,25
4888,6,1502,2024-06-03,6,Neutral,StreamMax,49
4889,4,1234,2024-08-08,5,Neutral,TabletApp,69
4890,11,1203,2024-12-04,7,Positive,StreamMax,102
4891,13,1996,2025-02-18,8,Positive,TabletApp,127
4892,10,268,2024-09-04,10,Positive,SmartTV,37
4893,4,1257,2025-01-20,6,Neutral,TabletApp,13
4894,3,92,2024-06-18,6,Neutral,MobileApp,144
4895,10,195,2024-10-07,8,Positive,StreamMax,127
4896,9,1966,2025-03-11,6,Neutral,WebBrowser,137
4897,13,1493,2024-10-08,4,Negative,StreamMax,5
4898,9,1550,2025-01-02,6,Neutral,TabletApp,121
4899,3,1196,2024-06-13,6,Neutral,SmartTV,64
4900,12,940,2025-04-07,5,Neutral,WebBrowser,35
4901,14,1030,2024-09-18,4,Negative,WebBrowser,116
4902,12,1442,2025-01-22,6,Neutral,StreamMax,59
4903,9,1102,2024-08-15,8,Positive,SmartTV,122
4904,7,83,2024-11-16,4,Negative,TabletApp,134
4905,3,413,2025-01-02,4,Negative,SmartTV,71
4906,2,1738,2025-03-18,5,Neutral,SmartTV,75
4907,9,1404,2025-01-12,6,Neutral,MobileApp,136
4908,11,1674,2024-07-31,9,Positive,StreamMax,76
4909,13,246,2024-11-26,4,Negative,StreamMax,33
4910,14,199,2024-07-26,10,Positive,SmartTV,128
4911,5,132,2025-01-03,8,Positive,StreamMax,75
4912,13,101,2024-06-02,7,Positive,StreamMax,87
4913,4,164,2025-01-24,6,Neutral,StreamMax,50
4914,4,226,2024-08-30,1,Negative,TabletApp,39
4915,10,1339,2025-01-05,5,Neutral,MobileApp,139
4916,9,1294,2025-01-25,1,Negative,MobileApp,74
4917,10,1051,2024-08-04,6,Neutral,WebBrowser,53
4918,9,978,2024-12-15,8,Positive,SmartTV,83
4919,12,1864,2024-08-12,5,Neutral,SmartTV,44
4920,10,341,2024-12-03,8,Positive,TabletApp,12
4921,7,1978,2025-01-01,6,Neutral,SmartTV,44
4922,7,912,2025-02-03,10,Positive,SmartTV,53
4923,14,125,2025-03-26,5,Neutral,MobileApp,43
4924,7,1181,2024-07-29,9,Positive,SmartTV,27
4925,10,1566,2025-02-11,5,Neutral,StreamMax,138
4926,1,1632,2025-04-13,7,Positive,MobileApp,113
4927,7,543,2025-03-04,6,Neutral,TabletApp,72
4928,10,1919,2025-04-21,3,Negative,TabletApp,67
4929,14,286,2024-10-13,5,Neutral,MobileApp,10
4930,15,806,2025-03-28,8,Positive,SmartTV,122
4931,6,1964,2024-08-31,8,Positive,StreamMax,100
4932,13,4,2025-03-17,9,Positive,TabletApp,85
4933,6,248,2024-08-13,3,Negative,TabletApp,144
4934,13,244,2024-09-28,5,Neutral,TabletApp,92
4935,9,1634,2025-03-03,3,Negative,SmartTV,83
4936,10,653,2024-10-13,5,Neutral,WebBrowser,141
4937,12,293,2024-08-25,10,Positive,WebBrowser,140
4938,7,793,2024-07-09,5,Neutral,TabletApp,110
4939,7,361,2024-07-23,8,Positive,StreamMax,48
4940,1,1615,2024-07-20,8,Positive,WebBrowser,119
4941,5,125,2025-04-21,3,Negative,SmartTV,125
4942,4,745,2024-07-05,3,Negative,MobileApp,143
4943,9,957,2024-12-01,6,Neutral,WebBrowser,92
4944,4,252,2025-02-19,6,Neutral,MobileApp,58
4945,9,422,2025-03-01,5,Neutral,StreamMax,96
4946,9,73,2024-07-27,7,Positive,TabletApp,27
4947,10,607,2025-04-28,10,Positive,MobileApp,69
4948,6,1009,2024-12-09,6,Neutral,TabletApp,40
4949,10,1246,2024-10-24,6,Neutral,StreamMax,107
4950,2,1110,2024-09-16,5,Neutral,TabletApp,109
4951,11,48,2025-03-06,3,Negative,WebBrowser,35
4952,10,1887,2024-11-17,10,Positive,TabletApp,99
4953,8,1239,2024-12-25,3,Negative,WebBrowser,139
4954,10,1365,2025-03-19,7,Positive,StreamMax,73
4955,10,74,2024-12-31,7,Positive,TabletApp,71
4956,10,366,2025-03-04,4,Negative,TabletApp,7
4957,12,397,2025-02-21,8,Positive,WebBrowser,132
4958,1,330,2024-07-30,8,Positive,MobileApp,21
4959,5,1016,2024-09-27,8,Positive,StreamMax,65
4960,10,1859,2024-08-29,3,Negative,SmartTV,115
4961,9,943,2024-12-05,3,Negative,SmartTV,108
4962,5,1844,2025-02-06,9,Positive,TabletApp,2
4963,6,752,2025-03-07,8,Positive,TabletApp,85
4964,1,1773,2024-06-28,8,Positive,StreamMax,28
4965,15,653,2024-12-01,3,Negative,WebBrowser,143
4966,4,1586,2024-12-05,5,Neutral,MobileApp,30
4967,15,63,2025-01-18,8,Positive,StreamMax,84
4968,13,1905,2024-09-01,4,Negative,SmartTV,36
4969,1,905,2024-11-27,10,Positive,StreamMax,2
4970,11,992,2024-08-09,5,Neutral,WebBrowser,101
4971,2,317,2024-08-31,5,Neutral,TabletApp,61
4972,2,1046,2025-01-14,3,Negative,MobileApp,3
4973,15,1903,2025-02-21,2,Negative,MobileApp,16
4974,6,206,2024-08-31,7,Positive,StreamMax,106
4975,14,1818,2024-09-18,8,Positive,MobileApp,138
4976,9,1705,2024-10-16,9,Positive,WebBrowser,129
4977,10,518,2024-08-10,6,Neutral,StreamMax,142
4978,9,1848,2025-02-20,8,Positive,SmartTV,32
4979,1,522,2025-01-16,8,Positive,TabletApp,80
4980,4,1555,2025-03-31,6,Neutral,WebBrowser,88
4981,4,1615,2024-10-31,6,Neutral,SmartTV,81
4982,13,122,2025-01-14,4,Negative,SmartTV,45
4983,5,1819,2024-07-12,10,Positive,SmartTV,127
4984,13,221,2025-03-23,10,Positive,StreamMax,78
4985,15,1414,2025-04-18,5,Neutral,StreamMax,36
4986,12,486,2025-02-18,3,Negative,WebBrowser,33
4987,13,1787,2024-08-16,8,Positive,TabletApp,102
4988,6,674,2024-11-01,6,Neutral,StreamMax,129
4989,9,229,2025-04-28,8,Positive,WebBrowser,24
4990,7,1609,2024-08-18,9,Positive,TabletApp,34
4991,15,74,2025-01-22,5,Neutral,WebBrowser,16
4992,4,860,2024-12-09,7,Positive,SmartTV,64
4993,9,635,2024-10-24,6,Neutral,TabletApp,17
4994,14,756,2024-10-19,9,Positive,MobileApp,34
4995,11,1534,2025-04-22,4,Negative,TabletApp,111
4996,9,127,2024-08-25,4,Negative,WebBrowser,61
4997,11,401,2025-03-03,9,Positive,StreamMax,67
4998,10,189,2024-08-08,4,Negative,SmartTV,86
4999,2,1587,2025-04-15,10,Positive,TabletApp,73
5000,9,1287,2024-10-13,8,Positive,TabletApp,56
