activity_id,viewer_id,movie_id,watch_date,platform,watch_duration_min,completion_rate,rewatched,device_type
1,1254,1,2025-02-03,TabletApp,125,0.89,0,Desktop
2,1737,5,2025-02-21,SmartTV,97,0.71,0,TV
3,540,11,2025-01-07,SmartTV,66,0.56,0,Mobile
4,276,14,2024-11-12,TabletApp,107,0.9,0,Mobile
5,1607,15,2025-02-15,SmartTV,124,0.8,0,Desktop
6,1470,10,2025-04-27,WebBrowser,113,0.98,0,Mobile
7,897,6,2025-02-10,MobileApp,68,0.71,0,Tablet
8,118,7,2024-11-25,StreamMax,66,0.63,0,Mobile
9,566,14,2025-03-19,TabletApp,43,0.48,0,Desktop
10,441,15,2025-01-18,SmartTV,65,0.52,0,Tablet
11,1106,1,2025-03-28,TabletApp,45,0.52,0,TV
12,1587,8,2024-07-07,WebBrowser,113,0.73,0,Desktop
13,1232,2,2024-08-31,WebBrowser,80,0.89,0,TV
14,1938,1,2024-12-24,WebBrowser,131,0.96,0,Tablet
15,704,1,2025-02-15,SmartTV,60,0.42,0,Desktop
16,411,3,2024-09-25,SmartTV,53,0.55,0,Mobile
17,42,7,2025-04-07,SmartTV,32,0.34,0,Mobile
18,1084,15,2024-06-07,SmartTV,41,0.3,0,TV
19,1958,13,2024-08-28,MobileApp,64,0.43,0,TV
20,1400,1,2024-08-19,MobileApp,100,0.7,0,Tablet
21,80,1,2025-03-03,SmartTV,94,0.92,1,Mobile
22,370,4,2025-03-30,WebBrowser,66,0.66,0,Desktop
23,1885,15,2024-11-20,WebBrowser,151,0.96,0,Mobile
24,135,9,2024-11-21,MobileApp,49,0.47,1,Tablet
25,828,2,2024-06-22,TabletApp,81,0.55,0,Mobile
26,657,9,2025-02-25,TabletApp,107,0.69,0,Desktop
27,278,3,2025-01-16,WebBrowser,103,0.83,0,Tablet
28,49,1,2025-02-07,TabletApp,55,0.37,0,Tablet
29,1579,15,2024-10-26,TabletApp,79,0.84,1,Desktop
30,629,14,2025-03-28,MobileApp,128,0.82,0,Mobile
31,97,7,2024-11-03,TabletApp,75,0.57,0,Tablet
32,1074,10,2024-08-31,MobileApp,61,0.66,0,Desktop
33,1460,14,2024-11-11,WebBrowser,39,0.35,0,Mobile
34,782,1,2024-09-14,StreamMax,47,0.38,1,TV
35,799,15,2024-09-25,StreamMax,77,0.56,0,Desktop
36,529,8,2025-01-03,MobileApp,99,0.78,1,TV
37,21,5,2024-12-30,SmartTV,119,0.88,1,Desktop
38,1000,12,2024-10-08,StreamMax,99,0.72,0,Tablet
39,1413,1,2025-01-15,StreamMax,57,0.38,0,TV
40,1516,1,2024-10-10,SmartTV,110,0.8,0,TV
41,536,13,2024-07-26,MobileApp,114,0.83,1,Tablet
42,1062,2,2024-06-19,StreamMax,63,0.63,0,Tablet
43,1562,2,2024-07-05,WebBrowser,63,0.47,0,Tablet
44,85,8,2025-02-13,MobileApp,94,0.84,0,Mobile
45,1943,8,2024-08-18,MobileApp,64,0.54,0,Desktop
46,116,14,2024-12-18,TabletApp,71,0.57,0,Desktop
47,688,8,2025-01-11,StreamMax,46,0.32,1,TV
48,294,7,2025-03-08,StreamMax,92,0.97,0,Tablet
49,36,7,2025-04-13,SmartTV,103,0.8,0,Mobile
50,13,9,2024-12-13,WebBrowser,28,0.3,0,Mobile
51,1561,13,2025-04-18,StreamMax,50,0.32,0,Tablet
52,1321,14,2024-12-15,WebBrowser,68,0.5,1,Desktop
53,1255,9,2024-10-07,WebBrowser,78,0.54,1,Desktop
54,1802,6,2024-12-02,MobileApp,57,0.46,1,Tablet
55,1807,15,2024-08-22,WebBrowser,50,0.56,1,Desktop
56,841,1,2025-03-05,MobileApp,125,0.9,1,TV
57,832,2,2025-01-02,WebBrowser,134,0.92,0,Tablet
58,692,6,2024-11-14,TabletApp,80,0.77,0,Desktop
59,1165,10,2024-09-08,WebBrowser,128,0.96,0,Tablet
60,629,5,2024-09-18,StreamMax,84,0.57,0,Tablet
61,1706,3,2025-04-16,MobileApp,66,0.59,0,Desktop
62,1920,8,2025-02-20,StreamMax,86,0.6,0,Tablet
63,353,8,2024-10-18,WebBrowser,105,0.99,0,Desktop
64,649,1,2025-01-26,WebBrowser,48,0.47,0,Mobile
65,1612,9,2024-07-04,StreamMax,32,0.36,0,Mobile
66,1847,3,2024-11-30,MobileApp,47,0.44,0,Mobile
67,1863,5,2024-11-09,WebBrowser,102,0.71,0,Desktop
68,208,3,2025-03-15,MobileApp,43,0.41,0,Tablet
69,1132,1,2025-04-18,MobileApp,77,0.63,1,Desktop
70,199,14,2024-06-21,WebBrowser,53,0.39,0,Desktop
71,1201,11,2024-12-03,WebBrowser,105,0.95,1,Tablet
72,1161,14,2024-11-24,SmartTV,90,0.92,0,Desktop
73,1388,8,2024-12-19,MobileApp,95,0.94,1,TV
74,1624,3,2024-07-13,StreamMax,83,0.55,0,Tablet
75,748,15,2024-10-08,TabletApp,52,0.43,1,Mobile
76,1856,6,2024-08-25,SmartTV,40,0.34,0,Tablet
77,559,4,2025-01-21,TabletApp,98,0.76,0,Mobile
78,40,10,2024-11-02,WebBrowser,84,0.57,0,TV
79,688,10,2024-12-05,WebBrowser,122,0.86,0,Desktop
80,1473,14,2024-10-12,SmartTV,103,0.69,0,Tablet
81,174,14,2024-11-11,StreamMax,91,0.9,1,Mobile
82,363,2,2024-12-09,StreamMax,41,0.35,1,Mobile
83,1509,10,2024-11-22,MobileApp,88,0.91,0,Tablet
84,678,8,2024-07-25,MobileApp,69,0.73,0,Mobile
85,1471,2,2024-07-17,MobileApp,35,0.3,0,Mobile
86,1281,5,2025-02-27,WebBrowser,48,0.43,0,Desktop
87,1499,6,2025-03-31,WebBrowser,86,0.91,0,Mobile
88,1996,1,2025-04-23,StreamMax,76,0.68,0,Mobile
89,1738,2,2024-11-12,MobileApp,97,0.83,0,TV
90,1038,8,2025-04-24,SmartTV,71,0.5,1,Desktop
91,1342,7,2024-10-07,StreamMax,54,0.5,0,Tablet
92,1502,4,2024-07-01,StreamMax,104,0.73,0,Tablet
93,1525,1,2025-04-09,TabletApp,125,0.94,0,Mobile
94,1490,8,2024-11-11,SmartTV,92,0.62,0,Tablet
95,1526,3,2024-09-06,StreamMax,50,0.46,0,Tablet
96,946,6,2024-11-14,WebBrowser,132,0.95,1,Tablet
97,291,6,2024-12-15,MobileApp,53,0.59,0,Tablet
98,1295,15,2024-08-16,WebBrowser,51,0.58,0,Desktop
99,1938,1,2025-01-03,SmartTV,60,0.57,0,Mobile
100,325,6,2024-11-03,SmartTV,139,0.88,0,Tablet
101,1023,8,2025-01-08,WebBrowser,64,0.6,1,Mobile
102,218,4,2024-07-05,TabletApp,144,0.97,0,Desktop
103,1013,7,2024-09-19,SmartTV,52,0.59,0,TV
104,1401,8,2025-04-13,TabletApp,61,0.6,0,TV
105,765,4,2024-08-05,StreamMax,82,0.56,0,TV
106,429,5,2024-11-15,WebBrowser,99,0.78,0,TV
107,679,8,2024-09-08,TabletApp,119,0.93,1,Desktop
108,1249,10,2024-09-30,WebBrowser,103,0.87,0,Mobile
109,1804,3,2024-07-19,TabletApp,60,0.57,0,Tablet
110,1845,6,2024-10-15,MobileApp,47,0.35,0,TV
111,746,10,2024-07-01,StreamMax,73,0.63,0,Tablet
112,1605,8,2024-10-18,SmartTV,145,0.97,0,Desktop
113,1323,12,2024-09-05,SmartTV,99,0.97,0,Desktop
114,1033,7,2024-10-23,WebBrowser,63,0.47,0,Mobile
115,419,3,2024-08-13,WebBrowser,46,0.51,0,Tablet
116,303,11,2025-01-15,TabletApp,79,0.74,0,TV
117,561,1,2025-01-20,SmartTV,71,0.49,0,Desktop
118,35,3,2024-08-03,TabletApp,43,0.34,0,Desktop
119,1476,3,2024-12-10,SmartTV,98,0.69,0,TV
120,1558,8,2024-06-18,TabletApp,96,0.75,0,Mobile
121,115,13,2024-08-07,MobileApp,62,0.65,0,Desktop
122,482,14,2024-07-18,SmartTV,110,0.83,0,TV
123,1009,10,2024-12-23,WebBrowser,105,0.68,0,Tablet
124,1123,10,2024-07-16,MobileApp,126,0.87,0,TV
125,116,2,2025-04-27,StreamMax,70,0.78,0,Desktop
126,87,6,2024-09-21,MobileApp,88,0.83,0,TV
127,1300,5,2024-12-20,WebBrowser,38,0.31,0,Tablet
128,83,7,2024-09-11,MobileApp,80,0.71,0,Mobile
129,166,4,2025-03-25,MobileApp,140,0.92,0,Desktop
130,1875,7,2025-04-18,SmartTV,101,0.82,0,Tablet
131,413,1,2025-04-08,SmartTV,54,0.48,1,Tablet
132,585,1,2025-01-18,WebBrowser,48,0.32,0,Mobile
133,1648,1,2024-07-25,TabletApp,102,0.91,0,TV
134,1381,12,2024-09-18,SmartTV,115,0.92,0,Desktop
135,1812,8,2024-10-08,SmartTV,40,0.45,0,Desktop
136,423,13,2025-02-11,SmartTV,131,0.96,0,Tablet
137,339,8,2025-02-07,MobileApp,79,0.64,0,Mobile
138,1747,13,2024-06-16,SmartTV,64,0.73,1,TV
139,1493,6,2025-03-18,StreamMax,97,0.97,0,Desktop
140,1520,15,2024-12-08,StreamMax,49,0.35,0,Mobile
141,619,14,2024-08-12,StreamMax,54,0.48,1,Mobile
142,1909,13,2025-01-30,StreamMax,42,0.42,0,Tablet
143,1188,13,2025-03-13,TabletApp,44,0.49,0,Desktop
144,815,2,2024-12-11,WebBrowser,48,0.32,1,Tablet
145,28,1,2025-03-23,SmartTV,89,0.93,0,Tablet
146,548,2,2024-06-13,MobileApp,86,0.77,0,Mobile
147,91,15,2025-03-16,TabletApp,125,0.88,1,Tablet
148,1466,11,2024-06-25,TabletApp,49,0.5,0,Tablet
149,765,7,2024-12-08,MobileApp,127,0.81,0,TV
150,1189,5,2024-12-23,SmartTV,73,0.56,0,Tablet
151,836,9,2024-12-02,TabletApp,96,0.97,0,Desktop
152,735,4,2025-04-27,MobileApp,98,0.63,1,TV
153,1761,6,2025-04-17,TabletApp,52,0.4,0,Desktop
154,1175,13,2024-08-11,WebBrowser,111,0.98,0,Tablet
155,1027,13,2025-03-06,TabletApp,33,0.33,0,Desktop
156,1401,10,2024-11-19,SmartTV,82,0.64,0,Tablet
157,1679,7,2024-12-19,WebBrowser,59,0.45,0,Mobile
158,1319,2,2025-01-19,StreamMax,45,0.41,1,Mobile
159,1876,6,2024-07-07,MobileApp,100,0.79,0,TV
160,1110,12,2025-04-23,StreamMax,41,0.37,0,TV
161,381,1,2025-02-27,SmartTV,137,0.97,0,Mobile
162,615,10,2024-11-23,SmartTV,64,0.57,0,Tablet
163,1216,8,2024-06-22,WebBrowser,71,0.78,0,Mobile
164,970,2,2024-12-14,WebBrowser,83,0.83,0,TV
165,1403,14,2025-02-07,StreamMax,136,1.0,1,Mobile
166,1114,6,2024-07-18,WebBrowser,36,0.36,0,TV
167,962,2,2024-06-18,WebBrowser,83,0.53,0,Tablet
168,1401,1,2024-08-05,TabletApp,70,0.77,0,Desktop
169,1428,6,2025-03-17,StreamMax,88,0.57,0,Mobile
170,1006,10,2024-08-29,MobileApp,116,0.93,0,TV
171,1407,6,2024-08-19,MobileApp,95,0.98,0,Desktop
172,1589,1,2024-08-30,MobileApp,36,0.33,0,Tablet
173,911,2,2024-07-30,MobileApp,38,0.37,0,Mobile
174,751,6,2025-01-07,SmartTV,48,0.31,0,Mobile
175,69,5,2024-10-21,StreamMax,86,0.61,0,TV
176,1362,13,2024-12-01,MobileApp,95,0.63,1,Desktop
177,332,1,2024-07-15,TabletApp,111,0.77,0,TV
178,1989,6,2024-09-03,TabletApp,72,0.71,0,Desktop
179,273,1,2025-01-08,StreamMax,58,0.66,0,TV
180,19,8,2024-11-03,SmartTV,96,0.92,1,Tablet
181,387,11,2025-01-30,StreamMax,72,0.63,0,Mobile
182,261,1,2025-02-17,WebBrowser,38,0.4,0,Mobile
183,506,8,2025-04-17,MobileApp,111,0.83,1,Tablet
184,885,1,2024-06-22,MobileApp,77,0.85,0,TV
185,1242,5,2024-09-24,WebBrowser,85,0.82,0,Tablet
186,1548,8,2025-04-22,SmartTV,63,0.41,0,Mobile
187,64,6,2024-12-31,MobileApp,34,0.35,0,Mobile
188,806,5,2024-10-22,SmartTV,82,0.63,1,TV
189,1752,14,2025-01-27,TabletApp,90,0.66,0,Desktop
190,187,6,2025-02-06,TabletApp,152,0.98,0,Mobile
191,550,2,2024-10-17,MobileApp,139,0.91,0,TV
192,1160,14,2024-09-06,MobileApp,68,0.54,1,Tablet
193,1225,3,2025-01-04,TabletApp,86,0.77,1,Desktop
194,1410,11,2024-10-30,TabletApp,57,0.43,0,Desktop
195,1192,11,2025-02-22,MobileApp,52,0.42,0,TV
196,1327,2,2025-02-10,WebBrowser,77,0.56,0,Tablet
197,300,7,2024-10-09,StreamMax,86,0.72,1,Tablet
198,387,1,2024-10-09,TabletApp,97,0.62,1,Tablet
199,105,2,2025-01-05,TabletApp,111,0.74,0,Tablet
200,245,5,2024-08-11,StreamMax,57,0.43,0,Mobile
201,1124,3,2025-03-02,WebBrowser,49,0.49,0,Mobile
202,692,1,2025-04-16,WebBrowser,99,0.8,0,Desktop
203,1169,8,2024-10-15,MobileApp,126,0.95,0,TV
204,352,11,2024-12-14,MobileApp,39,0.44,0,TV
205,256,11,2024-07-19,MobileApp,65,0.47,0,Desktop
206,1880,14,2024-09-21,MobileApp,44,0.5,0,Tablet
207,1229,8,2024-12-15,StreamMax,71,0.61,1,Tablet
208,907,10,2024-08-16,TabletApp,112,0.82,0,Mobile
209,557,7,2024-09-14,WebBrowser,138,0.92,0,TV
210,1023,3,2025-02-15,TabletApp,105,0.73,0,Desktop
211,1231,10,2024-12-11,MobileApp,58,0.42,0,TV
212,510,5,2024-10-27,TabletApp,126,0.93,1,Mobile
213,1154,9,2024-10-03,WebBrowser,72,0.75,0,Mobile
214,707,5,2024-12-02,WebBrowser,85,0.57,0,Tablet
215,523,1,2025-02-16,WebBrowser,113,0.94,0,Desktop
216,1321,13,2025-02-20,StreamMax,81,0.72,1,TV
217,469,1,2024-07-17,StreamMax,64,0.41,0,TV
218,601,6,2024-08-12,MobileApp,110,0.9,0,TV
219,137,1,2024-09-27,SmartTV,80,0.73,0,Tablet
220,484,14,2024-06-09,TabletApp,98,0.87,0,Mobile
221,552,11,2024-08-31,TabletApp,98,0.67,0,Desktop
222,1910,1,2025-01-02,SmartTV,57,0.53,0,Mobile
223,1833,6,2024-06-30,StreamMax,63,0.58,0,Desktop
224,1248,2,2024-12-06,WebBrowser,86,0.7,0,Desktop
225,1462,10,2024-10-06,StreamMax,38,0.41,1,Desktop
226,944,1,2025-02-26,TabletApp,118,0.86,0,Tablet
227,956,13,2025-04-28,TabletApp,127,0.96,0,Tablet
228,1073,10,2024-12-26,MobileApp,63,0.42,1,Desktop
229,753,1,2025-04-26,SmartTV,80,0.59,0,TV
230,1537,6,2024-06-09,WebBrowser,47,0.45,1,Desktop
231,619,8,2024-12-20,MobileApp,42,0.47,1,TV
232,956,6,2025-01-25,WebBrowser,63,0.56,0,Mobile
233,299,2,2025-04-24,SmartTV,118,0.95,0,Tablet
234,1817,14,2025-01-08,SmartTV,43,0.35,1,Tablet
235,1779,1,2025-02-01,MobileApp,45,0.35,0,Desktop
236,208,1,2024-08-14,StreamMax,65,0.69,0,TV
237,827,1,2024-11-19,SmartTV,79,0.62,0,Mobile
238,1554,13,2025-02-05,StreamMax,91,0.6,0,Mobile
239,315,15,2024-12-11,SmartTV,76,0.53,0,Desktop
240,787,1,2025-01-06,MobileApp,29,0.33,0,Desktop
241,1692,5,2024-08-17,MobileApp,72,0.6,0,Mobile
242,77,1,2024-10-14,WebBrowser,98,0.85,1,Desktop
243,1011,14,2024-07-29,SmartTV,52,0.36,0,TV
244,1958,13,2024-10-11,SmartTV,110,0.7,0,TV
245,1368,7,2025-03-29,TabletApp,81,0.66,0,Desktop
246,46,2,2025-01-09,TabletApp,83,0.64,0,Tablet
247,1212,1,2024-11-01,TabletApp,50,0.48,0,Desktop
248,510,13,2025-01-24,TabletApp,93,0.93,0,Tablet
249,859,10,2025-03-18,MobileApp,51,0.53,0,Tablet
250,1358,14,2024-07-04,WebBrowser,79,0.84,0,Tablet
251,970,1,2025-02-17,WebBrowser,44,0.38,1,Tablet
252,812,14,2025-03-29,MobileApp,64,0.45,0,Desktop
253,1225,4,2024-11-15,StreamMax,70,0.72,0,Mobile
254,878,1,2025-02-08,StreamMax,99,0.93,0,Desktop
255,597,1,2024-12-05,TabletApp,125,0.94,0,Desktop
256,677,14,2024-07-22,StreamMax,32,0.33,0,Desktop
257,1838,11,2024-12-18,StreamMax,132,0.88,0,TV
258,1078,8,2024-07-07,MobileApp,109,0.88,0,TV
259,1590,1,2025-02-19,SmartTV,42,0.37,0,TV
260,1424,9,2025-01-29,TabletApp,115,0.87,0,Tablet
261,1906,5,2024-09-29,SmartTV,109,0.86,0,Tablet
262,318,1,2025-03-17,StreamMax,96,0.91,1,Desktop
263,151,1,2024-10-23,WebBrowser,92,0.78,0,Mobile
264,1369,14,2025-03-10,MobileApp,102,0.81,1,Mobile
265,801,5,2024-09-07,StreamMax,50,0.54,1,TV
266,1665,5,2025-02-10,SmartTV,85,0.62,0,TV
267,1449,10,2025-01-03,StreamMax,84,0.76,1,Desktop
268,852,14,2024-07-18,MobileApp,83,0.64,0,Desktop
269,1237,2,2025-02-09,MobileApp,109,0.97,0,Mobile
270,1457,8,2024-11-23,SmartTV,116,0.86,0,Tablet
271,1986,11,2025-02-12,SmartTV,46,0.44,0,TV
272,1822,7,2025-02-26,WebBrowser,113,1.0,0,Mobile
273,1473,6,2025-03-30,WebBrowser,106,0.68,0,TV
274,1207,1,2025-04-18,WebBrowser,94,0.98,1,Tablet
275,1873,14,2025-04-08,TabletApp,89,0.7,0,TV
276,1336,3,2024-06-20,WebBrowser,104,0.87,0,Desktop
277,1950,1,2025-01-17,WebBrowser,41,0.47,0,Mobile
278,561,11,2025-03-02,WebBrowser,136,0.87,0,TV
279,1359,11,2024-06-27,TabletApp,74,0.65,0,TV
280,1752,11,2024-09-29,TabletApp,130,0.95,0,Desktop
281,411,7,2024-06-08,SmartTV,76,0.78,0,Tablet
282,266,1,2025-02-07,MobileApp,108,0.77,1,Desktop
283,741,10,2024-07-20,SmartTV,104,0.84,1,Mobile
284,319,1,2024-08-02,StreamMax,35,0.3,0,TV
285,233,15,2025-01-18,TabletApp,82,0.54,0,Mobile
286,1259,6,2024-10-21,StreamMax,113,0.85,0,Tablet
287,1117,11,2024-10-07,StreamMax,80,0.81,0,TV
288,1670,1,2025-03-01,StreamMax,58,0.44,0,Tablet
289,886,11,2024-07-24,MobileApp,120,0.87,0,Tablet
290,1532,11,2024-07-05,WebBrowser,114,0.98,0,Tablet
291,1316,5,2024-12-06,StreamMax,40,0.44,0,Mobile
292,36,8,2024-12-08,StreamMax,105,0.75,1,Tablet
293,1727,1,2024-07-20,TabletApp,70,0.69,0,Tablet
294,1130,7,2024-11-22,SmartTV,34,0.38,0,Tablet
295,1759,3,2024-07-25,MobileApp,42,0.34,0,Tablet
296,575,15,2024-11-22,TabletApp,86,0.89,0,Tablet
297,615,3,2024-12-26,SmartTV,39,0.32,0,Mobile
298,1908,13,2025-02-24,SmartTV,72,0.72,0,TV
299,652,11,2024-08-03,TabletApp,49,0.43,1,Desktop
300,638,1,2025-03-09,TabletApp,81,0.83,1,TV
301,1348,14,2024-10-31,StreamMax,51,0.37,0,Tablet
302,683,1,2024-10-16,TabletApp,40,0.4,0,Tablet
303,1658,1,2024-12-02,TabletApp,39,0.37,1,Desktop
304,345,1,2024-09-03,StreamMax,70,0.7,0,Desktop
305,1961,1,2025-02-16,StreamMax,65,0.47,0,TV
306,1495,8,2024-09-05,StreamMax,75,0.64,0,Tablet
307,1081,2,2024-10-28,TabletApp,75,0.54,0,TV
308,1263,3,2024-08-03,TabletApp,94,0.79,0,Mobile
309,392,5,2024-10-08,TabletApp,86,0.78,0,Desktop
310,83,1,2024-09-27,WebBrowser,79,0.82,0,Desktop
311,231,3,2025-03-22,StreamMax,34,0.3,1,Mobile
312,700,5,2024-09-14,StreamMax,64,0.61,1,TV
313,776,15,2025-02-21,MobileApp,112,0.78,1,Desktop
314,724,2,2024-09-05,WebBrowser,108,0.91,0,TV
315,517,6,2024-06-02,StreamMax,64,0.6,0,Mobile
316,1074,10,2024-10-27,SmartTV,44,0.44,0,TV
317,1576,1,2024-06-08,TabletApp,79,0.83,0,TV
318,921,8,2024-09-11,WebBrowser,95,0.78,1,TV
319,452,1,2025-01-11,MobileApp,83,0.93,0,Tablet
320,1943,2,2025-03-10,StreamMax,69,0.66,0,TV
321,1413,7,2024-07-21,SmartTV,75,0.49,0,Mobile
322,1961,1,2025-02-06,TabletApp,57,0.48,1,Desktop
323,1083,8,2024-06-02,SmartTV,36,0.4,0,Tablet
324,3,8,2025-02-02,SmartTV,44,0.44,0,Tablet
325,1648,2,2024-10-18,TabletApp,98,0.71,0,TV
326,967,1,2025-04-16,SmartTV,52,0.44,0,TV
327,1555,4,2024-10-02,MobileApp,101,0.67,0,Mobile
328,212,9,2025-03-17,WebBrowser,108,0.93,1,Desktop
329,1096,6,2024-07-08,WebBrowser,58,0.37,0,Desktop
330,448,10,2024-12-07,StreamMax,44,0.37,1,Tablet
331,575,1,2025-04-26,MobileApp,102,0.71,0,Desktop
332,192,8,2024-10-07,MobileApp,132,0.85,0,TV
333,1347,7,2024-06-04,MobileApp,142,0.95,0,TV
334,1032,1,2025-03-26,StreamMax,56,0.46,0,TV
335,1543,14,2025-01-18,StreamMax,75,0.69,0,Mobile
336,395,9,2024-08-28,StreamMax,102,0.88,0,Desktop
337,405,12,2024-08-07,WebBrowser,48,0.51,0,Desktop
338,1487,1,2025-04-07,WebBrowser,115,0.92,0,Mobile
339,326,12,2025-01-29,SmartTV,61,0.56,0,Desktop
340,1829,9,2025-01-02,MobileApp,41,0.38,0,Tablet
341,470,1,2025-03-08,TabletApp,124,0.8,1,TV
342,323,13,2025-04-01,WebBrowser,77,0.67,0,Tablet
343,533,3,2025-04-07,MobileApp,40,0.45,0,Tablet
344,953,11,2024-07-17,MobileApp,92,0.91,1,Desktop
345,1093,10,2024-07-28,TabletApp,95,0.69,0,Desktop
346,369,1,2025-03-03,MobileApp,94,0.91,1,Mobile
347,1132,2,2024-07-13,StreamMax,84,0.54,0,TV
348,1696,7,2024-08-31,MobileApp,49,0.33,0,Desktop
349,184,10,2025-02-21,StreamMax,57,0.4,0,Mobile
350,660,10,2025-01-22,SmartTV,51,0.42,0,Mobile
351,1588,11,2024-06-13,StreamMax,81,0.9,0,Mobile
352,390,1,2025-02-02,WebBrowser,97,0.97,0,TV
353,1292,1,2025-04-06,SmartTV,34,0.32,0,Mobile
354,1033,11,2025-04-27,SmartTV,62,0.5,0,Desktop
355,1181,8,2025-03-04,TabletApp,94,0.63,1,Mobile
356,1689,1,2024-10-26,WebBrowser,108,0.85,0,Tablet
357,91,6,2025-04-03,MobileApp,39,0.33,0,TV
358,1483,1,2025-02-20,WebBrowser,52,0.49,0,Mobile
359,306,2,2024-10-16,SmartTV,85,0.66,0,TV
360,349,3,2025-03-23,TabletApp,52,0.56,0,Tablet
361,426,1,2024-10-02,TabletApp,131,0.9,0,Mobile
362,1595,11,2025-04-22,MobileApp,150,0.97,0,Mobile
363,97,3,2024-08-02,TabletApp,109,0.91,0,Mobile
364,1502,3,2024-10-11,TabletApp,106,0.97,1,Tablet
365,510,13,2025-02-20,TabletApp,49,0.44,0,Tablet
366,318,3,2024-07-04,TabletApp,55,0.4,0,Desktop
367,1322,7,2024-11-05,StreamMax,63,0.59,0,Tablet
368,268,10,2024-12-06,WebBrowser,125,0.81,0,TV
369,516,15,2024-07-13,WebBrowser,57,0.62,0,Tablet
370,1938,1,2024-12-09,MobileApp,84,0.91,0,Desktop
371,756,10,2024-11-22,SmartTV,75,0.68,0,Mobile
372,963,9,2024-12-11,SmartTV,63,0.52,0,Mobile
373,1497,11,2024-07-26,TabletApp,85,0.56,0,TV
374,1992,4,2024-08-08,SmartTV,59,0.63,0,Mobile
375,597,15,2024-10-01,MobileApp,50,0.44,1,TV
376,1078,2,2024-10-10,WebBrowser,73,0.71,0,Desktop
377,185,11,2024-07-19,TabletApp,116,0.8,0,Mobile
378,1243,7,2024-09-10,MobileApp,46,0.47,0,Desktop
379,662,5,2024-09-24,StreamMax,46,0.33,0,Mobile
380,1254,14,2025-02-14,WebBrowser,83,0.65,0,Tablet
381,1476,11,2025-02-24,MobileApp,81,0.92,0,Mobile
382,61,15,2025-03-28,StreamMax,52,0.37,0,Mobile
383,773,2,2024-11-18,SmartTV,95,0.63,0,Mobile
384,1860,15,2024-12-30,WebBrowser,108,0.94,0,TV
385,119,1,2025-01-10,TabletApp,134,0.87,0,TV
386,814,2,2025-02-27,TabletApp,57,0.63,0,Tablet
387,1670,2,2024-08-20,MobileApp,145,0.96,0,Tablet
388,692,3,2025-01-01,StreamMax,42,0.35,0,TV
389,1098,1,2024-12-26,StreamMax,44,0.33,0,TV
390,1917,2,2024-12-20,TabletApp,55,0.6,0,Mobile
391,874,10,2024-06-10,StreamMax,107,0.96,0,Desktop
392,815,5,2025-04-08,WebBrowser,32,0.36,0,Tablet
393,1926,1,2025-01-23,SmartTV,100,0.84,0,Tablet
394,376,6,2025-01-10,WebBrowser,105,0.7,0,Desktop
395,1075,8,2024-10-14,StreamMax,46,0.5,0,Mobile
396,917,11,2024-09-08,WebBrowser,63,0.54,1,Desktop
397,435,5,2024-09-28,StreamMax,77,0.75,0,TV
398,1422,6,2024-06-10,TabletApp,67,0.72,0,Mobile
399,586,11,2025-03-21,WebBrowser,38,0.43,1,Desktop
400,1225,5,2025-03-21,TabletApp,104,0.74,0,Tablet
401,1346,13,2024-10-30,StreamMax,128,0.88,1,TV
402,1605,1,2024-12-05,MobileApp,89,0.75,0,Mobile
403,1582,3,2025-02-12,MobileApp,103,0.92,1,Mobile
404,1599,2,2024-09-23,WebBrowser,54,0.51,0,Mobile
405,1433,5,2024-06-12,MobileApp,146,0.99,0,Mobile
406,856,6,2024-06-16,MobileApp,82,0.75,0,Desktop
407,452,7,2024-11-14,MobileApp,103,0.77,1,Desktop
408,1150,8,2024-06-09,StreamMax,110,0.89,1,Tablet
409,242,13,2024-08-12,SmartTV,132,0.93,0,Desktop
410,1563,5,2024-12-01,WebBrowser,72,0.68,0,Mobile
411,784,11,2025-03-21,StreamMax,78,0.56,1,Desktop
412,987,1,2025-01-05,MobileApp,39,0.37,1,TV
413,1892,8,2024-08-01,SmartTV,53,0.48,0,Desktop
414,1631,2,2024-11-07,StreamMax,108,0.89,1,Desktop
415,459,6,2024-06-01,WebBrowser,45,0.3,0,Tablet
416,113,1,2024-07-30,MobileApp,126,0.83,0,Desktop
417,686,12,2024-06-14,WebBrowser,31,0.33,0,TV
418,1290,1,2025-04-07,StreamMax,45,0.35,0,Desktop
419,1069,13,2024-09-09,WebBrowser,131,0.91,0,Mobile
420,452,10,2025-04-23,WebBrowser,45,0.5,0,TV
421,120,5,2025-01-16,WebBrowser,127,0.92,0,Desktop
422,1138,4,2024-07-18,WebBrowser,122,0.82,1,Mobile
423,1158,15,2025-04-05,StreamMax,42,0.35,0,TV
424,400,1,2025-01-30,SmartTV,37,0.36,0,Desktop
425,1876,2,2024-12-23,StreamMax,59,0.38,0,Desktop
426,1842,12,2024-08-24,TabletApp,75,0.77,0,Tablet
427,1537,1,2025-01-03,SmartTV,71,0.47,0,Tablet
428,2000,7,2024-11-24,MobileApp,62,0.56,0,TV
429,1214,3,2024-06-26,TabletApp,88,0.81,0,Desktop
430,603,13,2025-02-17,WebBrowser,33,0.33,0,Mobile
431,420,2,2024-10-07,WebBrowser,121,0.88,0,Desktop
432,1518,14,2025-02-11,MobileApp,83,0.77,0,Desktop
433,1799,8,2025-02-07,MobileApp,145,0.93,0,Desktop
434,1906,3,2025-01-01,SmartTV,65,0.42,0,Tablet
435,1407,11,2025-04-07,MobileApp,86,0.61,1,Desktop
436,1737,13,2025-02-19,WebBrowser,53,0.42,0,Desktop
437,921,8,2024-06-12,WebBrowser,100,0.64,0,Mobile
438,1434,6,2024-07-02,MobileApp,87,0.58,1,Desktop
439,32,13,2024-12-04,TabletApp,114,0.84,0,Desktop
440,1289,2,2024-11-26,StreamMax,57,0.53,1,TV
441,687,1,2025-03-04,SmartTV,99,0.99,0,Desktop
442,1071,10,2025-04-30,StreamMax,92,0.84,1,Desktop
443,815,3,2025-01-20,TabletApp,77,0.83,0,TV
444,1277,2,2025-04-08,StreamMax,106,0.68,1,Desktop
445,78,14,2024-11-17,TabletApp,100,0.86,0,TV
446,598,6,2025-04-28,TabletApp,51,0.39,0,Mobile
447,581,8,2024-11-25,TabletApp,97,0.62,0,Mobile
448,904,10,2024-07-17,MobileApp,60,0.55,1,Tablet
449,979,6,2024-09-09,StreamMax,75,0.68,1,Tablet
450,1598,3,2024-07-10,WebBrowser,93,0.97,0,Tablet
451,308,5,2025-04-16,TabletApp,100,0.7,0,Desktop
452,266,12,2024-11-11,WebBrowser,74,0.66,1,Mobile
453,1090,11,2024-11-10,WebBrowser,68,0.78,0,Desktop
454,1425,5,2024-10-16,WebBrowser,123,0.92,0,TV
455,1166,9,2024-06-20,MobileApp,32,0.32,0,Desktop
456,702,11,2024-12-09,TabletApp,54,0.49,0,Tablet
457,723,2,2025-04-10,MobileApp,60,0.51,0,TV
458,1701,11,2024-09-22,TabletApp,101,0.91,1,Mobile
459,337,4,2024-10-12,MobileApp,46,0.36,0,TV
460,1910,10,2025-02-03,WebBrowser,55,0.42,0,Desktop
461,1207,5,2024-09-22,SmartTV,105,0.91,0,TV
462,1763,1,2025-02-14,SmartTV,51,0.37,0,Tablet
463,1959,7,2024-12-15,StreamMax,123,0.96,0,Tablet
464,589,11,2024-10-12,SmartTV,51,0.46,0,Mobile
465,1831,13,2025-02-18,StreamMax,85,0.88,1,Tablet
466,408,1,2025-02-23,TabletApp,114,0.88,0,Mobile
467,746,1,2025-01-12,StreamMax,77,0.53,0,TV
468,444,2,2024-08-28,WebBrowser,64,0.56,0,Mobile
469,873,2,2025-01-16,StreamMax,83,0.9,1,TV
470,307,14,2025-04-26,StreamMax,106,0.86,0,TV
471,785,1,2025-04-12,TabletApp,69,0.67,0,Mobile
472,1710,8,2024-08-07,SmartTV,73,0.83,0,Desktop
473,1079,12,2025-03-13,WebBrowser,118,0.9,0,Desktop
474,1142,14,2025-01-06,TabletApp,76,0.59,0,Tablet
475,573,7,2024-10-31,WebBrowser,94,0.9,0,TV
476,1830,15,2024-10-22,TabletApp,89,0.68,0,TV
477,650,11,2025-04-11,MobileApp,76,0.5,0,Mobile
478,1664,15,2025-01-06,MobileApp,90,0.99,1,Mobile
479,88,13,2024-08-19,MobileApp,116,0.86,0,Desktop
480,485,1,2024-08-07,SmartTV,89,0.88,1,Mobile
481,664,2,2024-11-22,MobileApp,98,0.64,0,Tablet
482,374,7,2024-07-22,TabletApp,62,0.5,0,Tablet
483,1270,5,2025-02-07,WebBrowser,46,0.4,0,Tablet
484,600,10,2025-04-26,MobileApp,51,0.59,0,Desktop
485,590,14,2024-09-16,TabletApp,92,0.96,0,Desktop
486,1655,10,2024-07-25,StreamMax,91,0.82,0,Desktop
487,1322,13,2024-06-04,StreamMax,73,0.74,0,Mobile
488,1065,13,2024-10-04,MobileApp,88,0.59,0,Tablet
489,1091,4,2024-08-24,TabletApp,116,0.84,0,Tablet
490,371,1,2024-11-27,TabletApp,69,0.52,0,Tablet
491,317,1,2025-03-20,MobileApp,123,0.96,0,Tablet
492,1347,5,2025-03-11,WebBrowser,47,0.47,0,Desktop
493,1967,10,2024-08-01,StreamMax,82,0.75,0,Desktop
494,1613,2,2024-09-20,StreamMax,105,0.95,0,Desktop
495,1957,1,2025-03-18,WebBrowser,108,0.94,1,Mobile
496,1638,10,2024-11-15,SmartTV,73,0.76,0,Desktop
497,342,2,2024-11-14,TabletApp,90,0.76,1,Desktop
498,1925,3,2024-11-05,WebBrowser,50,0.49,0,Tablet
499,1808,10,2025-02-08,SmartTV,62,0.45,0,Mobile
500,535,8,2024-10-08,TabletApp,105,0.7,0,Mobile
501,916,2,2025-04-06,StreamMax,126,0.88,0,Desktop
502,332,6,2024-06-29,TabletApp,77,0.53,1,Mobile
503,1450,2,2024-11-15,MobileApp,61,0.4,0,Mobile
504,1542,12,2024-07-21,WebBrowser,52,0.39,0,Mobile
505,355,7,2024-06-20,TabletApp,111,0.92,0,Tablet
506,1037,7,2025-03-19,SmartTV,69,0.61,0,TV
507,1306,2,2025-03-01,StreamMax,55,0.58,0,TV
508,484,15,2024-12-16,StreamMax,96,0.75,0,TV
509,334,12,2024-09-16,StreamMax,90,0.91,0,Desktop
510,1495,11,2025-03-28,StreamMax,74,0.82,0,Tablet
511,1778,3,2025-02-17,StreamMax,48,0.43,0,Tablet
512,1407,1,2025-03-31,MobileApp,66,0.65,0,Desktop
513,237,10,2024-09-15,WebBrowser,59,0.41,0,Desktop
514,1241,1,2025-02-18,MobileApp,60,0.58,0,Mobile
515,1481,6,2024-11-23,WebBrowser,117,0.76,1,Desktop
516,1530,14,2024-09-18,WebBrowser,36,0.33,0,Desktop
517,1353,7,2024-08-31,TabletApp,78,0.62,0,TV
518,185,1,2025-03-13,MobileApp,120,0.78,1,Mobile
519,669,8,2024-08-08,WebBrowser,50,0.41,0,Desktop
520,752,10,2024-11-27,StreamMax,77,0.81,1,Desktop
521,1166,10,2025-04-02,StreamMax,81,0.54,0,Desktop
522,243,15,2024-08-12,SmartTV,69,0.49,0,TV
523,1562,5,2024-08-06,SmartTV,40,0.45,1,Desktop
524,987,1,2024-06-28,WebBrowser,59,0.55,0,Tablet
525,341,3,2025-04-03,StreamMax,105,0.73,0,Mobile
526,267,5,2024-08-04,StreamMax,139,0.9,0,TV
527,325,14,2025-04-20,SmartTV,87,0.75,0,Mobile
528,1262,1,2024-12-03,TabletApp,87,0.58,1,Tablet
529,1829,5,2024-11-05,WebBrowser,99,0.74,0,TV
530,871,5,2024-08-28,WebBrowser,115,0.96,1,Desktop
531,515,12,2025-01-23,StreamMax,61,0.6,0,Mobile
532,1054,11,2024-08-02,WebBrowser,30,0.33,0,Mobile
533,566,6,2024-07-17,TabletApp,90,0.64,0,Mobile
534,1664,7,2024-12-05,TabletApp,64,0.61,0,Mobile
535,1443,15,2024-07-02,TabletApp,70,0.62,0,Tablet
536,111,1,2025-01-23,StreamMax,104,0.8,1,TV
537,1087,5,2024-10-20,WebBrowser,72,0.64,0,Desktop
538,1158,1,2025-01-09,TabletApp,67,0.43,0,Tablet
539,880,6,2025-04-02,MobileApp,43,0.48,0,Mobile
540,1375,4,2024-09-11,WebBrowser,77,0.72,1,Tablet
541,895,13,2024-08-16,TabletApp,34,0.36,0,Desktop
542,973,10,2024-06-10,WebBrowser,39,0.32,0,Mobile
543,677,3,2025-04-17,StreamMax,68,0.71,0,Tablet
544,255,9,2024-10-08,TabletApp,39,0.33,0,Mobile
545,1153,12,2025-04-20,SmartTV,69,0.79,0,Mobile
546,353,3,2024-06-22,StreamMax,72,0.48,1,TV
547,1225,8,2025-02-10,TabletApp,131,0.95,0,Tablet
548,1328,8,2024-07-04,StreamMax,63,0.44,1,Tablet
549,1536,8,2024-10-28,StreamMax,50,0.37,0,Tablet
550,101,3,2025-02-04,MobileApp,78,0.64,0,Desktop
551,895,11,2024-09-02,TabletApp,68,0.45,0,Mobile
552,914,15,2024-06-08,MobileApp,42,0.35,1,Desktop
553,957,1,2024-06-27,MobileApp,136,0.87,0,Tablet
554,325,1,2024-06-15,StreamMax,91,0.76,1,Mobile
555,1402,2,2025-04-11,TabletApp,106,0.7,0,Desktop
556,172,14,2025-01-14,TabletApp,151,0.97,0,TV
557,1041,14,2024-06-16,TabletApp,84,0.87,1,TV
558,284,3,2024-08-22,SmartTV,120,0.83,0,Desktop
559,902,8,2025-02-15,TabletApp,49,0.56,0,Mobile
560,96,2,2025-01-01,StreamMax,93,0.63,1,Desktop
561,779,12,2025-03-16,StreamMax,50,0.36,0,Mobile
562,1047,14,2025-02-11,MobileApp,93,0.77,0,Tablet
563,1034,7,2024-08-17,TabletApp,85,0.62,1,Tablet
564,103,9,2024-10-15,MobileApp,43,0.33,0,TV
565,182,14,2025-03-25,WebBrowser,79,0.6,0,Desktop
566,582,1,2025-03-11,WebBrowser,89,0.69,0,Tablet
567,1760,8,2025-04-25,StreamMax,72,0.58,1,Tablet
568,580,10,2025-04-09,MobileApp,87,0.56,0,Tablet
569,928,1,2025-02-17,WebBrowser,49,0.52,0,TV
570,292,1,2024-08-21,WebBrowser,65,0.55,0,Desktop
571,1982,1,2025-03-21,SmartTV,112,0.97,0,Desktop
572,1803,8,2025-01-10,WebBrowser,48,0.4,0,Tablet
573,140,8,2025-01-04,StreamMax,30,0.32,0,Desktop
574,232,15,2025-03-28,SmartTV,110,0.93,0,Desktop
575,1789,15,2024-09-13,MobileApp,80,0.8,0,Tablet
576,700,14,2024-09-04,SmartTV,92,0.99,0,Mobile
577,1597,5,2024-06-12,SmartTV,125,0.94,0,Tablet
578,256,1,2025-04-12,StreamMax,47,0.37,1,TV
579,1614,3,2025-03-18,WebBrowser,56,0.59,0,Tablet
580,1908,14,2024-07-04,SmartTV,87,0.84,0,Mobile
581,1959,7,2024-06-02,TabletApp,133,0.91,0,TV
582,555,1,2024-12-29,SmartTV,116,1.0,0,Tablet
583,1940,8,2024-10-14,TabletApp,106,0.68,1,Desktop
584,1192,10,2024-12-20,WebBrowser,124,0.79,0,Tablet
585,1411,8,2024-07-17,SmartTV,64,0.53,1,Mobile
586,1257,1,2024-08-09,WebBrowser,74,0.78,1,Desktop
587,782,10,2024-06-23,WebBrowser,53,0.55,0,Mobile
588,1221,2,2025-03-03,MobileApp,114,0.83,0,Desktop
589,1453,5,2025-04-28,TabletApp,59,0.39,0,TV
590,777,8,2025-02-04,TabletApp,28,0.31,0,TV
591,612,11,2025-02-27,MobileApp,117,0.98,0,Tablet
592,1398,15,2024-10-19,WebBrowser,121,0.85,0,Mobile
593,893,3,2024-10-13,SmartTV,52,0.41,0,TV
594,908,6,2024-11-22,TabletApp,61,0.68,0,TV
595,1976,11,2024-09-22,TabletApp,65,0.43,0,Desktop
596,1603,2,2024-12-07,WebBrowser,66,0.48,0,Desktop
597,690,11,2024-10-27,SmartTV,46,0.34,0,TV
598,110,2,2024-06-05,MobileApp,112,0.79,1,Mobile
599,603,1,2024-09-01,WebBrowser,122,0.86,0,Tablet
600,276,3,2024-11-09,StreamMax,100,0.73,0,Desktop
601,205,3,2024-07-18,SmartTV,85,0.56,0,Tablet
602,13,15,2025-03-02,TabletApp,45,0.31,0,Tablet
603,1013,6,2025-03-14,MobileApp,38,0.39,0,TV
604,1609,6,2024-06-07,WebBrowser,115,0.95,0,Tablet
605,1747,11,2024-08-24,StreamMax,106,0.75,0,Mobile
606,110,14,2024-09-13,WebBrowser,78,0.67,0,Tablet
607,1206,4,2024-12-15,StreamMax,141,0.91,0,TV
608,1302,15,2024-08-26,TabletApp,67,0.56,0,Desktop
609,1142,1,2024-09-28,SmartTV,123,0.92,0,Tablet
610,1337,2,2024-12-06,SmartTV,73,0.5,0,Desktop
611,158,12,2024-07-28,MobileApp,44,0.4,1,Tablet
612,1101,3,2025-04-11,TabletApp,126,0.84,0,Mobile
613,1846,6,2024-12-21,SmartTV,98,0.83,0,Desktop
614,63,6,2024-09-07,WebBrowser,141,0.91,0,Mobile
615,725,14,2024-06-07,StreamMax,72,0.76,0,Tablet
616,1694,15,2024-06-22,StreamMax,53,0.48,0,Desktop
617,1117,3,2025-02-13,TabletApp,107,0.88,1,TV
618,1805,12,2024-11-04,TabletApp,31,0.31,0,Tablet
619,1035,6,2024-10-25,WebBrowser,63,0.66,0,Desktop
620,521,3,2024-12-02,StreamMax,68,0.48,1,Desktop
621,1801,12,2024-12-03,TabletApp,115,0.78,0,Tablet
622,1132,10,2024-07-25,MobileApp,39,0.31,0,Mobile
623,935,1,2025-02-13,TabletApp,79,0.66,0,Tablet
624,1081,15,2025-02-19,SmartTV,79,0.84,1,TV
625,1440,6,2024-08-08,SmartTV,89,0.89,1,Desktop
626,477,2,2024-06-19,WebBrowser,136,0.87,0,Desktop
627,1853,3,2024-09-13,TabletApp,102,0.88,0,Desktop
628,1623,2,2024-07-23,TabletApp,41,0.41,0,Tablet
629,322,14,2025-03-18,TabletApp,49,0.45,1,Mobile
630,1141,10,2024-09-17,StreamMax,43,0.42,1,Mobile
631,360,2,2024-06-02,WebBrowser,47,0.31,0,Tablet
632,1864,1,2024-06-16,WebBrowser,110,0.74,0,Mobile
633,388,12,2024-12-08,SmartTV,56,0.57,0,Desktop
634,593,14,2024-11-11,TabletApp,73,0.75,0,Mobile
635,566,11,2025-01-02,MobileApp,134,0.85,0,TV
636,1206,5,2024-11-09,StreamMax,88,0.88,0,Mobile
637,1540,6,2024-12-24,SmartTV,82,0.94,1,TV
638,1951,14,2025-03-29,SmartTV,55,0.57,0,Mobile
639,1992,6,2024-12-17,StreamMax,59,0.6,0,Tablet
640,613,14,2024-07-15,SmartTV,92,0.8,0,Tablet
641,206,7,2024-12-22,TabletApp,89,0.73,0,Mobile
642,1151,5,2024-09-08,MobileApp,94,0.6,0,Desktop
643,1487,5,2025-03-18,MobileApp,97,0.7,0,Tablet
644,1082,11,2024-09-28,TabletApp,104,0.68,0,Tablet
645,149,11,2024-12-04,MobileApp,45,0.32,0,Mobile
646,1837,8,2024-12-11,MobileApp,37,0.32,0,Mobile
647,1805,1,2024-12-01,TabletApp,149,0.97,0,Desktop
648,620,5,2024-07-11,TabletApp,60,0.69,0,Desktop
649,1606,14,2025-01-23,SmartTV,84,0.55,1,Mobile
650,936,6,2024-10-27,WebBrowser,82,0.79,0,Desktop
651,198,11,2025-03-05,MobileApp,121,0.77,0,Tablet
652,893,14,2024-10-15,TabletApp,44,0.42,1,TV
653,153,7,2025-01-17,SmartTV,41,0.34,0,Desktop
654,1134,1,2024-11-25,SmartTV,52,0.56,0,Desktop
655,1184,1,2025-04-22,TabletApp,49,0.56,0,Mobile
656,818,1,2024-09-21,SmartTV,130,0.93,1,Tablet
657,1695,1,2025-04-21,TabletApp,69,0.63,0,TV
658,1814,13,2024-10-22,WebBrowser,29,0.3,0,Desktop
659,537,1,2025-01-18,WebBrowser,49,0.47,0,TV
660,135,1,2024-07-01,StreamMax,91,0.96,0,TV
661,1251,15,2024-08-31,StreamMax,89,0.89,0,Tablet
662,1803,1,2024-06-23,StreamMax,66,0.46,1,Desktop
663,68,2,2025-01-23,TabletApp,50,0.35,0,Mobile
664,991,1,2024-10-10,TabletApp,87,0.88,0,TV
665,671,8,2024-10-29,TabletApp,48,0.46,0,Tablet
666,1174,8,2024-09-18,SmartTV,127,0.91,0,TV
667,968,3,2024-07-30,TabletApp,58,0.59,0,Desktop
668,415,15,2024-11-07,MobileApp,85,0.87,1,Mobile
669,681,1,2025-04-10,MobileApp,95,0.69,0,Mobile
670,608,6,2024-09-18,WebBrowser,131,0.98,0,Desktop
671,1881,4,2024-08-17,WebBrowser,56,0.59,1,Tablet
672,880,1,2025-01-16,MobileApp,69,0.44,1,TV
673,1907,14,2025-03-05,SmartTV,102,0.65,1,TV
674,784,11,2025-04-19,WebBrowser,123,0.98,1,Mobile
675,109,4,2025-01-15,StreamMax,107,0.87,0,Tablet
676,722,8,2024-07-11,MobileApp,75,0.55,0,Desktop
677,20,10,2025-04-01,SmartTV,41,0.32,0,Tablet
678,634,8,2024-06-15,MobileApp,77,0.77,0,Mobile
679,948,15,2025-02-15,TabletApp,96,0.96,1,Mobile
680,1650,1,2024-10-30,StreamMax,83,0.61,0,Desktop
681,49,1,2024-12-25,SmartTV,65,0.56,1,TV
682,171,10,2024-08-30,MobileApp,98,1.0,0,TV
683,1844,11,2025-03-17,StreamMax,52,0.55,0,Tablet
684,1433,10,2024-06-26,SmartTV,36,0.36,0,Desktop
685,711,14,2025-03-29,StreamMax,62,0.48,0,Mobile
686,1009,14,2024-07-22,MobileApp,94,0.84,0,Mobile
687,1451,14,2025-03-30,MobileApp,70,0.77,0,Mobile
688,805,1,2024-10-26,StreamMax,93,0.74,0,Mobile
689,714,1,2024-08-04,StreamMax,129,0.91,0,TV
690,1112,1,2024-11-01,SmartTV,109,0.94,1,Desktop
691,736,14,2024-11-25,SmartTV,98,0.83,0,TV
692,741,1,2025-01-08,TabletApp,88,0.59,1,Mobile
693,815,8,2025-03-20,StreamMax,94,0.6,0,Tablet
694,978,10,2024-10-13,WebBrowser,38,0.33,0,Desktop
695,1959,10,2024-09-20,SmartTV,94,0.76,0,TV
696,43,13,2024-06-02,WebBrowser,83,0.57,0,Desktop
697,17,4,2024-09-20,StreamMax,54,0.41,0,Desktop
698,642,15,2024-10-09,MobileApp,53,0.39,0,Tablet
699,377,7,2025-03-26,TabletApp,37,0.34,0,Desktop
700,454,2,2024-11-05,StreamMax,53,0.53,0,Mobile
701,1318,8,2025-01-02,SmartTV,82,0.89,0,Tablet
702,498,7,2024-06-08,StreamMax,41,0.41,0,Tablet
703,279,2,2025-04-12,SmartTV,117,0.95,1,Tablet
704,1795,4,2025-03-16,WebBrowser,108,0.69,0,Desktop
705,1216,1,2025-03-31,MobileApp,106,0.84,0,Desktop
706,493,14,2025-01-01,StreamMax,84,0.77,1,Desktop
707,725,6,2025-02-22,WebBrowser,51,0.43,1,Mobile
708,259,10,2024-06-01,StreamMax,95,0.94,1,Desktop
709,1540,2,2025-03-09,WebBrowser,33,0.3,0,Desktop
710,1629,1,2025-04-08,StreamMax,88,0.81,0,Mobile
711,1864,7,2025-02-06,TabletApp,108,0.81,0,Mobile
712,1031,11,2025-01-10,SmartTV,60,0.45,0,Mobile
713,1804,10,2024-11-08,WebBrowser,102,0.7,0,Mobile
714,1059,5,2024-06-23,MobileApp,104,0.8,0,Desktop
715,769,1,2025-04-08,TabletApp,146,0.96,0,Desktop
716,566,11,2024-11-17,StreamMax,123,0.97,0,Desktop
717,1545,1,2025-01-31,MobileApp,38,0.41,0,TV
718,1281,7,2024-09-26,StreamMax,41,0.39,0,TV
719,571,3,2024-09-17,StreamMax,125,0.81,0,TV
720,1456,8,2024-09-09,StreamMax,82,0.79,0,Desktop
721,568,15,2024-08-16,MobileApp,46,0.45,0,Tablet
722,1906,4,2024-08-05,MobileApp,79,0.79,0,Desktop
723,1591,1,2024-08-06,WebBrowser,55,0.59,0,Desktop
724,1690,1,2025-04-12,WebBrowser,103,0.72,0,Tablet
725,197,14,2025-04-09,StreamMax,70,0.68,0,Desktop
726,184,15,2024-12-30,WebBrowser,75,0.78,0,Mobile
727,326,13,2025-03-26,MobileApp,127,0.82,0,Mobile
728,1725,3,2025-03-05,TabletApp,83,0.87,0,Desktop
729,167,1,2024-09-12,TabletApp,52,0.59,0,Tablet
730,755,7,2024-12-31,WebBrowser,122,0.89,1,Mobile
731,1435,5,2024-12-19,TabletApp,93,0.95,0,Tablet
732,124,5,2024-11-03,SmartTV,85,0.71,0,Tablet
733,802,15,2024-09-09,MobileApp,87,0.78,0,TV
734,1326,1,2025-04-06,MobileApp,81,0.56,0,Desktop
735,889,5,2024-07-31,SmartTV,38,0.36,0,Tablet
736,1884,9,2024-11-23,SmartTV,123,0.96,0,Mobile
737,1742,9,2025-02-18,TabletApp,69,0.75,0,Mobile
738,1906,10,2024-12-26,SmartTV,47,0.4,1,Mobile
739,1170,8,2024-12-12,TabletApp,54,0.48,0,Desktop
740,1475,13,2024-10-23,SmartTV,106,0.96,0,TV
741,461,7,2024-10-04,StreamMax,54,0.48,1,Desktop
742,1447,1,2024-12-05,StreamMax,93,0.67,0,TV
743,957,5,2024-12-17,WebBrowser,114,0.94,0,Tablet
744,1459,5,2024-10-16,MobileApp,105,0.81,0,Desktop
745,1156,6,2025-01-28,WebBrowser,120,0.99,0,Tablet
746,131,15,2025-01-07,MobileApp,55,0.45,0,TV
747,46,3,2025-03-02,TabletApp,70,0.79,0,TV
748,1669,6,2024-11-22,TabletApp,59,0.43,0,TV
749,814,8,2024-11-02,StreamMax,98,0.89,1,Desktop
750,1782,1,2025-02-17,SmartTV,86,0.84,0,Mobile
751,586,14,2024-06-27,TabletApp,121,1.0,0,Desktop
752,323,11,2024-12-30,SmartTV,109,0.87,1,Desktop
753,115,10,2025-01-18,WebBrowser,81,0.7,0,Mobile
754,1323,1,2024-08-02,MobileApp,89,0.67,0,Mobile
755,1495,1,2025-03-09,SmartTV,75,0.61,0,TV
756,1348,12,2024-10-22,WebBrowser,90,0.82,1,Tablet
757,1729,2,2025-04-30,StreamMax,138,0.92,0,Desktop
758,336,8,2025-04-28,TabletApp,86,0.95,0,TV
759,1681,13,2024-08-15,WebBrowser,66,0.46,0,Tablet
760,664,5,2024-12-26,StreamMax,63,0.43,0,Mobile
761,96,8,2025-04-19,WebBrowser,84,0.79,1,Mobile
762,1918,1,2025-03-08,StreamMax,70,0.76,0,Desktop
763,1398,6,2024-08-31,SmartTV,77,0.81,0,Tablet
764,1937,9,2024-09-08,TabletApp,34,0.38,0,Mobile
765,446,11,2024-12-21,WebBrowser,66,0.67,1,Mobile
766,406,2,2024-12-11,MobileApp,97,0.74,0,Tablet
767,1477,1,2024-06-14,MobileApp,64,0.43,0,TV
768,722,15,2024-09-18,MobileApp,99,0.94,0,Tablet
769,1262,2,2024-09-06,StreamMax,102,0.93,0,Tablet
770,1697,10,2024-09-22,MobileApp,98,0.85,0,Tablet
771,717,1,2024-06-18,TabletApp,33,0.36,1,Mobile
772,797,7,2025-04-07,TabletApp,66,0.65,1,Desktop
773,203,5,2024-06-08,WebBrowser,68,0.64,0,Desktop
774,1144,14,2025-03-14,StreamMax,82,0.74,1,Tablet
775,1725,9,2025-04-19,TabletApp,72,0.6,1,Tablet
776,665,6,2025-01-13,MobileApp,86,0.83,0,Desktop
777,313,15,2024-08-12,StreamMax,148,0.97,0,TV
778,316,2,2024-11-25,MobileApp,73,0.69,0,TV
779,773,5,2024-09-02,MobileApp,113,0.87,0,Mobile
780,497,14,2025-04-22,MobileApp,126,0.85,0,Mobile
781,557,7,2024-12-21,SmartTV,117,0.78,0,Desktop
782,1371,1,2025-03-13,TabletApp,98,0.96,0,Mobile
783,147,13,2024-09-21,WebBrowser,92,0.84,0,TV
784,470,9,2025-03-20,SmartTV,130,0.88,0,TV
785,1620,10,2025-01-30,SmartTV,42,0.33,0,Desktop
786,1352,14,2024-07-05,SmartTV,79,0.56,0,TV
787,557,3,2024-06-09,TabletApp,69,0.7,0,Desktop
788,924,8,2025-03-08,StreamMax,72,0.65,0,Mobile
789,38,12,2024-10-08,StreamMax,45,0.42,0,Tablet
790,1493,1,2025-01-10,WebBrowser,114,0.96,1,Tablet
791,1161,6,2025-04-28,TabletApp,57,0.62,1,Tablet
792,338,2,2025-01-05,MobileApp,95,0.64,0,Desktop
793,1336,1,2024-12-17,TabletApp,41,0.32,1,Tablet
794,861,8,2024-11-28,TabletApp,53,0.47,1,TV
795,1235,2,2024-07-17,SmartTV,100,0.74,0,Mobile
796,1377,14,2025-03-24,MobileApp,83,0.75,0,Mobile
797,1201,1,2025-01-04,WebBrowser,126,0.84,0,TV
798,935,8,2024-10-24,StreamMax,60,0.64,0,Tablet
799,634,5,2025-03-06,WebBrowser,110,0.77,0,Tablet
800,1892,8,2024-11-06,WebBrowser,91,0.92,1,Tablet
801,874,14,2024-06-18,StreamMax,62,0.48,0,Desktop
802,1432,4,2024-09-21,TabletApp,57,0.63,0,TV
803,1263,8,2024-09-04,StreamMax,139,0.97,0,TV
804,1426,1,2025-01-27,TabletApp,44,0.33,0,Mobile
805,717,1,2025-01-21,WebBrowser,70,0.62,0,Mobile
806,1258,13,2024-10-27,TabletApp,122,0.94,0,TV
807,891,5,2024-10-05,SmartTV,66,0.51,1,TV
808,630,10,2024-10-10,TabletApp,107,0.85,0,Desktop
809,497,10,2024-10-11,SmartTV,71,0.49,0,TV
810,541,13,2024-06-09,MobileApp,73,0.67,0,TV
811,263,6,2025-04-06,TabletApp,93,0.81,0,TV
812,323,1,2024-07-24,MobileApp,145,1.0,0,Desktop
813,981,1,2024-06-23,SmartTV,78,0.51,0,Tablet
814,968,5,2025-03-27,StreamMax,40,0.39,0,Mobile
815,1161,3,2025-01-08,StreamMax,121,0.89,0,Desktop
816,1686,8,2024-06-15,StreamMax,53,0.4,0,Mobile
817,1770,2,2025-01-23,SmartTV,73,0.53,0,Tablet
818,1193,2,2024-11-20,StreamMax,109,0.74,0,Tablet
819,162,15,2025-03-21,SmartTV,70,0.73,0,TV
820,1425,2,2024-11-15,StreamMax,67,0.58,0,TV
821,420,1,2024-10-30,MobileApp,60,0.43,1,Desktop
822,510,1,2025-02-07,MobileApp,60,0.43,0,Mobile
823,1359,3,2025-01-17,TabletApp,112,0.8,0,Tablet
824,1107,11,2024-06-15,MobileApp,40,0.32,0,TV
825,1194,5,2024-06-26,WebBrowser,40,0.41,0,TV
826,540,1,2024-09-05,StreamMax,65,0.51,0,TV
827,335,14,2024-08-22,WebBrowser,107,0.87,0,Desktop
828,690,6,2024-08-21,TabletApp,46,0.44,1,Desktop
829,34,1,2025-03-15,MobileApp,113,0.99,1,Desktop
830,405,1,2024-10-08,WebBrowser,62,0.61,0,TV
831,22,14,2025-01-11,WebBrowser,95,0.9,0,TV
832,646,10,2024-10-06,MobileApp,88,0.93,0,TV
833,161,2,2024-08-28,WebBrowser,113,0.94,0,Mobile
834,1468,2,2024-08-07,SmartTV,51,0.33,0,Mobile
835,1470,1,2024-08-23,SmartTV,79,0.76,0,TV
836,1668,1,2024-12-29,WebBrowser,75,0.48,0,Mobile
837,976,12,2025-04-25,SmartTV,113,0.75,1,Tablet
838,1612,1,2025-04-04,SmartTV,106,0.96,0,TV
839,466,8,2025-03-02,MobileApp,131,0.91,0,Tablet
840,696,8,2025-02-14,MobileApp,87,0.91,0,Mobile
841,1198,11,2024-11-23,SmartTV,88,0.57,0,Desktop
842,995,14,2024-10-06,TabletApp,107,0.74,0,Mobile
843,205,11,2024-08-06,StreamMax,33,0.36,0,Mobile
844,710,2,2025-03-11,StreamMax,55,0.59,0,Mobile
845,993,13,2024-10-28,TabletApp,91,0.79,0,Mobile
846,1269,8,2025-04-13,MobileApp,63,0.48,0,Mobile
847,354,6,2024-08-29,WebBrowser,60,0.4,0,Desktop
848,931,2,2024-09-02,SmartTV,54,0.41,0,Mobile
849,772,5,2024-11-12,TabletApp,94,0.78,1,Tablet
850,394,12,2024-09-08,TabletApp,72,0.82,1,Desktop
851,603,15,2024-11-02,SmartTV,54,0.61,0,Tablet
852,1189,6,2024-11-17,StreamMax,45,0.31,1,Mobile
853,1258,13,2024-12-11,StreamMax,110,0.84,0,TV
854,1397,2,2025-01-16,WebBrowser,72,0.65,0,Desktop
855,1798,1,2025-04-03,MobileApp,115,0.82,0,Tablet
856,972,14,2024-11-11,SmartTV,92,0.86,0,Mobile
857,1815,5,2024-12-22,MobileApp,52,0.54,1,Desktop
858,756,1,2025-03-21,MobileApp,87,0.81,0,Mobile
859,1893,1,2025-01-20,TabletApp,90,0.71,0,Tablet
860,1369,2,2024-08-18,TabletApp,82,0.75,0,Desktop
861,773,1,2025-02-03,TabletApp,67,0.74,0,Desktop
862,220,2,2024-09-23,StreamMax,70,0.76,0,Desktop
863,322,10,2024-07-03,MobileApp,85,0.87,1,Mobile
864,355,14,2024-07-10,TabletApp,70,0.56,0,Mobile
865,1103,10,2024-08-18,WebBrowser,142,0.91,0,Tablet
866,18,3,2024-07-24,TabletApp,84,0.83,0,Mobile
867,626,5,2024-08-08,StreamMax,78,0.89,0,Desktop
868,1030,8,2025-02-10,WebBrowser,94,0.61,0,TV
869,1590,7,2024-12-16,WebBrowser,93,0.75,0,Mobile
870,1484,8,2024-08-06,StreamMax,49,0.45,0,Tablet
871,367,11,2024-07-09,SmartTV,39,0.44,0,Mobile
872,1253,3,2024-10-08,SmartTV,68,0.67,0,Mobile
873,1767,1,2025-04-11,TabletApp,85,0.61,0,TV
874,1079,8,2024-07-20,MobileApp,116,0.76,0,Mobile
875,1793,1,2025-01-08,MobileApp,54,0.6,0,Mobile
876,1918,1,2024-09-09,TabletApp,76,0.68,0,Mobile
877,1294,1,2025-01-23,MobileApp,75,0.49,0,Mobile
878,1133,14,2024-08-22,TabletApp,103,0.95,0,Mobile
879,816,1,2025-03-01,WebBrowser,85,0.79,0,Desktop
880,364,13,2025-03-12,TabletApp,114,1.0,0,Tablet
881,1808,9,2024-09-13,WebBrowser,67,0.45,1,Mobile
882,1301,6,2024-07-29,WebBrowser,144,0.92,0,Tablet
883,889,1,2025-03-10,StreamMax,51,0.51,1,Desktop
884,1036,1,2025-01-29,StreamMax,85,0.8,0,Desktop
885,383,4,2025-01-23,TabletApp,78,0.82,0,Mobile
886,1835,5,2025-02-02,StreamMax,65,0.65,0,TV
887,343,12,2024-06-04,TabletApp,115,0.74,0,TV
888,154,2,2025-04-15,WebBrowser,56,0.39,0,Mobile
889,1216,4,2025-01-01,MobileApp,110,0.71,0,TV
890,1019,4,2024-08-31,MobileApp,72,0.81,0,Tablet
891,1953,5,2024-12-22,TabletApp,73,0.67,1,Mobile
892,918,1,2025-03-06,SmartTV,77,0.72,0,TV
893,1287,9,2025-04-22,SmartTV,44,0.31,1,Mobile
894,1285,6,2025-01-30,WebBrowser,56,0.4,0,TV
895,897,1,2025-03-21,StreamMax,109,0.73,0,Tablet
896,1393,3,2025-02-10,TabletApp,63,0.48,1,TV
897,155,5,2025-02-16,SmartTV,66,0.44,0,Tablet
898,1719,2,2025-01-21,MobileApp,86,0.66,0,Mobile
899,600,15,2025-03-27,SmartTV,81,0.67,0,Desktop
900,1055,9,2024-12-19,MobileApp,117,0.91,0,Mobile
901,286,1,2025-01-21,SmartTV,45,0.33,0,Mobile
902,1115,1,2025-04-17,StreamMax,73,0.48,0,Mobile
903,1106,7,2025-03-21,SmartTV,64,0.69,0,Desktop
904,1510,8,2025-01-29,TabletApp,48,0.48,0,Desktop
905,1896,1,2025-01-15,StreamMax,75,0.85,0,Mobile
906,1475,9,2024-12-17,StreamMax,115,0.83,0,TV
907,36,8,2024-12-01,TabletApp,56,0.57,0,Desktop
908,1109,12,2024-10-29,TabletApp,56,0.6,0,Mobile
909,1088,8,2025-01-28,StreamMax,37,0.41,0,Desktop
910,1820,6,2024-08-02,SmartTV,40,0.33,0,TV
911,1220,1,2025-02-05,TabletApp,109,0.77,1,Tablet
912,767,12,2024-08-24,WebBrowser,46,0.51,0,Desktop
913,1865,1,2024-11-24,MobileApp,90,0.61,0,Tablet
914,378,11,2024-09-01,SmartTV,34,0.39,0,TV
915,61,6,2024-10-11,WebBrowser,96,0.65,0,TV
916,667,9,2024-12-08,SmartTV,102,0.72,0,Desktop
917,641,7,2024-06-04,MobileApp,62,0.64,0,TV
918,341,2,2025-04-02,WebBrowser,40,0.34,0,Desktop
919,1906,14,2024-07-05,MobileApp,140,0.95,1,Desktop
920,949,8,2025-02-09,TabletApp,50,0.41,0,Desktop
921,1139,8,2024-11-12,TabletApp,103,0.8,0,Desktop
922,626,8,2024-08-27,MobileApp,102,0.78,0,TV
923,237,1,2025-02-13,TabletApp,71,0.53,0,Mobile
924,1877,1,2024-06-27,SmartTV,100,0.75,0,TV
925,630,6,2024-10-16,MobileApp,84,0.63,0,Desktop
926,1790,3,2025-02-26,StreamMax,101,0.81,1,Tablet
927,1190,1,2024-11-01,MobileApp,144,0.99,0,Desktop
928,474,1,2025-02-06,MobileApp,60,0.66,0,Desktop
929,1790,6,2024-07-06,TabletApp,92,0.78,1,Desktop
930,77,6,2025-02-18,MobileApp,98,0.63,1,Mobile
931,357,4,2025-02-01,StreamMax,76,0.68,0,Tablet
932,1402,2,2024-07-03,WebBrowser,53,0.52,0,Tablet
933,1354,3,2024-09-17,WebBrowser,110,0.95,1,Mobile
934,1157,1,2025-03-29,SmartTV,78,0.63,1,Tablet
935,982,1,2025-01-13,TabletApp,88,0.82,1,Mobile
936,460,15,2024-09-16,TabletApp,91,0.87,0,TV
937,1289,13,2025-01-07,StreamMax,62,0.48,0,Mobile
938,230,9,2024-06-25,SmartTV,105,0.67,0,Mobile
939,480,7,2024-11-22,TabletApp,40,0.41,0,TV
940,349,14,2025-04-30,TabletApp,62,0.51,0,TV
941,1924,8,2025-04-11,WebBrowser,109,0.81,0,TV
942,1823,12,2025-02-07,TabletApp,69,0.53,0,Mobile
943,106,12,2024-08-31,TabletApp,57,0.4,0,Mobile
944,613,12,2025-02-26,StreamMax,98,0.68,0,TV
945,1084,10,2024-11-01,SmartTV,113,0.94,1,TV
946,423,11,2025-01-04,TabletApp,70,0.65,1,Mobile
947,1488,1,2024-09-20,SmartTV,68,0.45,0,Mobile
948,1184,11,2024-10-04,TabletApp,109,0.73,0,TV
949,1818,8,2024-06-12,StreamMax,89,0.82,0,Mobile
950,303,5,2025-03-14,TabletApp,127,0.9,0,TV
951,1698,1,2024-11-08,WebBrowser,61,0.68,1,Mobile
952,1370,11,2024-11-11,StreamMax,60,0.44,0,Mobile
953,494,1,2025-03-27,TabletApp,42,0.36,0,Tablet
954,1324,3,2024-11-09,WebBrowser,64,0.54,0,Mobile
955,672,10,2025-03-01,StreamMax,130,0.86,0,TV
956,278,1,2025-03-01,SmartTV,42,0.44,1,Tablet
957,1552,2,2024-12-23,StreamMax,57,0.4,0,TV
958,1228,6,2024-12-23,SmartTV,79,0.7,0,Mobile
959,1284,10,2024-11-18,StreamMax,97,0.68,0,TV
960,505,6,2024-07-15,WebBrowser,104,0.76,0,Tablet
961,732,8,2024-11-25,StreamMax,86,0.85,0,Desktop
962,1391,5,2025-04-11,TabletApp,34,0.33,1,Tablet
963,936,6,2024-06-15,TabletApp,141,0.9,0,Tablet
964,703,5,2024-10-06,StreamMax,78,0.51,0,TV
965,1674,2,2024-12-29,TabletApp,35,0.35,1,Tablet
966,663,14,2025-04-21,TabletApp,119,0.92,1,TV
967,544,5,2024-06-22,StreamMax,100,0.98,0,Mobile
968,439,1,2025-03-04,MobileApp,83,0.59,1,Mobile
969,531,3,2024-10-17,TabletApp,96,0.62,0,TV
970,1898,11,2024-06-12,WebBrowser,65,0.7,0,TV
971,1763,10,2025-04-07,TabletApp,65,0.74,0,TV
972,1043,14,2025-01-19,SmartTV,107,0.84,0,Desktop
973,1571,12,2024-11-16,MobileApp,99,0.68,1,Mobile
974,1820,6,2024-09-09,TabletApp,44,0.31,1,Mobile
975,1552,11,2024-12-14,StreamMax,108,0.89,0,Desktop
976,1557,8,2025-02-23,WebBrowser,141,0.93,0,Tablet
977,1531,6,2024-12-01,MobileApp,112,0.97,0,TV
978,921,11,2024-06-08,MobileApp,88,0.88,0,Mobile
979,231,8,2024-11-26,StreamMax,62,0.44,0,Desktop
980,715,5,2024-10-14,SmartTV,79,0.85,0,Desktop
981,477,13,2024-07-14,WebBrowser,97,0.73,0,Mobile
982,573,3,2024-07-04,TabletApp,46,0.31,1,TV
983,441,1,2025-04-10,StreamMax,74,0.47,0,Tablet
984,634,10,2024-07-21,MobileApp,102,0.97,0,Tablet
985,1496,1,2025-03-13,SmartTV,86,0.63,1,Tablet
986,364,2,2024-12-09,SmartTV,52,0.35,0,Desktop
987,543,3,2025-04-27,WebBrowser,84,0.77,0,Mobile
988,626,1,2024-12-13,MobileApp,50,0.37,0,Mobile
989,818,1,2025-01-16,StreamMax,86,0.79,1,Desktop
990,66,11,2025-04-01,WebBrowser,62,0.53,1,Tablet
991,144,10,2025-03-20,TabletApp,77,0.55,0,Mobile
992,975,4,2025-04-06,StreamMax,49,0.52,0,Desktop
993,1635,4,2025-03-16,WebBrowser,89,0.98,0,Tablet
994,1542,1,2024-06-18,StreamMax,41,0.42,0,Tablet
995,1523,8,2025-02-16,WebBrowser,61,0.63,0,Desktop
996,1648,1,2025-04-29,WebBrowser,98,0.8,0,Tablet
997,343,1,2025-03-08,WebBrowser,83,0.87,1,Tablet
998,502,2,2024-12-26,MobileApp,36,0.34,0,TV
999,1907,13,2024-08-07,StreamMax,45,0.43,0,Mobile
1000,371,1,2024-09-18,MobileApp,48,0.49,1,Mobile
1001,625,8,2025-01-15,MobileApp,127,0.86,0,Mobile
1002,375,2,2025-01-02,SmartTV,99,0.75,0,Desktop
1003,162,6,2025-04-30,TabletApp,79,0.63,0,Desktop
1004,707,3,2024-12-01,StreamMax,93,0.71,0,Desktop
1005,1178,1,2025-04-30,MobileApp,67,0.68,1,Tablet
1006,1440,15,2024-10-25,WebBrowser,126,0.81,0,Tablet
1007,1861,11,2025-02-19,MobileApp,80,0.77,0,Mobile
1008,1025,14,2025-02-25,SmartTV,71,0.49,0,Desktop
1009,1347,6,2025-03-13,TabletApp,99,0.98,0,TV
1010,1162,8,2024-08-06,StreamMax,45,0.36,0,Desktop
1011,1971,5,2025-04-17,SmartTV,44,0.39,1,TV
1012,1045,7,2025-01-10,TabletApp,45,0.49,0,Desktop
1013,1081,8,2024-12-28,MobileApp,74,0.52,0,Mobile
1014,341,1,2024-09-11,StreamMax,67,0.64,0,TV
1015,427,1,2025-01-03,WebBrowser,47,0.31,0,TV
1016,826,10,2025-01-19,TabletApp,47,0.47,0,Mobile
1017,244,1,2024-12-25,WebBrowser,31,0.32,0,Desktop
1018,285,12,2025-02-09,TabletApp,64,0.44,0,Tablet
1019,1266,10,2024-06-23,SmartTV,89,0.57,0,Mobile
1020,1775,14,2025-03-08,WebBrowser,72,0.6,0,Mobile
1021,1223,1,2025-03-29,MobileApp,76,0.66,0,Mobile
1022,501,10,2025-01-15,TabletApp,36,0.36,1,TV
1023,1238,1,2025-03-12,SmartTV,90,0.75,0,TV
1024,38,1,2024-09-05,StreamMax,76,0.86,0,TV
1025,569,11,2024-12-29,SmartTV,85,0.59,0,TV
1026,1824,3,2024-10-18,WebBrowser,128,0.9,0,Mobile
1027,1128,1,2025-03-24,TabletApp,84,0.8,1,Desktop
1028,1337,14,2024-09-22,StreamMax,81,0.66,0,Tablet
1029,1088,1,2024-11-25,SmartTV,42,0.35,1,Tablet
1030,1870,2,2024-12-01,WebBrowser,84,0.75,0,Desktop
1031,931,4,2024-06-09,MobileApp,30,0.31,0,Desktop
1032,680,7,2024-07-25,StreamMax,95,0.68,0,TV
1033,37,4,2024-10-25,StreamMax,106,0.77,1,Mobile
1034,355,6,2024-09-21,WebBrowser,48,0.34,0,Mobile
1035,497,1,2025-02-23,StreamMax,39,0.4,0,Desktop
1036,1852,2,2024-08-05,StreamMax,99,0.7,0,Desktop
1037,1853,1,2024-10-14,WebBrowser,71,0.8,0,Tablet
1038,460,10,2024-10-11,SmartTV,48,0.52,0,Desktop
1039,859,15,2024-09-21,WebBrowser,113,0.9,1,Mobile
1040,181,1,2025-02-16,SmartTV,74,0.65,0,Desktop
1041,717,2,2025-03-13,WebBrowser,95,0.97,1,Desktop
1042,651,1,2024-07-22,MobileApp,56,0.39,0,Mobile
1043,1736,6,2025-01-01,SmartTV,108,0.79,1,Tablet
1044,1753,14,2024-08-06,TabletApp,47,0.49,1,Tablet
1045,906,13,2025-02-17,TabletApp,109,0.9,0,Tablet
1046,1357,12,2024-08-21,SmartTV,79,0.7,0,Tablet
1047,223,15,2025-02-17,SmartTV,75,0.51,1,Desktop
1048,1770,2,2024-10-18,StreamMax,110,0.87,0,Tablet
1049,1544,13,2024-12-11,MobileApp,69,0.68,0,Tablet
1050,1239,12,2024-11-30,TabletApp,49,0.41,0,Mobile
1051,1352,15,2024-10-20,StreamMax,85,0.86,0,Tablet
1052,1120,11,2025-03-09,WebBrowser,38,0.36,0,Tablet
1053,462,2,2024-11-20,TabletApp,95,0.77,1,Desktop
1054,1082,10,2025-02-20,TabletApp,69,0.49,0,Tablet
1055,1774,5,2024-06-10,StreamMax,54,0.54,1,Desktop
1056,1670,1,2025-03-26,MobileApp,80,0.82,0,Mobile
1057,823,1,2025-04-06,StreamMax,137,0.97,1,Desktop
1058,206,6,2025-04-25,StreamMax,124,0.91,1,Desktop
1059,1432,1,2025-02-27,StreamMax,64,0.69,0,TV
1060,28,1,2025-04-30,MobileApp,64,0.63,0,Tablet
1061,1208,10,2025-01-25,StreamMax,117,0.83,0,Mobile
1062,1552,13,2024-12-16,SmartTV,98,0.92,0,Mobile
1063,530,10,2024-07-21,WebBrowser,88,0.71,1,TV
1064,1887,13,2024-06-05,MobileApp,71,0.74,1,TV
1065,1086,2,2024-08-24,WebBrowser,71,0.79,1,Tablet
1066,8,7,2025-01-28,TabletApp,58,0.4,0,Desktop
1067,1937,6,2024-12-30,TabletApp,33,0.37,0,Mobile
1068,963,11,2024-08-19,TabletApp,44,0.39,1,Tablet
1069,1005,2,2024-08-01,SmartTV,100,0.67,1,Mobile
1070,859,6,2025-03-14,MobileApp,79,0.9,0,Mobile
1071,1468,9,2025-03-09,WebBrowser,74,0.56,1,Mobile
1072,1334,1,2024-10-10,MobileApp,53,0.51,1,Desktop
1073,1689,1,2025-01-05,TabletApp,116,0.85,0,Tablet
1074,1735,7,2025-01-20,StreamMax,71,0.48,0,Tablet
1075,731,9,2024-07-04,MobileApp,62,0.61,0,TV
1076,1925,10,2024-08-12,StreamMax,34,0.36,1,TV
1077,796,12,2024-07-08,MobileApp,26,0.3,0,Mobile
1078,1956,15,2025-04-29,MobileApp,81,0.67,0,Desktop
1079,1424,10,2024-07-28,TabletApp,84,0.73,0,TV
1080,452,6,2024-06-13,WebBrowser,31,0.31,0,Mobile
1081,648,12,2024-09-26,SmartTV,33,0.33,1,Tablet
1082,747,6,2025-03-09,WebBrowser,123,0.99,0,Desktop
1083,1778,2,2025-04-11,SmartTV,105,0.9,0,Mobile
1084,35,1,2024-07-31,WebBrowser,73,0.49,0,Desktop
1085,1680,6,2025-03-27,SmartTV,87,0.85,0,TV
1086,1567,3,2024-07-27,WebBrowser,38,0.4,1,TV
1087,275,11,2024-09-28,TabletApp,107,0.71,0,TV
1088,771,2,2025-04-24,MobileApp,48,0.33,0,Tablet
1089,606,1,2024-10-28,SmartTV,110,0.82,0,Tablet
1090,76,6,2024-12-01,StreamMax,35,0.35,0,Mobile
1091,950,12,2024-08-02,WebBrowser,66,0.55,0,Desktop
1092,1481,6,2024-07-02,SmartTV,67,0.45,0,Desktop
1093,1590,7,2024-09-04,StreamMax,115,0.92,1,TV
1094,1376,10,2024-09-01,TabletApp,61,0.57,0,TV
1095,808,11,2025-02-26,WebBrowser,61,0.58,0,TV
1096,919,15,2024-12-31,StreamMax,63,0.6,0,Tablet
1097,295,9,2025-01-31,SmartTV,109,0.96,0,Tablet
1098,1417,6,2024-08-10,MobileApp,57,0.55,1,Tablet
1099,1712,10,2025-01-30,StreamMax,102,0.73,0,Tablet
1100,479,8,2024-08-30,SmartTV,44,0.34,0,TV
1101,1615,1,2024-06-14,WebBrowser,101,0.96,0,Tablet
1102,1960,10,2024-11-15,WebBrowser,104,0.72,1,Mobile
1103,1397,3,2024-11-12,WebBrowser,56,0.59,0,Tablet
1104,695,6,2024-11-24,StreamMax,68,0.48,0,Mobile
1105,1601,2,2025-02-25,WebBrowser,53,0.48,0,Tablet
1106,267,10,2025-01-20,StreamMax,89,0.81,0,Desktop
1107,302,14,2025-02-02,WebBrowser,35,0.37,1,Tablet
1108,248,6,2025-02-07,StreamMax,40,0.37,0,Desktop
1109,1113,8,2024-12-08,TabletApp,46,0.38,0,Desktop
1110,360,1,2024-07-24,MobileApp,86,0.97,0,Desktop
1111,1841,2,2024-09-01,StreamMax,129,0.82,0,TV
1112,815,2,2024-10-16,StreamMax,63,0.65,0,Mobile
1113,923,13,2025-01-24,MobileApp,82,0.92,1,Mobile
1114,398,5,2025-01-15,SmartTV,85,0.92,0,Mobile
1115,407,3,2024-09-15,MobileApp,62,0.43,0,TV
1116,459,5,2024-07-28,MobileApp,129,0.9,0,Tablet
1117,495,6,2025-03-12,TabletApp,34,0.3,0,Tablet
1118,666,10,2024-10-12,TabletApp,44,0.34,0,TV
1119,1237,1,2024-09-21,MobileApp,67,0.46,1,Tablet
1120,1764,2,2024-07-15,WebBrowser,42,0.41,0,Mobile
1121,1582,3,2025-03-16,MobileApp,82,0.87,1,Tablet
1122,1323,6,2024-11-17,MobileApp,128,0.88,0,TV
1123,421,4,2025-03-29,StreamMax,86,0.64,0,Mobile
1124,1119,6,2025-01-09,WebBrowser,44,0.51,0,TV
1125,1734,10,2024-06-12,StreamMax,65,0.42,0,Mobile
1126,1726,8,2024-08-27,MobileApp,78,0.72,0,TV
1127,1935,11,2024-11-01,TabletApp,108,0.92,0,TV
1128,1872,7,2024-06-18,MobileApp,78,0.71,0,Desktop
1129,355,2,2024-06-04,SmartTV,115,0.97,0,Desktop
1130,1856,11,2025-04-30,StreamMax,113,0.86,0,Desktop
1131,581,15,2024-11-16,MobileApp,79,0.86,1,TV
1132,427,10,2025-04-16,MobileApp,52,0.44,1,TV
1133,808,12,2024-08-23,StreamMax,73,0.71,1,Mobile
1134,1530,4,2025-03-03,StreamMax,117,1.0,0,TV
1135,186,10,2024-08-22,WebBrowser,87,0.92,0,Tablet
1136,1792,3,2025-04-10,StreamMax,75,0.72,0,Desktop
1137,823,15,2024-09-10,SmartTV,51,0.35,0,TV
1138,1857,1,2025-03-18,StreamMax,102,0.84,0,Tablet
1139,1632,4,2024-07-21,WebBrowser,78,0.71,0,Desktop
1140,763,1,2024-09-27,SmartTV,55,0.39,0,Desktop
1141,1042,9,2025-04-19,WebBrowser,112,0.94,0,Desktop
1142,1824,10,2025-04-14,MobileApp,87,0.6,0,Desktop
1143,1801,8,2025-02-28,MobileApp,119,0.93,0,Desktop
1144,217,1,2025-01-30,StreamMax,119,0.9,0,TV
1145,1581,2,2024-08-11,SmartTV,37,0.37,0,Mobile
1146,905,7,2025-02-04,MobileApp,138,0.94,0,Desktop
1147,1519,5,2024-10-07,StreamMax,96,0.9,0,Desktop
1148,521,10,2025-04-18,TabletApp,110,0.86,0,Desktop
1149,1985,10,2024-06-04,WebBrowser,80,0.51,0,Tablet
1150,783,6,2025-03-22,MobileApp,50,0.44,0,Tablet
1151,734,4,2025-04-13,SmartTV,104,0.96,0,TV
1152,564,15,2024-06-30,TabletApp,119,0.92,0,TV
1153,1087,10,2024-09-07,MobileApp,138,0.88,1,TV
1154,1456,10,2025-01-31,StreamMax,42,0.39,0,TV
1155,257,5,2025-03-27,SmartTV,113,0.85,1,TV
1156,165,10,2025-03-27,MobileApp,61,0.57,0,TV
1157,218,1,2025-03-01,MobileApp,59,0.43,0,TV
1158,1132,6,2024-12-28,MobileApp,51,0.43,0,Mobile
1159,348,13,2024-08-23,StreamMax,57,0.47,0,Desktop
1160,1614,8,2024-06-07,WebBrowser,101,0.72,0,Tablet
1161,840,1,2025-04-28,StreamMax,115,0.88,1,TV
1162,380,6,2024-07-05,StreamMax,78,0.63,0,Desktop
1163,103,8,2024-07-14,SmartTV,83,0.7,0,Desktop
1164,611,1,2025-01-24,WebBrowser,42,0.37,1,Mobile
1165,44,5,2025-02-26,StreamMax,60,0.4,0,TV
1166,1892,5,2025-01-01,WebBrowser,83,0.88,1,Desktop
1167,448,5,2025-02-25,StreamMax,106,0.8,0,TV
1168,356,2,2024-09-11,WebBrowser,48,0.49,1,Desktop
1169,1379,13,2024-07-27,WebBrowser,49,0.44,0,TV
1170,191,3,2025-01-09,StreamMax,57,0.51,0,TV
1171,590,14,2024-07-30,WebBrowser,106,0.94,0,Tablet
1172,796,8,2025-02-23,StreamMax,77,0.55,0,Desktop
1173,1238,11,2024-10-28,SmartTV,39,0.43,1,Mobile
1174,1758,6,2024-11-22,WebBrowser,58,0.37,0,Mobile
1175,1013,12,2025-04-14,MobileApp,81,0.73,0,Desktop
1176,346,1,2024-10-25,SmartTV,74,0.61,0,Tablet
1177,551,1,2024-11-24,TabletApp,59,0.53,1,TV
1178,1559,6,2024-06-06,TabletApp,52,0.42,0,Desktop
1179,1559,5,2024-08-10,SmartTV,54,0.59,0,Desktop
1180,889,2,2024-10-15,StreamMax,30,0.34,0,Desktop
1181,691,6,2025-04-17,SmartTV,137,0.92,0,Tablet
1182,481,10,2024-11-12,StreamMax,76,0.85,0,Desktop
1183,160,6,2024-10-13,SmartTV,72,0.77,0,Tablet
1184,602,10,2024-09-22,SmartTV,95,0.62,0,Tablet
1185,1491,1,2025-04-07,WebBrowser,81,0.62,0,Tablet
1186,270,12,2024-12-16,TabletApp,115,0.83,1,Mobile
1187,609,5,2024-07-15,TabletApp,101,0.66,0,Mobile
1188,974,1,2024-08-25,SmartTV,58,0.38,0,Tablet
1189,1716,8,2025-03-15,MobileApp,71,0.57,0,Tablet
1190,1843,1,2025-02-01,TabletApp,86,0.61,0,Desktop
1191,990,1,2025-04-27,StreamMax,70,0.61,1,Tablet
1192,1818,10,2024-08-01,MobileApp,71,0.68,0,Tablet
1193,1757,5,2025-01-30,StreamMax,115,0.94,0,Tablet
1194,1039,6,2025-01-07,SmartTV,80,0.53,0,Mobile
1195,1539,5,2024-09-14,SmartTV,79,0.7,0,Desktop
1196,1421,10,2025-04-13,WebBrowser,138,0.91,1,Mobile
1197,645,10,2025-04-23,SmartTV,47,0.53,0,Desktop
1198,1423,12,2025-01-20,StreamMax,48,0.34,0,Tablet
1199,907,9,2024-06-16,MobileApp,66,0.58,1,Mobile
1200,334,5,2025-03-23,WebBrowser,84,0.95,0,Desktop
1201,1043,11,2025-04-12,MobileApp,56,0.36,0,Desktop
1202,662,5,2024-09-13,WebBrowser,98,0.84,0,Mobile
1203,1685,7,2024-11-05,WebBrowser,79,0.73,0,Desktop
1204,1471,1,2025-03-30,StreamMax,79,0.67,0,Desktop
1205,620,14,2025-04-24,StreamMax,64,0.72,0,Tablet
1206,780,6,2025-04-03,TabletApp,56,0.43,0,Mobile
1207,1244,5,2025-02-27,MobileApp,50,0.41,0,TV
1208,503,8,2024-06-28,WebBrowser,76,0.79,0,Mobile
1209,1029,5,2024-06-03,SmartTV,77,0.57,0,Mobile
1210,1322,4,2025-02-26,StreamMax,66,0.71,0,TV
1211,1190,13,2024-08-12,StreamMax,142,0.93,0,Desktop
1212,1587,14,2024-06-24,TabletApp,35,0.38,1,Tablet
1213,88,8,2025-01-15,StreamMax,104,0.92,0,Mobile
1214,1840,7,2024-07-04,MobileApp,86,0.62,0,Tablet
1215,1334,7,2024-10-30,SmartTV,136,0.88,0,Mobile
1216,40,9,2025-01-21,TabletApp,60,0.4,1,Desktop
1217,957,8,2025-04-20,WebBrowser,47,0.49,0,Tablet
1218,1404,14,2024-07-28,StreamMax,109,0.8,0,Tablet
1219,272,5,2024-06-08,MobileApp,106,0.69,1,Desktop
1220,935,8,2024-06-30,WebBrowser,81,0.74,0,TV
1221,448,3,2024-11-14,MobileApp,116,0.86,0,TV
1222,1394,15,2025-02-04,MobileApp,91,0.93,0,TV
1223,1906,12,2024-08-13,MobileApp,68,0.51,0,Mobile
1224,1923,8,2024-08-19,SmartTV,141,0.97,0,Desktop
1225,546,7,2025-03-19,MobileApp,58,0.62,0,Tablet
1226,1881,1,2025-02-10,StreamMax,49,0.39,0,Desktop
1227,871,10,2024-10-09,TabletApp,63,0.65,1,TV
1228,571,11,2024-06-09,SmartTV,136,0.98,1,Desktop
1229,1791,1,2025-03-19,MobileApp,93,0.62,0,TV
1230,820,14,2024-12-28,MobileApp,46,0.41,0,Mobile
1231,1653,5,2025-01-24,WebBrowser,111,0.72,0,Mobile
1232,1191,1,2024-11-06,MobileApp,70,0.64,0,TV
1233,1075,2,2024-12-16,TabletApp,60,0.43,0,Mobile
1234,816,5,2024-07-08,MobileApp,137,0.98,0,TV
1235,1209,5,2025-04-04,TabletApp,81,0.76,1,Desktop
1236,1540,2,2025-03-11,TabletApp,112,0.81,0,Tablet
1237,384,6,2024-12-08,StreamMax,134,0.94,0,Desktop
1238,354,2,2024-06-26,TabletApp,80,0.67,1,Mobile
1239,1236,3,2025-02-26,MobileApp,80,0.82,1,Tablet
1240,10,1,2025-01-07,WebBrowser,111,0.76,0,Mobile
1241,625,14,2025-04-30,SmartTV,69,0.76,0,Mobile
1242,243,2,2024-06-09,SmartTV,66,0.44,0,Tablet
1243,1212,1,2025-04-10,WebBrowser,87,0.68,0,Desktop
1244,24,3,2024-11-16,StreamMax,78,0.73,0,Desktop
1245,476,4,2024-06-16,WebBrowser,105,0.7,0,Mobile
1246,535,8,2025-03-14,MobileApp,129,0.93,1,Mobile
1247,1756,8,2024-12-07,StreamMax,60,0.58,0,TV
1248,1916,2,2024-06-02,WebBrowser,85,0.61,0,Tablet
1249,984,8,2024-08-18,StreamMax,103,0.83,0,TV
1250,247,6,2024-08-23,MobileApp,50,0.52,0,TV
1251,199,13,2024-06-07,WebBrowser,51,0.34,0,Desktop
1252,1988,1,2025-02-23,StreamMax,39,0.36,0,TV
1253,1525,12,2025-03-26,TabletApp,69,0.72,0,Tablet
1254,942,2,2024-06-21,SmartTV,47,0.43,1,TV
1255,919,3,2024-10-25,SmartTV,59,0.68,0,Mobile
1256,1964,6,2025-03-01,MobileApp,61,0.59,0,Mobile
1257,1813,14,2024-06-03,WebBrowser,115,0.78,0,Mobile
1258,1290,11,2024-06-18,StreamMax,130,0.98,0,Desktop
1259,341,15,2025-03-03,SmartTV,70,0.72,0,Desktop
1260,76,15,2025-04-06,TabletApp,115,0.87,0,TV
1261,162,7,2024-07-19,SmartTV,75,0.52,0,Tablet
1262,510,9,2025-04-05,StreamMax,106,0.77,0,Tablet
1263,584,1,2024-06-06,SmartTV,81,0.92,0,TV
1264,566,1,2024-06-10,MobileApp,73,0.47,0,Mobile
1265,1206,9,2024-12-13,StreamMax,62,0.58,0,TV
1266,1115,14,2025-03-11,StreamMax,71,0.58,0,Mobile
1267,659,1,2024-08-20,SmartTV,73,0.54,0,Desktop
1268,1480,13,2024-09-30,MobileApp,76,0.54,0,Desktop
1269,960,8,2024-11-01,TabletApp,43,0.48,1,Mobile
1270,1722,11,2025-01-08,TabletApp,97,0.64,0,Mobile
1271,85,8,2024-07-31,TabletApp,71,0.72,1,TV
1272,162,13,2024-07-18,WebBrowser,46,0.44,0,Mobile
1273,565,4,2025-03-11,SmartTV,50,0.54,0,Tablet
1274,1348,2,2024-08-01,StreamMax,52,0.38,0,Tablet
1275,1377,11,2024-08-21,MobileApp,51,0.4,0,Tablet
1276,975,9,2025-01-31,SmartTV,129,0.97,0,Mobile
1277,1391,13,2024-08-10,StreamMax,106,0.94,0,Mobile
1278,1528,3,2024-07-08,MobileApp,115,0.88,0,Tablet
1279,996,13,2024-12-16,WebBrowser,104,1.0,0,TV
1280,1181,10,2024-12-10,MobileApp,127,0.95,1,Desktop
1281,151,10,2025-03-01,SmartTV,53,0.51,0,Tablet
1282,1858,1,2024-12-16,WebBrowser,31,0.33,0,Tablet
1283,889,5,2024-06-05,TabletApp,58,0.56,1,Mobile
1284,879,8,2024-10-15,TabletApp,139,0.89,0,Desktop
1285,1214,8,2024-07-31,MobileApp,94,0.99,0,Desktop
1286,48,5,2025-04-08,MobileApp,51,0.48,0,Tablet
1287,1165,10,2025-01-26,MobileApp,105,0.79,1,Desktop
1288,86,15,2024-06-26,WebBrowser,115,0.74,0,Tablet
1289,1669,4,2025-02-08,SmartTV,122,0.95,1,Desktop
1290,586,1,2025-03-13,SmartTV,120,0.97,1,Desktop
1291,255,7,2025-03-13,TabletApp,31,0.31,0,TV
1292,1085,8,2024-09-17,SmartTV,62,0.5,0,Tablet
1293,344,1,2025-04-02,MobileApp,116,0.86,0,Tablet
1294,1433,1,2025-01-31,StreamMax,137,0.98,1,Desktop
1295,867,3,2024-06-16,WebBrowser,76,0.61,1,Desktop
1296,1847,10,2024-12-25,SmartTV,35,0.31,0,Mobile
1297,748,5,2024-06-14,StreamMax,39,0.35,0,Desktop
1298,1301,9,2024-07-17,SmartTV,60,0.6,0,TV
1299,1172,7,2024-07-02,SmartTV,61,0.56,0,Desktop
1300,669,2,2024-11-05,StreamMax,73,0.61,0,TV
1301,749,10,2024-09-18,WebBrowser,47,0.37,0,TV
1302,253,10,2025-03-21,TabletApp,93,0.95,0,Tablet
1303,1523,6,2024-11-01,TabletApp,123,0.89,0,TV
1304,253,5,2025-03-11,TabletApp,59,0.46,0,Tablet
1305,1956,5,2024-06-04,StreamMax,82,0.56,0,Desktop
1306,1422,15,2025-01-31,TabletApp,88,0.89,0,Mobile
1307,206,11,2025-03-16,TabletApp,39,0.43,0,Tablet
1308,389,2,2024-08-13,MobileApp,116,0.78,0,Desktop
1309,1763,2,2024-12-25,MobileApp,46,0.5,1,Desktop
1310,1563,3,2024-08-23,WebBrowser,127,0.87,0,Desktop
1311,900,2,2025-01-29,MobileApp,101,0.94,0,TV
1312,96,8,2024-08-09,StreamMax,52,0.47,0,TV
1313,1,9,2024-07-04,MobileApp,67,0.6,0,Desktop
1314,601,7,2024-08-10,WebBrowser,56,0.45,0,Desktop
1315,19,13,2025-02-03,StreamMax,68,0.53,0,TV
1316,260,10,2024-12-17,SmartTV,48,0.34,0,Mobile
1317,1965,2,2024-09-22,WebBrowser,34,0.39,0,Desktop
1318,317,2,2024-09-03,MobileApp,120,0.84,1,Tablet
1319,957,6,2024-09-20,WebBrowser,42,0.44,1,Mobile
1320,823,14,2024-10-31,WebBrowser,73,0.81,0,TV
1321,776,1,2025-02-10,SmartTV,63,0.42,0,TV
1322,1688,1,2024-06-20,StreamMax,107,0.85,0,Tablet
1323,1384,3,2025-04-28,SmartTV,134,0.91,0,Tablet
1324,283,6,2024-12-08,WebBrowser,61,0.7,1,Mobile
1325,502,12,2024-12-25,SmartTV,65,0.43,0,Tablet
1326,1630,13,2024-10-13,SmartTV,93,0.96,0,TV
1327,995,3,2025-04-27,TabletApp,71,0.71,1,Tablet
1328,1718,10,2025-03-05,SmartTV,77,0.8,0,Tablet
1329,1516,1,2025-04-14,StreamMax,117,0.92,1,Desktop
1330,854,1,2025-01-10,MobileApp,53,0.51,0,TV
1331,208,14,2024-08-06,TabletApp,58,0.37,0,Mobile
1332,1865,9,2024-07-24,TabletApp,65,0.53,1,Desktop
1333,9,2,2024-07-08,WebBrowser,62,0.43,0,Desktop
1334,396,1,2025-03-30,WebBrowser,123,0.98,0,Desktop
1335,1465,4,2025-01-23,StreamMax,122,0.82,1,Desktop
1336,264,14,2024-09-13,WebBrowser,97,0.62,0,TV
1337,1070,1,2025-01-10,SmartTV,111,0.99,0,TV
1338,958,5,2025-03-22,WebBrowser,87,0.72,0,TV
1339,1407,7,2025-01-14,MobileApp,101,0.74,1,Desktop
1340,1754,15,2025-04-14,MobileApp,129,0.9,0,Mobile
1341,1113,1,2024-07-01,WebBrowser,39,0.4,0,Mobile
1342,661,1,2024-11-30,WebBrowser,123,0.81,1,TV
1343,1899,6,2025-02-23,SmartTV,123,0.96,0,TV
1344,722,13,2024-07-22,SmartTV,108,0.99,0,TV
1345,108,1,2024-12-15,TabletApp,76,0.54,1,TV
1346,732,9,2024-07-07,SmartTV,78,0.59,0,Desktop
1347,526,1,2025-04-09,SmartTV,97,0.66,0,Desktop
1348,833,2,2025-03-01,TabletApp,90,1.0,0,TV
1349,1777,12,2024-06-22,StreamMax,117,0.81,1,Tablet
1350,1807,2,2025-04-15,MobileApp,62,0.51,1,Tablet
1351,93,1,2024-11-18,MobileApp,106,0.68,0,TV
1352,436,10,2024-10-16,TabletApp,68,0.77,0,Mobile
1353,975,12,2025-04-02,MobileApp,96,0.64,1,TV
1354,1138,15,2024-10-16,WebBrowser,50,0.38,0,Mobile
1355,1873,3,2024-06-22,WebBrowser,82,0.62,0,Tablet
1356,1044,3,2024-06-08,MobileApp,105,0.7,0,Mobile
1357,1198,13,2025-04-18,MobileApp,77,0.83,0,Tablet
1358,1469,1,2025-04-12,StreamMax,50,0.48,1,Mobile
1359,1087,4,2025-04-04,SmartTV,102,0.98,0,Mobile
1360,1730,6,2024-11-07,StreamMax,47,0.41,0,Tablet
1361,965,9,2024-10-25,SmartTV,97,0.67,0,Mobile
1362,137,8,2025-02-18,TabletApp,113,0.93,0,Desktop
1363,1070,1,2024-08-06,WebBrowser,80,0.52,0,TV
1364,861,1,2025-04-09,StreamMax,63,0.45,0,TV
1365,772,10,2025-04-15,WebBrowser,90,0.83,0,Tablet
1366,1058,3,2024-09-16,MobileApp,53,0.37,0,Tablet
1367,1728,5,2025-03-30,SmartTV,44,0.45,0,Mobile
1368,1026,6,2024-08-16,WebBrowser,54,0.51,1,TV
1369,849,8,2025-04-15,WebBrowser,61,0.68,1,Desktop
1370,1485,1,2025-03-02,TabletApp,57,0.38,0,Desktop
1371,467,13,2025-01-28,StreamMax,74,0.78,0,Tablet
1372,559,3,2025-03-05,StreamMax,107,0.74,0,TV
1373,915,11,2025-03-25,StreamMax,64,0.53,0,Tablet
1374,643,6,2024-11-08,StreamMax,68,0.44,1,Mobile
1375,1534,12,2024-09-16,SmartTV,59,0.62,0,TV
1376,119,6,2025-03-13,TabletApp,95,0.71,1,Tablet
1377,1694,1,2025-03-09,TabletApp,54,0.45,0,Tablet
1378,47,2,2024-08-19,WebBrowser,144,0.97,0,Desktop
1379,1396,8,2024-07-26,SmartTV,39,0.43,0,Mobile
1380,1162,1,2025-04-28,WebBrowser,130,0.85,1,Mobile
1381,275,7,2024-06-14,StreamMax,112,0.75,1,Tablet
1382,1741,10,2025-04-02,StreamMax,33,0.33,0,Desktop
1383,1597,2,2024-08-15,WebBrowser,75,0.71,0,Desktop
1384,1855,2,2025-02-17,SmartTV,108,0.76,0,Tablet
1385,497,14,2024-11-09,SmartTV,49,0.33,0,Tablet
1386,1604,13,2024-09-24,SmartTV,112,1.0,0,Tablet
1387,998,1,2025-01-13,MobileApp,47,0.47,1,Desktop
1388,675,1,2024-11-22,WebBrowser,99,0.78,0,Mobile
1389,1319,4,2024-07-18,TabletApp,77,0.67,0,TV
1390,638,3,2024-12-06,MobileApp,154,0.99,0,Mobile
1391,632,3,2025-02-03,MobileApp,97,0.97,1,TV
1392,407,13,2024-12-23,StreamMax,97,0.68,0,Tablet
1393,1591,12,2025-03-01,TabletApp,66,0.72,0,Tablet
1394,1102,8,2024-06-28,MobileApp,96,0.91,0,TV
1395,1286,11,2024-10-15,SmartTV,84,0.55,0,Tablet
1396,601,8,2024-06-13,WebBrowser,109,0.94,0,Tablet
1397,1668,14,2024-06-12,MobileApp,40,0.35,0,Tablet
1398,1022,2,2025-02-15,SmartTV,78,0.76,0,Tablet
1399,1447,5,2024-08-22,WebBrowser,76,0.72,0,Tablet
1400,1586,15,2024-09-15,TabletApp,84,0.8,1,TV
1401,1888,7,2024-11-03,MobileApp,87,0.75,0,Mobile
1402,1509,5,2024-12-08,SmartTV,46,0.35,0,Tablet
1403,50,11,2025-01-25,SmartTV,118,0.94,0,Tablet
1404,797,10,2024-08-30,TabletApp,106,0.81,0,TV
1405,1888,8,2025-04-18,WebBrowser,65,0.64,0,Mobile
1406,1943,4,2024-08-22,TabletApp,90,0.93,0,Tablet
1407,148,8,2025-04-27,StreamMax,109,0.88,0,TV
1408,1368,12,2025-02-01,TabletApp,54,0.57,0,Desktop
1409,1661,10,2025-01-17,TabletApp,52,0.5,1,Desktop
1410,592,7,2025-04-23,StreamMax,113,1.0,1,Tablet
1411,1300,15,2024-11-26,TabletApp,89,0.98,0,Tablet
1412,384,10,2024-07-30,WebBrowser,77,0.69,0,Tablet
1413,1529,1,2024-12-11,StreamMax,57,0.59,0,TV
1414,1875,10,2024-10-02,MobileApp,45,0.49,0,Desktop
1415,1432,1,2025-03-17,MobileApp,65,0.68,0,Tablet
1416,1825,7,2025-01-02,StreamMax,57,0.64,0,Tablet
1417,671,8,2024-08-16,WebBrowser,91,0.74,0,TV
1418,337,1,2025-04-20,SmartTV,80,0.55,1,TV
1419,630,6,2024-08-11,StreamMax,123,0.91,0,Tablet
1420,1540,2,2024-08-05,TabletApp,54,0.57,0,TV
1421,1317,10,2024-12-13,SmartTV,120,0.93,0,Desktop
1422,996,8,2025-01-11,StreamMax,67,0.56,0,Mobile
1423,1900,1,2025-03-08,SmartTV,58,0.53,0,Desktop
1424,1602,12,2024-10-17,TabletApp,102,0.85,0,Desktop
1425,1865,2,2025-03-02,SmartTV,40,0.46,0,Desktop
1426,136,14,2024-10-08,WebBrowser,116,0.95,0,Mobile
1427,988,5,2024-10-28,MobileApp,80,0.71,0,Mobile
1428,1601,3,2025-03-29,WebBrowser,95,0.62,0,TV
1429,275,2,2024-06-05,SmartTV,64,0.5,0,Tablet
1430,871,8,2024-07-19,TabletApp,62,0.66,1,Mobile
1431,1481,1,2025-03-02,StreamMax,76,0.64,0,Mobile
1432,1922,3,2024-07-04,WebBrowser,68,0.48,0,Desktop
1433,1936,8,2024-06-08,StreamMax,101,0.64,0,Mobile
1434,1376,1,2024-12-25,MobileApp,65,0.52,0,Tablet
1435,833,12,2025-04-25,MobileApp,59,0.68,1,Desktop
1436,1657,2,2024-07-07,MobileApp,67,0.56,0,Desktop
1437,69,1,2025-01-07,WebBrowser,65,0.43,1,TV
1438,39,14,2024-11-15,MobileApp,98,0.94,0,Mobile
1439,1615,1,2025-02-22,SmartTV,64,0.64,0,TV
1440,1160,10,2024-08-12,WebBrowser,43,0.31,1,Desktop
1441,1064,12,2024-08-12,SmartTV,40,0.39,0,TV
1442,1203,2,2024-08-06,StreamMax,47,0.43,0,Desktop
1443,196,8,2025-04-11,StreamMax,80,0.83,0,TV
1444,429,7,2024-09-23,MobileApp,78,0.7,0,TV
1445,776,2,2024-07-30,MobileApp,92,0.86,0,TV
1446,1762,4,2024-12-28,MobileApp,101,0.78,0,Desktop
1447,612,6,2024-10-31,StreamMax,103,0.73,0,Tablet
1448,549,6,2024-08-29,MobileApp,109,0.82,0,Tablet
1449,970,8,2025-04-17,SmartTV,110,0.93,0,TV
1450,967,1,2025-04-17,MobileApp,109,0.84,1,Tablet
1451,681,5,2025-03-16,WebBrowser,108,0.89,0,Tablet
1452,758,15,2024-10-05,StreamMax,139,0.91,0,Tablet
1453,216,5,2024-10-15,MobileApp,85,0.63,0,TV
1454,1799,1,2025-01-13,WebBrowser,102,0.84,0,TV
1455,693,9,2024-09-15,MobileApp,96,0.69,0,TV
1456,316,10,2024-10-27,WebBrowser,60,0.44,1,Desktop
1457,694,3,2025-01-30,WebBrowser,52,0.36,1,Desktop
1458,436,3,2024-10-25,TabletApp,76,0.59,0,Desktop
1459,54,9,2024-12-29,TabletApp,117,0.85,0,Tablet
1460,485,8,2025-04-12,StreamMax,114,0.73,0,TV
1461,1380,13,2025-02-12,TabletApp,49,0.36,0,Tablet
1462,502,1,2024-06-12,WebBrowser,46,0.45,0,Desktop
1463,1584,11,2024-06-03,TabletApp,118,0.96,0,Tablet
1464,1852,14,2024-06-10,WebBrowser,72,0.69,0,Desktop
1465,251,1,2025-01-26,WebBrowser,89,0.71,0,TV
1466,1717,8,2024-08-13,WebBrowser,89,0.82,1,TV
1467,831,4,2024-09-14,TabletApp,105,0.94,0,Desktop
1468,1199,10,2025-03-29,StreamMax,93,0.74,0,TV
1469,1362,6,2024-07-11,MobileApp,102,1.0,0,Tablet
1470,1162,10,2025-01-22,WebBrowser,50,0.36,1,Mobile
1471,1821,5,2025-03-09,MobileApp,59,0.46,0,Mobile
1472,798,1,2025-04-11,StreamMax,76,0.84,0,Desktop
1473,558,8,2025-03-27,MobileApp,31,0.32,0,TV
1474,442,15,2025-01-30,WebBrowser,132,0.94,0,Desktop
1475,561,14,2025-03-01,StreamMax,106,0.86,1,TV
1476,128,1,2024-07-07,StreamMax,74,0.65,0,TV
1477,187,14,2024-07-24,TabletApp,71,0.58,0,Mobile
1478,98,11,2024-11-07,StreamMax,82,0.76,0,Tablet
1479,1897,13,2024-07-31,StreamMax,91,0.58,0,Mobile
1480,1234,13,2024-06-21,StreamMax,49,0.47,1,Desktop
1481,1834,2,2024-11-16,MobileApp,61,0.51,1,Desktop
1482,153,3,2025-01-04,TabletApp,50,0.34,1,Mobile
1483,1924,6,2025-03-30,WebBrowser,58,0.37,0,TV
1484,203,11,2024-07-15,MobileApp,86,0.85,1,Mobile
1485,634,8,2024-06-09,WebBrowser,126,1.0,0,Mobile
1486,1911,1,2025-02-22,SmartTV,68,0.69,0,Desktop
1487,941,12,2025-04-20,WebBrowser,53,0.51,1,Mobile
1488,1245,11,2024-09-18,TabletApp,145,0.98,0,Tablet
1489,878,3,2024-09-05,TabletApp,84,0.72,0,Mobile
1490,1305,1,2025-02-11,WebBrowser,52,0.51,0,TV
1491,1314,1,2025-02-06,MobileApp,88,0.91,0,TV
1492,106,2,2024-12-28,MobileApp,102,0.72,0,Tablet
1493,1668,7,2024-11-24,MobileApp,69,0.54,0,Tablet
1494,1830,10,2024-07-09,SmartTV,40,0.3,0,Mobile
1495,956,14,2025-03-26,TabletApp,83,0.68,0,TV
1496,1239,6,2024-10-23,StreamMax,75,0.65,0,Mobile
1497,1288,8,2024-11-22,WebBrowser,79,0.6,0,TV
1498,607,11,2024-08-14,WebBrowser,99,0.9,0,Mobile
1499,799,6,2024-12-24,WebBrowser,52,0.39,0,TV
1500,17,5,2025-01-30,StreamMax,29,0.32,0,TV
1501,456,1,2024-06-03,MobileApp,78,0.56,0,Tablet
1502,211,11,2024-06-03,WebBrowser,42,0.3,0,Mobile
1503,1991,9,2024-07-22,MobileApp,99,0.64,0,Tablet
1504,1028,1,2025-04-22,MobileApp,91,0.85,0,Desktop
1505,1139,2,2024-08-19,SmartTV,78,0.5,0,Desktop
1506,734,7,2025-04-07,StreamMax,89,0.71,0,Mobile
1507,1539,1,2025-03-11,MobileApp,49,0.49,0,Mobile
1508,1917,10,2024-10-05,SmartTV,49,0.54,0,Tablet
1509,338,14,2025-04-26,StreamMax,69,0.67,0,Tablet
1510,1310,3,2024-12-02,TabletApp,90,0.97,0,Desktop
1511,1898,1,2025-03-04,StreamMax,30,0.31,1,Mobile
1512,1864,8,2024-11-16,TabletApp,45,0.47,0,Desktop
1513,1046,11,2024-07-19,SmartTV,114,0.95,0,Tablet
1514,590,11,2025-04-18,MobileApp,35,0.39,0,Desktop
1515,455,1,2024-11-24,MobileApp,85,0.94,0,Mobile
1516,200,9,2024-09-22,SmartTV,126,0.88,1,Desktop
1517,825,12,2025-04-02,SmartTV,89,0.7,0,TV
1518,1607,14,2024-12-08,StreamMax,90,0.71,0,TV
1519,1833,2,2024-06-01,TabletApp,125,0.88,0,TV
1520,314,4,2025-02-22,WebBrowser,114,0.73,0,Mobile
1521,796,10,2024-11-17,MobileApp,69,0.59,0,TV
1522,1831,5,2024-06-23,MobileApp,46,0.36,0,Mobile
1523,857,14,2025-03-14,StreamMax,55,0.35,0,Desktop
1524,1049,8,2024-10-22,TabletApp,61,0.44,0,Tablet
1525,618,3,2025-01-22,MobileApp,126,0.84,0,Mobile
1526,1384,7,2024-09-03,SmartTV,49,0.47,0,TV
1527,1571,7,2024-06-17,MobileApp,71,0.49,0,TV
1528,1930,4,2024-12-21,TabletApp,92,0.72,0,Tablet
1529,1960,3,2025-03-27,MobileApp,130,0.95,1,Tablet
1530,569,1,2025-01-08,MobileApp,54,0.47,0,TV
1531,597,9,2024-12-01,StreamMax,49,0.43,0,Desktop
1532,464,7,2024-06-24,TabletApp,52,0.5,0,Desktop
1533,1414,14,2025-04-13,MobileApp,103,0.72,0,TV
1534,1230,14,2024-08-11,SmartTV,80,0.88,0,Tablet
1535,1576,7,2024-08-30,MobileApp,123,0.93,0,Tablet
1536,430,5,2025-01-30,WebBrowser,79,0.9,0,Desktop
1537,1540,12,2024-06-17,MobileApp,100,0.98,0,Mobile
1538,1598,3,2024-12-01,StreamMax,33,0.31,0,Mobile
1539,491,1,2025-04-26,TabletApp,63,0.47,0,Tablet
1540,127,1,2025-01-03,WebBrowser,56,0.43,0,Desktop
1541,698,2,2024-12-10,WebBrowser,98,0.8,0,TV
1542,1229,4,2024-11-06,TabletApp,43,0.3,1,Desktop
1543,586,2,2024-11-24,MobileApp,93,0.81,0,Mobile
1544,1334,15,2025-04-18,StreamMax,98,0.63,0,Tablet
1545,1504,3,2024-10-26,StreamMax,128,0.89,0,Mobile
1546,1936,8,2024-11-28,StreamMax,44,0.44,0,Tablet
1547,862,6,2025-01-06,MobileApp,71,0.54,0,Tablet
1548,55,1,2025-03-22,SmartTV,40,0.41,0,Mobile
1549,152,5,2025-04-16,MobileApp,35,0.34,0,Mobile
1550,1283,5,2025-03-08,StreamMax,112,0.78,0,Tablet
1551,419,8,2024-11-19,MobileApp,50,0.47,0,Mobile
1552,1200,7,2024-08-19,WebBrowser,36,0.35,1,TV
1553,753,8,2024-12-30,StreamMax,67,0.45,0,Desktop
1554,395,8,2024-06-12,WebBrowser,39,0.33,1,Desktop
1555,1102,8,2025-03-17,MobileApp,100,0.94,0,Mobile
1556,532,2,2025-01-10,WebBrowser,82,0.54,0,Desktop
1557,981,1,2025-03-02,WebBrowser,80,0.8,0,Desktop
1558,1018,11,2024-12-29,SmartTV,52,0.54,1,Desktop
1559,202,1,2024-10-19,SmartTV,43,0.32,0,Tablet
1560,377,5,2025-01-07,SmartTV,70,0.61,0,Desktop
1561,573,6,2024-11-09,MobileApp,111,0.96,0,TV
1562,644,9,2024-12-15,SmartTV,102,0.73,0,TV
1563,328,8,2024-08-24,SmartTV,62,0.5,1,Mobile
1564,1281,3,2024-08-10,TabletApp,72,0.52,0,Tablet
1565,1094,3,2024-11-18,StreamMax,95,0.9,1,Desktop
1566,1794,10,2024-12-31,TabletApp,88,0.8,1,TV
1567,1258,10,2025-01-12,SmartTV,81,0.71,0,TV
1568,150,13,2024-08-07,WebBrowser,88,0.7,1,TV
1569,382,14,2024-08-15,WebBrowser,106,0.85,0,Mobile
1570,707,3,2025-02-08,MobileApp,119,0.81,0,TV
1571,107,10,2025-01-21,TabletApp,37,0.32,0,Mobile
1572,1138,3,2024-08-13,WebBrowser,94,0.84,0,Desktop
1573,1898,10,2025-03-18,SmartTV,96,0.79,0,Tablet
1574,1569,6,2025-01-14,WebBrowser,35,0.31,0,Desktop
1575,1606,12,2025-02-22,StreamMax,52,0.6,0,Desktop
1576,1691,13,2024-08-17,TabletApp,30,0.32,0,TV
1577,1674,1,2024-10-08,MobileApp,103,0.91,1,Desktop
1578,925,6,2025-03-23,MobileApp,87,0.57,1,Tablet
1579,1516,6,2025-04-23,WebBrowser,41,0.36,0,TV
1580,519,8,2025-04-07,TabletApp,134,0.94,0,TV
1581,574,14,2025-03-18,StreamMax,75,0.8,1,Desktop
1582,757,3,2024-07-18,SmartTV,108,0.94,0,Mobile
1583,1841,1,2025-01-15,StreamMax,97,0.63,0,Mobile
1584,1073,2,2025-02-16,SmartTV,64,0.7,0,Mobile
1585,126,1,2025-02-14,SmartTV,88,0.58,0,Desktop
1586,392,12,2025-02-23,SmartTV,74,0.74,0,Desktop
1587,939,6,2024-11-11,MobileApp,51,0.55,0,Mobile
1588,826,1,2025-02-20,SmartTV,129,0.95,0,Tablet
1589,924,12,2025-03-09,TabletApp,47,0.48,0,Tablet
1590,1346,11,2024-07-23,TabletApp,89,0.58,0,Desktop
1591,211,6,2025-01-10,TabletApp,49,0.37,1,Tablet
1592,1060,15,2025-01-03,WebBrowser,56,0.38,0,Desktop
1593,328,9,2024-12-29,SmartTV,32,0.35,1,TV
1594,1099,15,2024-09-15,SmartTV,67,0.56,0,Mobile
1595,865,8,2024-11-15,TabletApp,65,0.61,0,TV
1596,507,14,2025-03-24,MobileApp,116,0.76,0,Tablet
1597,291,5,2024-07-19,SmartTV,93,0.63,0,Mobile
1598,1105,9,2024-10-16,TabletApp,134,0.95,0,Desktop
1599,1792,1,2025-04-11,MobileApp,75,0.66,1,Tablet
1600,1545,1,2024-12-14,SmartTV,80,0.69,0,TV
1601,1455,12,2024-07-02,TabletApp,43,0.42,0,TV
1602,1984,6,2024-10-01,WebBrowser,47,0.3,1,Mobile
1603,1156,7,2025-01-28,WebBrowser,34,0.39,0,Desktop
1604,1465,7,2024-08-25,WebBrowser,143,0.97,0,Mobile
1605,1557,1,2025-02-12,MobileApp,64,0.5,0,Tablet
1606,1888,8,2024-12-17,StreamMax,41,0.44,0,Mobile
1607,99,1,2024-08-12,SmartTV,56,0.5,0,Tablet
1608,1389,2,2024-06-27,WebBrowser,80,0.54,1,Mobile
1609,1709,10,2025-01-05,StreamMax,140,0.95,0,Tablet
1610,817,4,2024-12-24,SmartTV,117,0.84,0,Tablet
1611,481,7,2024-09-08,StreamMax,61,0.5,0,TV
1612,1918,1,2024-10-23,SmartTV,134,0.99,0,Tablet
1613,1961,8,2024-09-02,TabletApp,38,0.39,0,TV
1614,1278,2,2024-06-07,SmartTV,83,0.62,0,Desktop
1615,1562,6,2024-07-29,StreamMax,54,0.53,1,TV
1616,1438,1,2025-02-20,WebBrowser,85,0.8,0,Mobile
1617,715,1,2025-03-14,SmartTV,79,0.7,1,TV
1618,1769,8,2025-03-12,MobileApp,107,0.94,0,Desktop
1619,1832,4,2024-07-16,SmartTV,72,0.72,0,Tablet
1620,1676,8,2024-10-08,WebBrowser,86,0.57,1,Tablet
1621,1391,13,2024-10-01,MobileApp,78,0.87,0,Tablet
1622,1674,10,2024-12-26,TabletApp,63,0.6,0,Tablet
1623,541,7,2025-03-31,MobileApp,140,0.93,0,Mobile
1624,1412,12,2024-08-12,StreamMax,42,0.31,0,Tablet
1625,655,11,2024-07-15,SmartTV,93,0.71,0,Desktop
1626,235,6,2024-12-23,StreamMax,109,0.97,1,Desktop
1627,656,15,2025-01-02,WebBrowser,102,0.89,0,Desktop
1628,184,12,2024-06-30,TabletApp,31,0.34,0,Desktop
1629,909,1,2025-02-22,SmartTV,33,0.38,1,Mobile
1630,1319,1,2025-02-05,TabletApp,54,0.35,0,Mobile
1631,472,8,2024-06-26,WebBrowser,110,0.95,0,Mobile
1632,856,2,2024-12-19,TabletApp,38,0.42,0,Mobile
1633,281,1,2025-04-22,SmartTV,57,0.6,1,TV
1634,1832,11,2024-10-10,SmartTV,73,0.84,1,Desktop
1635,1697,1,2025-02-14,MobileApp,89,0.78,0,Tablet
1636,416,6,2025-04-06,SmartTV,92,0.61,1,Mobile
1637,256,7,2024-11-05,TabletApp,56,0.4,0,Tablet
1638,730,10,2025-04-28,WebBrowser,32,0.32,1,Tablet
1639,1776,6,2024-07-21,WebBrowser,98,0.66,1,Desktop
1640,1112,8,2024-09-19,WebBrowser,69,0.59,0,TV
1641,1493,1,2024-12-21,WebBrowser,91,0.85,1,Desktop
1642,377,8,2025-01-04,TabletApp,86,0.6,1,Mobile
1643,1409,8,2024-09-08,StreamMax,84,0.61,1,TV
1644,1128,1,2025-04-25,TabletApp,112,0.72,0,TV
1645,496,8,2024-11-10,MobileApp,70,0.7,0,Tablet
1646,312,6,2025-01-09,WebBrowser,80,0.53,0,Desktop
1647,757,14,2025-02-28,StreamMax,29,0.32,1,TV
1648,903,1,2024-07-26,WebBrowser,110,0.85,0,Desktop
1649,1953,8,2024-08-11,WebBrowser,94,0.71,0,Mobile
1650,904,7,2024-07-12,TabletApp,95,0.75,0,Mobile
1651,740,13,2024-06-23,SmartTV,33,0.3,0,Desktop
1652,916,7,2025-03-15,SmartTV,132,0.88,0,Mobile
1653,1316,8,2024-06-09,StreamMax,94,0.84,0,Desktop
1654,28,4,2024-07-03,StreamMax,103,0.75,0,Desktop
1655,1985,8,2024-06-12,MobileApp,76,0.58,1,Desktop
1656,388,2,2024-12-26,TabletApp,74,0.72,0,Desktop
1657,28,13,2025-02-11,MobileApp,67,0.75,1,Desktop
1658,1334,14,2025-01-03,SmartTV,58,0.4,0,TV
1659,1429,15,2024-11-15,SmartTV,64,0.65,0,TV
1660,1390,14,2025-02-09,TabletApp,65,0.48,1,Desktop
1661,623,5,2024-10-08,SmartTV,111,0.96,0,Mobile
1662,1343,3,2025-01-06,WebBrowser,145,0.93,0,Desktop
1663,1788,9,2024-10-16,TabletApp,81,0.65,0,Desktop
1664,1899,9,2024-11-28,MobileApp,107,0.76,1,Tablet
1665,803,2,2024-11-01,MobileApp,77,0.66,0,Tablet
1666,1075,6,2025-01-28,TabletApp,45,0.3,0,Desktop
1667,1333,11,2024-12-27,SmartTV,96,0.84,0,Tablet
1668,1415,15,2024-11-20,SmartTV,83,0.91,0,TV
1669,123,3,2024-12-02,TabletApp,92,1.0,0,TV
1670,339,5,2024-06-05,SmartTV,38,0.34,0,Desktop
1671,1428,8,2025-01-26,MobileApp,91,0.61,1,TV
1672,1615,3,2024-11-24,MobileApp,67,0.77,0,Mobile
1673,283,1,2024-11-19,StreamMax,73,0.55,0,Mobile
1674,704,3,2024-06-12,SmartTV,76,0.76,0,Desktop
1675,286,13,2025-01-24,MobileApp,84,0.72,0,TV
1676,1634,2,2024-07-22,SmartTV,44,0.38,0,TV
1677,342,15,2024-12-23,SmartTV,80,0.55,0,Tablet
1678,779,12,2024-09-02,StreamMax,113,0.86,0,TV
1679,1083,6,2024-09-07,SmartTV,91,0.69,0,Mobile
1680,1550,2,2025-01-07,TabletApp,96,0.98,0,Mobile
1681,1364,1,2025-02-15,WebBrowser,60,0.52,0,Tablet
1682,382,1,2025-03-06,WebBrowser,125,0.89,0,Tablet
1683,196,2,2024-08-11,WebBrowser,113,0.89,0,Tablet
1684,1562,10,2024-08-25,StreamMax,99,0.83,0,Tablet
1685,528,1,2025-02-25,WebBrowser,54,0.38,0,Mobile
1686,480,6,2024-07-13,MobileApp,102,0.72,0,Desktop
1687,1225,14,2024-11-20,WebBrowser,137,0.96,1,TV
1688,1459,4,2024-11-16,MobileApp,125,0.8,1,Desktop
1689,1442,14,2025-01-01,MobileApp,61,0.61,1,Desktop
1690,470,3,2025-02-27,StreamMax,145,0.94,0,TV
1691,186,13,2024-10-28,MobileApp,72,0.76,0,Desktop
1692,751,5,2024-06-24,TabletApp,95,0.9,0,Desktop
1693,523,1,2024-08-07,WebBrowser,120,0.84,0,Mobile
1694,679,1,2024-10-28,MobileApp,99,0.82,1,Desktop
1695,510,8,2025-01-10,MobileApp,124,0.92,1,Mobile
1696,1405,13,2024-08-20,WebBrowser,114,0.77,0,Mobile
1697,836,3,2024-08-15,WebBrowser,79,0.78,0,Tablet
1698,1966,14,2024-11-21,MobileApp,126,0.87,1,Mobile
1699,290,12,2025-04-11,TabletApp,33,0.36,0,Desktop
1700,1216,1,2025-03-09,SmartTV,45,0.47,0,Tablet
1701,992,6,2024-07-29,MobileApp,111,0.84,0,Tablet
1702,906,6,2025-04-26,SmartTV,49,0.5,1,Mobile
1703,651,2,2024-06-27,StreamMax,34,0.31,0,Tablet
1704,1067,10,2024-10-03,MobileApp,63,0.69,0,TV
1705,1804,8,2024-06-29,TabletApp,53,0.42,0,Tablet
1706,1329,1,2025-03-19,SmartTV,96,0.85,0,Tablet
1707,610,9,2025-04-17,MobileApp,37,0.35,0,Mobile
1708,1820,1,2024-10-03,MobileApp,111,0.77,0,TV
1709,501,1,2025-01-13,MobileApp,73,0.68,0,Desktop
1710,1121,7,2024-08-26,MobileApp,64,0.55,0,Desktop
1711,158,9,2024-12-16,MobileApp,93,0.67,0,Mobile
1712,1158,2,2024-07-15,MobileApp,111,0.75,0,Mobile
1713,1046,6,2025-03-31,WebBrowser,118,0.79,0,Mobile
1714,725,1,2025-03-31,WebBrowser,75,0.8,1,Tablet
1715,495,1,2024-10-16,TabletApp,82,0.91,1,TV
1716,444,1,2025-01-21,StreamMax,40,0.3,0,Mobile
1717,1636,8,2025-04-26,SmartTV,61,0.51,0,Tablet
1718,810,1,2025-04-16,WebBrowser,42,0.38,0,Mobile
1719,914,2,2024-07-30,TabletApp,118,0.78,0,Desktop
1720,493,12,2025-03-27,MobileApp,55,0.55,0,Tablet
1721,903,14,2025-03-06,SmartTV,40,0.45,0,Desktop
1722,401,6,2025-03-06,WebBrowser,137,0.89,0,Mobile
1723,287,1,2024-09-20,WebBrowser,117,0.95,1,TV
1724,801,3,2024-12-13,MobileApp,59,0.42,0,Mobile
1725,1393,3,2024-07-27,WebBrowser,51,0.35,0,TV
1726,1375,1,2025-02-07,TabletApp,67,0.66,0,Tablet
1727,1891,2,2024-12-30,SmartTV,43,0.48,0,Tablet
1728,1158,7,2024-12-16,StreamMax,107,0.72,0,Desktop
1729,570,1,2025-03-05,WebBrowser,52,0.45,0,Mobile
1730,1181,11,2024-09-01,TabletApp,86,0.82,0,Desktop
1731,119,6,2024-12-14,SmartTV,61,0.53,0,TV
1732,1522,1,2024-08-14,MobileApp,52,0.36,0,Desktop
1733,255,3,2025-02-21,TabletApp,42,0.43,0,Tablet
1734,1737,8,2025-02-01,TabletApp,76,0.53,0,TV
1735,978,12,2024-10-24,TabletApp,102,0.71,0,TV
1736,1779,1,2025-01-16,WebBrowser,59,0.38,0,Tablet
1737,1511,4,2024-07-19,StreamMax,107,0.69,1,Mobile
1738,1009,6,2024-09-17,WebBrowser,94,0.74,1,Mobile
1739,410,15,2024-07-19,SmartTV,61,0.42,1,Tablet
1740,1526,12,2024-12-30,TabletApp,46,0.37,0,Tablet
1741,1039,14,2024-07-07,TabletApp,41,0.36,1,Mobile
1742,1942,5,2024-08-25,MobileApp,80,0.79,0,Mobile
1743,873,6,2025-02-08,StreamMax,58,0.54,0,Desktop
1744,247,6,2024-10-02,SmartTV,54,0.35,0,Mobile
1745,93,10,2024-11-06,MobileApp,74,0.78,0,Desktop
1746,1536,8,2024-10-30,TabletApp,72,0.56,0,Tablet
1747,1681,14,2024-09-29,StreamMax,123,0.78,0,TV
1748,447,15,2025-04-06,SmartTV,78,0.74,0,TV
1749,1657,1,2025-03-18,SmartTV,87,0.79,0,Mobile
1750,1727,8,2024-10-09,MobileApp,124,0.88,1,Mobile
1751,374,12,2024-09-05,StreamMax,53,0.58,0,Tablet
1752,1226,2,2024-10-12,MobileApp,55,0.55,0,TV
1753,193,3,2024-11-08,TabletApp,53,0.57,0,Tablet
1754,1068,8,2024-11-20,TabletApp,78,0.84,0,TV
1755,1615,5,2025-03-24,SmartTV,71,0.68,1,Mobile
1756,1535,8,2025-04-09,StreamMax,79,0.72,0,Desktop
1757,1937,3,2024-07-18,StreamMax,90,0.59,0,Desktop
1758,1274,2,2025-01-27,WebBrowser,61,0.43,0,Desktop
1759,1346,1,2024-09-24,SmartTV,108,0.98,0,Desktop
1760,1506,8,2024-10-17,MobileApp,57,0.37,1,Mobile
1761,1869,5,2024-10-04,WebBrowser,50,0.43,0,Mobile
1762,1115,1,2024-07-22,MobileApp,63,0.52,0,TV
1763,1369,1,2025-02-05,StreamMax,63,0.47,0,TV
1764,719,6,2024-07-17,WebBrowser,58,0.38,0,TV
1765,562,5,2024-06-05,StreamMax,90,0.73,0,TV
1766,1105,2,2025-04-14,WebBrowser,88,0.79,0,TV
1767,275,12,2024-11-01,TabletApp,88,0.89,0,Desktop
1768,156,5,2024-07-07,SmartTV,36,0.32,0,TV
1769,1184,2,2025-03-31,MobileApp,91,0.99,0,Tablet
1770,887,10,2025-03-26,TabletApp,107,0.76,0,Desktop
1771,479,8,2024-09-27,TabletApp,67,0.68,0,Mobile
1772,1110,8,2024-09-07,TabletApp,65,0.73,0,TV
1773,1339,1,2025-04-20,StreamMax,112,0.9,0,Desktop
1774,385,7,2024-10-17,SmartTV,66,0.59,0,Desktop
1775,528,14,2024-09-15,TabletApp,63,0.63,0,TV
1776,1040,10,2025-01-09,SmartTV,112,0.84,0,Desktop
1777,362,10,2024-12-14,TabletApp,100,0.96,0,Mobile
1778,419,6,2024-11-22,TabletApp,78,0.87,1,Desktop
1779,1747,15,2025-03-14,TabletApp,113,0.74,1,TV
1780,1887,13,2025-02-01,MobileApp,79,0.89,0,Tablet
1781,430,3,2024-11-13,WebBrowser,106,0.72,0,TV
1782,1644,6,2025-03-09,StreamMax,58,0.67,0,TV
1783,1128,3,2025-02-16,SmartTV,110,0.96,1,Tablet
1784,1058,9,2025-01-09,TabletApp,93,0.6,0,Tablet
1785,1436,1,2024-07-25,WebBrowser,81,0.9,0,Mobile
1786,1273,12,2025-01-12,StreamMax,92,0.94,1,Desktop
1787,534,11,2025-01-16,WebBrowser,51,0.37,1,Tablet
1788,668,6,2024-06-01,TabletApp,73,0.76,0,Tablet
1789,1406,14,2024-07-20,SmartTV,71,0.57,0,Desktop
1790,1422,2,2024-09-15,TabletApp,132,0.98,1,Tablet
1791,672,8,2024-06-10,SmartTV,113,0.92,0,Mobile
1792,1601,8,2024-12-27,WebBrowser,69,0.59,0,Mobile
1793,1459,1,2024-10-14,StreamMax,122,0.86,0,Desktop
1794,1642,14,2025-01-15,MobileApp,35,0.39,0,Desktop
1795,1785,7,2025-02-07,WebBrowser,66,0.6,1,TV
1796,1618,7,2024-07-07,TabletApp,88,0.74,0,Desktop
1797,834,10,2025-03-14,MobileApp,124,0.91,0,TV
1798,1475,2,2024-07-14,MobileApp,31,0.32,0,Tablet
1799,173,8,2025-04-09,SmartTV,66,0.75,0,TV
1800,1779,1,2025-02-06,WebBrowser,96,0.62,0,Mobile
1801,794,14,2024-11-15,MobileApp,55,0.59,0,Desktop
1802,1393,2,2024-10-23,WebBrowser,54,0.45,0,Tablet
1803,1472,10,2024-10-04,StreamMax,71,0.46,0,Desktop
1804,760,2,2025-01-12,WebBrowser,77,0.78,0,Mobile
1805,451,6,2024-08-03,SmartTV,115,0.92,1,Tablet
1806,877,6,2024-08-28,WebBrowser,80,0.77,0,Tablet
1807,642,6,2024-06-22,TabletApp,104,0.66,0,Tablet
1808,1016,3,2024-12-09,MobileApp,90,0.73,1,TV
1809,726,1,2024-09-06,StreamMax,74,0.62,1,Desktop
1810,954,6,2025-01-01,StreamMax,85,0.69,0,Desktop
1811,1775,1,2025-02-01,StreamMax,78,0.59,0,Tablet
1812,611,4,2024-07-16,MobileApp,51,0.35,0,Desktop
1813,1205,1,2024-06-30,TabletApp,69,0.75,1,Mobile
1814,764,11,2024-12-21,MobileApp,83,0.55,0,TV
1815,704,10,2024-10-04,WebBrowser,87,0.67,0,TV
1816,1872,14,2024-09-11,WebBrowser,94,0.91,0,Mobile
1817,1875,8,2024-06-07,SmartTV,82,0.9,0,Mobile
1818,1507,1,2024-10-04,WebBrowser,95,0.71,0,Tablet
1819,165,12,2024-07-15,TabletApp,87,0.68,0,Tablet
1820,567,11,2024-12-23,SmartTV,76,0.6,0,Tablet
1821,1046,14,2025-04-26,TabletApp,116,0.83,0,Mobile
1822,946,3,2025-03-26,TabletApp,80,0.59,1,Mobile
1823,1459,10,2024-08-08,TabletApp,73,0.56,0,Mobile
1824,1268,7,2024-07-05,MobileApp,53,0.49,0,Mobile
1825,1177,10,2024-09-04,StreamMax,80,0.65,0,Tablet
1826,1277,9,2025-03-01,StreamMax,64,0.6,0,TV
1827,1794,1,2024-07-16,WebBrowser,71,0.56,0,Desktop
1828,1210,2,2024-07-17,SmartTV,72,0.48,0,Tablet
1829,620,3,2024-08-05,TabletApp,38,0.3,0,Mobile
1830,1838,1,2024-08-25,WebBrowser,69,0.46,0,TV
1831,1101,15,2024-12-26,WebBrowser,89,0.59,0,Desktop
1832,417,1,2025-03-28,SmartTV,45,0.43,0,Desktop
1833,1935,3,2025-01-01,StreamMax,131,0.84,0,TV
1834,1421,8,2024-07-31,SmartTV,82,0.64,1,Mobile
1835,1071,11,2024-11-03,MobileApp,76,0.79,1,Tablet
1836,1655,4,2025-02-21,WebBrowser,90,0.89,0,Desktop
1837,421,2,2024-07-20,TabletApp,90,0.71,0,Mobile
1838,1468,7,2024-06-22,TabletApp,91,0.81,0,TV
1839,388,13,2024-10-11,SmartTV,42,0.39,1,Mobile
1840,1795,9,2024-12-07,StreamMax,82,0.7,1,Mobile
1841,1055,1,2025-04-26,StreamMax,43,0.44,0,Tablet
1842,511,1,2025-03-24,StreamMax,62,0.55,1,TV
1843,389,2,2024-07-01,StreamMax,108,0.87,0,Mobile
1844,205,9,2024-06-25,SmartTV,102,0.73,0,TV
1845,641,9,2024-11-11,MobileApp,88,0.62,0,TV
1846,1816,3,2024-11-03,TabletApp,42,0.38,0,Desktop
1847,1258,5,2025-04-03,StreamMax,52,0.49,0,Mobile
1848,1879,14,2024-07-23,WebBrowser,32,0.32,1,Tablet
1849,192,10,2024-06-09,MobileApp,52,0.34,0,TV
1850,1516,1,2024-08-03,MobileApp,60,0.4,0,Mobile
1851,1023,8,2024-11-30,MobileApp,132,0.95,0,Tablet
1852,1165,12,2024-12-13,TabletApp,88,0.97,0,TV
1853,1638,6,2024-07-15,SmartTV,72,0.82,0,Desktop
1854,1299,9,2025-04-21,WebBrowser,126,0.95,0,Desktop
1855,934,7,2024-06-26,MobileApp,85,0.79,0,Tablet
1856,548,14,2025-03-14,MobileApp,81,0.54,0,Desktop
1857,1924,7,2024-08-02,StreamMax,52,0.4,0,Desktop
1858,1662,14,2024-06-23,StreamMax,81,0.53,0,Desktop
1859,1941,14,2025-02-20,StreamMax,78,0.58,0,Mobile
1860,1916,1,2025-02-23,WebBrowser,107,0.85,0,Tablet
1861,1244,10,2024-11-22,SmartTV,29,0.33,1,TV
1862,1973,6,2024-10-11,WebBrowser,44,0.44,0,TV
1863,276,6,2024-09-21,TabletApp,99,0.66,0,Tablet
1864,781,10,2024-11-25,StreamMax,70,0.6,0,Mobile
1865,263,5,2024-08-10,StreamMax,80,0.89,1,Desktop
1866,19,7,2024-10-22,WebBrowser,78,0.64,1,Mobile
1867,1261,10,2024-06-08,MobileApp,40,0.45,0,TV
1868,1068,13,2025-03-28,MobileApp,110,0.86,0,TV
1869,1207,3,2024-08-02,SmartTV,45,0.48,0,Tablet
1870,491,1,2025-03-29,WebBrowser,54,0.55,0,Mobile
1871,679,12,2024-09-22,WebBrowser,53,0.39,0,TV
1872,1555,13,2025-02-20,WebBrowser,89,0.58,1,TV
1873,1354,5,2024-08-16,SmartTV,78,0.72,0,Desktop
1874,326,13,2025-02-25,StreamMax,145,0.93,0,Mobile
1875,316,7,2024-10-04,WebBrowser,52,0.56,1,TV
1876,1490,6,2024-10-31,WebBrowser,110,0.78,1,Tablet
1877,1251,6,2024-12-22,MobileApp,77,0.49,0,TV
1878,1177,10,2024-11-14,SmartTV,130,0.88,0,Desktop
1879,411,4,2024-07-12,SmartTV,123,0.96,0,TV
1880,325,8,2025-02-13,SmartTV,118,0.79,0,Tablet
1881,179,15,2024-07-03,TabletApp,98,0.79,0,Desktop
1882,662,6,2024-08-01,TabletApp,91,0.89,0,Tablet
1883,459,2,2024-10-16,SmartTV,97,0.73,0,TV
1884,893,11,2024-11-07,WebBrowser,127,0.92,0,Tablet
1885,1480,2,2024-06-05,TabletApp,88,0.94,1,TV
1886,1676,10,2024-09-03,WebBrowser,34,0.34,0,Mobile
1887,1509,1,2024-11-15,MobileApp,81,0.76,1,Desktop
1888,576,1,2025-03-05,SmartTV,97,0.85,0,Desktop
1889,841,6,2025-03-11,SmartTV,50,0.33,0,Mobile
1890,1648,14,2025-04-21,SmartTV,83,0.91,0,Desktop
1891,615,2,2025-03-11,MobileApp,39,0.3,0,Desktop
1892,1805,5,2025-02-25,StreamMax,87,0.58,1,TV
1893,854,3,2024-06-09,WebBrowser,57,0.54,0,Tablet
1894,548,6,2024-12-24,WebBrowser,77,0.74,0,TV
1895,810,10,2024-11-01,StreamMax,71,0.74,0,Desktop
1896,1682,10,2024-11-26,TabletApp,63,0.59,0,Mobile
1897,176,1,2024-11-30,TabletApp,93,0.81,0,Mobile
1898,930,9,2024-11-22,MobileApp,143,0.91,0,Desktop
1899,854,5,2024-10-12,WebBrowser,60,0.45,0,TV
1900,810,3,2024-06-02,WebBrowser,54,0.61,1,Mobile
1901,1831,9,2025-03-16,TabletApp,79,0.79,0,Tablet
1902,759,6,2024-07-06,SmartTV,50,0.41,0,TV
1903,339,8,2024-11-21,WebBrowser,44,0.44,1,Desktop
1904,1379,7,2024-10-04,TabletApp,86,0.66,0,Tablet
1905,718,6,2024-12-12,WebBrowser,78,0.85,0,TV
1906,1255,3,2024-10-13,SmartTV,85,0.75,0,Tablet
1907,1347,7,2025-02-08,TabletApp,51,0.37,0,Desktop
1908,1700,10,2025-03-26,WebBrowser,46,0.49,0,Desktop
1909,231,3,2024-11-25,WebBrowser,66,0.45,0,Mobile
1910,225,9,2024-08-03,WebBrowser,115,0.96,0,Desktop
1911,1259,11,2024-10-13,SmartTV,45,0.47,0,Tablet
1912,722,1,2024-12-05,SmartTV,90,0.65,0,TV
1913,1980,3,2025-04-21,WebBrowser,64,0.64,0,TV
1914,1269,6,2024-11-08,TabletApp,43,0.41,0,TV
1915,37,4,2025-03-26,WebBrowser,112,0.85,0,TV
1916,742,12,2025-02-12,WebBrowser,51,0.37,0,TV
1917,241,8,2024-09-08,MobileApp,69,0.59,0,TV
1918,616,6,2024-06-10,WebBrowser,75,0.63,1,Tablet
1919,197,8,2024-10-09,TabletApp,122,0.81,0,Desktop
1920,255,15,2025-03-12,TabletApp,69,0.54,0,Mobile
1921,444,7,2025-02-11,WebBrowser,129,0.96,0,Tablet
1922,1247,1,2025-01-10,StreamMax,56,0.62,0,Tablet
1923,1926,10,2024-12-14,TabletApp,75,0.62,0,Tablet
1924,365,10,2025-02-26,WebBrowser,52,0.52,1,Desktop
1925,1635,1,2024-12-04,TabletApp,134,0.85,0,Tablet
1926,723,9,2024-09-10,MobileApp,127,0.85,0,TV
1927,1218,10,2024-12-26,WebBrowser,31,0.33,0,Desktop
1928,175,3,2024-09-18,StreamMax,60,0.46,0,Mobile
1929,389,1,2024-06-25,MobileApp,119,0.94,0,TV
1930,465,15,2025-01-08,SmartTV,67,0.58,0,Tablet
1931,1680,6,2024-07-03,TabletApp,118,0.97,1,Desktop
1932,1750,10,2024-06-06,MobileApp,110,0.76,1,Tablet
1933,1149,12,2024-08-18,TabletApp,51,0.57,0,TV
1934,1371,2,2024-12-30,TabletApp,69,0.47,1,Mobile
1935,1038,1,2025-02-23,StreamMax,57,0.57,1,Desktop
1936,1632,14,2024-08-25,SmartTV,38,0.35,1,Tablet
1937,222,1,2025-03-27,TabletApp,100,0.64,1,Desktop
1938,1659,12,2025-04-13,SmartTV,125,0.91,0,TV
1939,559,8,2024-12-11,MobileApp,108,0.94,0,TV
1940,1894,3,2024-07-10,TabletApp,38,0.38,0,TV
1941,783,1,2025-01-17,SmartTV,38,0.43,0,Desktop
1942,1328,7,2025-04-26,WebBrowser,78,0.68,1,Tablet
1943,1599,7,2024-07-22,WebBrowser,83,0.68,1,TV
1944,276,5,2024-08-24,SmartTV,31,0.32,0,Desktop
1945,663,2,2024-10-15,StreamMax,98,0.98,0,Desktop
1946,1867,7,2024-12-17,TabletApp,27,0.31,0,Tablet
1947,960,14,2025-02-03,WebBrowser,29,0.33,0,Tablet
1948,1990,6,2025-03-06,WebBrowser,69,0.47,0,TV
1949,863,1,2025-02-03,WebBrowser,74,0.78,0,Mobile
1950,86,6,2024-10-23,WebBrowser,104,0.68,0,TV
1951,799,1,2025-03-22,MobileApp,53,0.46,0,TV
1952,1630,8,2024-12-23,WebBrowser,68,0.48,0,Mobile
1953,662,5,2024-09-27,WebBrowser,65,0.73,0,TV
1954,1166,11,2024-06-17,StreamMax,147,0.98,0,Desktop
1955,1356,4,2024-07-29,StreamMax,114,0.79,0,Mobile
1956,766,10,2025-03-14,WebBrowser,78,0.7,1,Desktop
1957,952,8,2024-06-06,StreamMax,68,0.62,1,Desktop
1958,510,1,2025-04-23,SmartTV,97,0.93,1,Tablet
1959,288,11,2024-08-29,TabletApp,34,0.38,0,Tablet
1960,566,5,2025-02-19,MobileApp,36,0.31,0,TV
1961,1549,7,2025-02-13,TabletApp,98,0.88,0,Mobile
1962,919,5,2024-10-01,StreamMax,118,0.92,0,TV
1963,773,14,2025-03-21,StreamMax,59,0.45,0,Desktop
1964,624,10,2024-06-25,MobileApp,93,0.94,1,Desktop
1965,1171,2,2024-11-17,TabletApp,83,0.56,0,Desktop
1966,1554,4,2025-04-05,WebBrowser,93,0.62,0,Tablet
1967,394,10,2024-06-17,WebBrowser,82,0.54,1,TV
1968,520,1,2025-01-12,TabletApp,116,0.97,1,TV
1969,918,2,2024-12-15,TabletApp,70,0.69,0,Tablet
1970,1773,6,2025-01-10,WebBrowser,80,0.9,0,TV
1971,1955,3,2025-03-28,MobileApp,125,0.86,1,Tablet
1972,92,11,2024-09-25,TabletApp,55,0.46,0,Tablet
1973,1547,4,2025-02-11,SmartTV,112,0.93,0,Mobile
1974,576,3,2025-03-01,WebBrowser,113,0.9,0,Desktop
1975,1109,12,2024-07-18,StreamMax,135,0.99,1,TV
1976,106,1,2025-01-19,TabletApp,96,0.72,0,TV
1977,847,11,2024-07-31,WebBrowser,34,0.37,1,Tablet
1978,1805,5,2025-01-17,WebBrowser,72,0.55,0,Desktop
1979,1619,7,2025-01-20,TabletApp,56,0.41,0,TV
1980,1394,3,2024-06-13,TabletApp,73,0.83,0,Tablet
1981,715,7,2024-12-31,WebBrowser,44,0.31,0,Desktop
1982,1954,14,2025-04-29,StreamMax,112,0.8,0,Desktop
1983,1602,14,2025-03-08,WebBrowser,90,0.63,1,Tablet
1984,960,8,2024-06-21,TabletApp,94,0.83,0,Tablet
1985,457,1,2025-02-10,WebBrowser,69,0.63,0,Mobile
1986,897,1,2024-10-01,TabletApp,61,0.39,0,Desktop
1987,67,9,2024-12-26,SmartTV,74,0.68,0,Desktop
1988,1929,2,2024-10-02,MobileApp,36,0.34,0,Desktop
1989,777,2,2024-06-12,WebBrowser,77,0.85,0,TV
1990,1393,10,2024-06-02,MobileApp,76,0.58,0,Tablet
1991,803,7,2024-11-13,StreamMax,106,0.84,0,TV
1992,1466,2,2024-06-25,SmartTV,43,0.32,0,TV
1993,981,3,2024-11-22,TabletApp,47,0.47,0,Mobile
1994,742,2,2024-11-27,TabletApp,102,0.97,1,TV
1995,910,2,2024-12-28,MobileApp,104,0.83,0,Mobile
1996,1761,6,2025-01-04,TabletApp,100,0.69,0,Desktop
1997,1479,1,2025-03-30,StreamMax,105,0.97,0,Mobile
1998,71,14,2024-07-18,TabletApp,95,0.74,0,Tablet
1999,1949,14,2025-03-31,TabletApp,87,0.84,1,Tablet
2000,1814,1,2025-02-21,SmartTV,63,0.65,1,TV
2001,1633,8,2024-12-27,WebBrowser,42,0.42,1,Tablet
2002,236,3,2025-01-05,MobileApp,34,0.31,0,Mobile
2003,40,6,2024-11-13,MobileApp,33,0.36,0,TV
2004,163,4,2024-08-16,MobileApp,101,0.96,0,Mobile
2005,1818,1,2025-02-06,SmartTV,73,0.55,0,TV
2006,1269,7,2024-08-10,StreamMax,72,0.76,1,TV
2007,270,5,2025-01-25,StreamMax,46,0.52,0,Tablet
2008,1170,9,2025-01-16,StreamMax,52,0.48,0,Tablet
2009,1095,1,2025-03-11,MobileApp,106,0.95,0,TV
2010,1011,6,2024-08-12,WebBrowser,106,0.93,0,Mobile
2011,1630,6,2024-07-16,WebBrowser,118,0.91,1,Desktop
2012,822,2,2025-02-04,SmartTV,54,0.35,0,Mobile
2013,943,8,2024-06-04,StreamMax,34,0.37,0,Tablet
2014,1735,8,2025-02-03,TabletApp,70,0.77,0,Mobile
2015,95,8,2024-08-01,TabletApp,95,0.89,0,TV
2016,465,1,2024-08-16,SmartTV,53,0.61,0,Desktop
2017,1200,10,2024-11-22,SmartTV,65,0.65,0,TV
2018,1661,14,2024-08-03,TabletApp,40,0.35,0,Mobile
2019,338,3,2024-06-10,SmartTV,136,0.93,1,Tablet
2020,1760,3,2024-07-27,MobileApp,127,1.0,0,Tablet
2021,1194,12,2024-12-28,SmartTV,42,0.41,0,Desktop
2022,365,10,2024-11-01,WebBrowser,112,0.76,0,Tablet
2023,945,10,2025-02-01,SmartTV,50,0.42,0,TV
2024,1810,2,2024-11-23,TabletApp,132,0.9,0,Tablet
2025,226,5,2024-11-20,MobileApp,118,0.93,1,Mobile
2026,1257,12,2025-03-20,SmartTV,38,0.33,1,Mobile
2027,257,8,2024-10-29,StreamMax,88,0.63,0,Mobile
2028,20,8,2025-04-04,WebBrowser,46,0.35,0,Tablet
2029,1801,1,2024-08-25,MobileApp,82,0.79,0,Desktop
2030,453,14,2024-12-29,StreamMax,99,0.85,0,Mobile
2031,550,10,2025-04-19,SmartTV,98,0.98,0,Desktop
2032,1456,1,2024-07-29,WebBrowser,47,0.43,0,Mobile
2033,1967,2,2024-11-16,StreamMax,52,0.59,0,TV
2034,1251,1,2025-02-12,WebBrowser,89,0.73,1,Desktop
2035,1104,1,2025-04-23,TabletApp,60,0.47,0,Tablet
2036,986,14,2025-01-31,SmartTV,84,0.86,0,Mobile
2037,341,11,2025-01-07,SmartTV,90,0.84,0,Desktop
2038,22,5,2024-06-22,TabletApp,84,0.8,0,Mobile
2039,1303,10,2024-06-29,WebBrowser,87,0.6,0,TV
2040,925,3,2025-02-13,SmartTV,82,0.64,0,Mobile
2041,582,10,2024-08-30,WebBrowser,77,0.75,0,Desktop
2042,1536,10,2024-07-02,SmartTV,116,0.81,1,TV
2043,461,14,2025-04-15,TabletApp,51,0.44,0,Mobile
2044,1749,3,2024-09-17,SmartTV,91,0.82,0,Tablet
2045,456,7,2024-11-19,TabletApp,73,0.62,0,Desktop
2046,1914,2,2025-02-02,MobileApp,60,0.46,0,Desktop
2047,472,1,2025-01-03,MobileApp,57,0.52,0,Tablet
2048,45,14,2025-04-21,MobileApp,94,0.7,0,Tablet
2049,496,1,2025-02-11,StreamMax,130,0.94,0,Desktop
2050,1678,3,2024-06-15,SmartTV,63,0.64,1,TV
2051,1022,7,2024-06-28,StreamMax,104,0.86,0,Desktop
2052,1675,14,2024-11-01,SmartTV,132,0.96,0,Desktop
2053,763,5,2024-07-15,TabletApp,45,0.39,1,Mobile
2054,1579,14,2025-02-20,MobileApp,34,0.35,1,TV
2055,716,14,2024-09-23,TabletApp,102,0.81,1,Mobile
2056,1791,8,2025-01-27,SmartTV,57,0.38,0,Mobile
2057,804,14,2025-01-08,TabletApp,94,0.86,0,Desktop
2058,839,15,2024-10-04,StreamMax,44,0.31,0,Desktop
2059,153,12,2025-03-02,MobileApp,108,0.76,0,Mobile
2060,2,13,2025-01-21,SmartTV,59,0.61,0,Desktop
2061,1244,1,2025-03-15,SmartTV,115,0.76,0,Tablet
2062,944,8,2024-07-10,WebBrowser,58,0.51,0,Mobile
2063,1215,10,2024-06-20,SmartTV,37,0.38,0,Tablet
2064,1740,10,2024-06-26,WebBrowser,86,0.81,1,Mobile
2065,425,7,2024-06-20,StreamMax,69,0.5,0,Desktop
2066,234,7,2024-12-26,TabletApp,145,0.98,0,Mobile
2067,1403,7,2024-11-28,SmartTV,88,0.95,0,Tablet
2068,820,4,2025-03-13,WebBrowser,73,0.68,0,Mobile
2069,1945,1,2024-08-19,TabletApp,36,0.41,0,TV
2070,1295,6,2024-09-07,WebBrowser,82,0.62,0,Tablet
2071,1490,7,2024-06-15,StreamMax,112,0.97,0,Tablet
2072,1066,14,2025-04-03,StreamMax,95,0.71,0,TV
2073,1245,15,2025-03-08,StreamMax,64,0.44,0,Tablet
2074,73,3,2025-01-09,WebBrowser,87,0.57,0,Mobile
2075,692,13,2025-02-07,WebBrowser,91,0.93,0,Tablet
2076,1370,1,2025-04-08,MobileApp,119,0.86,1,Desktop
2077,184,14,2025-02-13,MobileApp,47,0.33,0,Desktop
2078,67,1,2025-04-17,SmartTV,137,0.97,0,Desktop
2079,962,2,2025-01-31,StreamMax,75,0.64,0,Mobile
2080,1409,5,2025-03-13,WebBrowser,69,0.64,0,TV
2081,1379,7,2024-08-18,MobileApp,31,0.31,0,Mobile
2082,768,1,2025-01-04,SmartTV,99,0.76,0,Mobile
2083,1525,6,2024-06-19,MobileApp,121,0.77,0,Tablet
2084,939,5,2024-09-30,MobileApp,98,0.66,0,Mobile
2085,28,5,2024-09-12,MobileApp,106,0.86,0,Mobile
2086,1189,1,2025-02-10,TabletApp,52,0.41,1,Mobile
2087,1995,6,2024-10-21,SmartTV,51,0.37,1,Tablet
2088,313,10,2025-02-18,SmartTV,81,0.73,0,Tablet
2089,690,1,2024-08-19,StreamMax,73,0.53,0,Desktop
2090,266,2,2024-09-23,StreamMax,115,0.93,0,Tablet
2091,1737,6,2024-07-23,SmartTV,42,0.43,0,Mobile
2092,210,12,2025-02-20,TabletApp,98,0.9,1,Mobile
2093,846,4,2024-12-24,StreamMax,94,0.6,1,Desktop
2094,1000,8,2025-02-25,WebBrowser,84,0.69,0,Mobile
2095,782,8,2024-09-08,MobileApp,76,0.59,0,TV
2096,1660,12,2024-10-23,StreamMax,54,0.51,0,TV
2097,306,10,2024-10-07,MobileApp,93,0.68,0,Desktop
2098,481,13,2025-01-23,StreamMax,46,0.35,0,Mobile
2099,1785,12,2024-07-27,MobileApp,86,0.94,0,Tablet
2100,1664,8,2024-08-02,TabletApp,96,0.94,0,Tablet
2101,175,1,2025-04-30,TabletApp,84,0.85,0,Mobile
2102,1669,12,2025-03-25,SmartTV,89,0.86,1,Tablet
2103,1386,14,2025-04-03,WebBrowser,50,0.4,0,Desktop
2104,1985,3,2024-06-24,SmartTV,44,0.45,0,Mobile
2105,228,7,2025-03-15,StreamMax,93,0.74,1,TV
2106,1429,14,2024-09-27,WebBrowser,41,0.41,1,Mobile
2107,923,3,2024-06-20,StreamMax,91,0.65,0,TV
2108,1653,11,2024-12-15,TabletApp,77,0.62,0,Desktop
2109,406,1,2025-04-14,SmartTV,75,0.55,0,Desktop
2110,313,14,2025-01-21,TabletApp,78,0.53,0,Mobile
2111,549,6,2024-06-14,SmartTV,66,0.46,0,Tablet
2112,1931,1,2025-01-14,TabletApp,110,0.8,0,Desktop
2113,829,12,2024-11-01,StreamMax,47,0.35,0,Tablet
2114,924,10,2024-11-27,TabletApp,44,0.46,0,Tablet
2115,813,14,2024-10-02,StreamMax,33,0.36,0,Tablet
2116,605,8,2024-12-26,SmartTV,92,0.85,0,Mobile
2117,592,5,2024-06-11,SmartTV,48,0.34,1,Tablet
2118,616,6,2025-03-15,TabletApp,86,0.56,0,TV
2119,958,7,2024-06-07,WebBrowser,110,0.93,1,Mobile
2120,1887,15,2025-01-20,StreamMax,75,0.86,0,Desktop
2121,642,8,2025-03-21,MobileApp,106,0.94,1,Mobile
2122,212,6,2024-07-27,WebBrowser,92,0.95,0,Tablet
2123,75,12,2024-10-21,StreamMax,79,0.73,0,TV
2124,1991,1,2025-03-17,MobileApp,73,0.6,0,TV
2125,1496,9,2024-12-26,SmartTV,129,0.99,1,Desktop
2126,224,8,2025-02-01,MobileApp,76,0.84,0,TV
2127,3,2,2024-06-29,WebBrowser,57,0.52,0,TV
2128,791,2,2024-07-28,WebBrowser,144,0.97,0,Tablet
2129,1164,2,2024-11-03,SmartTV,88,0.83,0,Desktop
2130,402,14,2025-03-14,WebBrowser,136,0.88,1,Desktop
2131,315,12,2025-02-01,TabletApp,104,0.76,0,Mobile
2132,161,3,2024-10-02,StreamMax,55,0.49,1,Tablet
2133,800,14,2025-01-12,StreamMax,137,0.96,0,Mobile
2134,469,6,2024-11-11,StreamMax,64,0.62,1,Mobile
2135,695,5,2024-06-13,SmartTV,64,0.58,0,Tablet
2136,428,3,2025-03-31,StreamMax,97,0.67,0,TV
2137,1287,9,2025-04-27,StreamMax,79,0.53,1,Desktop
2138,487,8,2024-10-07,StreamMax,112,0.76,0,Tablet
2139,1531,5,2025-03-26,SmartTV,131,0.98,0,Mobile
2140,1273,3,2024-08-28,StreamMax,53,0.57,0,Mobile
2141,1631,11,2024-07-27,StreamMax,73,0.77,1,Tablet
2142,145,1,2025-03-27,SmartTV,75,0.62,1,Mobile
2143,180,1,2025-03-28,MobileApp,125,0.82,0,Desktop
2144,621,7,2024-12-10,TabletApp,82,0.88,1,Tablet
2145,1381,1,2025-02-03,StreamMax,119,0.77,0,Tablet
2146,502,14,2025-04-18,SmartTV,132,0.99,0,Mobile
2147,259,8,2024-07-07,TabletApp,130,0.84,0,Desktop
2148,437,1,2024-07-12,StreamMax,122,0.99,0,Mobile
2149,1285,8,2024-09-23,MobileApp,94,0.88,0,Mobile
2150,894,10,2025-04-08,MobileApp,71,0.47,0,Mobile
2151,948,5,2025-01-09,MobileApp,58,0.49,0,Mobile
2152,1504,10,2024-09-25,MobileApp,99,0.76,0,Desktop
2153,1301,13,2024-12-23,MobileApp,86,0.86,0,Desktop
2154,533,6,2025-04-06,MobileApp,114,0.89,1,TV
2155,1260,2,2024-12-30,SmartTV,100,0.83,0,TV
2156,509,11,2025-04-19,WebBrowser,94,0.6,0,Mobile
2157,1604,1,2025-02-24,StreamMax,73,0.48,0,Tablet
2158,1723,6,2024-11-18,TabletApp,68,0.52,0,Mobile
2159,1864,11,2024-12-16,WebBrowser,86,0.79,0,Mobile
2160,730,1,2025-03-23,StreamMax,39,0.37,0,TV
2161,1954,14,2024-09-29,WebBrowser,64,0.63,0,Tablet
2162,47,5,2024-09-19,TabletApp,51,0.4,0,Mobile
2163,655,1,2024-11-24,WebBrowser,106,0.71,0,Tablet
2164,1632,15,2025-03-20,WebBrowser,58,0.44,1,TV
2165,139,11,2025-03-16,SmartTV,102,0.97,0,TV
2166,151,9,2024-07-03,WebBrowser,73,0.64,1,Tablet
2167,1456,1,2025-02-26,WebBrowser,79,0.6,1,Tablet
2168,214,13,2024-07-23,MobileApp,51,0.41,0,Mobile
2169,1113,11,2024-06-22,StreamMax,65,0.55,0,Desktop
2170,341,8,2025-04-18,TabletApp,50,0.48,0,Desktop
2171,81,11,2025-01-28,TabletApp,120,0.78,0,Desktop
2172,471,8,2025-01-05,TabletApp,123,0.99,0,Desktop
2173,274,1,2025-02-27,SmartTV,140,0.89,0,Tablet
2174,1380,2,2024-07-06,WebBrowser,65,0.61,0,Tablet
2175,429,11,2025-04-19,MobileApp,55,0.58,0,TV
2176,188,4,2024-06-10,StreamMax,41,0.31,0,Mobile
2177,1411,8,2025-03-03,MobileApp,87,0.84,0,Desktop
2178,98,2,2024-06-07,WebBrowser,40,0.45,0,Desktop
2179,315,3,2025-02-26,SmartTV,51,0.46,0,TV
2180,936,2,2024-11-17,WebBrowser,87,0.86,0,Desktop
2181,1148,12,2024-06-16,WebBrowser,92,0.91,0,Desktop
2182,1721,1,2025-01-05,SmartTV,108,0.73,0,Desktop
2183,521,13,2024-12-09,StreamMax,58,0.49,1,Tablet
2184,801,1,2024-10-14,SmartTV,47,0.3,0,TV
2185,205,7,2024-11-16,WebBrowser,81,0.81,0,Desktop
2186,846,8,2024-08-27,SmartTV,68,0.66,0,TV
2187,1676,1,2024-06-10,TabletApp,137,0.98,0,Tablet
2188,1473,1,2025-04-18,SmartTV,53,0.41,0,Desktop
2189,273,10,2025-03-10,TabletApp,122,0.95,1,Desktop
2190,1327,15,2025-01-14,SmartTV,88,0.75,1,Mobile
2191,1743,14,2024-11-04,MobileApp,90,0.65,1,Desktop
2192,96,8,2024-07-25,MobileApp,46,0.36,1,TV
2193,892,6,2024-09-01,TabletApp,97,0.62,0,Tablet
2194,169,1,2025-01-14,MobileApp,44,0.49,0,TV
2195,1093,11,2025-02-15,StreamMax,44,0.3,1,Tablet
2196,1821,1,2024-11-06,SmartTV,45,0.39,1,TV
2197,1574,14,2024-10-30,TabletApp,101,0.76,1,Mobile
2198,1625,3,2024-11-28,SmartTV,99,0.69,0,Mobile
2199,386,1,2025-01-16,MobileApp,156,0.99,0,TV
2200,958,10,2024-12-28,SmartTV,141,0.98,0,Mobile
2201,797,1,2024-06-01,TabletApp,131,0.99,0,Mobile
2202,224,11,2024-11-26,MobileApp,82,0.76,0,Desktop
2203,1453,2,2025-02-23,StreamMax,97,0.72,0,Desktop
2204,887,3,2024-07-07,TabletApp,59,0.39,1,Desktop
2205,1886,1,2025-02-09,StreamMax,50,0.5,0,Tablet
2206,1762,8,2025-04-01,SmartTV,39,0.39,0,Mobile
2207,1754,14,2024-09-21,TabletApp,67,0.45,1,TV
2208,299,13,2025-02-18,WebBrowser,85,0.56,0,Mobile
2209,1571,7,2024-10-11,WebBrowser,123,0.84,0,Mobile
2210,1837,10,2025-03-19,WebBrowser,27,0.31,0,TV
2211,1253,8,2024-10-31,WebBrowser,108,0.85,0,TV
2212,635,13,2024-10-20,WebBrowser,35,0.38,0,Desktop
2213,278,10,2024-12-15,SmartTV,98,0.75,0,TV
2214,1701,11,2024-11-29,WebBrowser,101,1.0,0,TV
2215,1188,2,2025-04-30,TabletApp,107,0.94,0,Mobile
2216,1242,6,2025-03-21,TabletApp,131,0.98,1,Tablet
2217,457,6,2025-02-10,StreamMax,83,0.53,0,TV
2218,447,15,2024-11-04,MobileApp,115,0.77,0,Tablet
2219,201,8,2025-01-25,StreamMax,86,0.63,1,Desktop
2220,53,3,2025-04-25,TabletApp,111,0.74,0,Tablet
2221,305,8,2024-09-06,SmartTV,66,0.44,0,Desktop
2222,838,14,2025-03-25,MobileApp,93,0.71,1,TV
2223,89,9,2024-09-04,WebBrowser,48,0.46,0,Desktop
2224,643,6,2024-11-17,TabletApp,107,0.87,0,TV
2225,110,8,2024-09-05,MobileApp,41,0.4,0,Tablet
2226,869,1,2025-04-10,TabletApp,48,0.53,0,TV
2227,706,3,2025-01-18,MobileApp,92,0.99,0,Tablet
2228,516,1,2025-02-09,TabletApp,65,0.49,0,Tablet
2229,228,11,2024-08-21,TabletApp,45,0.38,0,Desktop
2230,1500,6,2024-06-08,StreamMax,114,0.89,0,Tablet
2231,316,1,2024-08-26,MobileApp,146,0.93,0,Mobile
2232,607,5,2024-10-24,MobileApp,78,0.59,0,TV
2233,664,5,2024-11-22,MobileApp,66,0.71,1,Desktop
2234,878,10,2024-06-04,TabletApp,97,0.65,0,TV
2235,444,14,2024-09-27,WebBrowser,112,0.75,1,Desktop
2236,1231,8,2024-07-02,StreamMax,67,0.48,0,Desktop
2237,1690,10,2024-10-04,MobileApp,78,0.58,1,Tablet
2238,1153,13,2024-06-09,MobileApp,47,0.43,0,Tablet
2239,691,5,2024-06-12,TabletApp,84,0.58,0,Tablet
2240,1478,1,2024-07-05,StreamMax,84,0.77,0,Desktop
2241,1253,2,2024-06-17,MobileApp,91,0.62,1,Tablet
2242,152,2,2025-03-10,MobileApp,88,0.75,0,Mobile
2243,323,10,2025-03-23,StreamMax,99,0.94,0,TV
2244,984,2,2024-07-14,StreamMax,57,0.41,1,Desktop
2245,1047,13,2024-09-28,SmartTV,109,0.76,0,Mobile
2246,1271,3,2025-03-14,TabletApp,83,0.53,1,Desktop
2247,1912,14,2024-08-14,MobileApp,38,0.34,0,Mobile
2248,343,14,2025-01-02,StreamMax,154,0.98,1,TV
2249,859,5,2024-12-05,MobileApp,83,0.65,0,TV
2250,27,6,2025-03-18,WebBrowser,53,0.59,1,TV
2251,1423,6,2025-04-18,MobileApp,62,0.48,0,Desktop
2252,954,6,2024-10-07,TabletApp,99,0.63,0,Tablet
2253,1428,1,2025-04-07,WebBrowser,62,0.49,0,Mobile
2254,177,15,2024-08-12,TabletApp,142,0.93,0,Desktop
2255,318,7,2024-12-22,TabletApp,70,0.67,0,Desktop
2256,1408,14,2024-07-07,SmartTV,108,0.8,0,Mobile
2257,402,1,2025-02-08,WebBrowser,53,0.35,0,Tablet
2258,815,10,2025-03-05,StreamMax,74,0.66,0,Tablet
2259,967,5,2025-03-23,MobileApp,85,0.89,0,Desktop
2260,1803,14,2024-08-29,MobileApp,100,0.83,0,TV
2261,765,2,2024-10-17,StreamMax,50,0.36,0,Mobile
2262,1140,15,2024-10-12,WebBrowser,106,0.69,0,Mobile
2263,1418,6,2025-02-19,WebBrowser,118,0.85,1,Mobile
2264,81,5,2025-02-01,StreamMax,63,0.63,0,TV
2265,464,1,2024-09-24,WebBrowser,91,0.68,0,Tablet
2266,1328,10,2024-10-29,SmartTV,55,0.59,1,Mobile
2267,1698,1,2025-03-20,WebBrowser,89,0.95,0,Mobile
2268,1510,6,2024-12-03,StreamMax,35,0.32,0,Desktop
2269,592,4,2025-03-17,TabletApp,73,0.63,0,Mobile
2270,1382,1,2024-08-28,TabletApp,123,0.92,0,Tablet
2271,944,3,2024-11-18,SmartTV,106,0.75,0,Tablet
2272,522,10,2024-08-25,TabletApp,73,0.54,0,TV
2273,340,9,2024-06-29,SmartTV,69,0.5,0,Desktop
2274,81,6,2024-12-05,MobileApp,41,0.37,0,Desktop
2275,1617,13,2025-01-03,TabletApp,118,0.86,0,Tablet
2276,236,5,2024-12-10,TabletApp,73,0.84,0,Tablet
2277,1656,11,2025-01-21,SmartTV,47,0.51,0,Tablet
2278,162,7,2024-10-19,TabletApp,45,0.49,0,TV
2279,351,6,2024-10-24,WebBrowser,107,0.81,0,TV
2280,1265,1,2025-03-23,MobileApp,78,0.69,0,Desktop
2281,1995,3,2025-01-12,StreamMax,82,0.82,1,Mobile
2282,117,10,2025-02-21,TabletApp,54,0.56,0,Tablet
2283,1249,14,2025-03-11,TabletApp,99,0.77,0,Desktop
2284,732,1,2025-03-23,MobileApp,89,0.59,0,Tablet
2285,407,10,2025-04-30,StreamMax,76,0.49,1,Mobile
2286,303,13,2025-01-01,TabletApp,64,0.49,1,Tablet
2287,275,9,2024-06-05,SmartTV,68,0.53,0,Desktop
2288,1059,12,2025-02-03,StreamMax,148,0.94,0,Desktop
2289,1749,15,2024-10-23,TabletApp,75,0.63,0,TV
2290,792,6,2024-06-03,WebBrowser,60,0.51,1,Tablet
2291,1882,10,2024-10-08,StreamMax,86,0.78,0,Mobile
2292,1023,6,2024-11-20,SmartTV,81,0.67,1,Desktop
2293,1771,6,2025-01-06,TabletApp,110,0.73,0,Tablet
2294,1110,8,2025-02-24,SmartTV,91,0.62,0,TV
2295,1810,7,2025-01-18,MobileApp,79,0.83,0,Mobile
2296,1897,14,2024-08-09,WebBrowser,93,0.81,1,Mobile
2297,1972,10,2025-04-05,SmartTV,87,0.6,0,Mobile
2298,1191,15,2024-09-15,TabletApp,57,0.48,0,Mobile
2299,571,1,2025-02-26,WebBrowser,62,0.5,0,Tablet
2300,1371,10,2024-11-26,SmartTV,55,0.58,0,Tablet
2301,271,1,2024-10-01,StreamMax,49,0.34,0,TV
2302,1062,8,2024-06-16,StreamMax,106,0.91,0,Desktop
2303,921,10,2025-04-22,MobileApp,112,0.95,0,Tablet
2304,361,15,2025-04-30,StreamMax,120,0.8,0,Desktop
2305,936,3,2024-11-28,StreamMax,56,0.59,0,Mobile
2306,1431,2,2024-06-08,TabletApp,71,0.64,1,Mobile
2307,853,14,2024-07-10,SmartTV,65,0.52,0,TV
2308,772,7,2024-09-27,SmartTV,70,0.55,0,Mobile
2309,1751,1,2025-03-10,SmartTV,85,0.78,0,Desktop
2310,1072,14,2025-03-04,SmartTV,53,0.57,1,TV
2311,1889,5,2025-04-07,MobileApp,85,0.67,0,Desktop
2312,1722,15,2025-02-28,StreamMax,143,0.99,0,Mobile
2313,1372,2,2024-09-21,TabletApp,97,0.89,0,Tablet
2314,1503,1,2025-01-21,WebBrowser,107,0.94,1,Tablet
2315,260,15,2025-01-13,TabletApp,141,0.95,0,Tablet
2316,1439,14,2024-11-21,TabletApp,45,0.43,0,Tablet
2317,1480,15,2024-10-03,WebBrowser,60,0.4,0,Desktop
2318,897,12,2024-07-11,WebBrowser,85,0.97,0,Desktop
2319,545,12,2025-04-23,WebBrowser,99,0.74,0,Tablet
2320,1954,1,2025-04-29,WebBrowser,56,0.39,0,Mobile
2321,678,1,2025-02-15,MobileApp,116,0.79,0,Desktop
2322,452,11,2025-04-22,MobileApp,80,0.77,0,Tablet
2323,47,14,2024-11-07,StreamMax,96,0.8,0,Desktop
2324,692,4,2024-10-27,TabletApp,144,0.94,0,Desktop
2325,1630,15,2025-01-17,StreamMax,134,0.92,0,Mobile
2326,1989,5,2025-03-13,SmartTV,65,0.68,0,Tablet
2327,1770,8,2024-10-25,MobileApp,84,0.58,0,TV
2328,21,5,2024-10-31,TabletApp,119,0.97,0,TV
2329,884,10,2025-02-11,MobileApp,93,0.82,0,Mobile
2330,334,15,2024-10-24,SmartTV,88,0.68,0,Tablet
2331,1351,1,2025-01-03,TabletApp,108,0.92,0,TV
2332,1215,8,2024-10-21,SmartTV,136,0.97,0,Tablet
2333,1137,1,2025-04-01,StreamMax,50,0.53,0,Mobile
2334,1957,2,2024-10-04,StreamMax,63,0.7,0,Tablet
2335,1555,1,2025-01-29,TabletApp,66,0.47,0,TV
2336,1123,14,2024-07-09,StreamMax,29,0.33,0,Desktop
2337,574,2,2024-09-10,StreamMax,77,0.53,0,Tablet
2338,1048,6,2025-01-22,WebBrowser,44,0.35,0,Tablet
2339,754,9,2025-01-23,SmartTV,98,0.79,1,TV
2340,1253,8,2025-03-19,StreamMax,75,0.56,1,TV
2341,492,14,2025-04-19,WebBrowser,55,0.57,0,TV
2342,1961,13,2024-10-25,TabletApp,107,0.93,0,Desktop
2343,269,9,2024-12-05,WebBrowser,38,0.4,1,Desktop
2344,153,11,2024-12-19,StreamMax,76,0.76,0,Desktop
2345,1705,1,2024-12-09,MobileApp,102,0.8,0,Desktop
2346,1653,1,2024-08-09,WebBrowser,68,0.57,0,Desktop
2347,117,3,2024-09-05,MobileApp,117,0.88,0,Mobile
2348,1512,11,2024-10-24,StreamMax,112,0.91,0,Desktop
2349,1583,8,2025-01-10,TabletApp,41,0.46,0,Desktop
2350,182,11,2025-03-10,MobileApp,124,0.93,0,TV
2351,126,8,2024-06-14,TabletApp,74,0.5,1,Mobile
2352,1866,1,2024-09-30,StreamMax,74,0.53,0,Mobile
2353,1601,14,2024-07-29,MobileApp,55,0.44,0,TV
2354,414,6,2024-09-18,MobileApp,102,0.72,1,Tablet
2355,179,7,2024-09-04,MobileApp,81,0.65,0,Mobile
2356,1584,1,2024-08-24,TabletApp,104,0.92,0,Desktop
2357,594,1,2025-03-31,MobileApp,82,0.9,0,Mobile
2358,1321,7,2025-02-26,WebBrowser,108,0.8,0,TV
2359,240,1,2025-03-21,TabletApp,34,0.38,0,Desktop
2360,804,2,2025-03-15,StreamMax,92,0.81,0,Desktop
2361,883,2,2025-04-17,SmartTV,54,0.58,1,Mobile
2362,175,14,2024-06-06,TabletApp,103,0.9,1,Mobile
2363,1819,8,2025-02-15,SmartTV,128,0.86,0,Mobile
2364,1480,1,2024-09-14,SmartTV,38,0.32,1,TV
2365,881,8,2024-06-15,SmartTV,94,0.97,1,Tablet
2366,707,11,2024-06-30,WebBrowser,132,0.88,0,Desktop
2367,1761,4,2025-01-22,WebBrowser,39,0.41,0,Desktop
2368,54,1,2024-09-09,StreamMax,147,0.97,0,Mobile
2369,1821,3,2025-01-12,MobileApp,89,0.98,0,Tablet
2370,422,13,2024-07-01,StreamMax,88,0.6,0,TV
2371,1224,5,2024-12-21,MobileApp,69,0.58,1,Desktop
2372,945,2,2024-07-01,SmartTV,32,0.32,0,Mobile
2373,1188,11,2025-02-09,SmartTV,87,0.91,0,Tablet
2374,374,2,2024-09-19,WebBrowser,46,0.51,0,Tablet
2375,1806,3,2025-03-05,MobileApp,124,0.79,0,Desktop
2376,687,2,2025-04-04,MobileApp,122,0.81,0,TV
2377,1718,14,2024-08-12,SmartTV,123,0.78,0,TV
2378,1783,3,2024-07-28,TabletApp,45,0.45,1,Mobile
2379,1883,15,2024-11-07,MobileApp,71,0.66,0,Desktop
2380,1002,7,2024-09-09,MobileApp,64,0.58,1,Mobile
2381,1424,1,2024-09-29,SmartTV,93,0.61,0,TV
2382,1512,7,2025-02-01,StreamMax,117,0.96,0,Tablet
2383,267,11,2024-06-20,WebBrowser,58,0.58,0,Desktop
2384,985,8,2024-12-22,SmartTV,39,0.33,0,Mobile
2385,228,7,2024-10-16,SmartTV,47,0.48,0,Mobile
2386,1457,10,2024-09-18,StreamMax,75,0.79,0,Tablet
2387,629,1,2024-12-15,StreamMax,122,0.9,0,Desktop
2388,1533,5,2024-06-12,SmartTV,111,0.85,0,TV
2389,719,5,2024-10-11,TabletApp,57,0.42,1,Tablet
2390,524,6,2024-09-27,SmartTV,64,0.65,1,Desktop
2391,1637,3,2024-10-18,SmartTV,94,0.74,1,TV
2392,1614,9,2025-01-04,StreamMax,37,0.32,1,Mobile
2393,848,8,2025-04-26,WebBrowser,105,0.99,0,Desktop
2394,771,15,2025-03-28,MobileApp,76,0.63,0,Tablet
2395,1645,10,2024-09-15,MobileApp,88,0.57,0,Mobile
2396,666,14,2025-04-20,SmartTV,69,0.62,0,Mobile
2397,1882,5,2024-12-02,StreamMax,32,0.32,0,TV
2398,1544,13,2024-06-10,SmartTV,72,0.47,0,Desktop
2399,1969,13,2025-01-29,StreamMax,80,0.87,0,Desktop
2400,1901,12,2025-03-20,StreamMax,68,0.53,0,Desktop
2401,728,8,2024-10-09,WebBrowser,68,0.5,0,TV
2402,174,1,2025-01-30,WebBrowser,118,0.89,0,TV
2403,16,1,2025-04-30,WebBrowser,78,0.82,0,TV
2404,1357,6,2024-10-24,TabletApp,101,0.79,0,TV
2405,1672,9,2024-12-27,MobileApp,126,0.8,1,Tablet
2406,1500,3,2025-02-19,StreamMax,71,0.72,0,Tablet
2407,1140,1,2025-04-02,WebBrowser,96,0.74,0,Mobile
2408,491,10,2024-06-21,TabletApp,113,0.9,0,TV
2409,1446,1,2025-04-23,SmartTV,105,0.89,0,Desktop
2410,1817,11,2025-03-05,WebBrowser,50,0.44,0,Tablet
2411,1761,10,2024-12-25,MobileApp,78,0.76,0,Desktop
2412,668,5,2024-12-11,WebBrowser,71,0.49,0,Mobile
2413,1148,4,2024-08-06,TabletApp,88,0.92,1,Tablet
2414,1383,14,2025-02-23,StreamMax,104,0.85,1,Mobile
2415,1182,6,2024-08-01,StreamMax,53,0.38,0,Tablet
2416,782,2,2025-04-29,TabletApp,36,0.36,1,Desktop
2417,1181,1,2025-01-21,MobileApp,69,0.55,0,TV
2418,1003,13,2024-09-17,TabletApp,149,0.97,1,TV
2419,379,15,2024-10-02,SmartTV,96,0.65,0,Tablet
2420,116,6,2025-01-27,MobileApp,71,0.69,0,Desktop
2421,195,4,2024-08-20,TabletApp,32,0.36,1,Desktop
2422,1171,5,2025-03-27,WebBrowser,47,0.34,0,Mobile
2423,882,1,2024-12-02,MobileApp,140,0.89,1,TV
2424,840,6,2024-11-05,MobileApp,89,0.58,1,Mobile
2425,387,12,2025-01-28,WebBrowser,27,0.31,0,Desktop
2426,1591,6,2024-07-02,WebBrowser,102,0.67,1,Tablet
2427,1924,10,2025-03-24,WebBrowser,42,0.46,1,Mobile
2428,1822,8,2025-02-19,SmartTV,69,0.46,0,Tablet
2429,624,6,2025-03-04,MobileApp,85,0.61,0,TV
2430,973,1,2024-10-25,WebBrowser,64,0.49,0,Desktop
2431,810,6,2024-12-02,TabletApp,76,0.77,0,Mobile
2432,1201,6,2024-10-17,StreamMax,85,0.65,1,Mobile
2433,684,2,2024-08-07,MobileApp,78,0.83,0,Desktop
2434,463,5,2024-06-30,SmartTV,61,0.45,0,TV
2435,457,14,2024-10-02,WebBrowser,28,0.31,0,TV
2436,81,11,2024-12-13,WebBrowser,45,0.46,0,Desktop
2437,557,8,2025-01-25,SmartTV,86,0.58,0,TV
2438,410,10,2025-02-02,StreamMax,75,0.83,0,TV
2439,1802,12,2024-09-16,TabletApp,81,0.58,1,Desktop
2440,890,1,2025-02-03,SmartTV,60,0.39,0,Desktop
2441,1579,11,2025-02-22,MobileApp,48,0.46,0,Desktop
2442,1538,2,2025-03-24,MobileApp,41,0.45,1,Tablet
2443,1502,12,2024-06-28,MobileApp,38,0.3,0,TV
2444,70,14,2024-09-13,SmartTV,72,0.82,0,Desktop
2445,403,13,2024-08-03,TabletApp,115,0.74,0,TV
2446,1300,5,2024-07-13,TabletApp,58,0.39,0,Mobile
2447,449,3,2025-01-12,SmartTV,57,0.37,0,Mobile
2448,863,6,2025-03-20,StreamMax,119,0.76,1,Tablet
2449,1729,3,2024-11-30,StreamMax,55,0.52,0,Desktop
2450,1370,6,2024-08-20,SmartTV,54,0.6,0,Desktop
2451,923,8,2024-09-10,TabletApp,106,0.75,0,Desktop
2452,1970,3,2024-08-07,TabletApp,77,0.67,0,Tablet
2453,1244,8,2025-01-26,MobileApp,144,0.94,0,Mobile
2454,47,10,2024-09-30,SmartTV,64,0.42,0,Tablet
2455,1635,15,2024-12-03,MobileApp,77,0.85,0,Tablet
2456,1796,6,2025-04-29,WebBrowser,61,0.67,0,Desktop
2457,1013,15,2024-12-31,TabletApp,79,0.63,0,Tablet
2458,1146,2,2025-03-26,StreamMax,54,0.55,0,TV
2459,301,2,2025-01-27,StreamMax,60,0.57,0,Tablet
2460,1387,2,2025-01-13,MobileApp,71,0.51,0,TV
2461,1878,8,2025-04-02,TabletApp,56,0.5,0,TV
2462,586,11,2024-12-30,MobileApp,74,0.55,0,Mobile
2463,445,7,2024-06-17,StreamMax,33,0.34,0,Tablet
2464,779,14,2024-12-10,SmartTV,50,0.46,0,Tablet
2465,1443,2,2024-09-04,SmartTV,47,0.42,1,Tablet
2466,438,3,2025-04-03,WebBrowser,140,0.99,0,Mobile
2467,69,8,2025-04-05,TabletApp,48,0.31,0,Mobile
2468,426,10,2024-08-18,WebBrowser,74,0.59,0,Desktop
2469,1053,9,2024-11-30,StreamMax,89,0.73,0,Tablet
2470,1612,11,2025-04-12,WebBrowser,87,0.77,0,Tablet
2471,1921,3,2024-12-05,StreamMax,75,0.75,0,Tablet
2472,1466,12,2024-10-18,SmartTV,74,0.59,1,Desktop
2473,1984,9,2024-09-28,StreamMax,107,0.68,0,TV
2474,1933,1,2025-03-21,WebBrowser,41,0.32,0,Mobile
2475,907,7,2025-03-05,WebBrowser,108,0.86,0,Desktop
2476,561,15,2024-10-04,StreamMax,115,0.87,0,Tablet
2477,1268,6,2024-09-18,MobileApp,89,0.65,0,Mobile
2478,93,1,2025-02-17,SmartTV,123,0.9,0,Desktop
2479,456,3,2024-10-31,SmartTV,98,0.84,0,Tablet
2480,363,8,2024-07-28,SmartTV,43,0.43,0,Desktop
2481,131,6,2024-06-03,MobileApp,61,0.66,0,TV
2482,596,5,2024-12-13,TabletApp,75,0.6,1,Desktop
2483,532,6,2025-01-12,TabletApp,70,0.49,0,Mobile
2484,382,6,2024-08-30,StreamMax,49,0.38,1,Desktop
2485,1672,10,2024-12-25,TabletApp,104,0.79,0,Mobile
2486,1850,8,2025-04-24,StreamMax,41,0.33,0,Desktop
2487,764,2,2024-08-07,WebBrowser,125,0.89,0,Desktop
2488,647,7,2024-06-01,MobileApp,76,0.84,0,Tablet
2489,1063,2,2024-06-06,StreamMax,33,0.37,0,TV
2490,1754,12,2025-01-25,StreamMax,58,0.37,1,Mobile
2491,1873,5,2024-07-17,MobileApp,73,0.72,1,TV
2492,730,1,2025-01-13,TabletApp,89,0.77,0,Tablet
2493,887,1,2025-02-08,TabletApp,30,0.35,0,TV
2494,303,8,2025-04-02,TabletApp,97,0.9,1,TV
2495,1881,1,2024-07-22,MobileApp,41,0.36,1,Mobile
2496,573,11,2025-03-23,StreamMax,57,0.55,0,TV
2497,107,1,2024-09-18,WebBrowser,113,0.77,0,TV
2498,1468,5,2025-01-16,WebBrowser,42,0.48,0,Mobile
2499,1836,10,2024-09-01,StreamMax,96,0.93,0,Mobile
2500,1213,15,2024-12-07,SmartTV,136,0.96,0,Mobile
2501,242,1,2025-03-11,TabletApp,57,0.6,0,Mobile
2502,270,9,2025-04-27,MobileApp,98,0.85,0,TV
2503,1792,4,2025-02-16,StreamMax,88,0.84,0,Desktop
2504,1620,2,2024-10-24,TabletApp,113,0.87,0,Mobile
2505,1806,12,2025-03-26,TabletApp,79,0.79,0,Mobile
2506,736,15,2024-06-16,StreamMax,53,0.54,0,Mobile
2507,1624,12,2025-01-03,WebBrowser,30,0.3,0,Mobile
2508,1823,14,2025-03-13,SmartTV,100,0.84,0,Tablet
2509,1795,12,2025-03-05,StreamMax,119,0.79,0,Desktop
2510,1155,3,2024-11-14,StreamMax,63,0.48,1,Mobile
2511,1663,8,2024-11-18,StreamMax,133,0.88,0,Desktop
2512,936,10,2024-10-13,TabletApp,77,0.54,0,TV
2513,84,8,2025-02-05,StreamMax,59,0.48,0,Mobile
2514,736,3,2025-01-19,WebBrowser,136,0.95,0,Desktop
2515,1285,9,2025-03-01,WebBrowser,69,0.5,0,TV
2516,197,2,2024-12-18,WebBrowser,119,0.96,0,Tablet
2517,602,1,2024-12-10,MobileApp,46,0.52,1,Tablet
2518,1652,1,2025-01-15,StreamMax,95,0.97,0,Tablet
2519,1473,1,2025-03-04,MobileApp,51,0.58,0,Desktop
2520,1928,3,2024-12-22,WebBrowser,127,0.91,0,Mobile
2521,776,5,2024-08-20,SmartTV,133,0.89,0,Mobile
2522,1684,14,2025-02-10,StreamMax,110,0.97,0,Desktop
2523,561,3,2024-08-31,MobileApp,127,0.97,0,Tablet
2524,2,12,2025-02-22,TabletApp,80,0.52,0,Tablet
2525,927,13,2024-09-01,SmartTV,36,0.38,0,Mobile
2526,1860,8,2024-09-25,MobileApp,52,0.53,0,TV
2527,848,5,2024-06-09,SmartTV,62,0.53,0,Desktop
2528,1487,1,2025-01-11,SmartTV,112,0.92,1,Desktop
2529,1624,10,2024-10-20,SmartTV,91,0.94,1,Tablet
2530,544,7,2024-09-09,WebBrowser,114,0.78,0,Desktop
2531,623,9,2024-06-24,StreamMax,83,0.83,0,Desktop
2532,445,2,2025-02-07,StreamMax,113,0.74,0,Mobile
2533,1647,15,2025-03-18,MobileApp,72,0.57,1,TV
2534,1064,15,2025-04-12,MobileApp,118,0.83,0,TV
2535,925,6,2024-10-23,MobileApp,110,0.84,0,TV
2536,1947,6,2025-02-28,MobileApp,60,0.4,0,TV
2537,263,10,2025-04-24,StreamMax,68,0.53,0,Tablet
2538,1392,15,2025-03-13,StreamMax,131,0.83,0,Desktop
2539,749,2,2024-09-26,MobileApp,106,0.69,0,Tablet
2540,537,1,2025-01-12,WebBrowser,82,0.58,1,Mobile
2541,1107,7,2025-03-07,SmartTV,123,0.98,0,Tablet
2542,1363,1,2025-03-02,MobileApp,50,0.52,0,Tablet
2543,1238,7,2024-09-06,WebBrowser,38,0.37,0,Mobile
2544,606,6,2024-07-13,MobileApp,58,0.48,0,Mobile
2545,794,1,2025-02-06,SmartTV,74,0.55,0,Tablet
2546,1908,3,2024-09-13,StreamMax,67,0.45,1,TV
2547,1677,2,2024-10-03,MobileApp,133,0.92,0,Tablet
2548,52,1,2024-06-24,MobileApp,107,0.85,0,Tablet
2549,1458,5,2025-03-05,WebBrowser,124,0.79,0,Mobile
2550,976,12,2025-02-18,StreamMax,60,0.58,0,Desktop
2551,523,6,2024-09-20,TabletApp,71,0.62,0,TV
2552,93,8,2024-09-16,MobileApp,48,0.45,0,TV
2553,84,3,2025-01-11,MobileApp,44,0.31,0,TV
2554,1799,10,2025-02-24,TabletApp,62,0.45,0,Tablet
2555,1759,6,2025-02-10,StreamMax,70,0.48,0,Tablet
2556,1562,5,2024-11-28,WebBrowser,51,0.58,0,Desktop
2557,1126,1,2025-01-24,MobileApp,132,0.85,0,Desktop
2558,1032,13,2024-12-30,MobileApp,141,0.91,0,TV
2559,274,11,2025-01-05,TabletApp,55,0.48,0,Mobile
2560,1479,14,2024-12-02,TabletApp,107,0.75,0,Mobile
2561,822,14,2024-12-21,TabletApp,39,0.32,0,Desktop
2562,415,1,2024-10-08,TabletApp,64,0.49,1,TV
2563,1152,8,2024-07-17,SmartTV,58,0.38,1,Tablet
2564,316,4,2024-10-12,WebBrowser,39,0.43,0,Tablet
2565,181,7,2025-01-29,SmartTV,74,0.83,0,Desktop
2566,517,11,2025-04-17,StreamMax,96,0.96,0,TV
2567,1896,8,2024-12-03,SmartTV,129,0.82,0,TV
2568,1276,1,2024-10-05,MobileApp,83,0.83,0,Tablet
2569,1412,2,2024-12-19,MobileApp,81,0.54,0,Tablet
2570,1009,6,2025-01-30,SmartTV,72,0.64,0,Tablet
2571,1707,1,2025-02-02,TabletApp,97,1.0,0,Mobile
2572,1337,14,2025-03-06,WebBrowser,94,0.86,0,Desktop
2573,1245,2,2025-04-07,WebBrowser,46,0.31,0,Mobile
2574,154,1,2025-01-14,StreamMax,82,0.53,0,Desktop
2575,846,10,2024-10-07,StreamMax,70,0.65,0,Mobile
2576,1770,1,2025-02-24,WebBrowser,97,0.97,0,TV
2577,1442,12,2025-04-07,SmartTV,30,0.31,1,Tablet
2578,1355,2,2024-06-14,WebBrowser,77,0.57,0,Tablet
2579,75,6,2025-03-27,StreamMax,79,0.77,1,Desktop
2580,886,6,2024-11-04,StreamMax,50,0.46,0,Tablet
2581,899,8,2024-08-21,TabletApp,124,0.93,1,Mobile
2582,1542,9,2025-04-27,TabletApp,79,0.55,0,Tablet
2583,243,6,2024-07-30,TabletApp,99,0.78,0,Tablet
2584,422,9,2025-04-17,StreamMax,121,0.87,1,Tablet
2585,833,6,2025-02-16,TabletApp,107,0.69,0,Mobile
2586,1549,1,2025-02-24,MobileApp,79,0.54,1,Tablet
2587,981,15,2025-03-30,MobileApp,58,0.51,1,Tablet
2588,1810,3,2025-02-10,MobileApp,46,0.34,0,Tablet
2589,1348,12,2025-01-04,TabletApp,121,0.92,0,TV
2590,1062,10,2025-01-14,WebBrowser,104,0.76,0,TV
2591,1525,15,2024-07-11,SmartTV,63,0.54,1,TV
2592,1327,13,2024-06-19,SmartTV,83,0.8,0,TV
2593,1015,2,2024-08-26,TabletApp,63,0.72,0,Tablet
2594,465,3,2025-04-25,StreamMax,96,0.74,0,TV
2595,1776,3,2024-06-17,TabletApp,125,0.84,0,Desktop
2596,407,7,2025-03-01,TabletApp,77,0.56,0,Mobile
2597,1231,2,2024-12-12,StreamMax,79,0.51,0,TV
2598,60,12,2025-01-30,StreamMax,51,0.45,1,TV
2599,3,1,2025-04-14,StreamMax,118,0.99,0,Mobile
2600,1802,11,2024-08-12,MobileApp,90,0.59,1,Tablet
2601,885,8,2024-09-14,WebBrowser,55,0.44,0,Tablet
2602,1616,3,2024-12-19,MobileApp,82,0.9,0,Desktop
2603,403,14,2025-03-20,StreamMax,88,0.73,0,Desktop
2604,1452,11,2025-03-22,StreamMax,48,0.5,1,Mobile
2605,1002,1,2025-01-10,StreamMax,51,0.33,0,TV
2606,613,1,2025-02-21,WebBrowser,70,0.48,0,Tablet
2607,403,2,2024-09-29,WebBrowser,81,0.9,0,TV
2608,659,2,2025-01-15,SmartTV,121,0.9,0,Tablet
2609,431,7,2024-11-22,MobileApp,42,0.32,0,Desktop
2610,60,11,2024-12-24,SmartTV,133,0.9,0,Tablet
2611,175,1,2025-04-22,StreamMax,139,0.89,1,Desktop
2612,1473,2,2024-12-22,TabletApp,109,0.95,0,Desktop
2613,520,6,2024-12-04,SmartTV,110,0.72,1,Mobile
2614,1979,10,2024-09-15,WebBrowser,111,0.94,0,Tablet
2615,1878,1,2025-02-14,WebBrowser,74,0.84,0,Mobile
2616,1544,8,2024-12-25,StreamMax,119,0.89,1,Tablet
2617,1016,3,2024-06-19,MobileApp,151,0.98,0,TV
2618,1497,6,2024-10-16,StreamMax,74,0.66,0,TV
2619,887,6,2024-11-16,SmartTV,66,0.76,1,Desktop
2620,1053,6,2024-06-30,StreamMax,81,0.73,1,Desktop
2621,1610,11,2024-12-17,MobileApp,103,0.86,0,Mobile
2622,1525,6,2025-02-21,SmartTV,80,0.53,1,TV
2623,1129,13,2025-03-15,TabletApp,97,0.76,0,Desktop
2624,1991,15,2025-04-17,WebBrowser,43,0.32,0,TV
2625,1269,1,2025-04-16,SmartTV,87,0.85,0,Mobile
2626,1244,14,2025-04-03,WebBrowser,105,0.76,0,Mobile
2627,1685,14,2024-08-24,WebBrowser,125,0.94,0,Mobile
2628,61,15,2025-01-12,SmartTV,74,0.72,0,Mobile
2629,1399,11,2025-01-24,StreamMax,48,0.45,0,TV
2630,1144,2,2024-11-15,MobileApp,37,0.3,0,Desktop
2631,1553,10,2024-12-14,StreamMax,98,0.95,0,Mobile
2632,67,11,2025-03-18,SmartTV,44,0.47,0,TV
2633,446,10,2025-02-20,TabletApp,82,0.55,0,Desktop
2634,1077,8,2024-08-16,SmartTV,63,0.49,0,Mobile
2635,174,5,2025-03-02,MobileApp,43,0.41,0,Desktop
2636,563,6,2024-08-07,TabletApp,71,0.71,0,TV
2637,957,5,2025-01-01,StreamMax,130,0.84,0,TV
2638,500,8,2024-06-28,TabletApp,98,0.96,0,TV
2639,537,12,2025-02-12,SmartTV,62,0.62,0,TV
2640,577,7,2025-03-27,StreamMax,105,0.82,0,Desktop
2641,591,8,2024-12-26,MobileApp,74,0.8,1,Mobile
2642,1743,6,2024-12-29,SmartTV,96,0.72,0,Desktop
2643,682,5,2025-02-16,TabletApp,62,0.66,0,Desktop
2644,915,9,2025-01-11,WebBrowser,105,0.84,0,Tablet
2645,1913,8,2025-02-08,SmartTV,54,0.49,0,Mobile
2646,1054,1,2025-01-16,TabletApp,49,0.4,1,Desktop
2647,963,6,2025-04-12,StreamMax,49,0.33,0,TV
2648,1229,14,2024-10-24,TabletApp,86,0.68,0,Tablet
2649,544,6,2024-07-25,MobileApp,63,0.61,0,TV
2650,1350,11,2025-02-06,SmartTV,49,0.38,0,TV
2651,1905,14,2024-08-26,WebBrowser,120,0.84,0,Mobile
2652,254,5,2024-08-19,WebBrowser,100,0.94,0,Tablet
2653,405,5,2024-07-03,StreamMax,129,0.96,0,Desktop
2654,1017,3,2025-04-23,SmartTV,82,0.87,0,TV
2655,493,4,2024-10-27,SmartTV,72,0.55,1,Desktop
2656,869,14,2025-03-13,MobileApp,111,0.97,0,Tablet
2657,1763,10,2024-12-30,TabletApp,55,0.59,1,TV
2658,618,10,2025-03-25,WebBrowser,54,0.36,0,Mobile
2659,163,3,2025-01-29,WebBrowser,46,0.36,0,Desktop
2660,1471,1,2025-03-24,MobileApp,72,0.62,0,Tablet
2661,1595,13,2025-04-12,StreamMax,92,0.78,0,Tablet
2662,1180,1,2025-02-21,SmartTV,155,0.99,0,Mobile
2663,69,15,2024-12-06,MobileApp,88,0.56,0,Mobile
2664,1723,1,2025-01-21,StreamMax,54,0.58,0,Desktop
2665,1503,9,2024-09-30,MobileApp,114,0.8,0,Mobile
2666,5,2,2024-09-29,TabletApp,98,0.68,0,Mobile
2667,1260,7,2024-09-17,WebBrowser,83,0.67,0,Tablet
2668,886,11,2024-12-24,MobileApp,57,0.47,0,Desktop
2669,1433,3,2024-07-18,WebBrowser,47,0.43,0,Tablet
2670,1491,3,2024-12-29,SmartTV,46,0.51,0,Desktop
2671,1567,11,2024-08-25,WebBrowser,118,0.83,0,TV
2672,1399,7,2025-03-09,SmartTV,79,0.63,0,Desktop
2673,1079,3,2025-01-15,SmartTV,96,0.76,0,Desktop
2674,1166,15,2025-04-12,StreamMax,94,0.79,1,TV
2675,827,11,2024-11-07,TabletApp,85,0.76,0,Desktop
2676,1623,8,2025-03-26,SmartTV,112,0.83,0,Tablet
2677,1368,5,2025-02-21,TabletApp,35,0.34,0,Desktop
2678,1620,8,2024-08-14,SmartTV,49,0.47,0,Tablet
2679,1850,1,2025-01-27,StreamMax,56,0.46,1,Mobile
2680,848,2,2025-02-07,SmartTV,144,0.94,0,Desktop
2681,544,1,2025-02-19,WebBrowser,100,0.78,0,TV
2682,943,12,2025-02-13,StreamMax,50,0.57,1,TV
2683,1505,1,2024-08-07,WebBrowser,111,0.75,0,TV
2684,541,14,2024-09-18,MobileApp,113,0.98,0,TV
2685,523,5,2025-01-09,SmartTV,66,0.55,0,Mobile
2686,180,3,2025-02-17,WebBrowser,72,0.6,0,TV
2687,512,1,2025-03-15,SmartTV,55,0.36,0,Mobile
2688,838,11,2024-12-09,MobileApp,87,0.74,0,TV
2689,180,1,2025-04-17,MobileApp,53,0.48,1,Tablet
2690,842,14,2024-09-13,TabletApp,64,0.43,0,Mobile
2691,264,11,2024-09-15,StreamMax,44,0.44,0,Mobile
2692,1006,10,2024-06-23,MobileApp,35,0.33,0,TV
2693,1844,4,2024-10-30,SmartTV,99,0.71,0,Mobile
2694,272,4,2025-01-29,SmartTV,34,0.31,0,Tablet
2695,232,1,2025-04-26,StreamMax,110,0.99,0,Mobile
2696,982,8,2024-12-05,WebBrowser,36,0.39,0,Desktop
2697,287,14,2024-07-26,SmartTV,84,0.58,0,Desktop
2698,226,12,2024-10-23,MobileApp,118,1.0,0,Desktop
2699,259,1,2025-01-14,MobileApp,49,0.5,0,Tablet
2700,1753,4,2024-06-23,WebBrowser,47,0.42,0,Tablet
2701,696,15,2025-02-17,SmartTV,33,0.32,0,TV
2702,863,4,2025-01-20,MobileApp,90,0.96,0,Tablet
2703,295,10,2025-01-19,StreamMax,82,0.81,0,TV
2704,1732,14,2025-01-10,WebBrowser,63,0.68,0,TV
2705,156,6,2024-07-07,TabletApp,96,0.98,0,Tablet
2706,1410,6,2025-04-03,MobileApp,48,0.44,0,Desktop
2707,471,8,2024-09-27,SmartTV,41,0.31,0,TV
2708,1784,15,2025-01-01,WebBrowser,50,0.53,0,Desktop
2709,222,1,2025-02-26,SmartTV,48,0.46,0,TV
2710,1083,5,2024-11-19,StreamMax,96,0.74,0,Desktop
2711,624,10,2024-07-06,SmartTV,86,0.9,0,Mobile
2712,202,11,2024-06-26,SmartTV,80,0.72,0,TV
2713,460,10,2024-12-31,StreamMax,51,0.44,0,TV
2714,397,10,2025-01-25,StreamMax,74,0.79,0,TV
2715,1580,1,2025-04-29,StreamMax,64,0.61,0,Mobile
2716,1530,12,2024-10-17,MobileApp,62,0.61,0,Desktop
2717,1393,7,2024-09-23,StreamMax,133,0.9,0,TV
2718,223,5,2025-01-19,SmartTV,82,0.57,0,Mobile
2719,1515,6,2024-09-30,StreamMax,115,0.98,0,Mobile
2720,1405,15,2024-11-25,WebBrowser,78,0.8,0,Desktop
2721,1333,2,2024-07-08,WebBrowser,73,0.64,0,Tablet
2722,1234,1,2024-10-10,SmartTV,43,0.33,1,TV
2723,1516,12,2024-11-19,WebBrowser,94,0.7,0,Tablet
2724,783,13,2024-12-06,WebBrowser,36,0.3,0,Mobile
2725,1804,6,2025-04-28,MobileApp,55,0.52,0,Desktop
2726,1557,5,2024-08-05,StreamMax,134,0.98,0,Tablet
2727,1772,7,2024-06-11,TabletApp,74,0.82,1,Desktop
2728,7,6,2025-03-28,TabletApp,92,0.75,0,Mobile
2729,101,8,2024-06-26,WebBrowser,95,0.91,0,Desktop
2730,706,7,2025-02-24,WebBrowser,93,0.62,0,Mobile
2731,1206,3,2025-01-24,TabletApp,53,0.39,0,Mobile
2732,688,1,2025-01-05,SmartTV,104,0.75,0,Tablet
2733,1302,6,2024-11-10,WebBrowser,129,0.97,0,Mobile
2734,1675,15,2024-08-25,StreamMax,53,0.4,1,TV
2735,1753,5,2025-03-19,SmartTV,138,0.95,0,Desktop
2736,100,4,2025-02-09,WebBrowser,78,0.55,0,Tablet
2737,388,8,2024-12-03,MobileApp,107,0.68,0,Tablet
2738,537,10,2025-02-16,WebBrowser,75,0.61,0,Desktop
2739,1258,5,2025-04-15,TabletApp,100,0.77,0,Desktop
2740,1238,5,2025-03-24,MobileApp,73,0.71,0,Mobile
2741,1253,12,2024-09-11,SmartTV,46,0.34,0,Mobile
2742,1659,1,2025-02-07,TabletApp,37,0.38,0,Desktop
2743,490,2,2024-06-20,MobileApp,43,0.45,0,Tablet
2744,82,7,2024-11-12,MobileApp,116,0.75,0,Tablet
2745,483,5,2024-11-16,WebBrowser,97,0.89,0,Mobile
2746,1384,1,2024-10-20,WebBrowser,116,0.97,0,Mobile
2747,323,2,2024-12-24,SmartTV,80,0.71,0,Mobile
2748,1169,6,2024-08-24,TabletApp,90,0.86,0,Tablet
2749,1046,8,2025-01-07,MobileApp,47,0.53,0,TV
2750,1662,9,2025-01-11,SmartTV,53,0.56,0,Tablet
2751,1014,10,2025-02-03,WebBrowser,83,0.85,0,Mobile
2752,1371,14,2024-11-02,MobileApp,57,0.45,0,Mobile
2753,677,1,2025-02-09,WebBrowser,58,0.55,0,TV
2754,1502,7,2024-09-05,WebBrowser,76,0.57,0,Tablet
2755,1253,2,2024-10-10,WebBrowser,44,0.44,0,Tablet
2756,1652,15,2025-02-22,StreamMax,87,0.68,0,TV
2757,1890,2,2025-03-24,SmartTV,91,0.75,1,Mobile
2758,139,11,2024-06-09,TabletApp,76,0.51,0,Desktop
2759,1724,4,2025-03-27,StreamMax,36,0.41,1,Mobile
2760,1797,6,2025-04-24,MobileApp,74,0.73,1,Desktop
2761,1989,5,2024-11-12,TabletApp,57,0.45,1,Mobile
2762,666,1,2025-02-11,SmartTV,36,0.33,0,Tablet
2763,190,1,2025-04-30,WebBrowser,99,0.92,0,TV
2764,582,14,2024-12-31,MobileApp,87,0.99,1,Desktop
2765,514,4,2024-12-17,MobileApp,80,0.74,0,TV
2766,1714,1,2024-07-13,MobileApp,58,0.47,0,Tablet
2767,1881,14,2025-04-16,WebBrowser,114,0.95,0,Mobile
2768,1631,5,2024-10-06,StreamMax,147,0.95,0,TV
2769,389,1,2025-02-03,MobileApp,72,0.74,0,Desktop
2770,1297,1,2024-07-25,TabletApp,79,0.58,0,TV
2771,1361,6,2024-07-14,SmartTV,87,0.67,0,Desktop
2772,891,9,2024-12-18,MobileApp,48,0.55,0,Mobile
2773,883,3,2024-11-11,TabletApp,99,0.69,0,TV
2774,1124,10,2024-08-27,MobileApp,91,0.7,0,TV
2775,349,8,2024-07-14,StreamMax,88,0.87,0,Desktop
2776,1865,8,2025-04-08,SmartTV,49,0.49,0,Mobile
2777,444,10,2025-02-18,TabletApp,133,0.97,0,Mobile
2778,345,3,2024-12-29,StreamMax,46,0.53,1,Mobile
2779,619,1,2025-03-21,SmartTV,117,0.93,0,Tablet
2780,1279,5,2024-10-31,MobileApp,106,0.68,0,Mobile
2781,790,2,2025-01-21,TabletApp,118,0.92,1,Tablet
2782,560,3,2025-04-24,MobileApp,89,0.7,0,Mobile
2783,53,7,2024-07-19,TabletApp,35,0.37,0,Desktop
2784,736,2,2024-12-24,MobileApp,137,0.88,1,Desktop
2785,1113,3,2024-10-07,MobileApp,84,0.95,0,TV
2786,1931,5,2024-12-19,MobileApp,61,0.63,1,Desktop
2787,286,1,2025-04-17,MobileApp,117,0.98,0,Tablet
2788,81,6,2025-01-16,SmartTV,57,0.63,0,Desktop
2789,1300,8,2025-03-30,WebBrowser,125,0.83,0,Tablet
2790,1990,3,2025-03-04,WebBrowser,119,0.79,1,Mobile
2791,1332,1,2025-02-07,StreamMax,83,0.89,0,Desktop
2792,1808,10,2024-12-07,TabletApp,81,0.9,0,Tablet
2793,297,15,2024-10-24,SmartTV,90,0.86,0,Tablet
2794,1814,4,2024-07-04,TabletApp,95,0.61,0,Desktop
2795,1729,6,2025-01-09,TabletApp,97,0.83,0,Desktop
2796,1347,2,2024-07-23,TabletApp,93,0.86,0,Tablet
2797,1988,8,2025-04-17,TabletApp,61,0.42,0,Mobile
2798,1511,6,2024-06-21,SmartTV,57,0.49,1,Tablet
2799,474,11,2024-07-11,TabletApp,89,0.66,0,Mobile
2800,1397,10,2025-03-24,MobileApp,70,0.72,0,TV
2801,1475,10,2024-06-30,StreamMax,79,0.54,0,TV
2802,1144,1,2025-03-10,TabletApp,118,0.94,0,Tablet
2803,710,2,2025-01-20,WebBrowser,78,0.56,0,Mobile
2804,1914,2,2024-06-06,StreamMax,115,0.87,0,TV
2805,1516,7,2024-12-01,MobileApp,53,0.49,1,TV
2806,402,4,2024-09-05,TabletApp,103,0.8,0,TV
2807,847,1,2024-09-15,StreamMax,55,0.55,0,Tablet
2808,220,3,2024-09-26,MobileApp,139,0.98,0,TV
2809,21,10,2024-11-19,StreamMax,97,0.81,0,Tablet
2810,1855,13,2024-08-12,MobileApp,48,0.4,0,Tablet
2811,1612,12,2025-01-25,MobileApp,84,0.91,1,Desktop
2812,1691,2,2025-03-07,StreamMax,58,0.38,0,Desktop
2813,1763,4,2024-11-05,MobileApp,98,0.77,1,Mobile
2814,331,1,2025-01-12,MobileApp,116,0.82,0,Tablet
2815,446,14,2024-07-07,MobileApp,41,0.36,1,Mobile
2816,1096,14,2025-02-13,StreamMax,68,0.58,1,TV
2817,1191,11,2024-10-11,StreamMax,70,0.77,0,Mobile
2818,39,6,2024-10-03,TabletApp,99,0.79,1,Mobile
2819,1880,9,2024-06-23,MobileApp,59,0.39,0,TV
2820,179,1,2025-01-16,SmartTV,50,0.33,1,Mobile
2821,1127,6,2025-01-27,MobileApp,75,0.67,0,TV
2822,1176,8,2025-01-31,MobileApp,80,0.9,0,Mobile
2823,1320,3,2024-11-07,MobileApp,92,0.77,0,TV
2824,214,3,2024-06-23,StreamMax,56,0.59,1,TV
2825,4,12,2024-07-04,StreamMax,38,0.31,0,Desktop
2826,684,4,2025-01-20,StreamMax,73,0.7,0,Desktop
2827,262,9,2024-09-27,WebBrowser,95,0.72,0,Tablet
2828,175,1,2025-02-06,TabletApp,54,0.56,1,Tablet
2829,1856,10,2025-01-19,WebBrowser,94,0.64,1,Mobile
2830,984,2,2025-01-24,MobileApp,79,0.76,0,Mobile
2831,1176,7,2024-09-23,StreamMax,78,0.73,0,Tablet
2832,564,2,2024-12-02,SmartTV,45,0.38,0,Tablet
2833,1656,14,2024-07-14,MobileApp,109,0.75,0,Mobile
2834,1996,6,2025-03-24,StreamMax,96,0.76,0,Mobile
2835,993,4,2024-11-11,TabletApp,73,0.66,0,TV
2836,802,2,2024-08-11,SmartTV,39,0.32,0,Desktop
2837,918,8,2024-07-12,SmartTV,98,0.77,0,Tablet
2838,644,2,2025-01-02,MobileApp,82,0.93,1,Tablet
2839,153,15,2024-11-29,MobileApp,54,0.44,0,TV
2840,1329,4,2024-11-26,SmartTV,92,0.8,0,Mobile
2841,1924,6,2025-02-20,WebBrowser,112,0.8,0,Desktop
2842,1839,8,2024-08-09,StreamMax,98,0.98,0,Tablet
2843,1391,11,2024-06-05,TabletApp,85,0.95,0,Mobile
2844,1603,15,2024-08-28,WebBrowser,51,0.51,0,Tablet
2845,32,7,2024-10-22,SmartTV,33,0.37,0,Tablet
2846,1069,6,2025-01-01,MobileApp,58,0.48,1,Desktop
2847,616,11,2025-02-10,TabletApp,41,0.34,0,Tablet
2848,1650,1,2024-06-09,StreamMax,95,0.65,0,Desktop
2849,1591,3,2024-06-25,MobileApp,98,0.79,0,Mobile
2850,276,6,2024-11-05,TabletApp,126,0.89,0,Tablet
2851,526,8,2025-04-04,MobileApp,82,0.87,0,Mobile
2852,1968,3,2024-09-25,WebBrowser,66,0.66,0,Desktop
2853,1724,3,2025-03-21,StreamMax,60,0.41,0,Mobile
2854,1915,1,2025-03-07,MobileApp,74,0.6,0,Mobile
2855,1889,12,2024-11-30,StreamMax,105,0.78,0,Mobile
2856,753,1,2025-04-01,StreamMax,53,0.36,0,TV
2857,1555,2,2025-01-22,SmartTV,52,0.49,1,Tablet
2858,1992,3,2024-11-17,SmartTV,47,0.45,0,Desktop
2859,150,2,2024-11-20,StreamMax,46,0.48,0,Mobile
2860,57,8,2024-12-12,MobileApp,31,0.31,0,Desktop
2861,68,1,2024-12-02,SmartTV,53,0.42,0,Tablet
2862,897,11,2024-10-04,MobileApp,109,0.82,0,Desktop
2863,870,3,2024-08-01,StreamMax,54,0.39,1,TV
2864,1273,9,2025-03-20,SmartTV,101,0.8,0,Tablet
2865,175,11,2025-03-01,SmartTV,63,0.49,0,TV
2866,316,7,2024-12-23,StreamMax,90,0.67,0,TV
2867,1189,13,2024-11-07,MobileApp,108,0.98,0,TV
2868,1215,7,2024-09-26,StreamMax,134,0.88,0,TV
2869,352,13,2025-02-16,StreamMax,86,0.66,1,Tablet
2870,1788,3,2025-02-10,StreamMax,122,0.8,0,Tablet
2871,739,11,2024-10-11,MobileApp,106,0.85,0,TV
2872,970,10,2025-02-08,SmartTV,76,0.64,0,TV
2873,542,8,2025-03-28,WebBrowser,59,0.47,0,Mobile
2874,18,1,2024-12-15,WebBrowser,95,0.91,0,Tablet
2875,1520,1,2025-01-21,MobileApp,73,0.55,0,Desktop
2876,1671,11,2025-03-15,WebBrowser,68,0.55,0,Mobile
2877,46,1,2025-01-21,SmartTV,108,0.9,0,Tablet
2878,1548,1,2025-01-09,MobileApp,39,0.34,1,TV
2879,902,6,2025-03-16,SmartTV,42,0.4,0,Mobile
2880,608,10,2024-09-12,StreamMax,53,0.39,0,TV
2881,1691,1,2024-09-27,MobileApp,123,0.98,0,TV
2882,1921,14,2024-08-19,MobileApp,82,0.62,0,Desktop
2883,1611,6,2025-02-11,TabletApp,85,0.71,0,TV
2884,1636,4,2024-11-04,TabletApp,95,0.72,0,Tablet
2885,1794,10,2024-07-30,StreamMax,47,0.42,0,TV
2886,1768,9,2024-08-13,TabletApp,61,0.61,0,Desktop
2887,574,14,2024-06-13,WebBrowser,46,0.41,1,Desktop
2888,210,6,2025-01-23,StreamMax,71,0.59,0,TV
2889,570,15,2024-12-17,StreamMax,72,0.54,0,Tablet
2890,163,2,2024-08-02,StreamMax,129,0.98,1,Desktop
2891,1236,7,2024-08-22,SmartTV,41,0.33,0,Desktop
2892,1909,11,2025-02-25,WebBrowser,102,0.98,0,Tablet
2893,1628,6,2024-10-18,SmartTV,49,0.43,0,Desktop
2894,470,14,2025-04-24,MobileApp,146,1.0,0,Desktop
2895,1066,10,2024-09-19,StreamMax,81,0.73,1,TV
2896,25,1,2025-03-04,StreamMax,66,0.61,0,TV
2897,1428,14,2025-02-23,SmartTV,77,0.57,0,Tablet
2898,1849,1,2024-11-30,SmartTV,34,0.38,0,Desktop
2899,929,1,2025-04-14,StreamMax,93,0.7,0,Desktop
2900,957,12,2025-01-17,StreamMax,104,0.89,1,Tablet
2901,1821,15,2024-10-19,TabletApp,121,0.96,0,Desktop
2902,930,9,2024-12-09,TabletApp,65,0.72,0,Mobile
2903,121,1,2025-01-28,TabletApp,37,0.41,0,Tablet
2904,321,1,2024-08-02,SmartTV,109,0.89,0,TV
2905,1582,8,2024-06-20,StreamMax,44,0.39,1,Tablet
2906,236,14,2025-01-22,MobileApp,50,0.55,0,Mobile
2907,1129,12,2025-02-25,StreamMax,97,0.68,1,TV
2908,953,14,2024-11-20,StreamMax,38,0.31,1,Mobile
2909,1052,1,2025-04-17,SmartTV,102,0.68,0,Tablet
2910,1399,3,2025-03-05,TabletApp,47,0.54,0,Mobile
2911,89,3,2024-10-30,MobileApp,105,0.73,1,Tablet
2912,597,5,2024-12-19,TabletApp,42,0.39,0,TV
2913,1867,1,2025-03-30,MobileApp,49,0.39,0,TV
2914,664,11,2024-06-24,WebBrowser,94,0.78,0,Tablet
2915,535,13,2024-09-08,TabletApp,107,0.95,1,Mobile
2916,1800,6,2024-12-11,WebBrowser,56,0.61,0,Tablet
2917,1507,8,2024-12-02,SmartTV,97,0.67,0,Mobile
2918,1323,1,2025-01-10,WebBrowser,66,0.62,0,Mobile
2919,1280,6,2024-09-29,TabletApp,110,0.76,0,TV
2920,969,2,2024-06-27,SmartTV,37,0.35,0,Mobile
2921,545,6,2024-11-30,MobileApp,118,0.77,1,TV
2922,1918,15,2025-01-11,WebBrowser,82,0.68,0,Mobile
2923,1207,6,2024-09-11,TabletApp,54,0.57,1,TV
2924,1188,5,2024-08-31,StreamMax,103,0.99,1,Desktop
2925,1943,9,2024-08-21,SmartTV,71,0.63,0,Mobile
2926,798,1,2025-02-03,MobileApp,96,0.99,1,Mobile
2927,1599,1,2024-11-22,TabletApp,85,0.65,0,Desktop
2928,625,1,2025-02-19,TabletApp,50,0.57,0,Mobile
2929,684,13,2025-02-07,WebBrowser,100,0.87,0,Mobile
2930,421,10,2024-06-16,StreamMax,53,0.44,1,Desktop
2931,831,12,2024-11-21,TabletApp,79,0.76,0,Tablet
2932,1098,10,2024-10-15,WebBrowser,105,0.73,1,Mobile
2933,1641,10,2024-06-23,WebBrowser,54,0.6,0,Tablet
2934,570,1,2025-02-26,SmartTV,30,0.32,0,Mobile
2935,1353,10,2025-02-05,MobileApp,122,0.99,0,Tablet
2936,1492,1,2025-04-23,MobileApp,119,0.88,0,Tablet
2937,1792,6,2024-07-11,WebBrowser,138,0.93,0,Mobile
2938,523,10,2024-12-09,WebBrowser,125,0.88,0,Desktop
2939,1105,3,2025-02-11,MobileApp,63,0.52,0,TV
2940,1286,13,2024-07-03,TabletApp,72,0.48,0,Tablet
2941,529,2,2025-03-20,MobileApp,45,0.42,0,Desktop
2942,1199,8,2025-02-24,StreamMax,100,0.93,0,Mobile
2943,1431,1,2025-01-18,SmartTV,66,0.76,0,TV
2944,720,14,2025-01-01,StreamMax,92,0.62,0,TV
2945,1947,1,2025-01-24,WebBrowser,102,0.75,0,TV
2946,1207,5,2024-09-27,WebBrowser,70,0.7,0,TV
2947,1338,5,2024-12-23,WebBrowser,92,0.64,1,Tablet
2948,789,10,2024-12-23,WebBrowser,134,0.9,0,TV
2949,1025,1,2024-11-23,SmartTV,57,0.4,0,TV
2950,145,14,2025-02-07,TabletApp,68,0.55,0,Tablet
2951,1216,7,2025-03-13,WebBrowser,68,0.65,0,TV
2952,11,1,2025-01-07,SmartTV,55,0.35,0,Tablet
2953,349,14,2025-04-01,MobileApp,129,0.88,0,Tablet
2954,565,11,2024-06-18,MobileApp,50,0.34,0,Tablet
2955,77,2,2024-10-04,SmartTV,40,0.41,0,Desktop
2956,1427,1,2024-09-06,MobileApp,102,0.87,1,Mobile
2957,230,1,2025-02-16,WebBrowser,43,0.48,0,TV
2958,1021,4,2024-11-11,SmartTV,70,0.56,0,Tablet
2959,154,1,2025-03-19,SmartTV,74,0.62,0,Desktop
2960,1920,3,2025-01-18,MobileApp,152,0.97,0,Tablet
2961,183,10,2024-10-02,WebBrowser,73,0.53,1,Tablet
2962,507,15,2024-09-13,TabletApp,136,0.87,0,Tablet
2963,140,9,2025-01-24,SmartTV,80,0.76,1,Tablet
2964,1419,14,2024-08-02,WebBrowser,73,0.72,0,Tablet
2965,628,14,2025-04-21,TabletApp,68,0.63,0,TV
2966,1076,1,2024-12-03,MobileApp,93,0.64,0,Mobile
2967,1798,1,2025-04-30,StreamMax,131,0.87,0,Mobile
2968,1271,9,2024-11-08,StreamMax,93,0.9,0,Tablet
2969,1875,1,2025-04-21,TabletApp,83,0.86,0,TV
2970,1498,14,2024-12-13,SmartTV,53,0.42,0,Desktop
2971,193,1,2025-02-22,TabletApp,53,0.45,0,TV
2972,319,1,2025-01-17,MobileApp,73,0.57,0,Mobile
2973,30,14,2024-09-29,SmartTV,51,0.34,0,TV
2974,561,1,2025-04-24,MobileApp,63,0.5,0,TV
2975,574,1,2025-04-06,MobileApp,85,0.72,0,Tablet
2976,543,1,2025-04-29,StreamMax,84,0.85,1,Mobile
2977,198,6,2025-03-13,MobileApp,54,0.42,1,Desktop
2978,1002,10,2025-01-30,WebBrowser,85,0.74,0,TV
2979,815,2,2024-07-04,SmartTV,87,0.61,0,Desktop
2980,635,4,2025-03-13,WebBrowser,117,0.95,1,Desktop
2981,833,14,2025-01-06,TabletApp,44,0.37,0,Desktop
2982,368,8,2025-01-23,StreamMax,84,0.8,0,Mobile
2983,522,2,2024-09-22,WebBrowser,70,0.75,0,TV
2984,1827,6,2024-10-26,MobileApp,128,0.87,0,Mobile
2985,1235,12,2025-04-06,WebBrowser,105,0.91,1,Mobile
2986,905,1,2024-11-25,SmartTV,93,0.7,0,Mobile
2987,1643,14,2024-09-01,WebBrowser,35,0.36,1,Desktop
2988,69,15,2024-12-18,TabletApp,116,0.9,0,Mobile
2989,1709,10,2024-10-07,MobileApp,51,0.43,0,TV
2990,1687,2,2024-08-22,TabletApp,115,0.82,0,Desktop
2991,1557,1,2024-06-04,MobileApp,66,0.62,1,Tablet
2992,1025,5,2024-10-01,TabletApp,76,0.52,0,Tablet
2993,655,14,2025-02-02,MobileApp,42,0.37,0,TV
2994,30,2,2024-06-23,WebBrowser,67,0.71,0,Desktop
2995,1497,4,2025-01-04,WebBrowser,111,0.75,1,TV
2996,1130,5,2024-12-29,TabletApp,41,0.38,0,Tablet
2997,495,8,2024-10-27,MobileApp,69,0.49,0,TV
2998,725,12,2025-04-29,TabletApp,119,0.85,0,Mobile
2999,1534,4,2024-12-28,StreamMax,105,0.81,0,Tablet
3000,1993,2,2024-07-05,SmartTV,133,0.87,0,Tablet
3001,1382,5,2024-12-15,TabletApp,73,0.55,0,Tablet
3002,1609,1,2025-04-24,MobileApp,111,0.95,0,TV
3003,1167,1,2024-12-20,StreamMax,69,0.66,0,Desktop
3004,1818,2,2024-08-05,SmartTV,64,0.53,0,TV
3005,406,12,2025-01-19,WebBrowser,87,0.75,0,Mobile
3006,584,3,2024-08-13,MobileApp,120,0.95,0,Tablet
3007,159,1,2024-09-21,StreamMax,43,0.41,0,Desktop
3008,1551,5,2024-08-16,TabletApp,58,0.52,0,TV
3009,1467,1,2024-11-04,StreamMax,112,0.93,0,Tablet
3010,1368,9,2025-03-30,TabletApp,98,0.87,0,Tablet
3011,436,7,2024-10-29,WebBrowser,115,0.83,0,Mobile
3012,898,1,2025-02-14,WebBrowser,51,0.41,0,Tablet
3013,633,5,2025-03-15,TabletApp,40,0.46,0,Desktop
3014,1036,7,2024-08-21,StreamMax,122,0.92,0,TV
3015,685,8,2025-04-21,MobileApp,89,0.6,0,Desktop
3016,1871,2,2024-08-13,WebBrowser,57,0.53,0,TV
3017,1807,10,2024-12-29,WebBrowser,103,0.95,1,TV
3018,395,6,2024-10-02,WebBrowser,57,0.48,0,Mobile
3019,206,1,2024-10-31,TabletApp,81,0.82,0,Tablet
3020,811,13,2024-08-26,WebBrowser,102,0.65,0,Tablet
3021,1262,14,2024-08-26,TabletApp,58,0.49,1,TV
3022,1545,13,2024-10-04,StreamMax,104,0.78,0,Tablet
3023,664,8,2024-12-31,SmartTV,100,0.86,0,Desktop
3024,482,10,2024-07-22,StreamMax,106,0.68,0,Desktop
3025,862,3,2025-03-27,MobileApp,36,0.35,0,Tablet
3026,1608,8,2024-10-05,StreamMax,116,0.74,0,Desktop
3027,1638,1,2025-01-28,MobileApp,49,0.37,0,Desktop
3028,204,2,2024-12-04,MobileApp,39,0.41,0,Tablet
3029,1405,8,2024-09-20,StreamMax,97,0.78,0,Desktop
3030,994,1,2025-01-16,WebBrowser,96,0.68,0,Mobile
3031,713,2,2025-04-06,StreamMax,36,0.31,0,Tablet
3032,656,6,2024-12-22,StreamMax,82,0.93,0,Mobile
3033,1309,8,2024-07-11,SmartTV,131,0.97,1,Desktop
3034,357,12,2024-10-29,MobileApp,137,0.89,0,Desktop
3035,1046,11,2025-02-02,SmartTV,36,0.38,0,Tablet
3036,1268,3,2024-07-30,TabletApp,36,0.38,0,Desktop
3037,1092,6,2024-09-04,StreamMax,111,0.93,0,Desktop
3038,1501,8,2025-02-22,MobileApp,48,0.31,0,Mobile
3039,420,1,2025-03-27,SmartTV,70,0.78,1,Desktop
3040,1430,1,2024-07-09,MobileApp,52,0.4,0,Tablet
3041,303,1,2024-06-22,StreamMax,36,0.36,0,TV
3042,340,10,2025-02-26,MobileApp,111,0.97,1,Tablet
3043,208,9,2024-07-13,StreamMax,88,0.58,0,Tablet
3044,960,15,2025-03-02,TabletApp,61,0.59,0,TV
3045,387,1,2025-02-15,MobileApp,69,0.58,0,Desktop
3046,350,11,2024-08-27,StreamMax,41,0.33,0,TV
3047,1756,2,2024-06-12,SmartTV,44,0.5,0,Mobile
3048,576,8,2024-07-09,StreamMax,44,0.34,0,TV
3049,532,1,2025-02-12,SmartTV,82,0.52,0,Tablet
3050,477,6,2025-02-10,WebBrowser,92,0.65,0,Mobile
3051,1146,10,2024-09-25,WebBrowser,145,1.0,0,TV
3052,696,12,2025-02-17,StreamMax,59,0.46,0,Desktop
3053,931,6,2025-04-25,MobileApp,103,0.72,1,Desktop
3054,1157,7,2024-06-14,MobileApp,60,0.38,0,TV
3055,1539,1,2025-01-25,MobileApp,68,0.48,1,Mobile
3056,1266,1,2025-04-02,MobileApp,30,0.33,0,Tablet
3057,136,3,2025-01-27,WebBrowser,91,0.75,1,Mobile
3058,1369,6,2024-12-19,WebBrowser,65,0.49,0,Tablet
3059,1292,14,2024-07-16,StreamMax,49,0.41,0,Mobile
3060,610,3,2025-03-06,TabletApp,92,0.78,1,Mobile
3061,1872,8,2024-08-03,SmartTV,45,0.37,0,Tablet
3062,824,11,2025-01-24,TabletApp,59,0.61,1,Desktop
3063,818,3,2024-06-15,TabletApp,34,0.37,0,Mobile
3064,628,6,2024-11-17,WebBrowser,52,0.35,0,Mobile
3065,313,1,2024-09-14,MobileApp,63,0.48,0,Desktop
3066,1346,6,2024-08-09,MobileApp,59,0.53,0,TV
3067,1320,8,2024-09-02,TabletApp,103,0.67,0,Desktop
3068,1029,5,2025-02-11,MobileApp,61,0.42,0,Desktop
3069,1485,2,2024-11-21,MobileApp,71,0.79,0,TV
3070,1671,1,2025-04-10,WebBrowser,71,0.47,0,Desktop
3071,1639,10,2025-02-26,SmartTV,71,0.52,0,TV
3072,932,1,2024-10-06,SmartTV,63,0.46,0,Desktop
3073,1133,8,2025-03-11,WebBrowser,86,0.59,0,Desktop
3074,683,6,2024-09-24,StreamMax,111,0.88,1,Desktop
3075,214,1,2024-12-28,StreamMax,44,0.47,0,Desktop
3076,816,1,2025-03-30,WebBrowser,108,0.99,0,Desktop
3077,1082,11,2025-03-12,MobileApp,67,0.59,0,Mobile
3078,546,3,2024-12-04,SmartTV,56,0.55,0,TV
3079,173,14,2024-07-10,SmartTV,48,0.37,1,TV
3080,1163,3,2024-11-18,MobileApp,78,0.63,0,Mobile
3081,1089,8,2024-11-01,WebBrowser,54,0.43,0,Mobile
3082,153,14,2024-08-22,WebBrowser,76,0.74,0,Tablet
3083,356,8,2024-10-07,MobileApp,94,0.76,0,Tablet
3084,904,1,2025-03-25,WebBrowser,145,0.94,0,Mobile
3085,1750,5,2024-06-02,StreamMax,43,0.34,0,Mobile
3086,452,11,2024-10-21,MobileApp,70,0.64,0,Tablet
3087,1143,12,2024-08-27,StreamMax,54,0.48,0,Mobile
3088,829,1,2024-11-01,TabletApp,70,0.47,0,Tablet
3089,632,14,2024-09-14,SmartTV,79,0.82,0,Mobile
3090,1509,6,2025-03-30,WebBrowser,51,0.57,1,Tablet
3091,914,2,2024-11-06,StreamMax,76,0.72,0,Tablet
3092,1434,8,2025-04-18,StreamMax,43,0.33,0,TV
3093,717,6,2025-03-25,MobileApp,31,0.31,0,Desktop
3094,392,10,2024-07-12,SmartTV,51,0.59,0,Desktop
3095,985,14,2024-08-24,WebBrowser,108,0.69,0,Desktop
3096,232,8,2024-08-28,StreamMax,46,0.34,0,TV
3097,76,1,2025-01-23,TabletApp,99,0.73,0,Tablet
3098,536,6,2024-08-23,StreamMax,30,0.32,0,TV
3099,280,12,2024-10-10,MobileApp,84,0.57,1,Desktop
3100,1729,2,2025-03-01,SmartTV,90,0.94,0,Desktop
3101,1898,7,2024-11-12,WebBrowser,100,0.82,1,Tablet
3102,437,10,2025-02-06,MobileApp,120,0.79,0,Mobile
3103,1022,4,2025-01-31,MobileApp,109,0.7,0,Tablet
3104,639,1,2025-04-17,TabletApp,49,0.37,0,TV
3105,1097,10,2024-07-23,MobileApp,63,0.52,0,Desktop
3106,1656,4,2025-01-09,TabletApp,86,0.82,0,Tablet
3107,1974,8,2024-12-14,TabletApp,53,0.6,0,TV
3108,959,3,2024-12-19,SmartTV,46,0.31,1,Desktop
3109,182,1,2025-02-12,MobileApp,68,0.5,0,Tablet
3110,1343,3,2024-10-25,StreamMax,145,0.94,1,Desktop
3111,708,13,2025-03-26,SmartTV,77,0.51,1,Desktop
3112,765,3,2024-10-02,MobileApp,66,0.54,0,Tablet
3113,1936,11,2025-03-30,WebBrowser,76,0.53,1,TV
3114,661,11,2025-01-21,SmartTV,139,0.93,0,TV
3115,1536,10,2024-08-19,MobileApp,57,0.53,1,TV
3116,1625,5,2025-03-31,StreamMax,83,0.89,0,TV
3117,1746,11,2024-08-20,TabletApp,99,0.9,0,Tablet
3118,332,3,2024-09-16,WebBrowser,117,0.85,0,Mobile
3119,1680,1,2024-09-23,WebBrowser,49,0.54,0,TV
3120,702,10,2025-03-20,SmartTV,83,0.8,0,TV
3121,656,6,2024-09-22,SmartTV,139,0.89,0,Desktop
3122,1246,9,2025-02-02,SmartTV,66,0.56,0,TV
3123,640,5,2024-08-06,StreamMax,88,0.81,0,TV
3124,815,1,2025-04-24,TabletApp,56,0.59,0,Tablet
3125,295,2,2025-02-22,SmartTV,58,0.43,1,Desktop
3126,1417,8,2025-02-15,TabletApp,33,0.33,0,Mobile
3127,1650,11,2024-12-14,MobileApp,39,0.33,1,Desktop
3128,1670,1,2025-01-12,MobileApp,84,0.67,0,Tablet
3129,371,1,2024-06-09,MobileApp,93,0.94,0,Mobile
3130,1402,10,2024-07-05,WebBrowser,37,0.32,0,Tablet
3131,938,6,2025-01-24,SmartTV,87,0.62,0,Tablet
3132,732,5,2024-11-26,MobileApp,48,0.51,0,Mobile
3133,1651,8,2024-10-07,StreamMax,44,0.44,1,Desktop
3134,419,5,2025-03-21,MobileApp,59,0.52,1,Desktop
3135,511,2,2024-09-05,MobileApp,74,0.76,0,Mobile
3136,1342,3,2025-02-22,WebBrowser,47,0.52,0,Tablet
3137,886,2,2024-08-10,StreamMax,122,0.86,0,TV
3138,656,10,2025-04-20,SmartTV,126,1.0,1,Tablet
3139,220,6,2025-01-02,SmartTV,115,0.97,0,Tablet
3140,1711,10,2025-03-24,MobileApp,58,0.62,0,Mobile
3141,671,6,2025-01-31,MobileApp,124,0.94,0,Desktop
3142,1634,2,2024-12-02,WebBrowser,75,0.66,0,Mobile
3143,1119,1,2024-09-01,TabletApp,65,0.67,0,TV
3144,734,12,2024-07-13,TabletApp,74,0.57,0,TV
3145,1673,3,2024-12-19,SmartTV,95,0.76,0,TV
3146,1689,1,2025-03-27,StreamMax,36,0.3,1,Desktop
3147,320,3,2025-02-25,SmartTV,87,0.56,0,Tablet
3148,1613,14,2024-07-06,WebBrowser,96,0.65,0,TV
3149,256,11,2024-11-02,TabletApp,52,0.56,0,Desktop
3150,294,6,2025-04-25,MobileApp,90,0.97,1,Mobile
3151,1416,1,2024-11-06,WebBrowser,57,0.62,0,Tablet
3152,509,1,2024-07-25,StreamMax,57,0.46,0,Desktop
3153,1528,11,2024-07-15,SmartTV,69,0.57,0,Desktop
3154,592,6,2025-04-28,MobileApp,65,0.43,1,Tablet
3155,1842,6,2025-02-13,SmartTV,53,0.54,0,Tablet
3156,802,14,2025-02-22,SmartTV,91,0.95,0,Tablet
3157,666,1,2024-12-04,WebBrowser,75,0.77,0,TV
3158,1159,15,2024-10-01,WebBrowser,69,0.59,0,Mobile
3159,1808,4,2024-12-07,StreamMax,72,0.52,1,Mobile
3160,1203,2,2024-11-19,MobileApp,66,0.59,0,TV
3161,1047,14,2024-08-16,StreamMax,77,0.56,0,Mobile
3162,1314,14,2025-01-06,SmartTV,134,0.93,0,Tablet
3163,1134,8,2024-11-03,TabletApp,101,0.67,1,Desktop
3164,871,1,2025-01-21,SmartTV,61,0.65,0,Tablet
3165,1702,8,2024-09-02,TabletApp,56,0.43,0,Tablet
3166,482,2,2024-06-03,WebBrowser,100,0.96,0,Mobile
3167,800,1,2024-09-13,TabletApp,82,0.83,1,Tablet
3168,1398,2,2025-04-30,SmartTV,48,0.31,0,Desktop
3169,10,12,2025-01-02,MobileApp,93,0.85,0,Desktop
3170,964,4,2024-09-14,WebBrowser,99,0.75,0,Tablet
3171,593,8,2024-08-25,SmartTV,129,0.84,1,Mobile
3172,1802,11,2024-06-05,MobileApp,81,0.89,1,Desktop
3173,38,6,2024-09-20,TabletApp,105,0.83,0,Tablet
3174,1423,3,2024-12-13,MobileApp,56,0.44,0,Desktop
3175,1719,11,2024-12-29,MobileApp,55,0.36,0,Desktop
3176,1107,12,2024-06-02,TabletApp,110,0.78,0,Tablet
3177,1355,15,2024-07-05,StreamMax,77,0.69,0,Mobile
3178,336,8,2025-02-13,WebBrowser,122,0.83,0,Mobile
3179,429,11,2025-04-23,WebBrowser,78,0.57,0,TV
3180,1039,6,2024-07-08,WebBrowser,82,0.76,1,TV
3181,574,8,2024-11-20,WebBrowser,35,0.31,0,Desktop
3182,1232,9,2024-10-21,MobileApp,90,0.99,0,Desktop
3183,1411,4,2024-09-10,MobileApp,77,0.77,0,TV
3184,259,10,2025-01-16,WebBrowser,126,0.97,0,Mobile
3185,702,8,2024-06-25,StreamMax,103,0.87,0,Tablet
3186,935,7,2024-07-05,SmartTV,53,0.39,0,TV
3187,1237,11,2024-07-07,TabletApp,70,0.65,1,Desktop
3188,1843,6,2024-08-26,SmartTV,91,0.94,0,Tablet
3189,848,6,2024-10-16,WebBrowser,83,0.7,0,Tablet
3190,903,13,2024-12-29,TabletApp,93,0.89,1,Desktop
3191,1441,14,2024-12-16,SmartTV,49,0.38,0,Mobile
3192,1960,13,2024-08-07,TabletApp,83,0.69,0,Desktop
3193,1526,9,2024-10-10,WebBrowser,104,0.82,0,Tablet
3194,158,13,2024-09-30,WebBrowser,146,0.94,0,TV
3195,1509,1,2024-06-18,SmartTV,70,0.71,0,Tablet
3196,1056,10,2024-09-05,TabletApp,45,0.4,0,TV
3197,1550,14,2025-03-30,StreamMax,113,0.83,1,TV
3198,1305,1,2025-01-22,StreamMax,43,0.32,0,TV
3199,840,9,2024-06-18,TabletApp,119,0.79,0,Tablet
3200,1370,1,2025-04-20,TabletApp,106,0.93,1,Mobile
3201,324,14,2024-06-06,WebBrowser,117,0.83,1,Tablet
3202,908,15,2024-08-23,WebBrowser,108,0.96,0,TV
3203,1835,6,2024-12-10,StreamMax,81,0.55,0,Mobile
3204,1427,8,2024-06-02,WebBrowser,69,0.54,1,Desktop
3205,1002,8,2025-01-31,WebBrowser,38,0.32,1,Desktop
3206,156,8,2024-12-18,TabletApp,42,0.48,1,TV
3207,872,3,2025-03-09,MobileApp,114,0.76,0,Mobile
3208,1060,10,2025-02-13,StreamMax,61,0.6,1,TV
3209,194,2,2024-08-09,WebBrowser,107,0.98,1,Tablet
3210,558,1,2025-02-09,StreamMax,78,0.84,0,Mobile
3211,1740,3,2024-07-17,StreamMax,116,0.85,1,Tablet
3212,27,11,2024-06-21,StreamMax,30,0.32,0,TV
3213,904,2,2024-09-27,SmartTV,111,0.74,0,Tablet
3214,476,10,2025-03-21,TabletApp,69,0.75,0,Mobile
3215,1177,2,2025-02-27,WebBrowser,70,0.52,0,Desktop
3216,412,1,2025-01-17,SmartTV,149,0.95,0,Desktop
3217,139,4,2024-07-24,MobileApp,33,0.36,0,TV
3218,30,13,2025-03-23,StreamMax,63,0.51,1,TV
3219,1273,8,2025-04-16,MobileApp,75,0.82,0,Desktop
3220,1111,2,2025-01-16,WebBrowser,114,0.78,1,Mobile
3221,794,15,2024-08-24,TabletApp,137,0.89,1,Mobile
3222,1600,14,2024-11-06,TabletApp,35,0.31,0,Tablet
3223,1094,7,2025-01-23,StreamMax,56,0.5,0,Desktop
3224,330,5,2025-03-19,StreamMax,111,0.77,0,Tablet
3225,342,2,2024-06-03,SmartTV,83,0.63,0,TV
3226,458,1,2025-03-02,SmartTV,62,0.66,0,Tablet
3227,927,5,2025-02-08,TabletApp,36,0.35,0,Desktop
3228,1792,11,2024-09-25,TabletApp,36,0.34,1,Tablet
3229,897,3,2024-10-17,TabletApp,48,0.32,0,Desktop
3230,1713,2,2024-06-07,WebBrowser,40,0.45,0,Tablet
3231,1786,1,2025-04-26,MobileApp,62,0.42,0,TV
3232,954,10,2024-07-03,SmartTV,59,0.43,0,Tablet
3233,530,6,2024-12-04,SmartTV,46,0.37,0,TV
3234,728,11,2025-01-14,TabletApp,100,0.8,0,TV
3235,859,1,2025-04-06,StreamMax,65,0.7,1,TV
3236,1561,14,2024-07-23,WebBrowser,111,0.87,0,Desktop
3237,1113,11,2024-11-24,WebBrowser,51,0.35,0,Tablet
3238,76,6,2025-04-29,TabletApp,78,0.56,0,Desktop
3239,430,6,2024-07-05,SmartTV,104,0.9,0,Mobile
3240,994,1,2024-11-11,SmartTV,71,0.6,0,TV
3241,1410,5,2024-10-02,TabletApp,141,0.9,0,TV
3242,1814,8,2024-12-02,WebBrowser,51,0.4,0,Mobile
3243,1804,3,2024-11-20,MobileApp,125,0.81,0,Mobile
3244,415,12,2024-08-25,WebBrowser,102,0.97,0,Mobile
3245,1531,9,2024-12-17,WebBrowser,128,0.84,0,Tablet
3246,514,14,2025-02-02,MobileApp,65,0.59,0,Mobile
3247,1140,2,2024-11-24,WebBrowser,93,0.76,0,Tablet
3248,1424,10,2024-09-03,TabletApp,59,0.59,1,Desktop
3249,1632,14,2025-04-09,StreamMax,50,0.41,0,Desktop
3250,1438,14,2024-09-23,WebBrowser,35,0.4,0,Desktop
3251,514,9,2024-07-19,SmartTV,125,0.94,0,TV
3252,1105,1,2025-04-10,TabletApp,63,0.41,1,Desktop
3253,1569,1,2025-01-30,StreamMax,62,0.54,0,Desktop
3254,883,6,2025-01-30,TabletApp,54,0.43,0,Tablet
3255,1547,8,2025-03-07,WebBrowser,129,0.97,0,Tablet
3256,190,8,2024-09-08,StreamMax,53,0.4,0,Desktop
3257,836,13,2025-03-02,MobileApp,65,0.52,0,Tablet
3258,1393,1,2025-02-24,MobileApp,137,0.88,0,Desktop
3259,1115,13,2025-01-11,WebBrowser,52,0.42,0,Desktop
3260,160,5,2024-12-21,TabletApp,39,0.44,0,Mobile
3261,323,1,2024-12-19,MobileApp,36,0.41,1,Tablet
3262,101,3,2025-02-19,WebBrowser,109,0.88,0,Mobile
3263,888,8,2024-10-01,StreamMax,55,0.48,0,Mobile
3264,1948,1,2025-01-31,MobileApp,120,0.84,1,Desktop
3265,744,7,2024-11-10,StreamMax,63,0.51,0,TV
3266,1872,6,2024-12-11,StreamMax,54,0.41,0,Mobile
3267,1048,8,2024-11-07,StreamMax,65,0.67,0,Tablet
3268,1516,10,2024-07-01,StreamMax,58,0.43,0,Mobile
3269,906,8,2024-10-13,MobileApp,94,0.73,0,Mobile
3270,1473,14,2024-12-12,SmartTV,96,0.92,0,Mobile
3271,1284,5,2025-02-07,SmartTV,84,0.68,1,Desktop
3272,303,12,2024-07-09,MobileApp,57,0.6,1,TV
3273,434,1,2025-02-24,SmartTV,92,0.7,0,Mobile
3274,1639,6,2024-07-05,WebBrowser,66,0.75,0,TV
3275,500,1,2024-06-14,WebBrowser,68,0.75,0,Mobile
3276,696,2,2024-09-28,StreamMax,107,0.95,0,Mobile
3277,1178,2,2024-11-10,MobileApp,52,0.55,0,Desktop
3278,1554,3,2025-03-24,MobileApp,36,0.42,0,Mobile
3279,1339,4,2024-09-01,MobileApp,43,0.33,0,Tablet
3280,1122,13,2024-06-02,WebBrowser,41,0.38,0,Desktop
3281,94,4,2024-11-15,MobileApp,123,0.83,1,Desktop
3282,1881,3,2025-04-04,MobileApp,42,0.34,0,Desktop
3283,1520,5,2024-08-26,MobileApp,88,0.64,0,Desktop
3284,1036,8,2024-10-23,WebBrowser,59,0.51,0,TV
3285,1221,2,2025-03-27,TabletApp,75,0.71,0,Mobile
3286,54,2,2025-02-23,StreamMax,70,0.59,0,Tablet
3287,1699,8,2024-08-05,TabletApp,66,0.71,0,Mobile
3288,118,4,2024-10-18,WebBrowser,146,0.96,0,TV
3289,1713,8,2024-11-09,MobileApp,39,0.38,0,Desktop
3290,1259,1,2024-06-27,TabletApp,74,0.5,0,Mobile
3291,966,10,2024-08-03,StreamMax,76,0.64,0,TV
3292,1082,4,2025-02-14,WebBrowser,120,0.78,0,Tablet
3293,981,10,2024-10-29,WebBrowser,115,0.85,0,Mobile
3294,449,6,2024-12-19,SmartTV,53,0.56,1,Tablet
3295,304,3,2024-06-04,StreamMax,108,0.69,0,Desktop
3296,316,6,2024-11-30,TabletApp,92,0.89,0,TV
3297,443,1,2025-03-25,StreamMax,62,0.47,0,Desktop
3298,1586,5,2024-11-16,SmartTV,92,0.64,0,Tablet
3299,594,5,2025-03-14,StreamMax,109,0.95,0,Tablet
3300,143,6,2025-01-22,TabletApp,62,0.52,0,TV
3301,790,2,2024-10-16,MobileApp,62,0.41,0,Desktop
3302,1959,1,2025-04-16,MobileApp,110,0.83,0,Desktop
3303,1808,10,2024-12-21,SmartTV,51,0.33,0,Tablet
3304,595,13,2024-06-16,TabletApp,44,0.37,1,Tablet
3305,624,12,2025-01-20,WebBrowser,119,0.98,0,Tablet
3306,76,13,2024-10-20,TabletApp,77,0.83,1,Tablet
3307,1236,7,2024-11-06,SmartTV,76,0.56,0,Tablet
3308,789,2,2024-07-19,MobileApp,78,0.85,0,TV
3309,963,1,2024-09-14,StreamMax,57,0.58,0,Mobile
3310,225,3,2025-02-10,WebBrowser,125,0.98,0,TV
3311,65,14,2025-01-29,StreamMax,97,0.9,1,Tablet
3312,1643,9,2024-07-05,TabletApp,109,0.77,0,Tablet
3313,948,3,2024-09-01,SmartTV,54,0.46,0,Mobile
3314,1102,1,2024-11-17,WebBrowser,97,0.69,1,Mobile
3315,789,14,2024-11-15,TabletApp,93,0.87,1,Desktop
3316,1202,12,2024-07-31,TabletApp,63,0.42,0,TV
3317,338,14,2024-10-11,TabletApp,67,0.7,1,Mobile
3318,599,8,2024-07-22,TabletApp,105,0.8,0,TV
3319,1461,2,2024-09-25,MobileApp,41,0.34,0,Tablet
3320,1085,2,2024-11-12,WebBrowser,77,0.56,0,Mobile
3321,1275,6,2024-10-09,SmartTV,48,0.48,0,Mobile
3322,1529,1,2025-02-26,MobileApp,52,0.56,0,Mobile
3323,866,1,2024-11-07,MobileApp,49,0.33,0,Desktop
3324,1151,1,2025-02-13,SmartTV,98,0.76,0,Desktop
3325,530,10,2025-03-29,SmartTV,85,0.8,0,Tablet
3326,1664,9,2024-12-28,SmartTV,76,0.59,0,TV
3327,1712,6,2025-01-23,WebBrowser,105,0.89,1,Mobile
3328,661,12,2024-09-05,SmartTV,103,0.98,0,Mobile
3329,1420,11,2025-02-09,MobileApp,79,0.62,0,Mobile
3330,219,11,2025-01-30,StreamMax,58,0.5,0,Desktop
3331,1954,4,2024-07-01,MobileApp,33,0.33,1,Tablet
3332,1735,9,2025-02-09,WebBrowser,66,0.63,0,Mobile
3333,319,6,2025-01-16,StreamMax,102,0.7,0,Desktop
3334,668,10,2024-06-05,MobileApp,73,0.59,1,Tablet
3335,1476,1,2025-04-08,MobileApp,117,0.94,0,Mobile
3336,1474,6,2024-12-26,MobileApp,65,0.62,1,Tablet
3337,1512,1,2025-01-10,TabletApp,67,0.58,0,TV
3338,559,15,2025-02-03,StreamMax,54,0.39,1,Tablet
3339,1826,11,2025-02-18,MobileApp,38,0.41,0,Mobile
3340,1860,5,2024-07-26,StreamMax,68,0.52,0,Desktop
3341,133,5,2024-09-30,MobileApp,71,0.48,0,Desktop
3342,1579,1,2024-06-29,WebBrowser,109,0.8,0,TV
3343,9,3,2024-11-14,SmartTV,50,0.46,0,Mobile
3344,844,10,2025-03-17,MobileApp,63,0.49,0,Tablet
3345,956,14,2025-03-09,TabletApp,103,0.77,1,Desktop
3346,1064,15,2024-06-17,MobileApp,140,0.97,0,Desktop
3347,1652,5,2025-01-14,SmartTV,123,0.9,0,TV
3348,226,1,2025-02-26,SmartTV,40,0.31,1,Mobile
3349,1960,5,2024-08-20,StreamMax,99,0.74,0,Tablet
3350,547,13,2024-10-27,SmartTV,40,0.36,1,Tablet
3351,1911,8,2024-11-10,WebBrowser,73,0.69,0,Tablet
3352,785,1,2025-04-28,StreamMax,56,0.43,0,Tablet
3353,1949,11,2025-03-28,SmartTV,131,0.91,0,Desktop
3354,1067,6,2024-10-07,StreamMax,81,0.71,1,Desktop
3355,406,6,2024-10-15,SmartTV,100,0.84,0,Mobile
3356,1279,9,2025-02-08,StreamMax,64,0.6,0,TV
3357,183,5,2024-12-21,StreamMax,66,0.49,0,Tablet
3358,509,11,2024-08-17,SmartTV,90,0.87,1,Tablet
3359,1386,1,2025-02-17,StreamMax,32,0.37,0,Mobile
3360,1476,1,2025-01-13,SmartTV,54,0.35,0,TV
3361,1573,2,2024-11-02,MobileApp,71,0.69,1,Mobile
3362,1897,6,2025-04-04,TabletApp,41,0.47,1,TV
3363,1652,7,2025-03-31,SmartTV,64,0.73,1,Mobile
3364,549,7,2024-06-09,StreamMax,53,0.43,0,Mobile
3365,1518,7,2024-07-28,SmartTV,74,0.79,0,Desktop
3366,1314,4,2025-02-21,TabletApp,114,0.8,0,Desktop
3367,1594,15,2024-09-29,WebBrowser,100,1.0,0,TV
3368,1823,5,2024-08-10,MobileApp,94,0.97,1,TV
3369,1972,14,2025-01-16,MobileApp,106,0.88,0,Desktop
3370,1483,10,2024-11-25,WebBrowser,78,0.7,0,Mobile
3371,1657,6,2024-10-15,TabletApp,89,0.74,1,TV
3372,1736,8,2024-08-28,StreamMax,60,0.57,0,Mobile
3373,532,10,2025-01-08,WebBrowser,74,0.56,0,Mobile
3374,801,10,2024-11-29,StreamMax,97,0.64,0,TV
3375,1278,15,2024-11-24,MobileApp,112,0.89,1,Tablet
3376,206,3,2024-12-21,TabletApp,45,0.49,0,TV
3377,1818,2,2024-08-06,StreamMax,97,0.84,0,Desktop
3378,1830,15,2025-03-10,SmartTV,128,0.94,0,Desktop
3379,1829,5,2024-09-20,SmartTV,103,0.77,0,TV
3380,243,7,2025-02-14,TabletApp,105,0.82,0,Desktop
3381,1976,3,2024-06-19,SmartTV,89,0.66,0,TV
3382,1384,12,2025-04-24,SmartTV,97,0.63,0,Mobile
3383,32,8,2025-01-08,WebBrowser,98,0.73,0,Desktop
3384,1875,5,2025-04-03,WebBrowser,62,0.59,0,Desktop
3385,849,1,2025-03-03,WebBrowser,51,0.47,0,TV
3386,422,1,2025-04-10,SmartTV,108,0.82,0,Tablet
3387,1682,12,2024-06-17,TabletApp,43,0.41,0,Tablet
3388,1389,6,2024-06-14,SmartTV,73,0.59,1,Mobile
3389,792,1,2025-03-20,MobileApp,73,0.5,0,Desktop
3390,1803,3,2025-04-25,TabletApp,59,0.5,0,Desktop
3391,489,2,2024-08-03,WebBrowser,125,0.88,1,Mobile
3392,865,13,2025-04-24,WebBrowser,76,0.64,0,Desktop
3393,1460,10,2024-07-20,SmartTV,34,0.36,0,Desktop
3394,506,6,2025-01-26,WebBrowser,97,0.89,0,Mobile
3395,916,8,2025-01-27,MobileApp,105,0.8,0,TV
3396,665,1,2024-09-17,MobileApp,99,0.96,0,TV
3397,1009,13,2025-01-31,WebBrowser,68,0.62,0,TV
3398,695,6,2024-06-25,TabletApp,42,0.42,0,TV
3399,205,2,2024-10-23,StreamMax,95,0.67,0,Tablet
3400,472,2,2025-03-26,WebBrowser,137,0.88,0,TV
3401,1606,1,2024-06-09,WebBrowser,106,0.86,0,Desktop
3402,1031,5,2025-04-01,StreamMax,76,0.52,1,Desktop
3403,364,9,2025-02-25,StreamMax,56,0.54,0,TV
3404,167,3,2025-01-01,TabletApp,118,0.8,1,Tablet
3405,912,10,2025-04-27,TabletApp,59,0.62,1,Tablet
3406,849,2,2024-07-11,TabletApp,117,0.91,0,TV
3407,1200,15,2024-08-09,StreamMax,75,0.79,0,TV
3408,355,10,2024-09-26,StreamMax,126,0.97,0,TV
3409,1013,6,2025-02-05,WebBrowser,73,0.7,0,Tablet
3410,724,13,2024-10-28,WebBrowser,126,0.84,0,Tablet
3411,1294,7,2024-08-18,StreamMax,91,0.87,0,Mobile
3412,62,1,2024-07-20,WebBrowser,58,0.42,0,Tablet
3413,176,2,2024-11-12,StreamMax,83,0.64,0,Mobile
3414,815,8,2025-01-14,TabletApp,32,0.37,0,TV
3415,724,8,2025-02-19,SmartTV,87,0.79,0,Desktop
3416,1380,6,2025-04-25,WebBrowser,70,0.51,0,Desktop
3417,1672,8,2025-02-20,SmartTV,40,0.44,0,Mobile
3418,319,8,2024-11-17,SmartTV,39,0.34,0,Desktop
3419,1935,3,2025-01-08,WebBrowser,89,0.62,0,Desktop
3420,1480,2,2024-08-06,TabletApp,74,0.57,1,TV
3421,1364,1,2025-04-01,TabletApp,108,0.75,0,Mobile
3422,978,6,2024-07-09,TabletApp,82,0.74,0,Tablet
3423,1353,1,2025-03-23,SmartTV,107,0.72,1,Tablet
3424,845,13,2025-04-06,WebBrowser,101,0.83,0,Mobile
3425,1538,6,2024-08-27,SmartTV,58,0.5,0,Desktop
3426,1506,11,2024-06-26,MobileApp,59,0.45,0,TV
3427,1810,10,2024-12-03,WebBrowser,76,0.53,0,TV
3428,972,10,2025-03-14,WebBrowser,78,0.83,0,Desktop
3429,610,8,2025-01-23,WebBrowser,108,0.89,0,Mobile
3430,776,2,2024-07-16,WebBrowser,54,0.48,0,Desktop
3431,1174,1,2025-04-28,SmartTV,84,0.61,0,Mobile
3432,131,8,2025-04-19,WebBrowser,94,0.72,1,Tablet
3433,34,2,2024-07-02,WebBrowser,85,0.76,0,Mobile
3434,111,11,2024-12-01,SmartTV,106,0.78,0,Tablet
3435,1977,13,2025-04-28,TabletApp,42,0.34,0,Desktop
3436,746,10,2024-09-09,MobileApp,134,0.91,0,TV
3437,989,14,2025-04-18,TabletApp,117,0.92,0,Tablet
3438,961,6,2024-07-02,TabletApp,66,0.53,0,Mobile
3439,374,6,2025-03-28,TabletApp,128,0.94,0,Mobile
3440,1442,3,2025-03-09,StreamMax,64,0.43,0,Desktop
3441,445,8,2024-07-24,WebBrowser,46,0.45,0,Desktop
3442,537,6,2025-01-02,MobileApp,29,0.31,0,TV
3443,1024,1,2025-02-02,TabletApp,37,0.36,1,TV
3444,1281,1,2025-04-27,WebBrowser,74,0.56,0,Tablet
3445,1858,6,2024-12-04,MobileApp,58,0.54,0,TV
3446,266,5,2025-03-07,StreamMax,79,0.53,1,Tablet
3447,1606,2,2024-08-17,MobileApp,132,0.84,0,Desktop
3448,731,11,2024-08-13,TabletApp,97,0.68,0,Mobile
3449,1831,5,2024-09-08,SmartTV,77,0.55,0,Desktop
3450,1361,5,2024-11-06,SmartTV,135,0.9,0,TV
3451,932,3,2024-08-17,StreamMax,110,0.93,0,Mobile
3452,1944,15,2024-11-28,TabletApp,76,0.81,0,Tablet
3453,1516,3,2024-11-06,StreamMax,114,0.87,0,TV
3454,1333,7,2024-06-07,StreamMax,46,0.52,0,Tablet
3455,1008,6,2024-10-12,StreamMax,68,0.48,0,Tablet
3456,1581,7,2025-03-08,MobileApp,131,0.97,1,TV
3457,677,5,2024-10-03,SmartTV,112,0.96,1,Tablet
3458,1176,3,2024-12-27,WebBrowser,110,0.98,0,Desktop
3459,1773,1,2025-01-07,TabletApp,102,0.94,0,Mobile
3460,372,4,2024-09-20,TabletApp,72,0.64,1,Tablet
3461,642,2,2024-06-26,StreamMax,57,0.53,0,Mobile
3462,1298,3,2024-06-02,WebBrowser,49,0.48,0,Tablet
3463,1314,13,2025-03-16,SmartTV,58,0.6,0,Tablet
3464,2000,6,2024-12-27,SmartTV,87,0.56,0,Mobile
3465,611,6,2025-02-04,WebBrowser,114,0.98,0,Desktop
3466,1323,8,2025-02-26,WebBrowser,103,0.67,1,TV
3467,1787,14,2024-12-03,StreamMax,73,0.62,0,TV
3468,541,14,2025-04-04,WebBrowser,91,0.95,0,TV
3469,981,2,2024-10-07,SmartTV,93,0.63,0,Desktop
3470,456,1,2025-02-15,WebBrowser,71,0.49,0,Mobile
3471,1879,11,2025-04-14,TabletApp,56,0.36,1,Tablet
3472,1010,4,2025-03-31,MobileApp,141,0.91,0,Desktop
3473,83,12,2025-04-24,SmartTV,80,0.85,0,TV
3474,1515,3,2024-07-29,SmartTV,82,0.61,0,TV
3475,1494,1,2025-03-18,SmartTV,40,0.35,0,Desktop
3476,258,3,2025-01-27,MobileApp,38,0.37,0,Desktop
3477,1865,14,2024-06-29,SmartTV,117,0.84,0,TV
3478,399,13,2024-12-06,SmartTV,108,0.73,1,Mobile
3479,1661,8,2024-08-20,TabletApp,66,0.65,0,Mobile
3480,1148,7,2025-02-06,WebBrowser,107,0.83,0,Desktop
3481,1612,11,2025-01-30,WebBrowser,145,0.99,0,Tablet
3482,1190,6,2025-04-25,WebBrowser,103,0.87,1,Tablet
3483,1024,1,2025-03-19,SmartTV,152,1.0,1,Mobile
3484,1545,11,2024-06-29,SmartTV,97,0.78,1,Mobile
3485,288,6,2025-04-04,StreamMax,52,0.58,0,Tablet
3486,1456,8,2024-09-02,WebBrowser,82,0.78,0,Tablet
3487,708,7,2024-10-27,SmartTV,51,0.57,0,Mobile
3488,872,10,2025-02-11,WebBrowser,55,0.38,0,Tablet
3489,1642,1,2025-04-23,TabletApp,51,0.52,0,Tablet
3490,1037,9,2025-02-12,SmartTV,77,0.51,0,Desktop
3491,1652,10,2024-06-02,SmartTV,77,0.56,0,Tablet
3492,1069,1,2024-09-20,WebBrowser,88,0.96,0,Mobile
3493,1634,4,2024-09-06,TabletApp,126,0.9,0,Desktop
3494,264,1,2025-03-01,TabletApp,50,0.37,0,Tablet
3495,1696,11,2024-09-02,SmartTV,98,0.64,0,Desktop
3496,1967,1,2025-03-21,MobileApp,41,0.42,0,Tablet
3497,1784,2,2025-01-05,TabletApp,71,0.78,0,Desktop
3498,1146,1,2024-10-12,TabletApp,92,0.65,1,Tablet
3499,408,6,2025-03-02,WebBrowser,75,0.58,0,Tablet
3500,761,6,2024-11-27,MobileApp,100,0.69,0,TV
3501,1661,3,2024-06-02,WebBrowser,74,0.52,1,Desktop
3502,25,4,2024-10-29,TabletApp,42,0.33,0,Mobile
3503,1108,1,2024-11-11,MobileApp,71,0.67,0,TV
3504,1607,10,2025-01-28,TabletApp,68,0.74,0,TV
3505,34,14,2024-10-25,WebBrowser,34,0.36,0,TV
3506,240,8,2024-12-25,StreamMax,87,0.57,0,Mobile
3507,1301,1,2024-12-05,MobileApp,97,0.98,0,Mobile
3508,903,10,2024-11-30,SmartTV,30,0.33,0,TV
3509,1313,1,2025-03-11,WebBrowser,73,0.71,0,Mobile
3510,788,14,2024-11-06,TabletApp,91,0.72,0,Tablet
3511,1514,8,2025-04-29,MobileApp,81,0.88,0,Tablet
3512,446,2,2024-12-24,MobileApp,53,0.51,0,TV
3513,1877,11,2024-07-20,MobileApp,99,0.64,0,Mobile
3514,1583,11,2024-10-30,SmartTV,101,0.91,0,Tablet
3515,508,5,2025-04-08,StreamMax,29,0.32,0,Desktop
3516,1942,8,2025-03-08,TabletApp,48,0.31,0,Tablet
3517,340,6,2024-11-09,TabletApp,32,0.37,0,Tablet
3518,1187,1,2025-02-13,StreamMax,109,0.96,0,Mobile
3519,1027,14,2024-07-30,TabletApp,128,0.92,1,Mobile
3520,37,2,2024-09-26,SmartTV,141,0.9,0,Mobile
3521,1126,9,2024-07-20,WebBrowser,56,0.56,0,TV
3522,789,14,2024-08-18,StreamMax,65,0.56,0,TV
3523,222,2,2024-08-05,WebBrowser,92,0.61,0,Desktop
3524,1934,11,2025-03-27,TabletApp,83,0.55,1,Tablet
3525,77,3,2025-03-12,TabletApp,51,0.34,0,Mobile
3526,475,6,2025-04-30,WebBrowser,58,0.45,0,Tablet
3527,569,1,2025-04-16,WebBrowser,43,0.36,0,Tablet
3528,1738,4,2024-10-14,SmartTV,48,0.48,0,TV
3529,707,3,2025-02-12,TabletApp,86,0.82,1,Tablet
3530,586,10,2024-12-06,MobileApp,48,0.48,1,Tablet
3531,521,7,2025-04-01,MobileApp,92,0.65,0,Desktop
3532,1655,12,2024-09-07,SmartTV,84,0.61,0,TV
3533,1673,14,2025-01-30,WebBrowser,67,0.77,0,Mobile
3534,536,3,2024-10-17,WebBrowser,32,0.3,0,Desktop
3535,579,4,2024-08-19,WebBrowser,69,0.53,0,Desktop
3536,1935,1,2025-01-07,MobileApp,79,0.8,0,Mobile
3537,738,13,2024-11-24,TabletApp,31,0.35,0,TV
3538,1784,14,2025-04-18,WebBrowser,58,0.55,0,TV
3539,1109,5,2025-02-13,SmartTV,114,0.75,0,Desktop
3540,899,10,2024-08-20,WebBrowser,67,0.63,0,TV
3541,1360,1,2024-09-03,StreamMax,69,0.45,0,Desktop
3542,963,1,2024-08-21,MobileApp,65,0.47,0,Tablet
3543,890,6,2025-04-11,TabletApp,82,0.54,1,TV
3544,1101,11,2025-01-15,SmartTV,109,0.75,0,Desktop
3545,593,15,2024-10-16,StreamMax,80,0.72,0,Tablet
3546,1813,4,2025-02-09,WebBrowser,56,0.41,0,Mobile
3547,677,14,2024-09-26,WebBrowser,82,0.58,0,Desktop
3548,66,11,2024-09-06,MobileApp,36,0.35,1,Tablet
3549,31,6,2024-11-22,MobileApp,43,0.47,0,Desktop
3550,209,2,2024-11-11,TabletApp,86,0.86,0,Tablet
3551,1108,5,2024-06-06,MobileApp,58,0.41,0,Mobile
3552,455,13,2025-02-12,MobileApp,89,0.67,0,TV
3553,1814,3,2024-10-02,StreamMax,108,0.69,0,Desktop
3554,178,3,2024-11-10,StreamMax,69,0.71,0,Tablet
3555,861,1,2025-02-18,WebBrowser,68,0.55,0,Desktop
3556,1338,5,2024-08-29,WebBrowser,110,0.87,0,Desktop
3557,1892,1,2025-04-11,WebBrowser,73,0.69,1,Mobile
3558,1590,14,2024-10-04,MobileApp,76,0.54,0,TV
3559,662,1,2025-02-01,StreamMax,134,0.89,0,Mobile
3560,1253,1,2025-01-31,WebBrowser,83,0.75,0,Tablet
3561,102,14,2025-03-01,StreamMax,71,0.45,0,Desktop
3562,86,1,2025-01-13,MobileApp,143,0.97,0,Tablet
3563,575,1,2024-09-10,TabletApp,39,0.44,1,Desktop
3564,107,1,2024-11-22,MobileApp,113,0.82,0,Mobile
3565,1296,6,2024-08-30,WebBrowser,122,0.99,0,TV
3566,920,14,2025-04-16,TabletApp,104,0.67,0,Mobile
3567,946,2,2024-09-25,MobileApp,87,0.67,0,Desktop
3568,1178,1,2025-01-19,SmartTV,84,0.77,0,Mobile
3569,1374,3,2024-10-06,WebBrowser,86,0.69,0,TV
3570,1313,3,2024-07-14,SmartTV,90,0.65,0,TV
3571,107,6,2024-06-30,SmartTV,69,0.63,0,Desktop
3572,1227,5,2025-02-23,SmartTV,62,0.47,1,TV
3573,574,8,2024-11-20,WebBrowser,106,0.68,0,Mobile
3574,1024,13,2025-01-24,MobileApp,92,0.98,0,Desktop
3575,1800,1,2024-07-10,StreamMax,127,0.84,0,Desktop
3576,1652,2,2024-12-09,SmartTV,108,0.77,0,Mobile
3577,831,1,2025-03-21,SmartTV,87,0.77,0,Tablet
3578,357,1,2025-03-14,SmartTV,60,0.44,0,Tablet
3579,1919,5,2024-09-25,StreamMax,62,0.46,0,Desktop
3580,16,2,2024-07-03,StreamMax,91,0.63,0,TV
3581,1887,3,2024-10-07,TabletApp,33,0.33,0,TV
3582,151,1,2025-04-03,StreamMax,82,0.93,1,TV
3583,904,5,2024-09-28,WebBrowser,81,0.75,1,TV
3584,179,8,2025-01-28,SmartTV,101,0.86,0,Mobile
3585,1936,2,2024-06-15,TabletApp,45,0.41,0,Tablet
3586,201,6,2024-06-28,WebBrowser,74,0.58,0,TV
3587,1981,8,2024-09-07,WebBrowser,81,0.56,0,Mobile
3588,1188,9,2024-06-23,WebBrowser,54,0.56,0,Desktop
3589,1016,1,2025-04-16,SmartTV,143,0.95,0,Mobile
3590,952,3,2025-02-23,TabletApp,114,0.74,1,Mobile
3591,1493,5,2025-03-11,WebBrowser,90,0.9,1,TV
3592,233,13,2024-07-18,SmartTV,37,0.35,0,TV
3593,1026,10,2024-11-07,WebBrowser,127,1.0,0,Mobile
3594,1916,14,2024-09-13,SmartTV,90,0.61,0,Mobile
3595,824,9,2025-04-02,StreamMax,66,0.52,0,Tablet
3596,11,10,2024-09-07,StreamMax,49,0.48,1,Tablet
3597,183,13,2025-01-23,MobileApp,32,0.32,0,Mobile
3598,1377,1,2024-08-04,TabletApp,66,0.67,0,Mobile
3599,61,6,2024-10-04,TabletApp,145,0.98,0,Tablet
3600,63,2,2024-07-03,SmartTV,89,0.7,1,Tablet
3601,1454,10,2025-01-11,SmartTV,73,0.69,0,Tablet
3602,422,13,2024-10-17,SmartTV,91,0.83,1,Mobile
3603,520,12,2025-01-29,WebBrowser,65,0.52,1,Desktop
3604,1542,3,2025-02-26,StreamMax,46,0.4,0,TV
3605,151,1,2024-07-11,StreamMax,91,0.66,0,TV
3606,1438,1,2024-11-21,WebBrowser,66,0.47,0,Mobile
3607,1015,12,2024-10-25,MobileApp,77,0.6,0,Desktop
3608,888,1,2024-10-17,StreamMax,74,0.52,0,TV
3609,1416,1,2024-09-18,MobileApp,101,1.0,0,TV
3610,1522,8,2024-10-02,WebBrowser,65,0.74,0,Mobile
3611,1097,8,2025-01-06,WebBrowser,90,0.7,0,Mobile
3612,1640,1,2025-02-25,SmartTV,40,0.46,0,TV
3613,1981,8,2024-10-21,SmartTV,112,0.75,1,Desktop
3614,1438,2,2024-09-23,MobileApp,82,0.56,0,Tablet
3615,1362,1,2025-01-05,MobileApp,87,0.65,1,TV
3616,157,12,2025-02-03,StreamMax,110,0.86,0,Mobile
3617,439,11,2025-01-29,TabletApp,31,0.31,0,Tablet
3618,1427,7,2025-01-16,TabletApp,44,0.49,0,Mobile
3619,1614,3,2024-11-29,WebBrowser,42,0.32,1,Desktop
3620,1087,6,2024-10-15,WebBrowser,65,0.61,0,Mobile
3621,421,5,2025-04-07,SmartTV,79,0.72,0,Mobile
3622,710,1,2025-03-30,MobileApp,108,0.8,0,Mobile
3623,1092,7,2024-06-28,StreamMax,65,0.58,0,Desktop
3624,1683,15,2024-07-31,TabletApp,80,0.62,0,Desktop
3625,1804,11,2024-08-22,MobileApp,44,0.45,0,Tablet
3626,710,6,2024-06-02,TabletApp,101,0.88,1,Tablet
3627,359,1,2025-01-22,StreamMax,95,0.79,0,Desktop
3628,1451,6,2025-02-09,SmartTV,48,0.43,0,Desktop
3629,1768,10,2024-10-09,SmartTV,43,0.43,0,Mobile
3630,380,8,2024-06-18,WebBrowser,71,0.61,0,TV
3631,933,8,2024-07-04,MobileApp,90,0.73,0,TV
3632,279,15,2024-11-16,TabletApp,40,0.46,0,Tablet
3633,1640,6,2025-04-07,MobileApp,57,0.46,0,Tablet
3634,930,8,2024-08-16,WebBrowser,46,0.46,1,Mobile
3635,305,1,2025-01-14,MobileApp,35,0.37,0,Mobile
3636,974,1,2025-04-08,SmartTV,84,0.77,0,TV
3637,1705,14,2024-10-26,MobileApp,80,0.8,0,Desktop
3638,1754,2,2024-08-27,MobileApp,138,0.93,0,TV
3639,1762,13,2025-01-29,MobileApp,42,0.34,0,Mobile
3640,25,2,2025-02-25,TabletApp,141,0.98,0,Desktop
3641,1946,1,2024-07-28,MobileApp,151,0.96,0,Mobile
3642,1265,7,2025-04-02,SmartTV,43,0.45,0,Desktop
3643,920,1,2025-03-06,TabletApp,80,0.51,0,Desktop
3644,405,7,2025-01-14,MobileApp,108,0.75,0,Mobile
3645,428,2,2025-01-15,TabletApp,40,0.34,0,Desktop
3646,751,3,2024-11-08,WebBrowser,74,0.52,1,Mobile
3647,1872,1,2024-09-28,TabletApp,80,0.53,0,Desktop
3648,1131,14,2024-07-22,StreamMax,117,0.77,0,Desktop
3649,1528,8,2024-09-27,StreamMax,85,0.66,1,Desktop
3650,1096,10,2024-10-22,MobileApp,101,0.64,1,Tablet
3651,449,10,2025-01-24,WebBrowser,47,0.35,0,Mobile
3652,1741,3,2024-09-29,WebBrowser,41,0.45,0,Tablet
3653,1395,5,2025-02-08,MobileApp,47,0.34,0,Desktop
3654,1174,1,2024-07-06,TabletApp,79,0.79,0,Desktop
3655,502,1,2025-02-06,MobileApp,44,0.44,0,Mobile
3656,1010,2,2025-04-15,StreamMax,51,0.35,0,Desktop
3657,1293,6,2025-04-30,StreamMax,63,0.45,1,Desktop
3658,1836,13,2024-06-08,TabletApp,67,0.5,0,Tablet
3659,198,1,2025-02-04,MobileApp,76,0.61,0,TV
3660,500,14,2024-08-15,StreamMax,70,0.55,0,TV
3661,1179,12,2025-04-07,WebBrowser,37,0.32,1,Tablet
3662,246,8,2024-08-06,MobileApp,46,0.32,1,Mobile
3663,977,8,2025-03-08,MobileApp,78,0.87,0,TV
3664,1101,1,2024-07-21,TabletApp,117,0.83,1,TV
3665,892,3,2024-11-15,TabletApp,140,0.97,0,Tablet
3666,380,3,2024-06-18,StreamMax,118,0.98,1,TV
3667,1995,14,2024-12-07,WebBrowser,122,0.95,0,TV
3668,1612,1,2025-04-04,SmartTV,87,0.58,0,Desktop
3669,50,1,2025-02-02,SmartTV,88,0.9,1,TV
3670,1104,10,2024-06-27,StreamMax,84,0.57,0,TV
3671,557,11,2025-01-08,SmartTV,84,0.55,0,Mobile
3672,1822,1,2025-02-07,SmartTV,96,0.8,0,Tablet
3673,1622,5,2024-09-17,WebBrowser,79,0.51,0,TV
3674,578,5,2025-03-10,SmartTV,75,0.71,0,Desktop
3675,865,3,2024-07-01,TabletApp,40,0.36,0,Tablet
3676,1513,8,2024-07-11,StreamMax,54,0.36,0,Mobile
3677,787,11,2024-11-28,StreamMax,56,0.42,0,Mobile
3678,676,5,2025-04-05,StreamMax,37,0.32,0,Mobile
3679,1717,6,2024-07-07,StreamMax,100,0.84,0,TV
3680,1647,6,2025-02-03,MobileApp,123,0.9,1,Mobile
3681,1415,8,2024-09-26,MobileApp,90,0.84,0,Tablet
3682,119,5,2024-08-23,StreamMax,74,0.55,0,TV
3683,570,14,2024-12-12,SmartTV,89,0.72,0,Desktop
3684,632,2,2024-07-14,MobileApp,150,0.96,0,Mobile
3685,1754,13,2024-10-02,SmartTV,93,0.9,1,TV
3686,1912,11,2025-04-01,TabletApp,93,0.87,0,TV
3687,190,15,2024-10-15,TabletApp,118,0.94,1,TV
3688,11,1,2025-03-22,SmartTV,104,0.76,1,TV
3689,481,14,2025-03-24,TabletApp,51,0.41,0,Tablet
3690,1319,8,2025-01-31,WebBrowser,123,0.83,0,Tablet
3691,522,5,2025-03-20,WebBrowser,71,0.63,0,TV
3692,1755,2,2024-08-15,TabletApp,55,0.55,0,Tablet
3693,1103,1,2025-03-20,WebBrowser,87,0.61,1,Tablet
3694,1947,6,2024-12-22,TabletApp,81,0.83,0,Desktop
3695,336,14,2024-12-12,SmartTV,92,0.89,0,Desktop
3696,892,1,2025-03-24,TabletApp,57,0.65,0,Tablet
3697,917,10,2024-11-11,SmartTV,63,0.7,1,Tablet
3698,436,10,2025-03-30,WebBrowser,107,0.76,0,TV
3699,1608,13,2025-01-15,StreamMax,93,0.63,0,TV
3700,1733,11,2025-01-26,MobileApp,91,0.96,1,Mobile
3701,738,10,2024-12-06,TabletApp,116,0.97,0,TV
3702,664,6,2024-08-07,WebBrowser,64,0.56,0,TV
3703,1126,14,2024-10-16,WebBrowser,72,0.55,0,Tablet
3704,1696,2,2024-11-21,StreamMax,86,0.78,0,TV
3705,1158,1,2024-11-22,MobileApp,123,0.85,0,Tablet
3706,1281,1,2024-08-13,TabletApp,106,0.7,0,TV
3707,1769,12,2024-08-20,WebBrowser,115,0.81,0,Tablet
3708,1661,14,2025-04-09,WebBrowser,75,0.68,0,TV
3709,354,3,2025-04-25,MobileApp,115,0.93,0,Mobile
3710,988,1,2025-04-05,WebBrowser,88,0.88,0,Tablet
3711,1600,6,2025-01-26,MobileApp,93,0.78,0,Mobile
3712,590,6,2025-03-16,WebBrowser,102,1.0,0,Tablet
3713,45,8,2025-01-28,TabletApp,112,0.86,0,Mobile
3714,1242,1,2025-03-20,WebBrowser,59,0.63,0,Desktop
3715,980,2,2024-06-24,MobileApp,29,0.31,0,TV
3716,1187,12,2024-06-10,SmartTV,59,0.4,0,Tablet
3717,1467,8,2024-08-29,TabletApp,102,0.83,0,Mobile
3718,777,1,2025-03-23,StreamMax,77,0.75,0,Desktop
3719,616,8,2025-01-02,MobileApp,86,0.93,0,Mobile
3720,1134,7,2025-01-23,SmartTV,100,1.0,0,TV
3721,197,8,2024-07-13,MobileApp,69,0.76,1,Mobile
3722,1235,15,2024-12-15,TabletApp,141,0.99,0,Desktop
3723,1899,8,2024-10-27,WebBrowser,100,0.88,0,TV
3724,1086,13,2025-02-12,WebBrowser,60,0.51,0,Desktop
3725,1127,3,2025-04-19,MobileApp,78,0.84,0,Desktop
3726,973,13,2024-08-09,WebBrowser,76,0.78,0,Mobile
3727,733,5,2024-06-24,SmartTV,124,0.96,0,Tablet
3728,1242,6,2024-08-14,TabletApp,62,0.49,0,Tablet
3729,1955,1,2025-03-13,TabletApp,120,0.8,1,TV
3730,163,13,2024-08-27,WebBrowser,128,0.9,0,Tablet
3731,1020,6,2025-03-03,StreamMax,55,0.57,0,Tablet
3732,1786,5,2024-08-24,SmartTV,97,0.72,0,TV
3733,649,1,2025-02-04,StreamMax,68,0.45,0,TV
3734,159,1,2024-06-05,MobileApp,35,0.37,0,TV
3735,1410,2,2024-10-06,WebBrowser,68,0.62,0,Mobile
3736,811,3,2024-09-22,StreamMax,110,0.86,0,Desktop
3737,1849,5,2024-07-03,StreamMax,69,0.76,0,TV
3738,908,5,2024-09-24,MobileApp,96,0.97,0,Mobile
3739,1467,10,2024-07-04,SmartTV,145,0.99,0,Mobile
3740,924,14,2024-12-02,WebBrowser,53,0.59,1,Mobile
3741,213,2,2025-01-14,MobileApp,51,0.45,1,Tablet
3742,1350,12,2024-06-23,StreamMax,31,0.36,0,TV
3743,848,8,2024-08-20,TabletApp,55,0.35,1,Desktop
3744,1388,14,2024-10-12,WebBrowser,27,0.31,0,Tablet
3745,1734,4,2025-03-31,StreamMax,83,0.6,0,TV
3746,1999,13,2024-10-17,StreamMax,73,0.47,1,Tablet
3747,1700,1,2025-03-13,StreamMax,72,0.8,1,TV
3748,1832,1,2024-11-09,TabletApp,96,0.95,1,Tablet
3749,1975,1,2024-08-17,SmartTV,80,0.72,0,Tablet
3750,1244,15,2025-01-10,SmartTV,76,0.59,1,TV
3751,649,5,2025-01-28,MobileApp,65,0.54,0,Tablet
3752,1551,13,2024-06-30,TabletApp,68,0.57,0,Mobile
3753,1557,11,2025-02-07,StreamMax,65,0.54,0,Desktop
3754,1022,6,2024-07-26,TabletApp,108,0.86,0,Mobile
3755,756,5,2025-03-12,TabletApp,30,0.31,0,TV
3756,1004,4,2024-06-22,WebBrowser,95,0.69,0,Tablet
3757,668,13,2024-06-24,StreamMax,60,0.48,1,TV
3758,1279,10,2024-10-12,WebBrowser,116,0.84,0,Mobile
3759,125,7,2024-11-25,SmartTV,85,0.89,1,Desktop
3760,1049,6,2024-12-30,WebBrowser,108,0.99,0,Tablet
3761,293,1,2025-04-03,StreamMax,104,0.69,0,Mobile
3762,783,6,2025-03-03,StreamMax,32,0.36,0,Mobile
3763,451,14,2025-01-05,MobileApp,81,0.55,0,Desktop
3764,1333,8,2025-01-26,StreamMax,57,0.57,0,Mobile
3765,1605,13,2024-07-13,WebBrowser,48,0.53,0,Mobile
3766,1784,9,2025-01-21,TabletApp,55,0.54,1,Mobile
3767,1869,14,2025-01-29,TabletApp,75,0.69,0,TV
3768,895,5,2024-07-23,WebBrowser,95,0.67,0,Mobile
3769,1000,6,2024-08-07,MobileApp,84,0.78,0,Desktop
3770,1770,3,2024-07-31,TabletApp,42,0.48,0,Mobile
3771,927,5,2024-08-30,TabletApp,122,0.82,0,Tablet
3772,950,14,2024-10-22,TabletApp,79,0.85,0,Mobile
3773,1578,1,2025-03-16,WebBrowser,107,0.87,0,Tablet
3774,1736,8,2025-03-01,StreamMax,155,0.99,0,Desktop
3775,830,4,2024-08-06,WebBrowser,39,0.34,0,Mobile
3776,1106,13,2024-06-20,StreamMax,60,0.4,0,Tablet
3777,345,13,2024-06-25,MobileApp,111,0.81,0,Desktop
3778,1899,14,2024-11-20,SmartTV,73,0.73,0,Tablet
3779,1543,14,2024-07-10,MobileApp,84,0.6,1,Tablet
3780,1984,13,2024-11-25,MobileApp,93,0.68,0,Mobile
3781,737,1,2024-10-03,MobileApp,84,0.56,1,Mobile
3782,365,8,2024-11-15,StreamMax,121,0.91,1,Mobile
3783,550,5,2024-06-10,MobileApp,107,0.73,1,Tablet
3784,1674,14,2025-03-02,StreamMax,116,0.94,0,Mobile
3785,896,8,2024-12-17,TabletApp,66,0.53,0,Desktop
3786,1547,13,2025-03-16,StreamMax,41,0.46,0,Mobile
3787,1663,2,2024-11-08,StreamMax,125,0.89,0,Tablet
3788,787,13,2024-10-20,WebBrowser,83,0.7,0,Mobile
3789,958,3,2025-04-09,TabletApp,125,0.98,1,Mobile
3790,31,3,2024-08-04,TabletApp,99,0.64,0,Tablet
3791,755,6,2024-07-29,StreamMax,88,1.0,0,Mobile
3792,243,14,2025-04-16,WebBrowser,87,0.68,0,Tablet
3793,1111,2,2025-02-16,SmartTV,131,0.84,0,TV
3794,328,1,2025-02-17,StreamMax,54,0.42,0,TV
3795,377,3,2024-06-07,TabletApp,58,0.56,0,TV
3796,1840,12,2024-06-29,MobileApp,49,0.38,0,Mobile
3797,897,1,2025-03-11,StreamMax,87,0.66,0,Mobile
3798,1773,2,2025-04-15,TabletApp,84,0.82,0,Mobile
3799,735,7,2024-07-18,MobileApp,88,0.88,0,Mobile
3800,1295,6,2024-06-22,StreamMax,132,0.98,0,Desktop
3801,1581,2,2024-08-18,WebBrowser,66,0.63,0,TV
3802,1047,6,2025-01-25,StreamMax,100,0.89,0,Desktop
3803,365,9,2024-09-13,StreamMax,97,0.72,0,Desktop
3804,93,5,2025-01-11,StreamMax,45,0.36,0,Desktop
3805,609,8,2025-04-12,TabletApp,46,0.36,1,Mobile
3806,1831,8,2025-01-07,MobileApp,70,0.57,0,Desktop
3807,717,15,2024-09-08,SmartTV,45,0.36,0,TV
3808,862,5,2025-03-10,StreamMax,112,0.83,0,TV
3809,1877,15,2024-10-29,StreamMax,66,0.57,0,Tablet
3810,1600,13,2024-09-25,MobileApp,43,0.47,0,TV
3811,1689,1,2025-01-29,MobileApp,120,0.78,0,Tablet
3812,298,1,2025-04-03,WebBrowser,85,0.8,0,Mobile
3813,636,1,2024-10-04,WebBrowser,97,0.68,0,TV
3814,1663,6,2025-02-11,StreamMax,104,0.76,0,Tablet
3815,1503,3,2025-02-15,MobileApp,102,0.72,0,Mobile
3816,1989,4,2025-02-04,TabletApp,41,0.44,0,Desktop
3817,1809,2,2024-06-23,StreamMax,62,0.69,0,Desktop
3818,1024,3,2024-06-26,SmartTV,108,0.74,0,Tablet
3819,7,1,2025-03-16,MobileApp,91,0.65,0,Desktop
3820,1332,6,2024-07-05,TabletApp,144,0.92,0,Mobile
3821,1811,5,2024-12-22,TabletApp,136,0.9,0,Desktop
3822,97,6,2024-11-07,SmartTV,87,0.81,0,TV
3823,1032,5,2024-06-12,WebBrowser,58,0.6,0,Desktop
3824,207,8,2025-04-09,TabletApp,106,0.73,0,Desktop
3825,1142,1,2024-07-02,TabletApp,43,0.49,0,TV
3826,530,13,2024-10-10,TabletApp,137,0.94,0,TV
3827,1094,14,2024-10-05,SmartTV,60,0.43,0,Tablet
3828,1300,14,2024-08-09,StreamMax,63,0.57,0,Mobile
3829,866,6,2024-12-30,TabletApp,65,0.51,1,Tablet
3830,622,8,2024-09-22,WebBrowser,116,0.75,0,Mobile
3831,434,12,2025-01-14,MobileApp,87,0.67,0,Desktop
3832,1796,5,2025-02-25,SmartTV,60,0.67,1,Mobile
3833,1956,4,2024-11-11,MobileApp,64,0.64,0,Tablet
3834,160,2,2024-10-24,WebBrowser,89,0.87,0,Tablet
3835,554,15,2025-02-02,SmartTV,88,0.72,0,Mobile
3836,1116,6,2024-08-21,SmartTV,56,0.61,0,Tablet
3837,277,5,2024-06-17,WebBrowser,59,0.67,0,Tablet
3838,28,2,2024-07-29,SmartTV,76,0.53,0,Tablet
3839,1229,1,2025-04-11,SmartTV,120,0.79,1,TV
3840,648,8,2024-11-23,MobileApp,95,0.76,0,Tablet
3841,358,5,2025-04-09,WebBrowser,40,0.43,0,Tablet
3842,556,6,2024-06-23,StreamMax,54,0.6,0,TV
3843,1059,1,2024-08-23,TabletApp,111,0.95,0,Desktop
3844,1262,15,2024-08-09,TabletApp,134,0.86,0,Desktop
3845,1325,1,2024-10-08,MobileApp,91,0.65,0,Tablet
3846,124,15,2024-09-25,WebBrowser,74,0.55,0,Mobile
3847,640,7,2024-09-11,SmartTV,62,0.64,1,Desktop
3848,986,5,2024-09-27,WebBrowser,65,0.74,0,Mobile
3849,877,1,2024-12-29,TabletApp,82,0.9,0,Mobile
3850,1604,3,2024-06-19,StreamMax,68,0.7,0,Mobile
3851,729,6,2025-03-31,SmartTV,115,0.91,1,Desktop
3852,197,1,2025-01-29,WebBrowser,112,0.92,0,Tablet
3853,1766,10,2025-04-30,SmartTV,68,0.78,0,Desktop
3854,1382,4,2025-03-09,MobileApp,102,0.7,0,Desktop
3855,844,1,2025-04-10,StreamMax,93,0.93,0,Mobile
3856,1391,8,2024-12-24,StreamMax,79,0.83,1,Mobile
3857,1870,2,2024-10-08,SmartTV,31,0.3,0,Mobile
3858,361,5,2024-08-15,SmartTV,139,0.99,0,TV
3859,848,11,2024-11-21,SmartTV,57,0.4,0,TV
3860,583,15,2025-02-11,StreamMax,111,0.92,0,Tablet
3861,1042,1,2024-12-09,TabletApp,101,0.91,0,Tablet
3862,1228,4,2025-04-24,SmartTV,140,0.93,0,Desktop
3863,1483,1,2024-07-06,TabletApp,99,0.92,0,Desktop
3864,102,11,2024-07-21,MobileApp,71,0.58,0,Desktop
3865,275,8,2025-04-05,SmartTV,141,0.97,0,TV
3866,1589,2,2024-08-14,SmartTV,91,0.72,0,Tablet
3867,1875,14,2025-02-11,StreamMax,97,0.79,0,Tablet
3868,266,14,2024-10-13,SmartTV,103,0.75,1,Tablet
3869,1778,1,2025-02-17,StreamMax,56,0.45,0,Mobile
3870,1286,5,2024-07-09,TabletApp,46,0.32,0,Desktop
3871,339,8,2025-03-24,WebBrowser,67,0.7,0,Desktop
3872,1030,1,2024-08-04,StreamMax,96,0.65,1,Desktop
3873,1213,3,2024-07-07,WebBrowser,40,0.3,0,Mobile
3874,1738,5,2025-02-26,SmartTV,95,0.82,0,TV
3875,718,14,2024-07-30,SmartTV,88,0.76,0,TV
3876,1468,3,2025-01-26,StreamMax,119,0.78,0,Desktop
3877,1503,1,2024-10-01,MobileApp,91,0.73,0,Tablet
3878,1605,7,2024-10-16,WebBrowser,81,0.9,0,Mobile
3879,335,1,2024-07-08,WebBrowser,95,0.86,0,Desktop
3880,1352,1,2025-02-17,SmartTV,43,0.36,0,Desktop
3881,1302,11,2025-01-20,SmartTV,32,0.34,1,Tablet
3882,760,1,2025-04-27,MobileApp,112,0.81,0,Desktop
3883,829,2,2024-08-31,MobileApp,107,0.95,0,Tablet
3884,1962,1,2025-02-09,SmartTV,67,0.72,0,Mobile
3885,1273,6,2025-04-25,WebBrowser,72,0.47,0,TV
3886,1988,1,2025-04-30,MobileApp,61,0.43,0,Mobile
3887,616,12,2024-12-03,TabletApp,49,0.49,0,Desktop
3888,1873,15,2024-12-03,TabletApp,66,0.62,0,Desktop
3889,37,10,2024-07-22,StreamMax,78,0.59,0,TV
3890,1902,1,2024-10-24,StreamMax,129,0.86,0,TV
3891,396,10,2024-09-13,TabletApp,50,0.35,1,Desktop
3892,1363,1,2024-09-18,WebBrowser,113,0.87,1,Tablet
3893,1760,10,2025-01-24,MobileApp,53,0.57,0,Mobile
3894,1610,11,2024-06-23,WebBrowser,65,0.42,0,TV
3895,1683,13,2025-02-23,StreamMax,113,0.77,0,TV
3896,257,1,2025-04-25,MobileApp,107,0.76,0,Mobile
3897,442,4,2025-02-09,TabletApp,120,0.88,0,Tablet
3898,1858,8,2024-08-25,SmartTV,120,0.8,0,Tablet
3899,367,11,2024-12-20,SmartTV,139,0.94,0,Mobile
3900,713,10,2024-08-23,TabletApp,87,0.77,0,Mobile
3901,914,6,2025-04-05,SmartTV,43,0.43,1,TV
3902,1247,2,2024-10-16,TabletApp,88,0.87,0,Tablet
3903,647,8,2025-03-22,MobileApp,134,0.98,0,Desktop
3904,13,7,2025-03-22,WebBrowser,101,0.96,0,Mobile
3905,923,12,2024-09-26,TabletApp,107,0.77,0,Tablet
3906,1381,1,2024-07-27,StreamMax,40,0.41,0,Desktop
3907,1089,1,2025-01-09,WebBrowser,55,0.62,0,Mobile
3908,1698,3,2024-12-09,TabletApp,57,0.59,0,Tablet
3909,1406,10,2024-12-10,SmartTV,85,0.86,0,TV
3910,4,2,2024-07-12,WebBrowser,33,0.3,0,TV
3911,1423,6,2024-11-03,WebBrowser,87,0.62,0,Tablet
3912,1486,13,2024-08-11,WebBrowser,105,0.71,1,Mobile
3913,692,11,2024-06-02,TabletApp,77,0.6,0,Desktop
3914,112,2,2025-04-10,MobileApp,120,0.85,0,Tablet
3915,1770,8,2025-01-01,SmartTV,121,0.89,0,Tablet
3916,1711,2,2024-06-07,MobileApp,66,0.53,0,Mobile
3917,1453,14,2025-02-26,MobileApp,49,0.35,0,Mobile
3918,1645,14,2025-04-29,StreamMax,74,0.56,0,Mobile
3919,250,6,2024-12-21,WebBrowser,83,0.72,1,Tablet
3920,1181,1,2025-01-16,WebBrowser,91,0.62,0,Desktop
3921,1179,1,2024-10-24,StreamMax,43,0.32,0,TV
3922,1695,8,2024-07-06,TabletApp,96,0.9,1,Desktop
3923,1372,1,2025-02-06,WebBrowser,86,0.68,0,Desktop
3924,444,2,2025-01-20,TabletApp,75,0.54,0,Tablet
3925,916,15,2024-10-08,MobileApp,104,0.94,0,Mobile
3926,902,8,2024-07-04,WebBrowser,111,0.93,1,TV
3927,1664,1,2024-09-08,WebBrowser,98,0.86,0,Desktop
3928,180,10,2024-07-04,WebBrowser,119,0.88,0,Mobile
3929,1098,3,2024-08-21,SmartTV,103,0.93,0,Tablet
3930,1248,3,2025-04-25,MobileApp,90,0.88,0,Tablet
3931,115,11,2025-03-18,MobileApp,53,0.49,0,TV
3932,837,14,2025-04-24,StreamMax,73,0.47,0,Mobile
3933,1700,13,2025-04-09,TabletApp,34,0.34,0,Desktop
3934,1189,5,2024-06-12,TabletApp,46,0.32,0,Tablet
3935,577,10,2025-04-03,TabletApp,63,0.48,0,Mobile
3936,457,8,2025-04-12,WebBrowser,51,0.48,0,Mobile
3937,1441,15,2025-04-17,WebBrowser,105,0.98,0,Mobile
3938,1026,1,2025-01-05,WebBrowser,91,0.97,1,Mobile
3939,1706,14,2024-10-28,WebBrowser,50,0.52,1,Tablet
3940,797,13,2024-07-20,MobileApp,54,0.37,1,TV
3941,5,1,2024-12-27,SmartTV,57,0.63,0,TV
3942,574,7,2024-06-06,WebBrowser,71,0.48,0,TV
3943,362,10,2024-10-24,MobileApp,92,1.0,0,Mobile
3944,1529,5,2025-02-22,WebBrowser,90,0.91,0,Tablet
3945,312,1,2024-11-06,WebBrowser,108,0.74,0,Mobile
3946,1208,8,2024-11-25,MobileApp,103,0.9,1,Mobile
3947,78,8,2024-07-13,MobileApp,43,0.31,0,Desktop
3948,908,15,2025-02-04,StreamMax,116,0.79,0,TV
3949,339,13,2025-01-03,TabletApp,76,0.65,0,TV
3950,541,10,2024-09-10,TabletApp,94,0.79,0,Mobile
3951,1298,2,2024-06-03,SmartTV,48,0.38,0,TV
3952,1377,11,2024-12-07,MobileApp,91,0.91,0,TV
3953,1651,15,2024-10-06,WebBrowser,46,0.41,0,Desktop
3954,497,8,2024-07-31,SmartTV,67,0.62,0,Desktop
3955,481,1,2024-10-07,TabletApp,42,0.37,0,Tablet
3956,1815,11,2025-01-08,MobileApp,75,0.53,0,Tablet
3957,457,2,2024-12-09,SmartTV,43,0.31,1,TV
3958,1476,11,2025-02-23,TabletApp,41,0.33,0,TV
3959,1758,1,2025-03-05,MobileApp,55,0.41,0,TV
3960,1533,7,2024-09-01,StreamMax,101,0.7,0,Desktop
3961,740,8,2025-02-15,WebBrowser,111,0.97,0,Mobile
3962,1103,5,2024-08-08,WebBrowser,92,0.88,0,Desktop
3963,1361,14,2024-07-13,SmartTV,143,0.98,1,Mobile
3964,406,1,2024-08-09,MobileApp,55,0.61,1,Mobile
3965,1791,12,2024-10-25,WebBrowser,138,0.96,1,Tablet
3966,1116,13,2025-02-16,MobileApp,111,0.79,0,Mobile
3967,901,2,2025-03-30,StreamMax,105,0.71,0,TV
3968,378,2,2025-03-04,StreamMax,150,0.95,0,Desktop
3969,1591,8,2024-09-23,SmartTV,135,0.99,0,TV
3970,1556,12,2025-04-27,SmartTV,87,0.64,1,TV
3971,1283,1,2024-11-15,MobileApp,44,0.41,0,Desktop
3972,1581,11,2024-12-26,MobileApp,107,0.88,0,Tablet
3973,1061,1,2024-06-30,StreamMax,93,0.69,1,Tablet
3974,1634,8,2025-04-30,SmartTV,53,0.44,0,Tablet
3975,1084,8,2024-09-11,TabletApp,70,0.66,0,Tablet
3976,1193,1,2025-02-20,StreamMax,136,1.0,0,Desktop
3977,765,6,2025-02-09,StreamMax,86,0.86,0,Desktop
3978,738,8,2024-12-10,MobileApp,101,0.72,0,Mobile
3979,786,9,2025-04-11,MobileApp,53,0.51,0,Mobile
3980,1932,9,2025-03-08,WebBrowser,141,0.92,0,Mobile
3981,1835,1,2024-06-02,MobileApp,55,0.5,0,Mobile
3982,1994,2,2024-12-29,SmartTV,100,0.66,1,TV
3983,1577,3,2024-10-18,MobileApp,67,0.45,0,Desktop
3984,1759,1,2025-02-09,MobileApp,141,1.0,1,Desktop
3985,149,11,2025-03-28,StreamMax,53,0.35,1,Desktop
3986,609,7,2024-10-02,TabletApp,48,0.33,1,TV
3987,770,14,2025-02-18,MobileApp,96,0.8,0,Mobile
3988,1968,7,2024-06-17,WebBrowser,54,0.35,0,Desktop
3989,1462,8,2024-09-25,WebBrowser,39,0.37,0,Tablet
3990,16,3,2024-09-20,StreamMax,39,0.34,0,Tablet
3991,918,7,2024-06-09,MobileApp,61,0.52,0,TV
3992,1130,7,2024-07-18,SmartTV,141,0.91,0,Desktop
3993,448,1,2024-06-13,MobileApp,50,0.38,1,Desktop
3994,184,13,2025-03-11,StreamMax,92,0.92,0,Desktop
3995,88,1,2024-06-10,TabletApp,128,0.88,0,Desktop
3996,132,10,2024-09-24,MobileApp,63,0.58,0,Mobile
3997,1357,1,2025-01-16,StreamMax,106,0.97,1,Mobile
3998,639,12,2024-06-03,WebBrowser,43,0.35,0,Mobile
3999,484,13,2024-12-24,WebBrowser,48,0.33,0,Tablet
4000,1296,1,2025-03-31,StreamMax,126,0.8,0,Desktop
4001,1818,9,2024-11-27,SmartTV,52,0.46,0,Tablet
4002,863,10,2024-08-07,StreamMax,50,0.53,0,TV
4003,245,5,2025-02-04,StreamMax,62,0.47,1,TV
4004,454,1,2025-02-20,TabletApp,57,0.61,1,Desktop
4005,1,3,2025-01-31,SmartTV,58,0.52,0,Tablet
4006,490,5,2024-09-30,WebBrowser,80,0.69,0,TV
4007,411,6,2024-09-22,TabletApp,92,0.72,0,Mobile
4008,1132,1,2025-01-19,SmartTV,117,0.78,0,TV
4009,494,6,2025-04-28,SmartTV,52,0.38,0,Mobile
4010,524,2,2025-04-21,SmartTV,125,0.93,0,TV
4011,1522,5,2024-10-26,StreamMax,71,0.75,0,Mobile
4012,347,1,2025-02-14,TabletApp,56,0.37,1,Mobile
4013,33,5,2025-04-01,SmartTV,57,0.38,0,TV
4014,1522,1,2025-03-24,WebBrowser,130,0.95,0,TV
4015,575,11,2024-12-23,MobileApp,51,0.37,0,TV
4016,1502,15,2025-04-06,WebBrowser,101,0.77,0,Tablet
4017,338,11,2024-06-06,SmartTV,35,0.4,1,Tablet
4018,62,1,2025-03-28,WebBrowser,66,0.54,0,TV
4019,597,1,2024-08-13,StreamMax,118,0.8,0,Tablet
4020,691,14,2024-09-20,SmartTV,43,0.35,0,TV
4021,1147,1,2025-03-22,WebBrowser,65,0.73,0,TV
4022,401,3,2024-11-09,MobileApp,72,0.6,1,Desktop
4023,417,8,2024-12-29,TabletApp,68,0.74,0,Desktop
4024,117,3,2025-04-27,WebBrowser,81,0.67,0,Tablet
4025,1713,1,2024-09-10,WebBrowser,62,0.61,0,Tablet
4026,356,1,2025-02-11,StreamMax,106,0.94,0,Mobile
4027,382,6,2024-09-04,SmartTV,89,0.68,1,Tablet
4028,1391,5,2024-06-17,WebBrowser,44,0.37,0,TV
4029,550,11,2025-03-11,WebBrowser,42,0.42,0,Desktop
4030,1737,2,2025-04-09,StreamMax,82,0.82,0,Desktop
4031,867,11,2025-04-30,WebBrowser,101,0.76,1,Desktop
4032,1601,12,2024-12-13,WebBrowser,61,0.5,1,Tablet
4033,950,5,2025-03-12,MobileApp,118,0.87,0,Mobile
4034,1888,7,2024-11-28,SmartTV,32,0.34,0,Desktop
4035,1808,4,2024-06-08,TabletApp,100,0.92,0,Mobile
4036,706,1,2025-04-18,SmartTV,53,0.53,0,Desktop
4037,684,3,2024-08-12,TabletApp,34,0.31,0,TV
4038,242,12,2025-03-02,TabletApp,85,0.83,0,Mobile
4039,381,11,2025-02-27,SmartTV,83,0.9,0,Tablet
4040,1822,6,2024-06-08,MobileApp,127,0.81,1,Desktop
4041,1080,8,2024-10-27,WebBrowser,44,0.31,0,Tablet
4042,1426,8,2024-07-04,StreamMax,73,0.71,0,Tablet
4043,1186,13,2025-01-21,WebBrowser,42,0.32,0,TV
4044,1448,4,2024-10-21,TabletApp,45,0.32,1,Mobile
4045,507,13,2025-02-17,WebBrowser,88,0.62,0,TV
4046,1581,2,2025-04-21,WebBrowser,70,0.52,0,TV
4047,946,8,2025-04-16,MobileApp,55,0.41,0,Desktop
4048,975,1,2025-02-03,StreamMax,144,0.96,0,Mobile
4049,83,8,2024-11-15,StreamMax,76,0.59,1,TV
4050,479,1,2025-04-25,MobileApp,93,0.61,0,Tablet
4051,1424,5,2025-03-08,StreamMax,51,0.36,1,Mobile
4052,965,8,2024-06-04,MobileApp,50,0.41,1,Tablet
4053,905,10,2024-10-07,WebBrowser,93,0.81,0,Mobile
4054,1987,1,2024-07-09,StreamMax,59,0.48,0,Tablet
4055,1649,10,2025-01-10,WebBrowser,86,0.82,0,Mobile
4056,588,10,2025-01-23,StreamMax,62,0.57,0,TV
4057,987,6,2024-09-26,StreamMax,102,0.81,0,TV
4058,1626,14,2024-12-31,MobileApp,131,0.91,0,Mobile
4059,1049,11,2025-03-01,WebBrowser,58,0.53,0,Tablet
4060,39,8,2024-06-08,TabletApp,104,0.68,0,Desktop
4061,611,1,2025-03-08,TabletApp,113,0.77,0,Mobile
4062,1848,5,2025-01-08,StreamMax,48,0.31,1,TV
4063,1041,14,2025-04-14,SmartTV,34,0.33,0,Tablet
4064,379,11,2025-03-12,WebBrowser,73,0.67,0,Desktop
4065,774,3,2024-06-18,WebBrowser,149,0.95,0,Tablet
4066,161,12,2024-10-13,TabletApp,68,0.69,0,Tablet
4067,1563,14,2024-08-17,TabletApp,80,0.71,0,Mobile
4068,14,3,2025-04-29,MobileApp,71,0.46,0,Mobile
4069,823,8,2024-10-25,TabletApp,76,0.64,0,Tablet
4070,1415,2,2024-12-26,MobileApp,69,0.69,1,Tablet
4071,1819,8,2024-08-22,TabletApp,74,0.74,0,TV
4072,1350,14,2025-03-24,TabletApp,65,0.43,0,Desktop
4073,815,1,2025-02-05,MobileApp,31,0.34,0,TV
4074,1487,1,2025-01-29,WebBrowser,121,0.83,0,Tablet
4075,30,3,2025-01-28,TabletApp,49,0.41,0,Mobile
4076,63,4,2024-10-06,WebBrowser,100,0.71,0,Desktop
4077,1371,7,2024-10-03,TabletApp,70,0.61,0,TV
4078,1162,14,2024-09-23,TabletApp,91,0.96,1,Desktop
4079,1324,11,2025-02-20,TabletApp,52,0.37,0,TV
4080,1586,2,2025-01-02,MobileApp,75,0.71,1,Desktop
4081,343,1,2025-04-20,WebBrowser,78,0.51,0,Mobile
4082,1638,4,2024-08-21,WebBrowser,43,0.46,0,Mobile
4083,1180,1,2025-01-05,StreamMax,123,1.0,1,Mobile
4084,897,2,2024-07-24,StreamMax,106,0.99,1,Desktop
4085,263,10,2024-10-24,TabletApp,86,0.68,0,Desktop
4086,919,2,2025-03-06,StreamMax,106,0.75,0,Desktop
4087,267,11,2025-01-18,StreamMax,86,0.62,0,Desktop
4088,1332,8,2024-11-17,WebBrowser,88,0.75,0,Mobile
4089,1583,6,2025-01-29,TabletApp,70,0.5,0,Desktop
4090,851,14,2024-12-25,MobileApp,113,0.95,0,TV
4091,176,5,2025-02-15,SmartTV,56,0.49,0,Tablet
4092,1822,10,2025-02-24,TabletApp,57,0.55,0,TV
4093,848,6,2024-07-08,MobileApp,104,0.68,0,TV
4094,1159,7,2024-08-25,StreamMax,58,0.43,0,TV
4095,9,3,2024-09-02,WebBrowser,75,0.55,0,Desktop
4096,982,1,2025-02-20,TabletApp,54,0.42,0,Mobile
4097,1555,14,2024-07-26,WebBrowser,94,0.81,0,Desktop
4098,1207,11,2024-10-28,StreamMax,45,0.3,0,Tablet
4099,1281,2,2024-08-20,StreamMax,96,0.61,0,Tablet
4100,1759,3,2024-08-01,StreamMax,43,0.31,0,Tablet
4101,7,14,2025-02-09,MobileApp,135,0.89,0,Desktop
4102,482,9,2024-08-05,MobileApp,68,0.74,0,TV
4103,372,8,2024-12-01,WebBrowser,89,0.93,0,TV
4104,973,5,2024-11-02,MobileApp,75,0.66,0,Mobile
4105,1365,9,2025-02-09,SmartTV,67,0.77,0,TV
4106,981,15,2024-09-16,StreamMax,83,0.67,0,Tablet
4107,59,1,2025-01-07,WebBrowser,96,0.95,1,Mobile
4108,397,8,2024-07-11,StreamMax,84,0.61,1,Desktop
4109,1421,3,2024-12-09,TabletApp,82,0.56,0,Mobile
4110,472,3,2024-12-16,SmartTV,131,0.91,0,TV
4111,1609,3,2024-06-09,SmartTV,63,0.57,0,Desktop
4112,764,5,2024-09-08,TabletApp,71,0.46,0,TV
4113,1206,8,2025-01-09,StreamMax,96,0.71,0,Mobile
4114,1552,7,2024-11-11,SmartTV,60,0.66,0,Mobile
4115,457,2,2024-11-04,SmartTV,81,0.67,0,Tablet
4116,1155,1,2024-10-02,MobileApp,79,0.73,0,Desktop
4117,1231,13,2025-04-28,MobileApp,97,0.78,1,Mobile
4118,174,9,2024-09-10,SmartTV,63,0.49,1,Mobile
4119,974,14,2024-09-03,TabletApp,73,0.54,0,Desktop
4120,1313,1,2024-09-16,MobileApp,83,0.54,0,Mobile
4121,759,8,2024-07-26,SmartTV,92,0.98,0,Tablet
4122,990,6,2024-12-12,TabletApp,134,1.0,0,Desktop
4123,1474,10,2024-08-07,WebBrowser,67,0.49,0,Mobile
4124,966,8,2024-11-08,TabletApp,76,0.53,1,Desktop
4125,1239,1,2025-03-27,TabletApp,34,0.32,0,TV
4126,417,14,2025-03-14,MobileApp,147,0.95,0,Tablet
4127,572,5,2024-08-01,WebBrowser,63,0.46,0,Tablet
4128,1238,12,2025-03-26,TabletApp,50,0.57,0,Tablet
4129,1870,2,2024-07-11,StreamMax,124,0.99,0,Desktop
4130,79,3,2025-04-16,SmartTV,47,0.5,0,TV
4131,382,6,2025-01-21,SmartTV,35,0.34,0,TV
4132,984,10,2025-03-15,TabletApp,56,0.59,0,Tablet
4133,335,12,2025-03-09,WebBrowser,59,0.63,0,Mobile
4134,504,13,2025-04-09,WebBrowser,46,0.39,0,Desktop
4135,345,6,2025-03-14,MobileApp,87,0.96,0,Mobile
4136,39,9,2025-03-14,TabletApp,102,0.76,0,Tablet
4137,1474,1,2025-01-27,MobileApp,55,0.55,0,Desktop
4138,1231,12,2025-04-18,WebBrowser,54,0.42,1,Tablet
4139,1906,12,2025-01-31,WebBrowser,98,0.78,1,Mobile
4140,982,11,2025-02-02,MobileApp,48,0.35,0,Tablet
4141,1743,10,2025-02-26,MobileApp,82,0.59,0,Tablet
4142,1094,2,2024-08-01,MobileApp,53,0.47,0,Tablet
4143,1403,1,2025-04-11,StreamMax,83,0.66,0,Tablet
4144,1658,5,2024-10-20,StreamMax,101,0.7,0,Desktop
4145,551,5,2024-10-06,SmartTV,113,0.87,0,Mobile
4146,779,8,2024-08-27,StreamMax,51,0.33,1,Desktop
4147,1262,13,2024-10-06,MobileApp,141,0.93,0,Mobile
4148,1207,11,2024-08-23,MobileApp,117,0.88,1,TV
4149,1297,1,2025-02-24,StreamMax,67,0.73,1,Desktop
4150,386,13,2024-07-16,MobileApp,108,0.85,1,Mobile
4151,1828,14,2024-08-02,SmartTV,138,0.95,0,TV
4152,298,10,2025-01-23,StreamMax,84,0.6,0,Desktop
4153,1668,6,2025-03-20,MobileApp,92,0.82,0,TV
4154,1724,6,2025-04-12,StreamMax,55,0.52,0,TV
4155,657,2,2025-01-16,StreamMax,78,0.58,0,Desktop
4156,1723,13,2024-12-04,SmartTV,47,0.34,0,Desktop
4157,629,1,2024-07-03,MobileApp,144,0.96,0,Tablet
4158,288,5,2024-09-17,SmartTV,68,0.48,0,TV
4159,1532,3,2024-07-03,MobileApp,37,0.39,0,TV
4160,843,10,2025-01-19,SmartTV,110,0.77,0,Mobile
4161,1233,1,2025-02-18,TabletApp,111,0.73,0,TV
4162,1695,9,2024-11-18,SmartTV,129,0.99,1,TV
4163,1975,8,2025-01-07,WebBrowser,60,0.39,1,Mobile
4164,1047,6,2024-07-14,TabletApp,104,0.88,0,Tablet
4165,1735,11,2024-07-08,StreamMax,56,0.47,0,TV
4166,1031,8,2024-11-10,MobileApp,48,0.31,0,Mobile
4167,1376,10,2024-11-09,SmartTV,118,0.84,0,Mobile
4168,48,5,2025-04-18,StreamMax,75,0.75,0,TV
4169,931,11,2024-09-20,SmartTV,80,0.75,0,Mobile
4170,647,2,2025-03-01,MobileApp,62,0.49,1,TV
4171,1708,3,2024-08-05,SmartTV,87,0.68,0,Mobile
4172,338,8,2024-09-16,StreamMax,50,0.38,1,Tablet
4173,1804,2,2024-11-23,StreamMax,70,0.78,0,TV
4174,1564,8,2025-04-20,TabletApp,49,0.45,0,Tablet
4175,1831,1,2024-11-17,SmartTV,113,0.84,1,Tablet
4176,1819,12,2025-02-14,SmartTV,77,0.51,0,TV
4177,907,10,2025-03-07,TabletApp,91,0.78,0,TV
4178,61,2,2025-03-24,TabletApp,76,0.78,0,TV
4179,1121,11,2025-01-12,TabletApp,74,0.67,1,Mobile
4180,1159,9,2024-11-22,MobileApp,97,0.64,0,Desktop
4181,1749,1,2024-07-07,TabletApp,92,0.69,1,TV
4182,1626,5,2025-04-22,WebBrowser,70,0.78,0,TV
4183,323,13,2024-11-11,WebBrowser,106,0.78,0,Desktop
4184,917,14,2024-07-21,WebBrowser,145,0.96,0,Tablet
4185,110,12,2025-03-24,MobileApp,63,0.69,0,TV
4186,1358,13,2024-08-04,TabletApp,45,0.33,1,Tablet
4187,427,15,2025-03-25,SmartTV,43,0.31,1,TV
4188,1014,6,2024-09-06,MobileApp,67,0.73,0,TV
4189,1596,12,2024-10-16,MobileApp,46,0.31,0,Tablet
4190,1109,1,2025-04-16,StreamMax,72,0.82,0,Mobile
4191,1551,10,2024-12-21,TabletApp,71,0.64,0,Mobile
4192,1267,10,2025-04-19,WebBrowser,49,0.48,0,Tablet
4193,861,5,2024-10-19,WebBrowser,58,0.64,0,Desktop
4194,908,4,2024-11-22,StreamMax,61,0.59,0,Mobile
4195,1846,14,2024-09-07,StreamMax,27,0.31,0,Mobile
4196,1075,8,2024-09-22,MobileApp,54,0.42,1,Mobile
4197,1956,1,2025-02-08,WebBrowser,69,0.51,0,TV
4198,78,2,2025-03-09,MobileApp,70,0.56,0,Desktop
4199,1006,1,2025-04-19,SmartTV,134,0.99,1,Tablet
4200,780,1,2024-06-25,MobileApp,49,0.34,0,Tablet
4201,1814,7,2025-04-13,StreamMax,50,0.42,0,Mobile
4202,330,1,2025-04-08,WebBrowser,38,0.32,0,Mobile
4203,1343,10,2024-07-19,WebBrowser,81,0.62,0,Tablet
4204,1105,10,2025-04-19,WebBrowser,75,0.56,0,Desktop
4205,461,11,2024-12-22,TabletApp,94,0.74,0,TV
4206,1909,11,2025-04-05,TabletApp,88,0.98,0,Desktop
4207,1929,10,2025-02-03,WebBrowser,105,0.67,0,Desktop
4208,1102,11,2024-06-03,MobileApp,57,0.5,0,Desktop
4209,1254,1,2025-03-06,StreamMax,61,0.42,0,Desktop
4210,1576,5,2025-01-26,WebBrowser,65,0.54,0,Tablet
4211,1618,11,2024-07-16,TabletApp,109,0.96,0,Mobile
4212,1749,1,2024-08-12,MobileApp,69,0.74,1,TV
4213,184,6,2025-01-30,WebBrowser,94,0.86,1,Desktop
4214,1115,13,2024-06-28,TabletApp,102,0.85,1,Mobile
4215,1416,7,2025-02-19,StreamMax,78,0.8,0,TV
4216,620,6,2024-11-03,StreamMax,92,0.79,0,TV
4217,1596,9,2025-01-24,StreamMax,98,0.95,0,Tablet
4218,829,1,2025-02-20,StreamMax,57,0.37,1,Tablet
4219,1844,15,2025-01-06,MobileApp,132,0.98,0,Desktop
4220,992,14,2024-09-12,StreamMax,127,0.88,0,Tablet
4221,1917,11,2024-12-20,WebBrowser,103,0.67,0,TV
4222,969,1,2025-03-19,TabletApp,126,0.89,0,Desktop
4223,598,8,2024-09-04,WebBrowser,69,0.54,0,Tablet
4224,1710,7,2025-03-19,WebBrowser,112,0.75,1,Desktop
4225,1173,9,2024-12-09,StreamMax,49,0.36,0,Desktop
4226,1333,15,2024-10-06,StreamMax,69,0.76,0,Mobile
4227,723,13,2025-04-27,StreamMax,141,0.98,0,Mobile
4228,1938,8,2024-12-12,MobileApp,93,0.81,0,TV
4229,1007,6,2024-08-17,StreamMax,76,0.54,0,TV
4230,1316,8,2025-04-08,MobileApp,129,0.98,0,TV
4231,258,1,2025-03-24,WebBrowser,70,0.78,0,Mobile
4232,1425,3,2024-12-27,StreamMax,64,0.58,1,Mobile
4233,172,4,2025-04-24,MobileApp,81,0.67,0,Desktop
4234,659,5,2025-01-09,WebBrowser,103,0.67,0,Desktop
4235,297,3,2024-10-29,StreamMax,112,0.93,0,Tablet
4236,194,5,2025-03-02,MobileApp,80,0.64,0,Tablet
4237,618,3,2024-08-06,MobileApp,81,0.72,0,Desktop
4238,1071,10,2025-02-03,TabletApp,35,0.32,1,Mobile
4239,346,6,2025-03-14,TabletApp,74,0.8,0,TV
4240,317,7,2024-12-11,MobileApp,59,0.4,0,Desktop
4241,197,4,2024-08-06,WebBrowser,113,0.77,1,Desktop
4242,525,3,2024-07-24,SmartTV,88,0.74,1,Tablet
4243,1465,6,2024-09-02,SmartTV,92,0.89,0,Tablet
4244,679,7,2024-07-29,StreamMax,64,0.59,0,Mobile
4245,507,6,2024-12-08,TabletApp,82,0.78,0,TV
4246,60,8,2025-04-17,StreamMax,77,0.88,0,Tablet
4247,682,2,2025-02-25,WebBrowser,145,0.97,0,Tablet
4248,236,7,2024-09-24,StreamMax,80,0.68,0,Tablet
4249,1098,1,2025-03-19,MobileApp,55,0.5,1,TV
4250,1692,1,2025-03-05,StreamMax,93,0.68,0,TV
4251,634,11,2024-07-26,SmartTV,85,0.64,0,TV
4252,1321,1,2025-03-24,StreamMax,69,0.76,0,Tablet
4253,1164,13,2025-04-25,MobileApp,74,0.76,1,Desktop
4254,642,14,2025-02-22,StreamMax,42,0.48,0,Tablet
4255,1816,1,2025-01-13,SmartTV,99,0.99,0,TV
4256,1708,2,2025-04-05,WebBrowser,30,0.3,0,Tablet
4257,1933,8,2024-10-08,StreamMax,48,0.31,0,Mobile
4258,1989,11,2025-03-03,MobileApp,77,0.72,0,Mobile
4259,536,13,2024-07-20,SmartTV,98,0.72,0,TV
4260,1423,1,2025-03-17,SmartTV,66,0.47,0,Tablet
4261,1137,8,2025-01-18,StreamMax,151,0.98,1,Desktop
4262,789,7,2024-11-11,StreamMax,82,0.59,1,Mobile
4263,1114,5,2024-06-14,TabletApp,79,0.77,0,Mobile
4264,507,1,2025-04-29,MobileApp,68,0.44,0,Tablet
4265,1508,13,2025-02-01,StreamMax,79,0.74,1,Desktop
4266,145,1,2024-07-02,TabletApp,96,0.68,0,Desktop
4267,1450,2,2025-03-30,MobileApp,86,0.63,0,TV
4268,1744,1,2024-07-05,WebBrowser,94,0.99,0,Desktop
4269,275,6,2025-04-14,MobileApp,96,0.76,0,Tablet
4270,1102,2,2024-09-30,WebBrowser,55,0.51,0,Tablet
4271,552,8,2025-04-12,StreamMax,52,0.53,0,Desktop
4272,737,14,2024-12-03,SmartTV,135,0.89,0,Desktop
4273,1331,14,2024-09-22,TabletApp,55,0.48,1,Mobile
4274,168,13,2025-04-04,TabletApp,41,0.32,0,Desktop
4275,1304,1,2024-08-16,TabletApp,34,0.36,0,Tablet
4276,672,6,2025-04-18,MobileApp,70,0.76,0,Mobile
4277,1743,3,2024-10-13,StreamMax,93,0.95,0,Mobile
4278,332,6,2025-02-18,SmartTV,77,0.5,0,Tablet
4279,528,3,2024-06-22,WebBrowser,97,0.89,0,Tablet
4280,1107,4,2024-06-12,MobileApp,149,0.99,1,Mobile
4281,1356,7,2024-06-12,StreamMax,49,0.55,0,Tablet
4282,431,3,2024-11-12,TabletApp,64,0.61,0,TV
4283,1853,15,2024-12-09,TabletApp,128,0.91,0,TV
4284,1229,6,2024-06-07,TabletApp,39,0.3,0,Desktop
4285,313,5,2024-10-18,TabletApp,98,0.79,0,TV
4286,1390,11,2024-06-20,StreamMax,39,0.3,0,Mobile
4287,1333,5,2025-01-16,SmartTV,118,0.93,0,Mobile
4288,737,8,2025-01-29,SmartTV,84,0.78,0,Tablet
4289,792,3,2024-10-03,TabletApp,91,0.97,0,Tablet
4290,1099,1,2025-04-05,StreamMax,32,0.32,0,Tablet
4291,1313,2,2025-01-22,TabletApp,50,0.52,0,TV
4292,276,13,2024-06-24,MobileApp,83,0.77,0,Tablet
4293,936,13,2024-10-06,TabletApp,64,0.45,0,Desktop
4294,1739,14,2025-02-01,SmartTV,81,0.56,0,TV
4295,1043,1,2024-12-29,SmartTV,150,0.96,0,Tablet
4296,548,11,2025-02-12,WebBrowser,68,0.63,0,Tablet
4297,93,1,2025-02-13,SmartTV,76,0.55,0,Desktop
4298,911,2,2025-04-15,TabletApp,69,0.66,0,TV
4299,13,3,2024-10-25,SmartTV,110,0.87,0,Tablet
4300,402,2,2025-02-02,StreamMax,42,0.33,1,Mobile
4301,1328,8,2024-08-01,SmartTV,63,0.44,0,TV
4302,573,3,2024-08-23,StreamMax,65,0.42,0,Desktop
4303,1327,13,2024-08-17,WebBrowser,73,0.5,0,Mobile
4304,1763,7,2024-07-26,WebBrowser,108,0.8,0,Tablet
4305,1676,3,2024-09-08,TabletApp,68,0.57,0,Mobile
4306,1065,13,2024-11-17,StreamMax,103,0.72,1,Desktop
4307,1175,9,2024-10-17,SmartTV,71,0.63,0,Tablet
4308,1059,10,2025-03-01,WebBrowser,107,0.71,0,Mobile
4309,1079,10,2025-02-02,SmartTV,117,0.86,1,TV
4310,115,7,2025-03-04,TabletApp,49,0.51,0,TV
4311,138,1,2025-01-15,StreamMax,81,0.89,1,Desktop
4312,275,9,2025-01-01,WebBrowser,39,0.31,0,Desktop
4313,1638,14,2025-02-28,SmartTV,104,0.83,0,Tablet
4314,658,6,2024-12-09,MobileApp,70,0.7,0,Mobile
4315,1016,2,2025-02-21,StreamMax,53,0.47,0,Desktop
4316,1882,4,2024-11-05,SmartTV,44,0.38,0,Desktop
4317,1661,2,2024-12-07,MobileApp,75,0.79,0,TV
4318,159,12,2024-07-23,WebBrowser,92,0.84,0,Desktop
4319,1865,4,2024-10-23,WebBrowser,110,0.72,0,Tablet
4320,316,10,2024-09-14,StreamMax,44,0.37,0,Mobile
4321,779,1,2024-06-02,MobileApp,123,0.9,1,TV
4322,574,2,2024-12-30,MobileApp,40,0.3,0,TV
4323,152,5,2024-12-24,WebBrowser,118,0.75,0,Desktop
4324,194,4,2024-12-02,SmartTV,79,0.8,0,Desktop
4325,1750,14,2024-07-19,WebBrowser,71,0.63,1,TV
4326,1496,1,2024-11-07,MobileApp,39,0.42,1,Desktop
4327,1342,4,2025-01-27,SmartTV,44,0.41,0,TV
4328,1911,14,2024-12-02,StreamMax,101,0.86,0,Mobile
4329,463,15,2025-04-10,SmartTV,37,0.31,0,Desktop
4330,1732,6,2025-04-21,StreamMax,51,0.42,0,Mobile
4331,858,10,2025-03-15,MobileApp,99,0.86,0,TV
4332,1043,5,2024-12-07,TabletApp,68,0.71,0,TV
4333,1255,13,2025-03-16,TabletApp,105,0.84,0,Mobile
4334,708,1,2024-12-02,TabletApp,109,0.97,0,Desktop
4335,796,5,2024-06-01,StreamMax,86,0.7,0,Tablet
4336,759,13,2024-06-14,StreamMax,47,0.37,0,Tablet
4337,662,4,2025-02-20,WebBrowser,66,0.72,0,Tablet
4338,1018,13,2024-08-08,SmartTV,44,0.41,0,TV
4339,126,2,2024-12-22,TabletApp,45,0.47,0,Mobile
4340,1747,12,2025-03-16,MobileApp,63,0.63,0,Desktop
4341,161,4,2024-07-17,StreamMax,94,0.89,1,Desktop
4342,223,7,2024-08-08,MobileApp,100,0.87,0,Mobile
4343,1466,3,2024-08-07,SmartTV,97,0.75,0,TV
4344,320,10,2024-08-27,MobileApp,45,0.5,0,Desktop
4345,115,11,2024-06-08,MobileApp,35,0.32,0,Desktop
4346,1377,7,2024-08-22,SmartTV,57,0.49,0,Tablet
4347,1463,8,2024-09-28,TabletApp,57,0.53,0,Tablet
4348,1928,1,2025-02-04,TabletApp,111,1.0,0,TV
4349,1000,5,2024-12-10,TabletApp,78,0.5,1,Tablet
4350,744,8,2024-09-19,StreamMax,68,0.56,0,Mobile
4351,82,8,2025-04-02,MobileApp,40,0.34,0,Desktop
4352,385,6,2024-08-02,WebBrowser,104,0.8,0,Desktop
4353,1004,6,2024-09-10,SmartTV,63,0.6,0,Tablet
4354,1772,10,2025-01-19,SmartTV,48,0.44,0,Desktop
4355,886,1,2024-08-25,TabletApp,45,0.42,1,Desktop
4356,1611,7,2024-07-13,MobileApp,56,0.44,0,Desktop
4357,58,4,2024-12-15,TabletApp,36,0.4,1,TV
4358,1676,14,2024-06-22,SmartTV,91,0.91,0,Desktop
4359,1894,3,2024-08-22,SmartTV,46,0.43,1,Tablet
4360,54,6,2025-02-23,TabletApp,89,0.77,0,TV
4361,850,1,2024-08-20,MobileApp,81,0.73,0,Tablet
4362,722,3,2024-09-09,MobileApp,142,0.9,0,Tablet
4363,1932,6,2025-03-26,TabletApp,54,0.56,0,Desktop
4364,1187,11,2025-04-24,TabletApp,107,0.82,0,TV
4365,1433,1,2025-04-27,MobileApp,73,0.63,0,Desktop
4366,988,1,2024-06-03,TabletApp,87,0.91,0,TV
4367,611,6,2024-12-19,WebBrowser,96,0.78,0,TV
4368,1270,1,2025-02-01,SmartTV,111,0.82,0,Tablet
4369,1362,8,2024-08-11,MobileApp,54,0.62,0,Desktop
4370,756,9,2025-04-22,StreamMax,93,0.77,0,Mobile
4371,1791,14,2024-12-06,MobileApp,77,0.55,0,Mobile
4372,1352,1,2024-12-26,StreamMax,141,0.93,0,TV
4373,1514,14,2024-11-08,WebBrowser,88,0.7,0,Desktop
4374,547,6,2024-08-27,MobileApp,114,0.89,1,Desktop
4375,656,1,2024-10-17,WebBrowser,85,0.81,0,TV
4376,612,15,2024-07-01,WebBrowser,90,0.79,0,Desktop
4377,1457,13,2024-10-15,StreamMax,44,0.43,0,TV
4378,1917,9,2024-12-28,TabletApp,60,0.67,1,TV
4379,1983,2,2024-07-10,MobileApp,91,0.82,1,Desktop
4380,1580,10,2024-12-23,SmartTV,70,0.49,0,Tablet
4381,898,1,2025-04-30,SmartTV,100,0.74,0,Tablet
4382,1780,8,2024-09-28,WebBrowser,30,0.33,0,Mobile
4383,1502,10,2024-06-19,SmartTV,47,0.38,0,Mobile
4384,1242,5,2025-04-24,StreamMax,53,0.51,0,Tablet
4385,1201,3,2024-06-11,TabletApp,38,0.32,0,Mobile
4386,1596,8,2024-07-02,StreamMax,68,0.61,0,TV
4387,355,14,2024-06-16,StreamMax,57,0.5,0,Tablet
4388,1819,3,2024-10-14,StreamMax,34,0.36,0,TV
4389,424,9,2024-07-09,SmartTV,42,0.32,0,Desktop
4390,1491,1,2025-02-23,SmartTV,104,0.66,0,Tablet
4391,882,1,2025-01-14,StreamMax,130,0.98,0,TV
4392,708,7,2024-07-07,TabletApp,47,0.53,0,TV
4393,1908,10,2025-01-21,StreamMax,67,0.63,0,Desktop
4394,236,7,2024-07-24,StreamMax,100,0.98,0,Tablet
4395,1485,1,2025-01-28,MobileApp,106,0.89,0,Desktop
4396,74,3,2024-12-19,SmartTV,52,0.37,0,TV
4397,1789,14,2025-02-11,SmartTV,55,0.43,0,Mobile
4398,1023,6,2024-07-09,WebBrowser,37,0.43,0,Mobile
4399,628,7,2024-11-12,SmartTV,95,0.87,1,Tablet
4400,71,10,2025-04-09,SmartTV,62,0.6,0,Desktop
4401,835,12,2024-06-20,TabletApp,32,0.37,0,Desktop
4402,1707,11,2025-03-30,StreamMax,120,0.99,0,Mobile
4403,1473,1,2025-04-16,TabletApp,63,0.62,0,Desktop
4404,917,7,2024-11-04,TabletApp,105,0.81,1,TV
4405,1640,8,2024-11-30,SmartTV,54,0.49,0,Mobile
4406,874,1,2024-10-12,WebBrowser,99,0.64,0,Tablet
4407,1832,12,2024-10-21,StreamMax,66,0.68,0,Desktop
4408,1495,8,2024-08-09,MobileApp,116,0.79,1,Desktop
4409,873,1,2025-02-08,MobileApp,97,0.63,0,Tablet
4410,137,6,2024-06-06,MobileApp,99,0.65,0,Mobile
4411,1623,6,2024-09-23,MobileApp,72,0.74,0,Mobile
4412,931,15,2025-03-23,MobileApp,46,0.42,0,Tablet
4413,1456,1,2024-12-16,MobileApp,44,0.31,0,TV
4414,1392,10,2024-08-11,StreamMax,79,0.57,1,Tablet
4415,867,14,2024-07-27,TabletApp,88,0.98,0,Desktop
4416,1521,8,2025-03-18,WebBrowser,64,0.43,1,Desktop
4417,43,10,2025-02-26,MobileApp,67,0.59,1,TV
4418,801,1,2024-12-25,SmartTV,57,0.65,0,Mobile
4419,696,8,2024-06-25,TabletApp,73,0.78,0,Tablet
4420,383,8,2024-12-02,StreamMax,50,0.33,0,TV
4421,1901,14,2024-10-30,TabletApp,50,0.52,0,TV
4422,1729,11,2024-08-04,StreamMax,67,0.48,0,TV
4423,369,1,2025-04-02,WebBrowser,68,0.74,0,Mobile
4424,1034,11,2024-07-27,TabletApp,104,0.82,1,Desktop
4425,1069,5,2024-10-13,MobileApp,86,0.73,1,Mobile
4426,572,6,2025-03-16,StreamMax,87,0.88,0,Tablet
4427,761,6,2024-06-12,SmartTV,91,0.98,0,Tablet
4428,1784,4,2024-09-10,SmartTV,82,0.82,1,TV
4429,1362,8,2024-08-07,StreamMax,119,0.93,0,Desktop
4430,807,12,2024-06-19,MobileApp,89,0.94,0,TV
4431,906,7,2024-12-02,SmartTV,136,0.92,1,TV
4432,1820,14,2024-11-09,SmartTV,70,0.47,0,Desktop
4433,1062,6,2024-07-24,TabletApp,61,0.42,0,Mobile
4434,1106,2,2024-07-16,StreamMax,91,0.9,0,Desktop
4435,12,11,2025-02-13,SmartTV,48,0.41,1,Tablet
4436,1404,1,2025-04-11,SmartTV,47,0.32,0,TV
4437,821,1,2025-01-03,SmartTV,89,0.65,0,Mobile
4438,1606,3,2025-03-30,StreamMax,69,0.5,0,Desktop
4439,346,1,2025-01-25,MobileApp,112,0.78,0,Mobile
4440,1599,4,2025-04-28,MobileApp,78,0.85,0,Mobile
4441,369,10,2025-02-23,SmartTV,105,0.75,0,Desktop
4442,1449,14,2025-02-27,TabletApp,97,0.71,0,Tablet
4443,1790,14,2025-04-16,MobileApp,80,0.7,0,Tablet
4444,722,15,2024-09-06,TabletApp,87,0.91,0,Desktop
4445,1140,7,2025-01-12,SmartTV,74,0.59,0,Desktop
4446,1574,9,2025-01-12,StreamMax,126,0.93,0,Mobile
4447,898,7,2024-11-21,TabletApp,67,0.46,0,Tablet
4448,215,10,2025-02-26,MobileApp,96,0.8,0,Mobile
4449,585,1,2025-03-31,TabletApp,63,0.42,1,TV
4450,416,1,2025-03-26,MobileApp,33,0.35,0,Tablet
4451,1506,6,2024-06-03,StreamMax,121,0.87,0,Tablet
4452,875,14,2024-11-10,TabletApp,94,0.65,0,TV
4453,757,1,2025-01-02,TabletApp,57,0.55,0,TV
4454,1308,2,2024-06-22,SmartTV,93,0.74,0,Mobile
4455,1805,9,2025-03-22,TabletApp,77,0.69,1,Desktop
4456,773,10,2024-12-17,TabletApp,64,0.72,0,TV
4457,1088,3,2024-12-18,TabletApp,105,1.0,0,TV
4458,376,15,2025-03-12,StreamMax,92,0.8,0,Desktop
4459,35,1,2025-01-25,TabletApp,92,0.92,0,TV
4460,1426,10,2025-02-10,StreamMax,59,0.66,0,Desktop
4461,489,14,2024-10-20,MobileApp,84,0.87,0,Desktop
4462,1323,8,2024-10-07,TabletApp,53,0.54,0,Tablet
4463,222,8,2024-11-03,MobileApp,96,0.76,1,Mobile
4464,1874,6,2024-11-05,StreamMax,48,0.46,1,TV
4465,122,12,2025-04-29,WebBrowser,76,0.8,0,Tablet
4466,682,6,2024-11-19,MobileApp,38,0.3,1,TV
4467,1860,6,2025-04-23,StreamMax,101,0.74,0,Tablet
4468,428,13,2024-09-20,SmartTV,96,1.0,0,TV
4469,174,6,2024-11-30,WebBrowser,83,0.84,0,Desktop
4470,895,8,2024-12-30,TabletApp,98,0.8,1,Desktop
4471,542,15,2024-10-02,SmartTV,92,0.59,0,Desktop
4472,1396,10,2024-12-03,MobileApp,121,0.82,0,Tablet
4473,1783,1,2025-03-05,TabletApp,76,0.77,0,Mobile
4474,124,14,2024-07-02,SmartTV,94,0.88,0,Desktop
4475,1387,14,2024-11-16,MobileApp,134,0.95,0,Desktop
4476,1975,8,2025-03-13,WebBrowser,93,0.63,0,Mobile
4477,610,1,2025-01-28,SmartTV,102,0.83,0,Desktop
4478,1350,6,2024-06-04,MobileApp,132,0.85,0,TV
4479,1321,11,2025-01-07,TabletApp,107,0.97,0,Tablet
4480,796,6,2024-08-31,SmartTV,74,0.62,0,TV
4481,1596,1,2024-11-04,TabletApp,116,0.98,0,TV
4482,818,3,2024-10-31,MobileApp,80,0.74,0,TV
4483,680,6,2024-10-10,WebBrowser,138,0.92,0,Desktop
4484,1572,8,2024-06-06,WebBrowser,51,0.35,0,Desktop
4485,128,12,2024-10-18,TabletApp,137,0.9,0,Desktop
4486,1064,13,2025-01-17,TabletApp,45,0.34,0,TV
4487,270,2,2025-03-26,MobileApp,107,0.73,0,TV
4488,1736,3,2024-08-30,MobileApp,81,0.86,0,TV
4489,1097,12,2024-06-04,TabletApp,72,0.51,0,Mobile
4490,925,7,2024-12-23,MobileApp,52,0.44,0,TV
4491,954,6,2024-07-24,TabletApp,55,0.38,0,Tablet
4492,1100,11,2024-07-14,StreamMax,75,0.54,1,Tablet
4493,1517,1,2025-02-06,StreamMax,66,0.45,0,Tablet
4494,598,2,2024-06-11,StreamMax,90,0.79,0,Mobile
4495,851,5,2024-08-01,WebBrowser,76,0.6,0,Tablet
4496,1890,6,2024-12-19,TabletApp,40,0.42,0,TV
4497,1995,6,2025-04-19,SmartTV,76,0.74,0,Tablet
4498,1407,6,2025-01-20,StreamMax,53,0.37,0,TV
4499,289,6,2024-11-18,MobileApp,83,0.62,0,TV
4500,1224,15,2025-02-13,TabletApp,30,0.34,0,Mobile
4501,905,2,2024-10-01,MobileApp,58,0.48,1,Tablet
4502,1676,12,2024-07-20,SmartTV,128,0.97,0,Desktop
4503,1943,13,2024-07-04,StreamMax,89,0.69,0,Mobile
4504,54,6,2025-01-09,TabletApp,88,0.62,0,Mobile
4505,1625,2,2024-12-18,SmartTV,117,0.93,0,Desktop
4506,1823,2,2024-10-30,StreamMax,52,0.41,1,TV
4507,1423,2,2024-08-29,StreamMax,86,0.87,0,TV
4508,1430,14,2024-12-24,SmartTV,59,0.62,0,TV
4509,1563,12,2025-01-16,StreamMax,73,0.63,0,Tablet
4510,878,1,2025-02-28,SmartTV,79,0.76,0,Desktop
4511,1842,1,2024-10-15,SmartTV,57,0.45,0,Desktop
4512,1792,11,2025-01-28,MobileApp,111,0.73,0,Tablet
4513,1296,2,2024-11-01,SmartTV,125,0.99,1,Mobile
4514,827,1,2024-09-08,MobileApp,123,0.85,0,Mobile
4515,1454,5,2024-06-12,MobileApp,61,0.49,0,Desktop
4516,184,10,2025-04-11,WebBrowser,107,0.88,0,Desktop
4517,1622,8,2025-04-19,TabletApp,77,0.54,0,Desktop
4518,1186,1,2024-09-15,StreamMax,40,0.39,0,Mobile
4519,310,2,2025-03-31,TabletApp,81,0.73,0,Mobile
4520,1821,1,2024-06-02,TabletApp,130,0.97,0,TV
4521,873,6,2024-07-11,WebBrowser,57,0.6,0,Desktop
4522,1490,1,2025-02-11,WebBrowser,95,0.78,0,Mobile
4523,1575,11,2024-09-11,MobileApp,46,0.38,1,Tablet
4524,733,1,2025-02-08,StreamMax,53,0.48,0,Mobile
4525,705,1,2024-10-15,TabletApp,75,0.73,0,Tablet
4526,1984,8,2024-07-26,TabletApp,67,0.72,1,Desktop
4527,135,5,2025-02-06,TabletApp,96,0.75,0,TV
4528,620,15,2025-03-05,StreamMax,102,0.74,1,Mobile
4529,153,13,2025-01-02,StreamMax,78,0.88,0,TV
4530,1688,14,2024-09-19,StreamMax,139,0.99,0,TV
4531,614,2,2024-12-04,SmartTV,83,0.74,1,Tablet
4532,121,2,2024-06-02,StreamMax,126,0.9,1,TV
4533,413,2,2025-04-19,SmartTV,90,0.99,0,TV
4534,1526,15,2024-08-28,TabletApp,149,0.95,0,Mobile
4535,616,13,2025-04-02,WebBrowser,78,0.65,0,TV
4536,200,3,2024-12-25,MobileApp,79,0.7,0,Mobile
4537,1828,12,2025-04-23,StreamMax,115,0.92,0,Desktop
4538,1161,5,2024-07-21,TabletApp,87,0.74,0,Mobile
4539,1668,10,2024-12-22,TabletApp,59,0.65,1,TV
4540,1040,1,2024-11-18,TabletApp,122,0.9,1,Mobile
4541,388,3,2025-04-07,StreamMax,42,0.48,1,Desktop
4542,1868,3,2025-03-04,WebBrowser,113,0.88,0,Desktop
4543,1678,8,2025-03-06,StreamMax,49,0.33,0,Tablet
4544,170,2,2024-08-18,TabletApp,53,0.34,0,TV
4545,421,7,2024-07-02,WebBrowser,95,0.62,1,Mobile
4546,525,11,2024-06-12,StreamMax,106,0.81,1,Mobile
4547,1523,3,2024-07-07,WebBrowser,82,0.69,0,Mobile
4548,1984,1,2024-10-20,MobileApp,55,0.55,0,TV
4549,213,6,2024-06-05,SmartTV,112,0.91,0,TV
4550,1434,13,2025-03-20,SmartTV,73,0.57,0,TV
4551,1919,3,2024-08-19,WebBrowser,119,0.76,0,Mobile
4552,1355,8,2024-08-06,TabletApp,40,0.38,0,Tablet
4553,225,11,2024-07-27,TabletApp,46,0.37,1,Desktop
4554,1441,2,2024-06-20,MobileApp,94,0.72,1,Tablet
4555,270,12,2024-08-03,TabletApp,79,0.57,0,Mobile
4556,1732,14,2025-04-23,StreamMax,32,0.34,0,Desktop
4557,1426,2,2024-06-12,TabletApp,56,0.39,1,TV
4558,1282,15,2024-12-17,MobileApp,90,0.76,0,Desktop
4559,630,5,2024-07-21,SmartTV,64,0.51,0,Desktop
4560,1035,1,2024-06-12,SmartTV,45,0.48,1,Mobile
4561,1257,4,2024-12-06,MobileApp,37,0.31,0,Mobile
4562,474,6,2024-12-21,WebBrowser,59,0.41,0,Mobile
4563,1005,10,2024-09-03,StreamMax,64,0.63,1,TV
4564,1877,8,2024-11-27,StreamMax,125,0.82,0,TV
4565,639,1,2025-03-31,MobileApp,74,0.55,0,TV
4566,651,2,2024-08-11,MobileApp,59,0.4,0,TV
4567,1592,1,2025-02-24,TabletApp,69,0.64,0,Desktop
4568,318,1,2025-04-13,MobileApp,51,0.35,0,Mobile
4569,500,8,2024-10-13,SmartTV,50,0.4,1,Mobile
4570,501,15,2024-07-25,MobileApp,68,0.5,0,Desktop
4571,124,1,2025-01-09,StreamMax,40,0.45,0,Mobile
4572,620,3,2024-11-05,MobileApp,53,0.43,0,Tablet
4573,1792,6,2024-06-15,SmartTV,132,0.98,0,Desktop
4574,1826,10,2025-01-31,MobileApp,89,0.98,0,TV
4575,819,8,2025-04-15,TabletApp,140,0.95,0,Tablet
4576,720,10,2024-12-24,SmartTV,110,0.77,0,Desktop
4577,1750,4,2025-01-16,TabletApp,97,0.78,0,Tablet
4578,916,1,2025-03-14,StreamMax,53,0.59,0,Mobile
4579,579,8,2025-02-11,MobileApp,69,0.52,0,Mobile
4580,1812,1,2025-02-03,SmartTV,77,0.87,0,TV
4581,1485,14,2024-09-23,MobileApp,48,0.46,0,Mobile
4582,476,11,2024-09-17,WebBrowser,36,0.38,1,Tablet
4583,630,3,2024-12-29,WebBrowser,66,0.71,0,TV
4584,1622,14,2024-07-27,TabletApp,57,0.38,1,Desktop
4585,123,2,2024-09-09,SmartTV,83,0.65,1,Tablet
4586,824,1,2025-02-21,SmartTV,114,0.91,0,TV
4587,1518,10,2025-03-25,StreamMax,130,0.9,1,Tablet
4588,1018,8,2024-11-25,StreamMax,140,0.91,0,Tablet
4589,139,8,2025-02-10,SmartTV,85,0.67,0,Desktop
4590,1691,10,2024-10-12,MobileApp,100,0.84,0,Desktop
4591,1692,6,2024-09-13,StreamMax,82,0.58,0,Tablet
4592,1505,11,2025-01-21,TabletApp,59,0.38,0,Mobile
4593,1516,7,2025-02-06,SmartTV,92,0.8,1,Tablet
4594,856,3,2025-01-11,SmartTV,122,0.98,0,Tablet
4595,1417,14,2024-10-03,TabletApp,75,0.75,1,Mobile
4596,1015,3,2024-11-15,MobileApp,92,0.9,0,TV
4597,1791,8,2025-04-21,TabletApp,79,0.55,0,Mobile
4598,1232,10,2024-07-02,StreamMax,90,0.63,1,TV
4599,432,4,2024-06-14,WebBrowser,96,0.99,0,TV
4600,965,1,2024-08-28,MobileApp,71,0.71,0,TV
4601,1415,5,2024-08-05,SmartTV,64,0.48,0,Desktop
4602,1717,3,2024-07-24,TabletApp,80,0.65,0,TV
4603,1332,1,2025-01-20,MobileApp,101,0.83,0,Desktop
4604,277,6,2024-08-18,StreamMax,33,0.32,0,Mobile
4605,1853,5,2025-03-20,MobileApp,84,0.58,0,Desktop
4606,1954,10,2024-07-25,WebBrowser,123,0.81,0,Tablet
4607,475,6,2025-01-11,StreamMax,38,0.42,0,Desktop
4608,1505,15,2025-03-21,MobileApp,60,0.54,0,Mobile
4609,712,6,2024-06-22,StreamMax,79,0.58,0,TV
4610,1065,14,2024-10-08,MobileApp,64,0.49,0,TV
4611,542,8,2024-07-07,StreamMax,33,0.37,0,Desktop
4612,1167,1,2024-12-10,StreamMax,103,0.82,1,Tablet
4613,1937,1,2025-02-16,SmartTV,55,0.38,0,Tablet
4614,1624,6,2024-08-31,StreamMax,128,0.92,0,Tablet
4615,166,4,2024-10-17,SmartTV,89,0.78,1,Desktop
4616,1694,1,2024-06-24,WebBrowser,41,0.45,0,Desktop
4617,956,1,2024-10-08,TabletApp,124,0.96,0,Tablet
4618,601,6,2024-08-24,StreamMax,93,0.68,0,Tablet
4619,1416,15,2025-04-25,WebBrowser,97,0.63,1,Mobile
4620,131,1,2025-02-14,MobileApp,44,0.42,0,TV
4621,337,14,2024-08-15,SmartTV,67,0.45,0,TV
4622,1643,11,2024-06-16,MobileApp,68,0.58,0,Tablet
4623,840,7,2024-06-18,MobileApp,51,0.5,0,Tablet
4624,751,10,2024-11-14,WebBrowser,76,0.74,0,Desktop
4625,1170,8,2025-01-27,SmartTV,35,0.34,0,Mobile
4626,1255,10,2024-06-18,StreamMax,70,0.52,0,Tablet
4627,1329,9,2025-04-29,SmartTV,119,0.99,0,Mobile
4628,544,10,2024-09-10,MobileApp,58,0.64,0,Tablet
4629,1800,6,2024-06-17,SmartTV,60,0.53,0,Desktop
4630,924,2,2024-09-04,WebBrowser,121,0.99,0,TV
4631,1656,15,2024-12-21,SmartTV,48,0.31,1,Mobile
4632,65,8,2024-12-25,MobileApp,71,0.52,0,Desktop
4633,994,9,2025-04-06,StreamMax,35,0.35,1,TV
4634,712,1,2025-04-05,MobileApp,116,0.8,0,Mobile
4635,597,5,2024-08-11,TabletApp,86,0.83,0,TV
4636,527,2,2024-07-07,WebBrowser,89,0.69,1,Tablet
4637,830,1,2024-12-09,SmartTV,49,0.41,1,Desktop
4638,29,6,2025-02-11,MobileApp,81,0.71,1,TV
4639,412,1,2024-09-08,SmartTV,45,0.45,1,Desktop
4640,850,13,2025-02-23,StreamMax,89,0.58,0,Mobile
4641,757,6,2024-12-31,StreamMax,50,0.54,0,Desktop
4642,747,6,2024-06-07,StreamMax,102,0.73,0,Mobile
4643,1148,8,2024-06-19,WebBrowser,53,0.46,1,TV
4644,229,1,2024-09-19,WebBrowser,55,0.5,1,Desktop
4645,1293,8,2024-08-13,TabletApp,118,0.78,0,TV
4646,1022,3,2024-12-31,TabletApp,85,0.82,0,Desktop
4647,1498,14,2025-03-21,MobileApp,139,0.91,0,TV
4648,966,1,2024-08-29,TabletApp,87,0.66,0,Tablet
4649,1362,14,2025-02-12,StreamMax,48,0.32,0,Mobile
4650,1280,3,2024-09-15,WebBrowser,50,0.46,0,TV
4651,675,11,2024-08-05,TabletApp,57,0.43,0,Tablet
4652,1633,6,2024-08-08,MobileApp,116,0.78,0,Desktop
4653,646,1,2025-02-10,WebBrowser,34,0.34,0,Desktop
4654,381,11,2025-03-18,SmartTV,136,0.95,0,Mobile
4655,809,10,2024-11-21,WebBrowser,83,0.87,0,Tablet
4656,1965,1,2024-10-30,MobileApp,85,0.85,0,Tablet
4657,1478,6,2024-06-03,WebBrowser,125,0.96,0,Desktop
4658,832,8,2024-12-20,StreamMax,122,0.82,1,Mobile
4659,435,7,2024-08-08,MobileApp,110,0.76,0,Mobile
4660,179,8,2025-03-03,SmartTV,66,0.48,1,Mobile
4661,1920,11,2024-09-20,SmartTV,91,0.6,1,Mobile
4662,939,15,2025-01-02,SmartTV,100,0.75,0,Mobile
4663,1223,14,2024-12-12,TabletApp,140,1.0,0,Mobile
4664,283,10,2024-09-10,TabletApp,71,0.56,0,TV
4665,1736,9,2024-10-27,SmartTV,40,0.46,0,TV
4666,608,15,2025-04-07,MobileApp,52,0.37,0,Mobile
4667,962,6,2024-10-18,MobileApp,97,0.8,0,Mobile
4668,1393,13,2024-11-02,TabletApp,39,0.39,1,Desktop
4669,190,15,2025-03-23,SmartTV,37,0.32,0,Mobile
4670,207,6,2024-06-17,TabletApp,101,0.76,0,TV
4671,1507,1,2025-03-02,SmartTV,46,0.37,0,TV
4672,446,1,2024-11-10,MobileApp,101,0.81,0,Tablet
4673,1240,15,2025-04-20,MobileApp,133,0.98,1,Desktop
4674,535,10,2025-01-15,SmartTV,98,0.74,1,Desktop
4675,1309,2,2025-04-21,SmartTV,70,0.65,0,Tablet
4676,1116,11,2025-03-20,StreamMax,102,0.97,0,Desktop
4677,1321,8,2025-03-31,SmartTV,111,0.93,0,Mobile
4678,1050,1,2025-01-16,TabletApp,108,0.77,1,Mobile
4679,1360,10,2025-04-26,WebBrowser,64,0.66,0,TV
4680,1223,14,2025-04-06,SmartTV,55,0.44,0,Tablet
4681,411,4,2024-09-20,StreamMax,134,0.94,0,Tablet
4682,596,6,2024-12-15,WebBrowser,36,0.36,1,TV
4683,464,3,2025-01-18,MobileApp,116,0.78,0,Mobile
4684,1436,1,2024-10-11,MobileApp,79,0.59,1,Desktop
4685,1617,1,2025-02-26,StreamMax,109,0.87,0,Tablet
4686,924,8,2024-08-11,WebBrowser,140,0.99,1,Mobile
4687,1136,3,2025-01-07,StreamMax,47,0.42,0,Mobile
4688,1821,8,2025-01-14,SmartTV,100,0.69,0,Tablet
4689,1007,10,2024-10-11,TabletApp,31,0.31,1,TV
4690,1797,4,2024-08-01,SmartTV,80,0.62,0,TV
4691,211,5,2025-01-09,TabletApp,44,0.38,1,TV
4692,1235,1,2025-01-25,WebBrowser,53,0.39,0,TV
4693,1677,6,2025-03-29,StreamMax,92,0.74,0,TV
4694,1541,14,2024-07-02,MobileApp,100,0.73,0,Mobile
4695,677,2,2025-04-27,TabletApp,80,0.53,0,Mobile
4696,305,14,2025-04-13,WebBrowser,103,0.73,0,TV
4697,736,2,2025-03-02,TabletApp,105,0.79,0,Tablet
4698,955,13,2024-12-27,TabletApp,62,0.47,1,Desktop
4699,1460,1,2025-04-28,MobileApp,96,0.79,0,Tablet
4700,830,2,2024-08-30,StreamMax,65,0.65,0,Mobile
4701,896,15,2024-12-07,TabletApp,117,0.9,0,TV
4702,1241,15,2024-10-16,WebBrowser,89,0.95,0,TV
4703,1347,6,2024-08-05,WebBrowser,112,0.72,0,Mobile
4704,1498,8,2025-01-23,SmartTV,121,0.79,0,TV
4705,1189,1,2024-09-13,MobileApp,105,0.84,0,Mobile
4706,1866,3,2024-07-07,StreamMax,69,0.55,0,Tablet
4707,302,12,2024-11-07,SmartTV,148,0.94,0,Mobile
4708,1943,3,2024-12-07,WebBrowser,61,0.41,1,Mobile
4709,516,2,2025-01-23,StreamMax,70,0.6,1,Tablet
4710,1245,8,2025-02-06,TabletApp,45,0.52,0,TV
4711,1979,11,2024-07-21,StreamMax,91,0.74,0,Desktop
4712,1649,3,2024-12-26,SmartTV,34,0.37,0,Mobile
4713,1052,6,2024-08-18,StreamMax,72,0.69,0,TV
4714,1434,1,2024-09-16,StreamMax,39,0.3,0,Mobile
4715,526,3,2025-01-15,SmartTV,39,0.42,1,TV
4716,987,1,2025-02-14,SmartTV,39,0.43,0,Tablet
4717,1439,4,2024-10-28,SmartTV,81,0.52,0,Tablet
4718,432,2,2024-10-04,SmartTV,131,0.84,1,Tablet
4719,1169,4,2024-06-22,TabletApp,56,0.45,0,Mobile
4720,604,7,2024-07-16,WebBrowser,46,0.45,0,Tablet
4721,1618,9,2024-10-09,TabletApp,91,0.76,0,TV
4722,1160,8,2024-10-03,StreamMax,113,0.91,1,Tablet
4723,1281,10,2024-09-08,StreamMax,51,0.44,1,Tablet
4724,1474,1,2024-08-17,MobileApp,57,0.37,0,Tablet
4725,1812,9,2025-01-09,MobileApp,83,0.77,0,Tablet
4726,1301,6,2025-02-22,StreamMax,37,0.38,0,Mobile
4727,1782,1,2024-09-29,TabletApp,95,0.69,0,Mobile
4728,288,11,2024-11-30,MobileApp,78,0.61,0,Tablet
4729,1351,3,2024-07-03,SmartTV,104,0.93,0,Tablet
4730,1072,10,2024-12-18,MobileApp,64,0.47,0,Mobile
4731,475,9,2025-02-13,StreamMax,83,0.79,0,Tablet
4732,1276,8,2024-07-09,TabletApp,42,0.48,0,Mobile
4733,1275,8,2024-12-04,TabletApp,88,0.84,1,Desktop
4734,483,8,2025-03-23,StreamMax,96,0.97,0,Tablet
4735,437,2,2025-02-22,SmartTV,58,0.43,1,TV
4736,108,7,2024-08-31,WebBrowser,106,0.78,0,Desktop
4737,1142,2,2024-12-03,MobileApp,88,0.68,0,Mobile
4738,230,9,2025-04-21,SmartTV,105,0.79,0,TV
4739,635,7,2025-02-07,WebBrowser,63,0.72,0,TV
4740,1491,1,2025-03-09,StreamMax,132,0.9,1,Desktop
4741,1480,1,2025-04-30,TabletApp,80,0.62,0,Desktop
4742,515,4,2025-04-18,MobileApp,111,0.72,0,Mobile
4743,428,15,2024-08-30,StreamMax,36,0.3,0,Desktop
4744,269,8,2025-02-16,MobileApp,78,0.83,1,Tablet
4745,700,1,2025-01-16,StreamMax,70,0.53,0,Desktop
4746,1319,6,2024-06-29,MobileApp,92,0.65,0,Mobile
4747,325,11,2024-11-26,WebBrowser,50,0.37,0,Desktop
4748,337,1,2025-02-06,StreamMax,54,0.5,1,Desktop
4749,1182,3,2024-11-25,WebBrowser,93,0.69,1,Tablet
4750,1188,1,2024-08-27,TabletApp,74,0.81,1,TV
4751,154,13,2024-10-31,WebBrowser,74,0.65,0,Desktop
4752,1559,10,2025-03-12,SmartTV,102,0.93,1,TV
4753,725,11,2025-03-06,WebBrowser,76,0.6,0,TV
4754,663,14,2025-02-10,SmartTV,56,0.64,0,Tablet
4755,1928,13,2024-06-27,SmartTV,81,0.58,1,Mobile
4756,1200,1,2025-04-25,SmartTV,31,0.3,0,Tablet
4757,1788,1,2024-08-24,TabletApp,84,0.56,0,Mobile
4758,614,11,2024-12-21,WebBrowser,51,0.59,0,Desktop
4759,65,6,2024-10-30,WebBrowser,39,0.37,0,Desktop
4760,1259,1,2025-01-23,TabletApp,44,0.38,0,TV
4761,1680,3,2024-12-13,WebBrowser,103,0.99,0,TV
4762,197,14,2024-10-29,TabletApp,79,0.66,1,Mobile
4763,200,3,2024-08-07,SmartTV,100,0.77,0,Desktop
4764,1119,10,2024-11-08,SmartTV,53,0.46,0,TV
4765,1285,8,2025-04-05,WebBrowser,74,0.78,0,Desktop
4766,1889,14,2025-04-27,MobileApp,98,0.75,0,Tablet
4767,659,8,2024-07-11,TabletApp,34,0.39,0,Mobile
4768,1017,7,2024-11-02,MobileApp,121,0.83,0,Mobile
4769,1831,1,2025-04-07,WebBrowser,68,0.6,1,Mobile
4770,111,14,2024-11-09,SmartTV,95,0.77,0,Tablet
4771,209,8,2025-04-13,StreamMax,92,0.76,0,TV
4772,752,8,2025-02-22,SmartTV,56,0.45,0,TV
4773,34,1,2025-03-28,StreamMax,82,0.66,1,Desktop
4774,1897,7,2024-12-26,WebBrowser,47,0.52,0,Desktop
4775,72,3,2024-12-09,StreamMax,67,0.52,0,Desktop
4776,1710,6,2025-01-16,WebBrowser,73,0.83,1,Tablet
4777,61,8,2024-12-23,TabletApp,51,0.36,0,Desktop
4778,1672,11,2024-07-22,SmartTV,65,0.42,0,Desktop
4779,1231,5,2024-11-08,TabletApp,131,0.98,1,Desktop
4780,1510,6,2024-07-02,MobileApp,82,0.79,0,Mobile
4781,796,12,2025-03-16,TabletApp,92,0.77,0,Mobile
4782,1321,13,2024-08-31,StreamMax,66,0.65,0,Desktop
4783,158,4,2024-08-10,SmartTV,38,0.32,1,Tablet
4784,685,8,2025-01-27,TabletApp,53,0.44,0,Desktop
4785,1900,8,2025-04-22,MobileApp,85,0.76,0,TV
4786,175,8,2024-10-03,TabletApp,119,0.81,0,Mobile
4787,1057,1,2024-07-16,StreamMax,75,0.76,0,Desktop
4788,1250,11,2024-11-14,MobileApp,98,0.91,0,TV
4789,565,2,2024-07-12,StreamMax,106,0.74,0,Mobile
4790,1031,1,2025-02-04,MobileApp,118,0.84,0,Tablet
4791,1263,10,2025-04-27,StreamMax,50,0.33,0,Desktop
4792,104,1,2025-02-15,StreamMax,106,0.96,0,TV
4793,1467,8,2024-10-01,TabletApp,91,0.9,0,Mobile
4794,524,5,2025-03-28,StreamMax,56,0.55,1,Desktop
4795,698,9,2025-04-15,MobileApp,63,0.71,0,Desktop
4796,1567,1,2024-07-20,MobileApp,124,0.79,1,Mobile
4797,1009,2,2024-10-20,MobileApp,41,0.45,1,Mobile
4798,1514,12,2025-01-29,StreamMax,91,0.7,0,Desktop
4799,712,2,2025-02-22,TabletApp,53,0.38,0,Desktop
4800,1287,1,2024-11-19,TabletApp,109,0.73,0,TV
4801,828,15,2024-08-29,WebBrowser,49,0.36,0,Mobile
4802,90,5,2025-02-19,MobileApp,40,0.4,0,Tablet
4803,1345,12,2024-12-11,MobileApp,78,0.6,0,Desktop
4804,1426,1,2024-10-04,StreamMax,53,0.53,0,TV
4805,773,14,2025-03-05,StreamMax,121,0.94,0,Mobile
4806,1079,12,2024-10-25,SmartTV,79,0.66,0,TV
4807,900,10,2024-08-12,MobileApp,80,0.55,0,Mobile
4808,514,3,2024-11-04,WebBrowser,99,0.99,1,Tablet
4809,527,2,2025-03-28,WebBrowser,36,0.3,0,TV
4810,625,3,2025-01-02,WebBrowser,105,0.79,0,Mobile
4811,1514,11,2024-11-10,TabletApp,43,0.41,0,Tablet
4812,652,3,2024-06-09,StreamMax,107,0.92,0,Mobile
4813,1143,6,2024-10-29,TabletApp,48,0.41,0,Tablet
4814,1265,10,2025-02-11,MobileApp,83,0.54,0,Tablet
4815,1834,6,2024-08-07,StreamMax,118,0.82,1,TV
4816,335,12,2024-10-10,StreamMax,48,0.38,0,Desktop
4817,201,3,2024-09-04,MobileApp,52,0.5,0,Tablet
4818,90,14,2025-01-14,TabletApp,48,0.51,0,Desktop
4819,101,12,2024-06-27,MobileApp,106,0.9,0,Tablet
4820,430,14,2024-09-24,StreamMax,104,0.97,1,TV
4821,388,14,2025-04-24,TabletApp,82,0.62,1,Desktop
4822,1934,15,2024-09-24,TabletApp,40,0.41,0,TV
4823,1490,13,2024-07-02,TabletApp,91,0.69,0,Mobile
4824,1868,7,2024-07-22,MobileApp,104,0.86,0,Tablet
4825,1456,12,2025-03-14,StreamMax,48,0.46,0,Desktop
4826,1881,2,2025-03-29,SmartTV,104,0.82,0,TV
4827,582,2,2025-03-16,TabletApp,77,0.77,0,Mobile
4828,1698,3,2025-03-17,MobileApp,88,0.77,0,TV
4829,1696,11,2025-04-17,StreamMax,90,0.98,0,Mobile
4830,1978,9,2025-01-22,MobileApp,62,0.46,0,TV
4831,8,8,2025-02-20,MobileApp,114,0.76,0,Tablet
4832,1719,6,2025-03-21,StreamMax,122,0.82,1,Mobile
4833,343,14,2024-12-05,TabletApp,102,0.65,0,Mobile
4834,622,1,2024-07-28,WebBrowser,71,0.65,0,TV
4835,1277,3,2024-12-02,WebBrowser,38,0.42,0,Mobile
4836,1672,4,2025-03-04,TabletApp,44,0.45,0,TV
4837,831,1,2024-12-01,TabletApp,34,0.34,0,TV
4838,1994,3,2024-06-11,WebBrowser,122,0.83,0,Mobile
4839,259,9,2024-09-22,SmartTV,38,0.37,1,TV
4840,69,1,2025-04-21,SmartTV,92,0.59,0,TV
4841,1595,2,2025-01-30,TabletApp,118,1.0,0,Tablet
4842,1674,15,2024-07-17,SmartTV,128,0.82,1,TV
4843,1774,6,2024-12-16,MobileApp,43,0.46,0,Mobile
4844,394,7,2024-12-26,MobileApp,65,0.44,0,Mobile
4845,1221,1,2025-02-22,StreamMax,108,0.95,0,Tablet
4846,903,1,2025-02-19,TabletApp,106,0.85,0,Desktop
4847,328,9,2024-08-18,SmartTV,90,0.7,1,Tablet
4848,1673,4,2024-10-21,StreamMax,75,0.65,0,Mobile
4849,725,3,2025-04-01,MobileApp,91,0.97,0,Desktop
4850,1532,4,2024-10-23,WebBrowser,46,0.41,0,TV
4851,926,6,2024-12-14,MobileApp,85,0.82,0,Tablet
4852,1010,5,2024-11-03,SmartTV,66,0.75,1,TV
4853,1549,14,2024-08-13,StreamMax,55,0.51,0,Tablet
4854,302,3,2024-12-05,TabletApp,72,0.5,0,TV
4855,171,2,2025-04-13,StreamMax,122,0.89,0,Desktop
4856,1538,3,2025-02-17,StreamMax,85,0.74,0,Mobile
4857,779,1,2025-04-24,MobileApp,94,0.7,1,Mobile
4858,1310,11,2024-11-10,SmartTV,55,0.5,0,TV
4859,1519,1,2025-03-23,TabletApp,59,0.63,0,Mobile
4860,1049,7,2024-10-02,SmartTV,72,0.54,1,Desktop
4861,657,6,2024-10-13,SmartTV,107,0.74,0,Tablet
4862,1581,8,2025-02-03,SmartTV,63,0.48,1,Mobile
4863,1737,10,2024-11-03,MobileApp,69,0.45,0,TV
4864,524,5,2025-03-27,SmartTV,153,0.99,0,Tablet
4865,1313,7,2025-01-07,MobileApp,140,0.94,0,Desktop
4866,1048,1,2025-01-01,WebBrowser,94,0.68,0,TV
4867,221,5,2025-04-05,SmartTV,100,0.93,0,Mobile
4868,1316,8,2025-03-16,WebBrowser,78,0.73,0,Desktop
4869,217,6,2024-06-11,TabletApp,96,0.91,1,TV
4870,1313,13,2024-12-15,TabletApp,41,0.43,1,TV
4871,751,6,2024-09-13,TabletApp,80,0.87,0,Tablet
4872,1401,1,2025-04-20,SmartTV,38,0.31,1,TV
4873,222,11,2025-04-15,TabletApp,104,0.97,1,TV
4874,118,1,2024-09-17,WebBrowser,47,0.53,0,Desktop
4875,1496,1,2025-02-24,StreamMax,112,0.92,0,Mobile
4876,1705,6,2024-09-06,WebBrowser,109,0.92,0,Tablet
4877,542,1,2024-12-28,WebBrowser,112,0.71,0,Desktop
4878,1989,6,2025-04-23,TabletApp,52,0.37,0,Tablet
4879,347,4,2025-02-07,StreamMax,48,0.52,0,Tablet
4880,1868,8,2025-04-30,SmartTV,128,0.87,0,Tablet
4881,1052,1,2025-03-22,WebBrowser,106,0.77,0,Mobile
4882,774,7,2024-07-19,MobileApp,39,0.3,1,Mobile
4883,128,1,2025-04-28,MobileApp,42,0.4,0,Desktop
4884,1147,10,2024-09-20,SmartTV,84,0.91,0,Mobile
4885,1980,1,2024-07-10,WebBrowser,89,0.93,0,TV
4886,230,10,2024-06-03,WebBrowser,124,0.85,0,Tablet
4887,82,12,2024-07-27,StreamMax,63,0.5,0,Tablet
4888,368,2,2025-03-14,SmartTV,42,0.4,0,Tablet
4889,277,2,2025-03-30,WebBrowser,145,0.96,0,Tablet
4890,129,1,2025-02-04,SmartTV,33,0.31,0,TV
4891,1219,11,2024-12-17,MobileApp,47,0.52,0,Desktop
4892,172,14,2025-02-21,SmartTV,80,0.76,1,TV
4893,104,8,2024-11-17,TabletApp,104,0.79,1,TV
4894,1803,1,2025-02-02,WebBrowser,79,0.76,0,TV
4895,237,1,2025-01-24,TabletApp,91,0.74,0,Mobile
4896,1970,12,2024-09-08,StreamMax,43,0.41,0,Desktop
4897,1306,8,2024-08-06,TabletApp,31,0.31,0,Tablet
4898,1610,12,2025-01-23,MobileApp,77,0.5,0,Tablet
4899,1022,7,2024-09-08,SmartTV,67,0.73,0,Desktop
4900,1185,1,2024-12-15,MobileApp,130,0.91,0,Mobile
4901,1941,8,2025-04-08,TabletApp,113,0.89,0,Mobile
4902,1464,2,2025-02-08,SmartTV,54,0.39,1,TV
4903,1701,13,2024-11-12,SmartTV,90,0.75,1,TV
4904,1469,6,2024-07-31,StreamMax,68,0.47,0,TV
4905,1029,1,2025-03-25,TabletApp,49,0.45,1,Tablet
4906,300,11,2024-08-28,WebBrowser,116,0.86,1,TV
4907,1095,10,2025-04-20,SmartTV,75,0.5,0,TV
4908,1411,15,2024-11-04,StreamMax,66,0.54,0,Mobile
4909,319,10,2025-04-26,MobileApp,46,0.37,0,TV
4910,1828,10,2025-03-16,TabletApp,57,0.51,1,Desktop
4911,441,15,2024-08-09,SmartTV,125,0.99,0,Desktop
4912,855,4,2025-02-19,TabletApp,90,0.87,0,Tablet
4913,1578,12,2025-02-03,TabletApp,97,0.77,1,Desktop
4914,1994,9,2024-09-22,StreamMax,140,0.89,0,Desktop
4915,956,11,2025-04-24,SmartTV,56,0.58,0,Tablet
4916,204,15,2024-11-07,StreamMax,92,0.91,0,Mobile
4917,1716,8,2024-08-18,MobileApp,59,0.45,0,Desktop
4918,232,7,2024-12-01,SmartTV,94,0.68,0,Mobile
4919,1840,5,2025-04-04,StreamMax,81,0.61,0,Tablet
4920,1241,12,2024-08-10,StreamMax,51,0.38,0,Mobile
4921,1320,1,2025-03-24,MobileApp,112,0.9,0,Desktop
4922,462,6,2024-08-10,SmartTV,112,0.83,0,TV
4923,1318,1,2024-12-29,MobileApp,106,0.69,0,Desktop
4924,1785,14,2024-12-19,MobileApp,122,0.87,0,Mobile
4925,505,1,2024-07-11,TabletApp,72,0.62,0,Tablet
4926,566,15,2024-07-26,WebBrowser,54,0.49,0,TV
4927,453,1,2024-06-16,WebBrowser,92,0.77,1,TV
4928,1037,14,2024-09-12,StreamMax,133,0.88,0,TV
4929,276,10,2025-03-04,SmartTV,103,0.81,1,TV
4930,1345,7,2025-01-29,WebBrowser,60,0.48,1,Desktop
4931,1943,11,2025-03-29,SmartTV,69,0.64,0,Tablet
4932,1139,14,2025-03-29,SmartTV,75,0.68,0,TV
4933,1334,1,2025-01-03,TabletApp,39,0.31,0,Mobile
4934,1700,1,2025-01-29,SmartTV,78,0.61,0,Mobile
4935,902,10,2025-04-14,MobileApp,93,0.68,1,Tablet
4936,1740,8,2024-09-19,MobileApp,61,0.47,1,Mobile
4937,1376,1,2025-04-18,SmartTV,122,0.93,1,TV
4938,376,13,2025-04-24,WebBrowser,63,0.56,1,Tablet
4939,447,9,2024-07-25,MobileApp,55,0.42,0,Tablet
4940,252,11,2024-09-22,StreamMax,102,1.0,0,Mobile
4941,1367,6,2024-09-14,WebBrowser,63,0.56,0,TV
4942,1295,12,2024-08-30,SmartTV,38,0.39,0,TV
4943,1133,3,2025-02-09,StreamMax,136,0.92,0,Mobile
4944,1948,2,2025-04-08,TabletApp,68,0.45,0,Mobile
4945,1605,14,2024-10-21,SmartTV,74,0.68,0,Tablet
4946,870,2,2024-10-22,StreamMax,49,0.44,0,Desktop
4947,1228,1,2025-04-12,WebBrowser,63,0.4,0,Tablet
4948,314,7,2025-01-28,SmartTV,64,0.64,0,Tablet
4949,97,11,2025-03-30,StreamMax,81,0.61,1,Tablet
4950,213,8,2025-04-25,SmartTV,61,0.39,1,Tablet
4951,1158,7,2024-10-19,SmartTV,70,0.5,1,Desktop
4952,1569,2,2024-07-13,TabletApp,48,0.36,0,Mobile
4953,1533,1,2025-01-06,MobileApp,51,0.58,0,Tablet
4954,473,2,2024-12-07,SmartTV,129,0.82,1,Desktop
4955,183,8,2025-01-05,StreamMax,120,0.87,0,Mobile
4956,1505,12,2024-10-02,WebBrowser,131,0.86,0,TV
4957,1396,7,2024-11-12,MobileApp,123,0.97,0,Tablet
4958,1603,8,2024-11-20,WebBrowser,126,0.87,0,TV
4959,1820,1,2024-10-29,StreamMax,116,0.88,0,Mobile
4960,411,5,2024-08-29,MobileApp,106,0.92,0,Desktop
4961,936,1,2024-11-28,WebBrowser,88,0.65,1,Tablet
4962,383,15,2024-11-20,WebBrowser,43,0.32,0,Tablet
4963,1380,8,2024-11-30,MobileApp,41,0.31,0,Mobile
4964,1263,6,2024-12-27,MobileApp,63,0.56,0,TV
4965,1773,6,2024-07-25,StreamMax,90,0.75,0,TV
4966,1542,1,2025-02-25,MobileApp,100,0.66,0,Tablet
4967,11,1,2024-07-05,TabletApp,68,0.78,0,Tablet
4968,1088,8,2025-03-10,TabletApp,44,0.39,0,Desktop
4969,1160,6,2024-07-19,TabletApp,75,0.65,1,Mobile
4970,1095,14,2025-01-31,StreamMax,94,0.91,0,Mobile
4971,1075,1,2024-07-08,StreamMax,77,0.55,0,Mobile
4972,883,15,2025-01-12,MobileApp,99,0.78,0,Desktop
4973,1603,3,2024-07-15,TabletApp,81,0.53,0,Mobile
4974,1708,14,2024-12-24,StreamMax,119,0.91,0,Tablet
4975,423,2,2024-07-13,SmartTV,129,0.89,0,Mobile
4976,282,2,2025-02-06,MobileApp,109,0.77,0,TV
4977,506,4,2025-02-07,StreamMax,81,0.6,0,Desktop
4978,1544,3,2025-01-04,StreamMax,96,0.74,0,Mobile
4979,961,6,2024-07-19,TabletApp,100,0.84,0,Tablet
4980,191,1,2025-01-30,MobileApp,77,0.85,0,Tablet
4981,970,1,2024-11-07,WebBrowser,89,0.59,0,TV
4982,606,8,2025-01-06,SmartTV,99,0.79,0,Mobile
4983,1821,7,2025-02-06,StreamMax,49,0.45,0,TV
4984,1045,14,2025-03-06,SmartTV,142,0.96,1,TV
4985,1576,1,2025-01-27,SmartTV,70,0.52,0,Tablet
4986,857,3,2025-04-14,MobileApp,97,0.69,0,TV
4987,1812,3,2025-02-07,StreamMax,44,0.35,0,Desktop
4988,1063,8,2025-04-24,StreamMax,46,0.47,0,Tablet
4989,278,12,2025-04-09,WebBrowser,117,0.81,1,TV
4990,322,6,2024-06-22,StreamMax,137,0.91,1,Desktop
4991,770,2,2025-01-12,WebBrowser,135,0.9,0,Mobile
4992,1507,1,2025-03-14,StreamMax,71,0.48,0,Mobile
4993,1444,7,2024-06-29,SmartTV,106,0.93,0,Desktop
4994,1547,4,2025-02-17,WebBrowser,43,0.43,0,Desktop
4995,1875,12,2024-06-28,WebBrowser,40,0.45,0,TV
4996,1439,14,2024-12-02,SmartTV,56,0.37,0,Tablet
4997,1316,10,2025-04-15,TabletApp,99,0.63,1,TV
4998,1282,13,2025-02-07,WebBrowser,97,0.73,0,Tablet
4999,599,1,2025-04-03,WebBrowser,45,0.36,0,Mobile
5000,1207,14,2024-08-30,StreamMax,114,0.86,0,Desktop
5001,1561,14,2025-02-08,WebBrowser,106,0.77,0,Tablet
5002,1353,7,2025-04-07,MobileApp,88,0.7,0,Desktop
5003,790,2,2024-11-17,StreamMax,39,0.34,1,Desktop
5004,198,3,2024-10-18,WebBrowser,77,0.83,1,TV
5005,1652,12,2024-09-23,TabletApp,49,0.45,0,TV
5006,109,6,2024-10-06,StreamMax,112,0.8,1,TV
5007,1929,11,2025-04-20,TabletApp,85,0.78,0,TV
5008,422,11,2025-02-23,WebBrowser,152,0.97,0,Desktop
5009,1163,10,2025-01-16,MobileApp,80,0.59,0,Desktop
5010,1293,4,2024-11-12,SmartTV,55,0.58,0,Mobile
5011,405,4,2025-02-18,TabletApp,93,0.74,1,TV
5012,1905,2,2024-07-04,StreamMax,39,0.42,0,TV
5013,88,8,2024-11-07,MobileApp,30,0.33,0,Tablet
5014,829,1,2025-02-01,MobileApp,102,0.86,0,TV
5015,306,12,2024-11-07,StreamMax,48,0.34,1,Tablet
5016,806,13,2024-08-23,WebBrowser,132,0.89,0,TV
5017,1970,10,2025-04-25,StreamMax,73,0.73,1,Tablet
5018,1828,1,2024-10-15,StreamMax,51,0.39,1,TV
5019,1500,15,2025-02-07,MobileApp,109,0.78,0,Desktop
5020,124,3,2024-10-19,TabletApp,69,0.71,1,TV
5021,812,1,2025-01-12,StreamMax,73,0.49,1,TV
5022,1089,14,2025-01-08,MobileApp,121,0.85,1,Desktop
5023,762,6,2025-01-16,StreamMax,91,0.62,0,Desktop
5024,1343,13,2025-04-06,WebBrowser,128,0.85,0,Tablet
5025,1767,1,2025-02-06,MobileApp,66,0.75,0,Tablet
5026,869,8,2024-08-22,SmartTV,104,0.82,0,TV
5027,1,14,2024-06-06,WebBrowser,70,0.45,0,Mobile
5028,1604,6,2024-10-25,TabletApp,78,0.6,0,Mobile
5029,1752,8,2025-03-04,TabletApp,74,0.59,0,Tablet
5030,1234,10,2024-09-08,MobileApp,69,0.79,0,Desktop
5031,1133,1,2024-12-24,WebBrowser,36,0.32,0,Tablet
5032,1610,7,2024-10-25,SmartTV,72,0.53,0,Desktop
5033,1953,3,2025-01-01,TabletApp,45,0.5,0,Desktop
5034,709,1,2025-01-22,StreamMax,67,0.56,0,Tablet
5035,1542,5,2024-10-01,StreamMax,105,0.78,0,TV
5036,1514,5,2025-04-28,StreamMax,87,0.75,0,Desktop
5037,869,8,2025-01-03,WebBrowser,50,0.42,0,Mobile
5038,1138,2,2024-08-17,StreamMax,130,0.86,0,Mobile
5039,296,1,2025-04-09,WebBrowser,137,0.89,0,Tablet
5040,491,8,2025-04-03,TabletApp,98,0.72,0,Desktop
5041,1550,8,2025-04-24,MobileApp,51,0.46,0,Desktop
5042,1678,7,2025-01-06,TabletApp,78,0.69,0,Tablet
5043,1620,7,2025-02-27,StreamMax,61,0.4,1,Desktop
5044,1475,7,2025-01-09,WebBrowser,98,0.98,0,Desktop
5045,77,2,2025-02-07,WebBrowser,102,0.87,0,Tablet
5046,1294,2,2024-12-02,StreamMax,60,0.39,0,TV
5047,1223,14,2024-12-24,MobileApp,36,0.32,1,Desktop
5048,1716,8,2025-04-12,TabletApp,76,0.81,0,Desktop
5049,316,15,2024-12-27,MobileApp,108,0.76,0,Mobile
5050,902,6,2025-01-20,TabletApp,118,0.82,1,Tablet
5051,469,9,2025-04-05,StreamMax,99,0.64,1,Mobile
5052,1181,4,2025-01-11,TabletApp,70,0.49,1,Desktop
5053,741,2,2024-09-19,StreamMax,95,0.78,0,Desktop
5054,288,15,2024-12-16,MobileApp,44,0.38,0,Tablet
5055,798,6,2024-11-27,SmartTV,59,0.38,0,Mobile
5056,1688,8,2024-12-27,MobileApp,81,0.83,0,TV
5057,488,1,2024-12-04,WebBrowser,63,0.43,1,TV
5058,302,6,2024-12-21,SmartTV,117,0.76,0,Tablet
5059,1903,1,2024-11-01,TabletApp,87,0.66,0,Mobile
5060,1274,1,2025-03-29,WebBrowser,133,0.94,1,Desktop
5061,1999,11,2024-10-16,StreamMax,96,0.75,1,Mobile
5062,1263,13,2024-06-15,MobileApp,76,0.52,0,Tablet
5063,463,5,2024-10-25,MobileApp,125,0.97,1,TV
5064,803,8,2024-07-22,WebBrowser,120,0.8,0,Tablet
5065,307,6,2024-08-22,SmartTV,56,0.4,1,Tablet
5066,174,10,2024-11-13,StreamMax,112,0.95,0,Tablet
5067,943,1,2024-12-04,WebBrowser,133,0.9,1,Tablet
5068,1420,11,2025-01-10,TabletApp,94,0.79,0,TV
5069,734,1,2024-10-02,StreamMax,49,0.56,1,Mobile
5070,1960,1,2024-06-20,StreamMax,85,0.91,0,Mobile
5071,750,14,2025-02-27,TabletApp,121,0.92,0,Desktop
5072,1775,13,2024-10-11,WebBrowser,63,0.48,0,Desktop
5073,197,2,2024-11-03,TabletApp,127,0.82,0,Mobile
5074,1642,2,2025-03-20,WebBrowser,68,0.7,0,Desktop
5075,107,2,2024-10-01,WebBrowser,88,0.69,0,Mobile
5076,716,6,2025-01-09,StreamMax,69,0.72,1,Desktop
5077,230,5,2025-04-30,TabletApp,89,0.85,1,TV
5078,1653,1,2025-02-13,WebBrowser,72,0.75,1,Mobile
5079,1184,9,2025-04-04,MobileApp,71,0.46,0,TV
5080,903,1,2025-02-21,MobileApp,97,0.71,0,Desktop
5081,1315,1,2024-09-04,StreamMax,36,0.34,0,Mobile
5082,1771,3,2024-06-27,StreamMax,77,0.69,0,Desktop
5083,110,8,2024-10-13,SmartTV,124,0.79,0,Tablet
5084,1256,3,2025-03-10,SmartTV,42,0.35,1,Desktop
5085,1927,7,2025-01-06,WebBrowser,69,0.55,0,Desktop
5086,1314,14,2024-06-27,SmartTV,105,0.78,0,TV
5087,76,7,2024-11-20,MobileApp,62,0.58,0,Mobile
5088,804,12,2024-06-04,SmartTV,90,0.71,0,Mobile
5089,1760,5,2024-07-20,SmartTV,46,0.4,0,Tablet
5090,1761,8,2024-12-10,SmartTV,57,0.6,0,TV
5091,1709,8,2025-02-17,WebBrowser,121,0.9,0,Tablet
5092,1177,7,2024-09-17,TabletApp,130,0.88,0,Desktop
5093,1898,8,2025-04-05,MobileApp,63,0.52,0,Mobile
5094,667,10,2024-08-18,StreamMax,49,0.36,0,Mobile
5095,866,1,2024-10-18,MobileApp,119,0.94,0,Desktop
5096,207,1,2024-07-09,WebBrowser,73,0.71,0,Desktop
5097,922,2,2024-09-07,StreamMax,156,0.99,0,Desktop
5098,1856,1,2025-03-03,SmartTV,56,0.47,1,Desktop
5099,1887,6,2024-06-07,MobileApp,61,0.45,1,Desktop
5100,542,7,2025-04-21,WebBrowser,54,0.41,0,Tablet
5101,1089,5,2024-06-18,TabletApp,106,0.82,0,Mobile
5102,1859,10,2025-03-12,MobileApp,92,0.7,0,TV
5103,763,6,2024-06-28,SmartTV,120,0.94,0,TV
5104,219,6,2025-03-14,WebBrowser,110,0.74,0,TV
5105,1483,8,2024-07-25,TabletApp,133,0.86,1,Mobile
5106,1552,4,2025-04-21,SmartTV,100,0.99,0,Tablet
5107,1222,1,2025-04-01,WebBrowser,55,0.54,0,Mobile
5108,833,13,2024-12-04,WebBrowser,62,0.59,0,TV
5109,1606,3,2024-11-08,WebBrowser,90,0.77,0,Tablet
5110,739,6,2025-04-06,TabletApp,97,0.73,0,Desktop
5111,565,9,2024-10-23,MobileApp,98,0.95,1,Mobile
5112,371,12,2024-09-03,TabletApp,69,0.57,1,Mobile
5113,803,7,2024-07-20,TabletApp,56,0.52,0,Tablet
5114,687,2,2025-03-03,MobileApp,129,0.96,0,TV
5115,409,1,2024-07-10,StreamMax,62,0.44,1,Tablet
5116,336,14,2025-02-04,MobileApp,96,0.65,0,Tablet
5117,1184,15,2024-09-07,MobileApp,67,0.61,0,Mobile
5118,779,6,2024-07-09,TabletApp,102,0.73,0,Desktop
5119,1119,4,2024-11-22,SmartTV,118,0.77,0,Mobile
5120,1445,2,2024-11-08,SmartTV,119,0.79,0,Tablet
5121,561,3,2024-06-15,TabletApp,101,0.91,0,Tablet
5122,998,1,2024-11-25,WebBrowser,57,0.61,0,Desktop
5123,538,10,2024-08-16,TabletApp,52,0.53,0,TV
5124,642,3,2024-07-10,SmartTV,73,0.71,0,Desktop
5125,885,7,2024-09-30,StreamMax,62,0.52,0,Tablet
5126,179,12,2025-01-18,SmartTV,44,0.33,0,Mobile
5127,667,3,2024-09-17,SmartTV,151,1.0,1,Mobile
5128,737,1,2024-12-13,WebBrowser,49,0.49,0,TV
5129,719,15,2025-01-29,WebBrowser,68,0.46,1,TV
5130,1268,1,2025-01-10,StreamMax,112,0.74,0,Mobile
5131,1176,6,2024-12-09,SmartTV,64,0.64,1,Mobile
5132,735,3,2024-07-21,SmartTV,66,0.5,0,Desktop
5133,1757,7,2024-09-17,WebBrowser,52,0.57,0,Tablet
5134,160,6,2025-02-20,MobileApp,39,0.33,1,Mobile
5135,1108,5,2024-11-07,MobileApp,98,0.67,1,Mobile
5136,1238,12,2024-06-17,SmartTV,55,0.62,0,Tablet
5137,698,3,2024-06-02,WebBrowser,41,0.47,0,TV
5138,1483,4,2024-08-03,TabletApp,72,0.77,0,Tablet
5139,109,2,2024-06-15,MobileApp,57,0.42,0,Desktop
5140,936,11,2024-09-02,MobileApp,63,0.42,1,TV
5141,1703,1,2025-03-25,SmartTV,53,0.57,0,TV
5142,731,6,2024-09-16,MobileApp,56,0.53,0,TV
5143,422,3,2024-06-27,MobileApp,129,0.98,1,Tablet
5144,1575,13,2024-11-04,MobileApp,89,0.89,0,TV
5145,1204,11,2025-01-09,StreamMax,71,0.51,0,Mobile
5146,1250,10,2025-03-15,MobileApp,108,0.74,0,Mobile
5147,184,10,2024-10-11,StreamMax,90,0.76,1,Tablet
5148,1621,3,2024-07-06,MobileApp,72,0.73,0,Tablet
5149,102,3,2025-04-25,SmartTV,105,0.98,1,Desktop
5150,87,6,2024-12-29,MobileApp,43,0.39,0,TV
5151,1743,2,2025-01-23,TabletApp,81,0.73,0,TV
5152,616,14,2024-12-06,MobileApp,99,0.91,0,Tablet
5153,996,3,2024-11-12,TabletApp,51,0.42,0,TV
5154,645,5,2024-07-23,TabletApp,62,0.41,0,Tablet
5155,386,2,2025-01-06,SmartTV,90,0.64,0,Mobile
5156,1506,2,2024-06-02,StreamMax,36,0.35,0,Tablet
5157,431,4,2025-04-25,MobileApp,101,0.84,0,TV
5158,440,10,2024-11-19,WebBrowser,65,0.5,0,Desktop
5159,1814,8,2025-02-22,SmartTV,101,0.98,0,TV
5160,1277,2,2024-09-07,SmartTV,114,0.96,0,Mobile
5161,1004,4,2024-09-09,WebBrowser,96,0.78,0,Mobile
5162,886,14,2025-02-28,SmartTV,86,0.81,0,TV
5163,658,6,2024-12-30,TabletApp,82,0.92,0,Mobile
5164,437,1,2025-04-24,MobileApp,38,0.37,0,TV
5165,198,1,2024-12-31,MobileApp,51,0.46,0,TV
5166,2000,1,2024-08-04,MobileApp,69,0.59,0,Desktop
5167,541,1,2025-03-02,SmartTV,34,0.37,0,Tablet
5168,1766,6,2025-01-12,StreamMax,98,0.65,0,Mobile
5169,1309,9,2024-11-28,MobileApp,83,0.83,0,TV
5170,1857,2,2024-08-29,MobileApp,109,0.79,0,TV
5171,1394,5,2024-06-21,TabletApp,61,0.45,0,Mobile
5172,1800,1,2024-11-22,MobileApp,83,0.7,0,Mobile
5173,698,4,2024-11-21,WebBrowser,59,0.4,0,Desktop
5174,14,8,2024-09-02,WebBrowser,119,0.92,0,Desktop
5175,1254,1,2025-04-12,TabletApp,102,0.67,1,TV
5176,1426,1,2025-03-15,TabletApp,84,0.61,0,Desktop
5177,1948,9,2024-07-26,TabletApp,103,1.0,0,Tablet
5178,242,3,2024-08-28,TabletApp,45,0.46,0,Mobile
5179,593,1,2025-01-15,TabletApp,83,0.65,0,Desktop
5180,1887,14,2025-01-18,MobileApp,51,0.45,0,Tablet
5181,1034,1,2025-03-31,WebBrowser,100,0.72,0,TV
5182,1707,12,2024-10-16,WebBrowser,44,0.45,0,Mobile
5183,1375,1,2025-04-19,TabletApp,105,0.83,0,Tablet
5184,1257,2,2024-12-24,MobileApp,101,0.81,0,TV
5185,1015,4,2024-07-04,StreamMax,86,0.76,1,Desktop
5186,1175,6,2024-12-30,TabletApp,51,0.33,0,Tablet
5187,1245,8,2024-09-05,SmartTV,152,0.99,0,Desktop
5188,537,2,2025-03-18,MobileApp,63,0.49,0,Desktop
5189,1782,4,2025-03-08,MobileApp,85,0.6,0,Mobile
5190,1834,10,2025-02-18,SmartTV,35,0.38,0,Mobile
5191,1635,3,2024-11-02,StreamMax,102,0.82,0,Mobile
5192,30,7,2024-07-11,WebBrowser,96,0.79,0,Desktop
5193,1410,15,2024-12-23,SmartTV,132,0.94,0,Desktop
5194,844,1,2024-11-03,MobileApp,63,0.52,0,Desktop
5195,434,3,2025-04-04,StreamMax,131,0.95,1,Desktop
5196,1100,2,2024-07-13,MobileApp,76,0.62,0,Desktop
5197,1433,14,2024-12-22,MobileApp,87,0.67,0,Tablet
5198,363,6,2024-06-10,TabletApp,110,0.7,0,Desktop
5199,1576,3,2024-12-14,MobileApp,68,0.57,0,Mobile
5200,1000,8,2024-06-01,TabletApp,60,0.41,0,Tablet
5201,734,9,2024-07-22,TabletApp,112,0.88,0,Tablet
5202,437,4,2024-09-29,MobileApp,36,0.38,0,TV
5203,490,14,2025-02-11,TabletApp,63,0.72,0,TV
5204,483,14,2025-01-26,TabletApp,109,0.83,0,TV
5205,177,2,2025-02-08,SmartTV,40,0.4,0,Desktop
5206,409,1,2025-02-18,SmartTV,98,0.7,0,TV
5207,138,14,2024-09-06,StreamMax,112,0.95,1,TV
5208,850,1,2025-02-13,TabletApp,57,0.46,0,TV
5209,845,1,2025-01-08,SmartTV,59,0.44,1,Mobile
5210,1708,8,2025-04-11,SmartTV,36,0.32,0,Mobile
5211,729,2,2024-12-13,WebBrowser,84,0.75,0,Mobile
5212,627,2,2025-01-01,SmartTV,103,0.92,0,TV
5213,377,3,2025-02-19,MobileApp,87,0.83,0,TV
5214,1702,9,2024-11-06,MobileApp,85,0.66,1,Tablet
5215,1164,11,2024-09-17,SmartTV,112,0.8,1,Tablet
5216,492,3,2025-04-25,StreamMax,49,0.45,0,Tablet
5217,1400,1,2025-02-25,MobileApp,53,0.5,1,Mobile
5218,84,3,2024-08-19,TabletApp,75,0.52,0,Tablet
5219,30,13,2024-07-25,WebBrowser,61,0.58,0,Desktop
5220,1170,8,2024-07-29,SmartTV,43,0.48,0,Tablet
5221,1902,2,2024-12-29,WebBrowser,103,0.95,1,Mobile
5222,1790,2,2024-12-25,SmartTV,116,0.96,1,Desktop
5223,857,5,2025-02-16,TabletApp,111,0.75,1,Tablet
5224,799,8,2025-02-01,WebBrowser,82,0.74,0,Tablet
5225,10,10,2024-07-16,MobileApp,88,0.78,0,Desktop
5226,1700,12,2025-01-18,WebBrowser,42,0.3,0,Tablet
5227,1755,1,2025-04-05,TabletApp,50,0.5,0,TV
5228,727,10,2025-01-03,StreamMax,136,0.97,0,TV
5229,669,8,2024-08-16,TabletApp,81,0.58,1,Desktop
5230,939,15,2025-03-17,StreamMax,72,0.52,0,Mobile
5231,1159,10,2024-12-12,TabletApp,76,0.57,0,Desktop
5232,691,1,2025-01-18,TabletApp,62,0.67,0,Mobile
5233,31,6,2024-09-06,SmartTV,39,0.34,0,Tablet
5234,1676,10,2024-07-07,MobileApp,32,0.35,0,Mobile
5235,1332,12,2024-08-11,SmartTV,144,0.93,0,TV
5236,1682,10,2024-07-20,TabletApp,82,0.79,0,Mobile
5237,302,6,2024-09-09,MobileApp,37,0.33,0,Desktop
5238,1181,2,2025-03-04,StreamMax,97,0.73,0,Mobile
5239,1284,14,2025-04-14,MobileApp,105,0.71,0,Tablet
5240,900,8,2025-03-10,WebBrowser,135,0.99,1,Desktop
5241,16,2,2025-04-22,MobileApp,86,0.69,0,Tablet
5242,1553,11,2024-12-26,SmartTV,66,0.53,0,Tablet
5243,555,4,2024-09-10,MobileApp,44,0.32,1,Tablet
5244,634,7,2025-03-13,TabletApp,77,0.75,0,Tablet
5245,355,1,2025-03-30,MobileApp,63,0.66,0,Mobile
5246,487,7,2025-04-28,SmartTV,46,0.45,1,Mobile
5247,155,10,2025-04-21,MobileApp,85,0.61,1,Mobile
5248,3,8,2025-01-19,TabletApp,102,0.83,1,Mobile
5249,580,13,2024-10-01,WebBrowser,97,0.89,0,Desktop
5250,1817,8,2025-04-29,TabletApp,103,0.98,0,TV
5251,229,11,2024-12-27,TabletApp,48,0.36,0,Tablet
5252,560,11,2024-06-30,SmartTV,102,0.66,1,Mobile
5253,1341,14,2025-04-30,MobileApp,62,0.6,0,Desktop
5254,1844,6,2024-11-11,StreamMax,80,0.64,0,Tablet
5255,326,5,2024-08-29,TabletApp,76,0.59,0,TV
5256,1907,1,2025-03-01,StreamMax,59,0.45,1,Desktop
5257,1059,3,2024-07-08,WebBrowser,103,1.0,0,TV
5258,841,10,2025-02-12,StreamMax,73,0.49,1,Desktop
5259,1270,9,2024-07-01,StreamMax,85,0.85,1,Mobile
5260,1068,14,2024-11-22,TabletApp,78,0.78,0,Mobile
5261,1693,14,2024-06-28,StreamMax,50,0.37,0,TV
5262,692,2,2025-04-21,TabletApp,117,0.85,0,Mobile
5263,555,1,2024-06-25,SmartTV,105,0.89,0,Mobile
5264,1674,5,2024-12-13,WebBrowser,61,0.58,0,Desktop
5265,1836,6,2025-04-21,WebBrowser,84,0.69,0,Tablet
5266,1117,14,2024-07-10,TabletApp,101,0.9,0,Tablet
5267,909,9,2024-06-24,StreamMax,53,0.54,0,TV
5268,4,6,2025-04-18,TabletApp,76,0.69,0,Mobile
5269,1443,2,2024-07-11,MobileApp,120,0.79,0,Mobile
5270,617,12,2024-09-28,SmartTV,38,0.31,0,Tablet
5271,1206,7,2024-10-30,TabletApp,51,0.4,0,TV
5272,1713,8,2024-06-09,TabletApp,82,0.83,0,Desktop
5273,737,2,2024-06-04,TabletApp,34,0.34,0,Mobile
5274,90,2,2024-09-18,WebBrowser,43,0.32,0,Mobile
5275,1905,5,2024-07-25,TabletApp,79,0.57,0,Tablet
5276,1414,3,2025-03-03,StreamMax,80,0.77,1,Tablet
5277,634,1,2025-02-23,TabletApp,91,0.94,0,Tablet
5278,1238,8,2024-08-11,SmartTV,56,0.46,1,Mobile
5279,901,3,2024-08-12,WebBrowser,114,0.9,0,Desktop
5280,456,1,2025-03-20,WebBrowser,66,0.59,0,Mobile
5281,1947,5,2024-10-18,StreamMax,88,0.71,0,Desktop
5282,140,13,2025-04-16,StreamMax,46,0.32,0,Tablet
5283,1688,6,2025-02-25,WebBrowser,113,0.95,0,TV
5284,1180,11,2024-09-19,SmartTV,136,0.89,0,Mobile
5285,625,11,2025-02-02,WebBrowser,44,0.33,0,Desktop
5286,651,12,2024-12-16,SmartTV,132,0.97,0,Tablet
5287,799,3,2025-01-01,WebBrowser,80,0.62,0,Mobile
5288,1684,15,2024-07-31,StreamMax,60,0.4,0,Mobile
5289,1283,10,2025-02-25,SmartTV,94,0.84,0,Tablet
5290,1656,8,2024-09-04,MobileApp,120,0.86,0,TV
5291,943,1,2025-01-02,MobileApp,31,0.35,0,TV
5292,1722,7,2025-02-20,WebBrowser,89,0.59,0,Desktop
5293,1678,10,2024-10-08,MobileApp,46,0.44,0,Tablet
5294,445,7,2024-08-06,StreamMax,90,0.88,0,Desktop
5295,1194,2,2025-03-06,StreamMax,80,0.7,0,TV
5296,507,1,2025-02-06,SmartTV,133,0.95,0,Mobile
5297,623,1,2024-06-22,MobileApp,52,0.6,1,Tablet
5298,77,7,2025-04-03,TabletApp,42,0.33,0,Tablet
5299,1155,10,2024-06-04,WebBrowser,54,0.49,0,Mobile
5300,1563,11,2025-03-22,MobileApp,144,0.94,0,Tablet
5301,1087,13,2025-03-04,WebBrowser,45,0.43,0,Tablet
5302,1435,1,2025-02-26,StreamMax,113,0.77,0,Tablet
5303,1225,3,2024-12-28,MobileApp,100,0.8,0,Mobile
5304,558,4,2025-03-04,TabletApp,108,0.74,0,Mobile
5305,543,9,2024-07-20,SmartTV,94,0.78,1,Tablet
5306,968,10,2024-06-19,WebBrowser,85,0.55,0,TV
5307,881,1,2025-04-18,TabletApp,86,0.88,0,Tablet
5308,1968,6,2025-03-30,StreamMax,72,0.8,0,Mobile
5309,412,14,2025-02-25,SmartTV,89,0.62,1,Mobile
5310,345,3,2024-06-12,TabletApp,45,0.37,1,TV
5311,1818,2,2024-08-29,SmartTV,65,0.68,0,Tablet
5312,973,1,2025-02-28,SmartTV,68,0.61,1,Desktop
5313,1359,2,2024-08-23,MobileApp,74,0.64,0,Mobile
5314,653,2,2024-10-30,SmartTV,79,0.52,1,Desktop
5315,366,15,2024-07-03,TabletApp,91,0.98,0,Tablet
5316,209,8,2025-02-05,StreamMax,69,0.62,0,Tablet
5317,7,8,2025-03-21,SmartTV,110,0.73,0,Tablet
5318,40,1,2025-04-02,StreamMax,72,0.7,0,Desktop
5319,720,10,2024-12-24,SmartTV,87,0.81,0,Tablet
5320,117,1,2025-04-17,TabletApp,76,0.72,0,Tablet
5321,1763,10,2025-03-30,SmartTV,128,0.98,0,Mobile
5322,610,11,2024-10-19,WebBrowser,49,0.35,0,Mobile
5323,767,14,2025-01-16,SmartTV,140,0.93,0,Desktop
5324,233,1,2025-01-17,TabletApp,57,0.52,0,Mobile
5325,942,3,2024-06-15,WebBrowser,44,0.38,0,Mobile
5326,1363,15,2025-01-20,MobileApp,49,0.43,1,TV
5327,1245,7,2024-09-07,MobileApp,93,0.88,0,Tablet
5328,862,14,2025-02-07,WebBrowser,76,0.63,0,TV
5329,382,2,2024-10-20,TabletApp,47,0.38,0,Tablet
5330,1151,8,2025-04-06,StreamMax,104,0.66,1,Tablet
5331,1779,4,2025-04-21,SmartTV,135,0.95,0,Tablet
5332,808,7,2024-11-01,SmartTV,61,0.56,0,Desktop
5333,1103,3,2024-08-05,StreamMax,119,0.89,0,Desktop
5334,1068,2,2025-02-07,SmartTV,111,0.98,0,Tablet
5335,806,6,2024-10-02,SmartTV,46,0.48,0,Tablet
5336,904,9,2024-11-01,MobileApp,85,0.61,0,Mobile
5337,38,14,2024-09-07,WebBrowser,54,0.35,1,Desktop
5338,1790,6,2025-03-19,WebBrowser,91,0.96,0,Tablet
5339,1464,6,2024-10-23,StreamMax,89,0.81,0,Mobile
5340,1724,9,2024-11-14,WebBrowser,78,0.63,0,Mobile
5341,537,5,2024-12-26,WebBrowser,82,0.53,1,Mobile
5342,176,4,2024-08-07,MobileApp,32,0.34,0,Desktop
5343,1028,8,2025-04-25,TabletApp,83,0.89,0,Tablet
5344,875,9,2024-11-09,WebBrowser,102,0.85,1,Mobile
5345,210,11,2025-02-09,TabletApp,40,0.31,0,Tablet
5346,220,6,2024-11-19,MobileApp,61,0.56,0,Mobile
5347,539,10,2024-12-15,SmartTV,130,0.97,0,TV
5348,1150,10,2025-01-18,SmartTV,110,0.98,0,Desktop
5349,1927,1,2025-04-24,StreamMax,63,0.62,0,Mobile
5350,123,6,2024-08-13,TabletApp,44,0.36,0,Mobile
5351,1998,10,2025-03-01,SmartTV,61,0.48,0,Tablet
5352,1407,2,2025-04-27,MobileApp,49,0.45,1,Mobile
5353,1357,2,2024-07-04,WebBrowser,80,0.68,0,TV
5354,510,8,2024-12-01,TabletApp,63,0.71,0,Tablet
5355,1183,2,2025-01-19,SmartTV,140,0.92,0,Tablet
5356,220,1,2025-04-28,MobileApp,40,0.43,0,TV
5357,1250,5,2025-02-24,TabletApp,76,0.49,0,Mobile
5358,1905,5,2024-06-15,TabletApp,102,0.7,0,Mobile
5359,302,12,2025-01-04,TabletApp,65,0.5,1,Tablet
5360,549,1,2024-10-16,StreamMax,67,0.57,0,TV
5361,1408,11,2024-06-22,WebBrowser,78,0.71,0,Desktop
5362,1695,9,2024-06-23,StreamMax,70,0.71,0,Mobile
5363,1540,2,2024-07-08,MobileApp,54,0.54,0,TV
5364,785,1,2025-02-16,SmartTV,64,0.5,1,Tablet
5365,339,9,2024-09-26,TabletApp,56,0.64,1,Tablet
5366,762,6,2024-07-10,MobileApp,67,0.73,0,Tablet
5367,496,1,2024-10-25,MobileApp,78,0.63,0,Tablet
5368,1804,14,2025-02-28,MobileApp,63,0.52,0,Mobile
5369,428,12,2024-08-11,TabletApp,52,0.45,1,TV
5370,498,12,2025-01-15,MobileApp,119,0.8,0,TV
5371,1102,7,2024-08-29,SmartTV,49,0.35,0,Tablet
5372,284,7,2024-10-17,StreamMax,46,0.44,0,TV
5373,1028,14,2025-04-11,MobileApp,71,0.66,0,Mobile
5374,262,3,2024-11-16,WebBrowser,88,0.63,1,Tablet
5375,1270,6,2025-04-30,SmartTV,96,0.87,0,TV
5376,1692,3,2025-01-27,StreamMax,76,0.53,0,Mobile
5377,1546,5,2024-12-30,MobileApp,129,0.86,0,Mobile
5378,323,1,2024-12-16,MobileApp,73,0.52,0,TV
5379,1083,15,2024-10-25,StreamMax,64,0.56,1,Mobile
5380,710,2,2025-03-12,WebBrowser,118,0.78,0,Desktop
5381,1424,9,2025-01-29,WebBrowser,59,0.54,0,Desktop
5382,378,5,2024-07-27,MobileApp,90,0.82,0,Tablet
5383,1904,12,2025-02-20,StreamMax,153,0.97,0,Tablet
5384,1913,15,2025-04-23,StreamMax,78,0.52,0,TV
5385,1271,8,2024-06-02,TabletApp,82,0.81,1,TV
5386,1356,2,2024-10-01,MobileApp,57,0.54,0,Mobile
5387,1823,1,2024-07-10,WebBrowser,140,0.92,0,Mobile
5388,83,15,2025-03-03,MobileApp,100,0.91,1,TV
5389,1536,2,2024-08-25,TabletApp,38,0.33,0,Tablet
5390,101,15,2025-02-26,SmartTV,63,0.7,0,Mobile
5391,239,12,2024-06-08,WebBrowser,112,0.91,1,Desktop
5392,954,3,2024-11-28,StreamMax,93,0.93,1,Desktop
5393,1620,8,2024-12-18,WebBrowser,56,0.59,0,TV
5394,880,6,2024-06-20,StreamMax,48,0.43,0,Desktop
5395,714,12,2024-06-28,SmartTV,52,0.41,0,Desktop
5396,949,1,2024-07-02,MobileApp,104,0.79,1,TV
5397,1354,14,2025-01-05,SmartTV,87,0.73,0,TV
5398,852,5,2024-12-11,WebBrowser,75,0.63,0,Mobile
5399,1463,3,2025-02-14,StreamMax,45,0.51,1,Mobile
5400,225,12,2024-09-17,SmartTV,119,0.83,0,TV
5401,200,6,2024-06-09,TabletApp,97,0.83,1,Desktop
5402,302,14,2024-11-14,MobileApp,139,0.89,0,Tablet
5403,1851,11,2024-08-24,MobileApp,79,0.75,0,TV
5404,237,3,2024-11-23,WebBrowser,72,0.49,0,Tablet
5405,864,7,2025-01-10,StreamMax,32,0.35,0,TV
5406,1746,8,2024-08-02,MobileApp,91,0.67,0,TV
5407,1541,6,2024-10-01,SmartTV,84,0.74,0,Mobile
5408,263,3,2024-12-20,MobileApp,134,0.98,0,TV
5409,712,15,2025-04-21,StreamMax,85,0.55,0,Tablet
5410,1582,5,2024-11-21,MobileApp,62,0.62,0,Desktop
5411,1130,10,2024-08-09,StreamMax,144,0.96,0,TV
5412,795,3,2025-03-02,StreamMax,121,0.95,0,Desktop
5413,180,8,2024-10-04,StreamMax,81,0.65,0,TV
5414,463,1,2024-08-22,WebBrowser,105,0.82,0,Tablet
5415,1965,13,2025-01-16,StreamMax,70,0.47,0,Tablet
5416,823,5,2024-06-23,StreamMax,81,0.54,0,Desktop
5417,78,1,2025-03-01,MobileApp,56,0.41,0,Tablet
5418,857,6,2025-04-03,WebBrowser,63,0.72,0,TV
5419,889,1,2025-04-12,TabletApp,77,0.87,1,Tablet
5420,1722,5,2024-07-22,TabletApp,39,0.36,0,Mobile
5421,985,10,2024-11-08,MobileApp,81,0.65,0,Desktop
5422,1010,1,2025-01-26,StreamMax,88,0.78,1,Desktop
5423,1212,6,2024-12-26,TabletApp,99,0.99,0,Mobile
5424,655,8,2025-04-28,MobileApp,82,0.58,0,TV
5425,1636,8,2025-03-30,MobileApp,119,0.97,0,Tablet
5426,1573,11,2025-03-18,SmartTV,98,0.92,0,Desktop
5427,406,1,2024-11-27,WebBrowser,120,0.76,0,Desktop
5428,594,2,2025-04-12,TabletApp,34,0.37,0,Desktop
5429,1142,3,2025-03-07,TabletApp,46,0.47,1,Desktop
5430,336,6,2025-01-18,TabletApp,128,0.89,0,TV
5431,1194,1,2025-04-17,TabletApp,91,0.87,0,Mobile
5432,971,5,2024-07-15,WebBrowser,139,0.93,0,Mobile
5433,583,1,2025-04-28,WebBrowser,74,0.64,0,TV
5434,1551,3,2024-10-12,TabletApp,35,0.37,0,Mobile
5435,128,1,2024-06-15,MobileApp,90,0.91,0,Desktop
5436,566,10,2025-03-08,StreamMax,85,0.71,0,Desktop
5437,1579,12,2025-04-25,SmartTV,70,0.7,0,Mobile
5438,955,8,2025-02-07,SmartTV,117,0.96,0,Tablet
5439,1947,10,2024-10-26,TabletApp,51,0.53,0,TV
5440,1175,6,2024-07-21,MobileApp,87,0.56,0,Tablet
5441,1272,14,2025-01-13,TabletApp,48,0.52,0,Tablet
5442,1409,10,2024-07-31,TabletApp,64,0.72,0,Desktop
5443,1819,14,2024-08-07,SmartTV,121,0.89,0,Tablet
5444,1646,7,2025-03-25,MobileApp,55,0.57,0,Tablet
5445,1189,9,2024-07-31,WebBrowser,61,0.57,1,Mobile
5446,1029,9,2025-04-21,SmartTV,81,0.6,0,TV
5447,1502,14,2025-01-04,WebBrowser,81,0.56,0,TV
5448,1863,8,2025-01-24,MobileApp,95,0.64,0,Mobile
5449,947,1,2025-04-15,MobileApp,61,0.59,0,Desktop
5450,482,11,2024-09-23,WebBrowser,86,0.7,0,Mobile
5451,1473,14,2024-08-29,WebBrowser,91,0.6,1,Tablet
5452,504,1,2025-04-27,SmartTV,117,0.87,1,Mobile
5453,1547,10,2024-12-02,MobileApp,59,0.41,0,Desktop
5454,1308,2,2024-11-18,TabletApp,95,0.66,0,Mobile
5455,1463,15,2024-08-20,SmartTV,93,0.71,0,Tablet
5456,1550,5,2024-09-20,TabletApp,52,0.34,0,Mobile
5457,1499,6,2025-03-26,WebBrowser,72,0.81,0,Mobile
5458,578,4,2024-09-24,TabletApp,105,0.84,0,Tablet
5459,1741,3,2025-01-19,SmartTV,47,0.3,0,Tablet
5460,229,6,2025-01-12,SmartTV,89,0.83,0,TV
5461,773,12,2024-10-01,SmartTV,68,0.48,1,Mobile
5462,514,15,2024-07-24,WebBrowser,62,0.59,1,Desktop
5463,1036,3,2025-04-07,StreamMax,86,0.57,0,Desktop
5464,207,1,2024-12-08,StreamMax,84,0.58,0,Mobile
5465,244,7,2025-01-24,SmartTV,46,0.38,0,Desktop
5466,93,10,2025-01-30,TabletApp,133,0.87,0,Mobile
5467,162,1,2025-03-13,StreamMax,97,0.71,0,Desktop
5468,789,14,2024-07-26,WebBrowser,90,0.91,0,Mobile
5469,989,14,2024-10-10,WebBrowser,115,0.94,1,TV
5470,672,5,2024-07-14,MobileApp,95,0.86,1,TV
5471,154,5,2024-12-30,TabletApp,108,0.86,0,Tablet
5472,49,5,2024-09-09,TabletApp,66,0.57,0,TV
5473,682,6,2024-06-10,SmartTV,42,0.34,0,Desktop
5474,650,14,2025-04-30,WebBrowser,29,0.3,0,Tablet
5475,41,2,2024-12-19,WebBrowser,107,0.76,0,Mobile
5476,426,12,2024-10-14,MobileApp,45,0.35,0,TV
5477,888,7,2024-10-19,SmartTV,80,0.84,0,Mobile
5478,1370,8,2024-10-14,StreamMax,58,0.44,1,TV
5479,1818,1,2024-12-11,WebBrowser,86,0.72,0,Desktop
5480,934,1,2025-02-08,MobileApp,73,0.73,0,TV
5481,483,15,2025-02-20,StreamMax,72,0.49,0,Mobile
5482,325,8,2025-04-28,TabletApp,29,0.31,0,Tablet
5483,490,13,2025-03-18,MobileApp,82,0.77,1,Tablet
5484,1194,1,2025-03-12,StreamMax,90,0.6,0,Desktop
5485,1176,10,2024-07-26,StreamMax,46,0.4,1,Tablet
5486,490,1,2025-02-28,TabletApp,43,0.38,0,TV
5487,1012,1,2025-03-20,WebBrowser,52,0.36,0,Tablet
5488,1271,1,2025-01-19,MobileApp,78,0.73,0,TV
5489,510,8,2024-09-16,SmartTV,53,0.55,0,Tablet
5490,1545,1,2025-03-06,SmartTV,94,0.9,1,Mobile
5491,1472,11,2024-06-15,SmartTV,70,0.7,0,Tablet
5492,1706,1,2025-01-06,TabletApp,107,0.69,0,Mobile
5493,264,7,2024-10-27,MobileApp,79,0.5,1,Mobile
5494,769,5,2024-08-06,MobileApp,63,0.72,0,TV
5495,1427,8,2025-04-24,MobileApp,87,0.75,1,Desktop
5496,285,2,2024-08-10,MobileApp,68,0.48,0,Desktop
5497,1529,5,2024-07-11,StreamMax,49,0.41,0,Desktop
5498,1594,14,2025-02-04,SmartTV,150,0.96,0,Mobile
5499,954,3,2024-10-23,WebBrowser,113,0.79,0,TV
5500,8,3,2024-11-24,StreamMax,78,0.62,0,TV
5501,717,2,2024-09-20,MobileApp,49,0.42,0,TV
5502,1546,9,2024-09-27,StreamMax,66,0.49,0,TV
5503,11,3,2025-03-09,WebBrowser,110,0.76,0,TV
5504,1469,6,2025-03-06,WebBrowser,109,0.85,0,Tablet
5505,710,6,2024-06-01,MobileApp,52,0.37,0,TV
5506,1706,2,2025-01-16,SmartTV,62,0.61,0,TV
5507,975,7,2024-08-24,TabletApp,60,0.5,1,Tablet
5508,353,1,2025-02-21,StreamMax,107,0.91,0,Tablet
5509,1492,7,2024-06-27,TabletApp,84,0.9,0,Tablet
5510,1749,8,2024-06-03,MobileApp,110,0.72,0,Mobile
5511,265,8,2024-11-30,StreamMax,42,0.42,0,TV
5512,401,11,2025-04-22,WebBrowser,65,0.54,0,Desktop
5513,322,1,2025-02-06,TabletApp,94,0.91,1,Mobile
5514,178,1,2025-03-28,WebBrowser,102,0.94,0,Desktop
5515,1716,12,2025-01-24,TabletApp,107,0.7,0,TV
5516,346,14,2025-01-07,MobileApp,99,0.85,1,TV
5517,10,1,2025-04-29,StreamMax,57,0.63,0,Mobile
5518,1612,6,2024-11-25,TabletApp,44,0.33,0,TV
5519,1037,5,2025-02-17,TabletApp,124,0.92,0,Mobile
5520,240,7,2024-12-01,MobileApp,39,0.36,0,Tablet
5521,1971,14,2024-06-24,SmartTV,46,0.32,0,Mobile
5522,906,1,2025-03-16,WebBrowser,109,0.93,0,Tablet
5523,258,2,2024-11-24,StreamMax,65,0.73,0,Tablet
5524,1068,6,2024-09-13,MobileApp,57,0.49,1,Tablet
5525,1353,7,2025-01-05,SmartTV,71,0.74,0,Desktop
5526,1500,11,2025-03-18,TabletApp,102,0.78,1,TV
5527,168,11,2025-03-25,StreamMax,77,0.51,0,Mobile
5528,171,8,2025-04-26,MobileApp,74,0.79,0,Desktop
5529,457,5,2024-11-26,WebBrowser,75,0.74,0,TV
5530,694,1,2025-04-20,TabletApp,46,0.36,1,Tablet
5531,1676,6,2024-07-27,MobileApp,120,0.99,0,Mobile
5532,132,5,2024-11-23,StreamMax,52,0.51,1,TV
5533,1224,8,2024-07-29,SmartTV,101,0.74,0,TV
5534,421,1,2025-02-19,StreamMax,94,0.6,0,Mobile
5535,923,2,2024-10-14,StreamMax,28,0.32,0,Mobile
5536,1692,14,2024-07-26,MobileApp,42,0.3,0,Desktop
5537,556,3,2024-09-29,SmartTV,54,0.41,1,TV
5538,1053,1,2025-04-08,StreamMax,112,0.74,0,Tablet
5539,1360,6,2024-11-17,WebBrowser,86,0.9,0,TV
5540,489,3,2024-12-23,MobileApp,66,0.71,0,TV
5541,1218,7,2024-09-13,TabletApp,39,0.32,0,Mobile
5542,143,8,2024-06-18,TabletApp,136,0.97,0,Mobile
5543,1437,8,2024-09-19,StreamMax,48,0.43,0,Desktop
5544,789,5,2024-10-26,StreamMax,36,0.31,0,Mobile
5545,1677,4,2025-03-22,SmartTV,100,0.7,0,Mobile
5546,917,1,2025-01-14,SmartTV,82,0.61,0,TV
5547,1700,8,2024-06-14,MobileApp,88,0.68,0,TV
5548,725,8,2024-11-30,TabletApp,90,0.8,0,TV
5549,1497,13,2025-01-09,SmartTV,74,0.57,1,Desktop
5550,947,2,2025-02-17,WebBrowser,39,0.37,0,Mobile
5551,1286,1,2025-04-19,MobileApp,111,0.82,0,Mobile
5552,82,8,2025-04-18,WebBrowser,78,0.87,0,Mobile
5553,868,6,2024-08-05,SmartTV,51,0.47,0,Mobile
5554,1517,1,2025-04-15,WebBrowser,82,0.76,0,Mobile
5555,1744,13,2024-07-19,TabletApp,98,0.68,1,TV
5556,797,1,2025-01-26,StreamMax,54,0.6,0,Desktop
5557,707,11,2025-04-08,SmartTV,85,0.61,0,Desktop
5558,611,4,2024-11-27,TabletApp,97,0.68,0,TV
5559,801,1,2025-04-20,StreamMax,83,0.93,1,TV
5560,1800,1,2025-03-28,SmartTV,126,0.97,1,TV
5561,1171,3,2025-01-03,MobileApp,56,0.42,1,Tablet
5562,1130,4,2025-04-11,TabletApp,71,0.62,1,Mobile
5563,827,6,2024-12-17,SmartTV,122,0.82,0,TV
5564,373,8,2024-06-08,StreamMax,115,0.98,1,TV
5565,1216,6,2025-02-08,TabletApp,40,0.31,0,Desktop
5566,1551,3,2024-06-30,TabletApp,123,0.86,0,Desktop
5567,1384,3,2025-04-16,StreamMax,91,0.6,1,Desktop
5568,942,15,2024-08-01,WebBrowser,117,0.83,0,Desktop
5569,1851,4,2025-01-01,WebBrowser,44,0.3,0,Tablet
5570,1035,4,2024-07-05,MobileApp,101,0.89,0,Tablet
5571,688,1,2024-10-12,StreamMax,77,0.88,0,Desktop
5572,1324,2,2024-08-07,StreamMax,71,0.75,0,Desktop
5573,1700,1,2024-12-22,StreamMax,75,0.52,0,TV
5574,232,2,2024-07-10,TabletApp,67,0.54,0,Tablet
5575,1722,1,2025-03-12,MobileApp,120,0.92,0,TV
5576,1912,7,2024-09-30,TabletApp,58,0.47,0,TV
5577,1442,1,2025-03-28,TabletApp,79,0.59,0,Mobile
5578,398,5,2025-04-29,MobileApp,68,0.73,1,Desktop
5579,1553,1,2025-03-10,StreamMax,122,0.8,0,Mobile
5580,1781,7,2024-07-13,SmartTV,114,0.88,0,Mobile
5581,1942,14,2024-12-06,TabletApp,37,0.37,0,Desktop
5582,1751,3,2025-04-30,TabletApp,33,0.35,1,TV
5583,1453,15,2024-11-23,WebBrowser,109,0.74,0,Tablet
5584,413,1,2024-12-28,StreamMax,55,0.37,0,Mobile
5585,1998,2,2024-12-05,SmartTV,116,0.78,0,Tablet
5586,706,4,2025-04-13,MobileApp,88,0.8,1,Mobile
5587,379,14,2024-10-28,MobileApp,101,0.98,1,Tablet
5588,789,1,2025-01-28,SmartTV,85,0.76,1,Tablet
5589,328,8,2024-07-04,MobileApp,44,0.35,1,Desktop
5590,1730,6,2024-06-05,StreamMax,102,0.89,0,Tablet
5591,526,6,2024-08-04,StreamMax,33,0.33,0,Desktop
5592,160,1,2024-06-21,WebBrowser,45,0.38,0,TV
5593,1892,2,2024-06-24,WebBrowser,68,0.52,1,Tablet
5594,183,10,2024-06-11,MobileApp,58,0.44,0,Desktop
5595,1583,1,2025-02-27,TabletApp,51,0.46,0,TV
5596,372,11,2024-11-05,TabletApp,76,0.49,1,Mobile
5597,839,6,2025-04-03,SmartTV,124,0.87,0,Tablet
5598,437,3,2025-03-20,TabletApp,59,0.55,0,TV
5599,1562,6,2024-07-08,SmartTV,52,0.42,0,TV
5600,1192,6,2024-07-04,StreamMax,133,0.96,0,TV
5601,954,9,2025-03-06,TabletApp,80,0.78,0,Desktop
5602,1462,2,2024-10-15,SmartTV,97,0.78,0,TV
5603,1076,7,2024-11-29,TabletApp,117,0.85,0,TV
5604,673,3,2024-07-12,StreamMax,86,0.79,0,Tablet
5605,1522,1,2025-03-28,WebBrowser,38,0.37,0,Tablet
5606,416,1,2025-03-24,TabletApp,42,0.36,0,Tablet
5607,1359,11,2024-12-21,MobileApp,39,0.38,0,TV
5608,752,3,2025-04-23,TabletApp,122,0.94,0,Desktop
5609,1718,6,2024-06-06,WebBrowser,129,0.88,0,Desktop
5610,1271,1,2025-01-22,TabletApp,81,0.69,0,Desktop
5611,1146,2,2024-12-20,SmartTV,61,0.41,1,Desktop
5612,1673,8,2025-04-03,TabletApp,40,0.36,1,Mobile
5613,1478,7,2024-09-16,StreamMax,118,0.92,0,TV
5614,1924,7,2024-11-12,StreamMax,72,0.54,0,Mobile
5615,1403,4,2024-07-15,WebBrowser,51,0.49,1,TV
5616,1300,5,2024-12-26,WebBrowser,60,0.41,1,Tablet
5617,363,13,2024-11-06,StreamMax,69,0.46,1,TV
5618,743,3,2024-12-27,StreamMax,120,0.91,0,TV
5619,927,8,2024-11-23,StreamMax,40,0.44,0,Tablet
5620,500,10,2025-03-06,SmartTV,61,0.48,0,Mobile
5621,1343,1,2025-04-27,TabletApp,112,0.73,0,Mobile
5622,263,2,2024-06-28,StreamMax,115,0.97,0,Desktop
5623,1159,1,2024-08-17,MobileApp,39,0.43,0,TV
5624,1658,13,2025-02-11,StreamMax,86,0.6,1,Tablet
5625,413,13,2025-03-08,WebBrowser,44,0.41,0,Tablet
5626,1401,3,2024-06-10,WebBrowser,114,0.77,0,TV
5627,839,8,2024-09-03,TabletApp,73,0.56,0,Mobile
5628,446,1,2025-01-25,SmartTV,36,0.34,0,Desktop
5629,530,6,2024-12-17,WebBrowser,69,0.6,0,Tablet
5630,1876,8,2025-01-09,MobileApp,45,0.51,0,TV
5631,376,7,2024-08-01,SmartTV,42,0.35,1,Tablet
5632,1823,2,2024-11-25,MobileApp,65,0.56,0,TV
5633,721,13,2024-11-10,TabletApp,41,0.3,0,TV
5634,1981,1,2025-02-23,StreamMax,120,0.87,0,Desktop
5635,1030,15,2024-10-23,TabletApp,96,0.85,0,Tablet
5636,1036,13,2025-03-24,StreamMax,67,0.67,0,TV
5637,1822,14,2024-09-01,SmartTV,83,0.67,0,Mobile
5638,1353,3,2024-09-17,StreamMax,116,0.82,1,Mobile
5639,1613,6,2024-09-28,WebBrowser,68,0.76,0,Tablet
5640,1445,14,2024-08-11,SmartTV,86,0.93,0,TV
5641,10,11,2025-01-13,TabletApp,81,0.7,1,Tablet
5642,1050,10,2024-07-13,TabletApp,39,0.33,0,Mobile
5643,1582,14,2025-04-02,SmartTV,42,0.32,0,TV
5644,916,7,2025-02-23,SmartTV,46,0.5,0,TV
5645,214,6,2024-10-12,TabletApp,45,0.3,0,TV
5646,159,12,2024-11-13,TabletApp,109,0.79,0,Desktop
5647,235,1,2025-04-27,StreamMax,40,0.44,0,TV
5648,632,9,2025-01-31,MobileApp,105,0.89,0,TV
5649,1314,6,2025-04-02,SmartTV,37,0.37,0,Desktop
5650,1823,11,2025-02-12,WebBrowser,74,0.51,0,Tablet
5651,888,3,2024-11-20,SmartTV,67,0.47,1,Tablet
5652,903,11,2025-03-12,MobileApp,76,0.54,0,Mobile
5653,485,5,2024-12-21,StreamMax,35,0.35,1,TV
5654,761,8,2024-08-10,StreamMax,78,0.52,0,Tablet
5655,1122,3,2024-08-23,SmartTV,61,0.52,0,Desktop
5656,180,1,2025-01-11,MobileApp,49,0.32,0,TV
5657,1584,8,2024-07-05,StreamMax,46,0.49,0,Desktop
5658,168,1,2025-04-28,WebBrowser,78,0.62,0,Mobile
5659,1407,15,2025-01-30,TabletApp,70,0.7,1,TV
5660,387,13,2025-02-12,MobileApp,32,0.34,0,Desktop
5661,1597,3,2025-01-31,StreamMax,125,0.82,0,Mobile
5662,945,8,2025-02-20,WebBrowser,100,0.75,0,Desktop
5663,591,5,2024-08-23,SmartTV,58,0.53,0,Mobile
5664,791,14,2025-04-16,SmartTV,116,0.91,0,Tablet
5665,270,8,2024-06-01,TabletApp,70,0.64,0,Desktop
5666,1585,11,2024-09-29,WebBrowser,121,0.79,1,Tablet
5667,494,14,2024-09-15,SmartTV,110,0.88,0,Tablet
5668,1791,14,2024-06-24,MobileApp,61,0.68,1,TV
5669,1756,5,2025-04-01,TabletApp,68,0.65,0,Mobile
5670,315,14,2025-01-17,MobileApp,93,0.66,0,TV
5671,607,8,2024-07-26,WebBrowser,97,0.78,0,TV
5672,669,3,2024-07-12,TabletApp,81,0.54,0,Mobile
5673,884,12,2024-06-11,MobileApp,96,0.93,0,Desktop
5674,1399,1,2025-03-23,TabletApp,62,0.42,0,Tablet
5675,1132,10,2024-08-11,SmartTV,105,0.74,0,Desktop
5676,302,1,2025-01-22,TabletApp,58,0.38,0,Mobile
5677,1949,2,2024-11-11,MobileApp,100,0.87,0,Desktop
5678,1014,2,2024-08-13,MobileApp,55,0.46,0,Tablet
5679,1057,12,2024-09-18,SmartTV,67,0.69,0,TV
5680,1371,7,2024-08-25,MobileApp,107,0.99,0,Desktop
5681,1029,1,2024-11-02,StreamMax,124,0.9,0,Tablet
5682,1042,1,2024-07-19,StreamMax,61,0.58,0,Desktop
5683,1542,6,2024-11-10,StreamMax,88,0.8,0,TV
5684,1691,9,2024-11-02,MobileApp,49,0.48,0,Mobile
5685,1057,13,2025-04-09,SmartTV,141,0.94,0,Desktop
5686,1347,14,2024-11-23,MobileApp,105,0.73,0,Tablet
5687,1761,2,2024-12-04,MobileApp,116,0.75,0,Tablet
5688,1734,12,2024-09-22,StreamMax,37,0.4,0,Mobile
5689,1602,12,2025-03-09,WebBrowser,68,0.47,0,Tablet
5690,782,10,2025-02-03,SmartTV,126,0.83,0,Tablet
5691,1956,14,2024-07-18,WebBrowser,103,0.81,1,Desktop
5692,456,2,2025-02-12,MobileApp,41,0.45,0,TV
5693,115,11,2024-11-15,WebBrowser,76,0.61,0,Mobile
5694,346,14,2025-01-24,StreamMax,148,0.96,0,Mobile
5695,1295,6,2024-12-23,StreamMax,64,0.41,1,TV
5696,537,1,2024-08-08,WebBrowser,54,0.53,0,Tablet
5697,162,1,2025-01-30,StreamMax,81,0.9,0,TV
5698,682,8,2024-12-18,WebBrowser,77,0.62,0,Mobile
5699,858,1,2025-01-19,SmartTV,100,0.8,0,Mobile
5700,1006,11,2024-08-03,WebBrowser,118,0.79,0,Mobile
5701,1660,2,2024-08-24,MobileApp,102,0.98,0,Mobile
5702,20,15,2025-03-14,StreamMax,56,0.45,1,Tablet
5703,247,11,2024-11-11,MobileApp,71,0.79,0,Desktop
5704,1721,1,2024-09-26,MobileApp,80,0.9,0,TV
5705,1694,2,2024-10-06,StreamMax,70,0.61,0,TV
5706,60,11,2024-10-17,TabletApp,105,0.69,0,Tablet
5707,1158,10,2025-03-17,MobileApp,65,0.62,0,Desktop
5708,986,13,2025-02-24,TabletApp,34,0.33,0,Tablet
5709,1184,2,2024-07-19,MobileApp,104,0.74,0,Tablet
5710,1151,12,2024-12-30,MobileApp,87,0.94,0,Tablet
5711,1871,8,2025-03-20,WebBrowser,130,0.83,0,Tablet
5712,1431,8,2025-04-10,SmartTV,134,0.96,0,TV
5713,246,8,2025-03-07,StreamMax,51,0.55,0,Desktop
5714,1991,6,2024-08-29,MobileApp,77,0.53,0,Mobile
5715,1530,15,2024-06-24,SmartTV,70,0.67,0,Desktop
5716,34,13,2024-08-07,MobileApp,60,0.41,0,TV
5717,1408,1,2024-11-24,MobileApp,44,0.42,0,Mobile
5718,454,10,2024-10-26,WebBrowser,47,0.35,1,Desktop
5719,856,7,2025-01-23,TabletApp,81,0.61,0,Tablet
5720,225,6,2025-03-20,WebBrowser,81,0.66,0,Desktop
5721,617,10,2024-12-19,WebBrowser,122,0.94,0,Mobile
5722,1623,8,2025-03-03,WebBrowser,71,0.46,0,Tablet
5723,1424,1,2024-10-27,TabletApp,62,0.58,0,Mobile
5724,984,11,2024-09-07,SmartTV,51,0.57,0,Mobile
5725,1114,14,2024-07-03,StreamMax,32,0.36,0,Tablet
5726,1993,7,2024-07-30,MobileApp,152,0.99,0,Desktop
5727,513,6,2024-07-07,StreamMax,106,0.71,0,Desktop
5728,116,2,2025-02-19,MobileApp,40,0.36,0,Desktop
5729,1993,1,2024-10-11,SmartTV,110,0.91,0,TV
5730,1869,11,2025-02-02,TabletApp,138,0.96,1,Desktop
5731,1633,3,2025-01-11,StreamMax,127,0.87,0,Mobile
5732,803,5,2025-03-13,MobileApp,68,0.57,1,Tablet
5733,968,1,2025-01-06,MobileApp,113,0.73,0,Tablet
5734,1149,1,2025-04-03,StreamMax,82,0.72,0,Tablet
5735,1230,8,2024-07-06,MobileApp,40,0.42,1,Desktop
5736,445,14,2024-11-09,SmartTV,87,0.86,0,Mobile
5737,1967,1,2025-04-01,TabletApp,53,0.53,0,TV
5738,1633,5,2025-02-15,MobileApp,113,0.91,0,Desktop
5739,377,11,2025-02-12,MobileApp,48,0.48,0,Desktop
5740,544,1,2025-03-14,MobileApp,155,0.99,0,Mobile
5741,987,1,2025-04-13,WebBrowser,81,0.58,1,Tablet
5742,54,7,2024-09-07,MobileApp,147,0.98,0,TV
5743,1249,1,2024-09-19,MobileApp,61,0.63,0,TV
5744,621,7,2024-07-23,WebBrowser,108,0.8,0,Mobile
5745,1666,7,2024-11-15,StreamMax,37,0.35,0,TV
5746,1535,15,2025-01-05,SmartTV,84,0.55,0,TV
5747,1918,1,2024-12-24,TabletApp,109,0.83,1,TV
5748,1801,1,2025-03-01,TabletApp,60,0.55,0,Tablet
5749,1769,1,2024-11-21,StreamMax,104,0.81,0,Desktop
5750,509,4,2024-07-31,WebBrowser,84,0.76,0,TV
5751,1388,13,2025-03-19,StreamMax,111,0.87,0,Mobile
5752,650,6,2025-03-07,WebBrowser,46,0.39,0,Tablet
5753,1268,1,2024-12-10,TabletApp,71,0.64,0,Tablet
5754,165,3,2024-12-26,WebBrowser,38,0.44,0,Tablet
5755,1273,10,2024-11-01,WebBrowser,28,0.31,0,Desktop
5756,1972,1,2024-07-28,MobileApp,43,0.49,0,TV
5757,1577,8,2024-11-30,MobileApp,46,0.51,0,TV
5758,40,5,2024-11-14,TabletApp,100,0.82,0,TV
5759,1655,8,2024-08-04,WebBrowser,87,0.68,0,Desktop
5760,1216,1,2024-09-28,WebBrowser,91,0.93,0,Tablet
5761,1274,2,2024-10-03,SmartTV,88,0.95,0,Tablet
5762,972,15,2024-06-04,MobileApp,91,0.76,0,Mobile
5763,1242,6,2024-09-07,WebBrowser,38,0.36,1,Mobile
5764,69,13,2025-03-05,SmartTV,93,0.77,0,Mobile
5765,514,10,2025-01-15,StreamMax,107,0.78,0,Tablet
5766,1081,4,2025-03-02,SmartTV,120,0.8,1,TV
5767,969,2,2025-03-30,TabletApp,107,0.72,1,Mobile
5768,859,6,2025-02-19,SmartTV,102,0.74,0,Tablet
5769,621,3,2025-01-30,StreamMax,48,0.44,0,Tablet
5770,1567,15,2024-11-13,SmartTV,74,0.51,1,Tablet
5771,82,1,2025-02-22,SmartTV,110,0.84,0,Desktop
5772,1621,3,2024-12-09,MobileApp,111,0.9,1,Tablet
5773,632,10,2024-07-13,SmartTV,95,0.98,0,Desktop
5774,105,6,2024-07-14,WebBrowser,125,0.95,0,Tablet
5775,1278,13,2025-03-17,StreamMax,106,0.68,1,Desktop
5776,1655,6,2025-03-28,TabletApp,37,0.4,0,Tablet
5777,209,2,2025-01-03,WebBrowser,98,0.8,0,Tablet
5778,1156,8,2024-09-11,WebBrowser,106,0.9,0,Desktop
5779,413,7,2024-09-24,SmartTV,45,0.46,0,Desktop
5780,585,4,2025-02-17,TabletApp,57,0.53,1,Desktop
5781,1927,10,2024-12-19,MobileApp,77,0.6,0,Tablet
5782,1575,14,2024-07-15,StreamMax,28,0.32,0,Mobile
5783,41,1,2024-09-14,WebBrowser,113,0.82,1,Tablet
5784,1041,8,2025-02-17,SmartTV,105,0.88,0,Mobile
5785,1995,5,2024-08-13,WebBrowser,145,0.97,0,Desktop
5786,1248,13,2024-10-30,SmartTV,102,0.95,0,Mobile
5787,1665,1,2025-03-21,SmartTV,42,0.38,0,TV
5788,1827,15,2024-08-20,TabletApp,95,0.98,0,Tablet
5789,1860,10,2024-07-30,MobileApp,69,0.56,0,Desktop
5790,51,2,2024-07-27,WebBrowser,81,0.87,1,Mobile
5791,945,1,2025-01-03,TabletApp,85,0.68,1,TV
5792,999,8,2024-11-13,MobileApp,48,0.31,0,Desktop
5793,456,15,2024-07-30,SmartTV,104,0.9,0,Tablet
5794,1715,1,2025-02-06,MobileApp,45,0.5,0,Mobile
5795,778,3,2024-10-22,WebBrowser,96,0.69,0,Desktop
5796,389,14,2025-04-09,MobileApp,89,0.8,0,Tablet
5797,1664,1,2025-02-25,MobileApp,70,0.5,1,TV
5798,1343,14,2024-06-09,TabletApp,33,0.35,0,Mobile
5799,1386,3,2025-03-31,MobileApp,105,0.8,0,TV
5800,485,8,2024-06-04,SmartTV,49,0.36,0,Tablet
5801,1622,1,2025-04-16,SmartTV,108,0.9,0,Mobile
5802,303,2,2024-07-07,MobileApp,27,0.3,0,Tablet
5803,926,1,2025-04-06,SmartTV,66,0.74,1,Mobile
5804,1880,1,2024-07-21,WebBrowser,37,0.3,0,Tablet
5805,166,4,2024-06-21,SmartTV,144,0.93,0,TV
5806,711,3,2024-11-17,WebBrowser,123,0.8,1,Desktop
5807,113,1,2025-04-26,SmartTV,64,0.53,1,Tablet
5808,712,1,2024-12-13,TabletApp,76,0.72,0,Tablet
5809,1711,10,2024-06-17,WebBrowser,56,0.63,0,Tablet
5810,493,1,2024-11-19,TabletApp,108,0.97,0,TV
5811,1796,1,2024-12-04,WebBrowser,49,0.34,0,TV
5812,1429,7,2024-06-04,WebBrowser,113,0.78,0,Desktop
5813,742,13,2024-11-23,WebBrowser,48,0.45,1,TV
5814,480,2,2024-08-19,MobileApp,109,0.79,1,TV
5815,1786,1,2025-01-27,MobileApp,65,0.62,1,Mobile
5816,1944,3,2024-12-28,SmartTV,71,0.48,1,Mobile
5817,116,2,2025-04-05,StreamMax,122,0.98,0,Desktop
5818,1198,1,2025-02-09,StreamMax,34,0.37,0,Mobile
5819,554,3,2024-09-19,StreamMax,60,0.45,0,Mobile
5820,1204,12,2024-10-02,TabletApp,80,0.87,1,Mobile
5821,1084,1,2025-02-02,TabletApp,126,0.91,0,Tablet
5822,1068,5,2024-11-03,MobileApp,54,0.41,1,Tablet
5823,721,5,2025-01-26,SmartTV,75,0.53,0,Desktop
5824,1013,8,2025-02-08,TabletApp,53,0.54,0,TV
5825,836,1,2025-01-12,MobileApp,63,0.52,1,Desktop
5826,790,1,2024-06-30,MobileApp,101,0.92,0,Mobile
5827,1248,15,2025-03-08,MobileApp,76,0.62,0,Desktop
5828,935,9,2025-02-11,StreamMax,70,0.61,0,Mobile
5829,503,3,2025-02-20,WebBrowser,65,0.57,0,Desktop
5830,1884,15,2025-02-07,MobileApp,71,0.54,0,Tablet
5831,610,2,2025-02-03,MobileApp,141,0.99,0,Tablet
5832,1099,3,2024-11-30,WebBrowser,96,0.66,1,TV
5833,1290,14,2024-12-16,SmartTV,86,0.9,0,Tablet
5834,59,2,2025-04-24,TabletApp,70,0.47,1,Mobile
5835,1371,14,2025-04-25,TabletApp,54,0.52,0,Desktop
5836,958,5,2024-12-27,WebBrowser,34,0.38,0,TV
5837,204,5,2024-11-25,SmartTV,127,0.96,1,Mobile
5838,613,6,2025-04-01,TabletApp,76,0.74,0,Tablet
5839,177,13,2024-12-08,StreamMax,62,0.69,0,Tablet
5840,1214,12,2025-01-20,MobileApp,91,0.93,1,Desktop
5841,730,8,2024-12-25,MobileApp,50,0.42,0,Mobile
5842,1795,5,2024-07-06,TabletApp,116,0.84,0,Tablet
5843,22,5,2024-11-23,MobileApp,63,0.49,1,Desktop
5844,1589,10,2024-07-05,WebBrowser,90,0.72,0,Mobile
5845,1365,10,2024-10-05,StreamMax,42,0.42,1,Tablet
5846,259,11,2024-11-22,TabletApp,129,0.97,1,Mobile
5847,492,14,2024-06-19,SmartTV,97,0.86,0,Mobile
5848,1460,3,2024-10-07,StreamMax,110,0.97,0,Mobile
5849,1324,10,2024-10-22,MobileApp,122,0.89,0,Mobile
5850,1076,11,2024-12-15,StreamMax,121,0.83,0,Tablet
5851,1743,7,2024-09-16,SmartTV,69,0.54,1,TV
5852,224,8,2025-03-08,MobileApp,37,0.37,0,Tablet
5853,1907,1,2025-03-23,SmartTV,79,0.71,1,Desktop
5854,1734,4,2024-06-11,StreamMax,116,0.95,0,Tablet
5855,1813,2,2025-02-03,MobileApp,52,0.38,0,TV
5856,1123,2,2024-07-27,SmartTV,53,0.43,1,Desktop
5857,577,10,2025-03-11,MobileApp,111,0.76,0,Tablet
5858,1742,11,2024-10-07,TabletApp,106,0.81,0,TV
5859,271,1,2024-08-22,StreamMax,87,0.64,0,Mobile
5860,889,6,2025-02-04,WebBrowser,42,0.39,0,TV
5861,556,2,2024-11-27,TabletApp,94,0.92,0,Tablet
5862,1313,6,2024-08-13,TabletApp,30,0.35,0,Tablet
5863,567,2,2024-10-30,StreamMax,66,0.44,0,TV
5864,911,1,2024-11-25,WebBrowser,50,0.43,1,TV
5865,529,2,2025-03-17,SmartTV,93,0.9,1,Tablet
5866,1979,7,2025-02-16,MobileApp,99,0.89,0,TV
5867,1779,12,2024-09-22,MobileApp,59,0.54,0,Tablet
5868,811,3,2025-04-24,MobileApp,79,0.71,0,Tablet
5869,450,13,2025-01-31,TabletApp,120,0.92,1,Tablet
5870,288,10,2024-08-23,MobileApp,42,0.43,1,Mobile
5871,626,1,2024-06-07,MobileApp,55,0.45,1,Mobile
5872,1389,2,2025-03-07,TabletApp,72,0.64,0,Desktop
5873,68,4,2024-06-28,WebBrowser,49,0.39,0,Desktop
5874,851,5,2025-03-17,WebBrowser,56,0.5,1,Tablet
5875,1885,10,2024-11-03,TabletApp,108,0.73,0,TV
5876,234,13,2024-09-21,SmartTV,101,0.8,1,TV
5877,331,2,2025-04-02,MobileApp,86,0.57,0,TV
5878,1786,8,2024-08-19,TabletApp,67,0.68,0,Tablet
5879,1947,1,2025-01-01,SmartTV,69,0.58,0,Mobile
5880,200,8,2024-11-21,WebBrowser,48,0.48,0,TV
5881,952,8,2025-01-20,SmartTV,39,0.3,0,Mobile
5882,1382,1,2024-10-12,SmartTV,136,0.96,0,Tablet
5883,196,5,2024-09-01,WebBrowser,134,0.95,0,TV
5884,1826,15,2024-06-09,SmartTV,71,0.62,0,Desktop
5885,749,3,2024-12-29,MobileApp,47,0.41,0,TV
5886,678,6,2024-07-26,MobileApp,82,0.53,0,Desktop
5887,1217,12,2024-11-01,SmartTV,58,0.64,0,Tablet
5888,1515,5,2024-12-04,StreamMax,110,0.77,0,Desktop
5889,1887,2,2024-10-31,WebBrowser,60,0.48,0,Tablet
5890,1513,8,2024-09-13,SmartTV,70,0.66,0,Mobile
5891,1317,11,2025-04-01,MobileApp,68,0.46,0,Desktop
5892,1064,8,2024-09-24,WebBrowser,35,0.36,0,Tablet
5893,541,6,2024-10-13,TabletApp,123,0.85,1,Tablet
5894,7,2,2025-01-21,StreamMax,33,0.34,0,TV
5895,235,2,2025-03-08,TabletApp,136,0.99,0,Mobile
5896,1562,6,2025-01-26,SmartTV,79,0.78,0,Tablet
5897,1677,3,2024-06-11,StreamMax,67,0.55,0,TV
5898,1431,10,2025-04-05,StreamMax,85,0.67,1,Tablet
5899,800,3,2024-07-11,WebBrowser,55,0.52,0,TV
5900,344,4,2024-08-25,TabletApp,87,0.67,0,Desktop
5901,62,8,2025-03-14,SmartTV,44,0.38,0,TV
5902,179,2,2025-03-12,StreamMax,71,0.7,0,Desktop
5903,75,2,2024-08-01,TabletApp,98,0.92,0,TV
5904,1167,9,2025-03-22,MobileApp,118,0.81,0,Desktop
5905,686,1,2024-06-27,WebBrowser,44,0.31,0,Mobile
5906,1385,3,2024-08-06,WebBrowser,109,0.82,0,Desktop
5907,1374,3,2024-06-24,SmartTV,120,0.88,0,Desktop
5908,738,2,2025-03-19,TabletApp,109,0.89,0,Tablet
5909,1276,5,2024-07-11,SmartTV,95,0.68,1,TV
5910,360,1,2025-02-06,SmartTV,64,0.7,0,Desktop
5911,87,10,2024-12-18,MobileApp,42,0.4,0,Tablet
5912,1974,3,2024-09-16,MobileApp,58,0.57,1,Tablet
5913,657,1,2025-01-27,MobileApp,52,0.37,1,TV
5914,766,6,2024-11-02,StreamMax,60,0.65,0,TV
5915,547,5,2024-12-10,TabletApp,86,0.7,0,TV
5916,91,5,2024-08-02,TabletApp,85,0.6,0,Tablet
5917,1608,6,2025-01-12,MobileApp,87,0.67,0,TV
5918,1570,8,2024-11-20,StreamMax,98,0.86,0,Tablet
5919,1791,14,2025-04-10,MobileApp,79,0.7,0,Mobile
5920,1110,2,2024-12-21,WebBrowser,133,0.99,1,TV
5921,1777,15,2024-09-05,MobileApp,141,0.91,0,Mobile
5922,926,9,2024-07-11,WebBrowser,99,0.63,0,Mobile
5923,1958,6,2024-12-24,StreamMax,90,0.85,0,Tablet
5924,669,4,2024-12-11,MobileApp,71,0.52,0,Desktop
5925,1998,5,2025-03-10,MobileApp,78,0.77,1,Desktop
5926,1661,11,2024-08-11,StreamMax,104,0.92,1,Desktop
5927,473,1,2025-02-07,MobileApp,113,0.72,1,TV
5928,914,8,2025-03-16,WebBrowser,110,0.96,0,Mobile
5929,412,1,2024-11-19,WebBrowser,101,0.88,0,TV
5930,166,8,2024-08-31,TabletApp,74,0.72,0,Mobile
5931,429,1,2025-01-14,SmartTV,38,0.31,1,TV
5932,1356,10,2025-03-10,WebBrowser,86,0.92,0,Mobile
5933,166,14,2024-09-24,MobileApp,112,0.72,0,Tablet
5934,1534,8,2024-11-07,MobileApp,116,0.74,0,Desktop
5935,1124,1,2024-06-08,MobileApp,92,0.8,0,Desktop
5936,1536,14,2025-01-20,WebBrowser,92,0.82,0,Mobile
5937,1379,3,2024-12-29,SmartTV,43,0.35,1,Tablet
5938,1372,1,2024-11-11,StreamMax,63,0.65,0,TV
5939,310,9,2025-03-24,StreamMax,50,0.43,0,Tablet
5940,1187,10,2024-11-23,TabletApp,123,0.8,0,Desktop
5941,1857,1,2024-06-20,StreamMax,106,0.69,1,Tablet
5942,303,1,2024-08-12,SmartTV,138,0.92,1,Tablet
5943,1641,7,2024-06-18,SmartTV,45,0.36,0,Desktop
5944,1926,3,2024-10-16,MobileApp,62,0.48,0,Desktop
5945,1553,3,2024-11-01,TabletApp,54,0.36,0,TV
5946,1023,6,2024-06-23,TabletApp,42,0.41,0,Desktop
5947,1235,1,2025-04-27,StreamMax,34,0.35,0,Desktop
5948,911,10,2025-03-23,MobileApp,86,0.79,1,Mobile
5949,1531,1,2024-08-18,StreamMax,67,0.51,0,Tablet
5950,115,2,2024-12-10,TabletApp,117,0.83,0,Mobile
5951,960,14,2025-01-26,TabletApp,133,0.85,0,Tablet
5952,1298,14,2025-03-01,TabletApp,67,0.61,1,Desktop
5953,41,10,2024-11-02,SmartTV,63,0.42,0,Mobile
5954,192,1,2025-04-03,SmartTV,34,0.32,1,Desktop
5955,793,2,2024-11-24,WebBrowser,55,0.37,0,TV
5956,656,14,2024-08-17,TabletApp,139,0.92,0,Mobile
5957,1863,3,2024-12-31,SmartTV,128,0.96,0,Mobile
5958,89,5,2025-02-15,StreamMax,66,0.51,0,Mobile
5959,258,14,2024-06-26,MobileApp,123,0.83,1,Tablet
5960,1684,7,2025-01-12,WebBrowser,55,0.53,0,Desktop
5961,1070,13,2024-10-09,MobileApp,59,0.51,0,TV
5962,112,7,2024-08-29,StreamMax,75,0.78,0,Tablet
5963,291,1,2024-10-01,MobileApp,54,0.52,0,Mobile
5964,960,6,2024-11-06,WebBrowser,103,0.77,1,Desktop
5965,806,1,2025-02-18,SmartTV,42,0.37,1,Desktop
5966,624,11,2025-03-27,TabletApp,142,0.94,0,TV
5967,1361,12,2024-11-09,WebBrowser,76,0.62,0,Desktop
5968,473,2,2024-06-29,MobileApp,44,0.49,1,Mobile
5969,1726,9,2024-11-21,TabletApp,66,0.68,0,TV
5970,7,2,2025-01-07,SmartTV,41,0.39,1,Mobile
5971,1222,10,2025-04-02,TabletApp,47,0.49,0,TV
5972,908,11,2024-09-09,MobileApp,45,0.47,1,Desktop
5973,781,10,2024-11-28,SmartTV,85,0.54,1,Mobile
5974,1826,13,2024-08-10,StreamMax,48,0.31,0,TV
5975,1954,10,2025-03-23,WebBrowser,97,0.91,0,Mobile
5976,378,2,2024-10-22,TabletApp,56,0.58,0,TV
5977,1217,13,2024-07-21,MobileApp,48,0.48,0,TV
5978,929,1,2025-03-29,SmartTV,107,0.93,0,Tablet
5979,1615,12,2024-07-09,StreamMax,121,0.86,0,Mobile
5980,1648,8,2024-09-21,MobileApp,120,0.84,0,Tablet
5981,196,2,2024-12-06,TabletApp,64,0.55,0,TV
5982,1013,2,2024-11-15,WebBrowser,61,0.39,0,Desktop
5983,325,14,2024-10-09,StreamMax,94,1.0,0,Desktop
5984,1452,6,2024-11-19,TabletApp,88,0.9,0,Mobile
5985,379,8,2024-08-14,StreamMax,84,0.69,1,Tablet
5986,1322,5,2025-02-05,SmartTV,152,0.99,1,Desktop
5987,1287,4,2025-03-15,MobileApp,88,0.96,1,TV
5988,1303,2,2024-11-02,TabletApp,110,0.71,0,Tablet
5989,1926,10,2024-10-21,WebBrowser,136,0.91,0,Desktop
5990,1273,6,2024-12-31,TabletApp,82,0.73,0,Desktop
5991,756,1,2024-07-12,StreamMax,126,0.86,0,TV
5992,387,13,2024-09-27,SmartTV,35,0.31,0,Mobile
5993,1162,5,2025-03-15,WebBrowser,99,0.94,0,TV
5994,490,3,2025-02-08,StreamMax,106,0.93,1,Mobile
5995,44,1,2024-09-25,StreamMax,34,0.34,0,Mobile
5996,1317,1,2025-02-14,TabletApp,82,0.56,0,Desktop
5997,853,1,2025-02-09,MobileApp,101,0.82,1,TV
5998,1898,2,2024-10-12,SmartTV,141,0.95,1,Mobile
5999,303,11,2024-09-26,TabletApp,106,0.69,0,Tablet
6000,1941,1,2025-01-21,TabletApp,98,0.76,0,Mobile
6001,1621,6,2024-08-13,SmartTV,96,0.94,0,TV
6002,292,4,2025-03-01,WebBrowser,78,0.51,0,Tablet
6003,429,1,2025-01-29,WebBrowser,87,0.84,0,TV
6004,1806,2,2024-08-11,StreamMax,78,0.63,0,TV
6005,663,4,2025-04-12,TabletApp,57,0.43,1,Desktop
6006,1489,2,2024-10-05,StreamMax,57,0.38,0,TV
6007,1495,10,2024-06-13,SmartTV,86,0.87,0,Desktop
6008,1000,6,2025-04-22,TabletApp,102,0.84,0,TV
6009,1019,8,2024-07-17,MobileApp,64,0.67,1,Desktop
6010,79,3,2024-12-26,SmartTV,38,0.4,1,Mobile
6011,720,2,2024-10-12,WebBrowser,72,0.61,0,TV
6012,1547,3,2024-12-18,StreamMax,67,0.43,1,Mobile
6013,1325,13,2024-11-28,StreamMax,90,0.62,1,Mobile
6014,1875,10,2024-10-07,MobileApp,74,0.7,0,Tablet
6015,280,5,2025-02-28,SmartTV,74,0.74,0,Mobile
6016,1728,7,2024-09-01,SmartTV,121,0.84,0,Tablet
6017,843,3,2024-11-26,SmartTV,96,0.9,0,Tablet
6018,465,13,2025-01-30,WebBrowser,102,0.88,0,Desktop
6019,1942,5,2024-09-27,StreamMax,72,0.65,0,Desktop
6020,123,1,2025-04-29,TabletApp,117,0.9,0,Mobile
6021,1580,2,2025-03-04,MobileApp,131,0.95,0,Mobile
6022,827,1,2024-12-01,SmartTV,144,0.96,0,TV
6023,811,8,2024-12-19,MobileApp,82,0.64,0,Mobile
6024,611,7,2024-06-24,TabletApp,63,0.42,0,TV
6025,1265,11,2024-09-17,SmartTV,95,0.84,1,Tablet
6026,1649,3,2025-04-03,MobileApp,128,0.96,0,TV
6027,336,13,2024-07-24,MobileApp,102,0.82,0,Tablet
6028,848,1,2025-01-19,TabletApp,137,0.89,0,Desktop
6029,1505,14,2025-01-31,WebBrowser,38,0.34,0,Mobile
6030,900,5,2024-09-21,StreamMax,45,0.43,0,Tablet
6031,1872,8,2025-01-16,StreamMax,121,0.99,0,Tablet
6032,366,6,2024-06-13,MobileApp,110,0.84,1,Tablet
6033,794,10,2025-03-29,TabletApp,124,0.85,0,Tablet
6034,817,1,2024-08-16,StreamMax,68,0.49,0,Desktop
6035,954,1,2025-03-29,MobileApp,73,0.67,0,Mobile
6036,1005,6,2024-09-13,WebBrowser,103,0.77,0,Desktop
6037,1032,1,2025-01-19,WebBrowser,69,0.69,0,Tablet
6038,673,6,2024-07-30,TabletApp,126,0.95,0,TV
6039,1843,3,2024-12-28,StreamMax,58,0.67,0,Tablet
6040,535,8,2025-01-20,TabletApp,89,0.83,0,Tablet
6041,1913,11,2025-04-30,MobileApp,51,0.37,1,Mobile
6042,1175,7,2024-08-07,WebBrowser,109,0.7,0,Tablet
6043,1004,10,2025-01-18,TabletApp,102,0.88,0,Desktop
6044,263,13,2025-01-30,StreamMax,41,0.47,0,Tablet
6045,23,5,2024-10-10,StreamMax,38,0.31,0,Desktop
6046,1175,11,2024-06-27,SmartTV,54,0.37,1,Desktop
6047,1830,1,2025-04-25,WebBrowser,56,0.63,0,Tablet
6048,1058,1,2025-04-01,SmartTV,49,0.35,0,Desktop
6049,8,7,2024-08-07,MobileApp,83,0.92,0,Desktop
6050,603,9,2024-12-16,SmartTV,84,0.6,0,TV
6051,816,8,2024-12-27,SmartTV,137,0.99,1,Mobile
6052,448,3,2025-03-06,MobileApp,98,0.87,0,Desktop
6053,1985,2,2025-02-23,MobileApp,50,0.49,0,Mobile
6054,1570,6,2024-10-09,WebBrowser,93,0.7,0,TV
6055,430,1,2024-11-09,WebBrowser,92,0.97,0,TV
6056,317,3,2024-06-25,WebBrowser,87,0.83,0,Tablet
6057,1652,9,2024-08-12,WebBrowser,99,0.71,0,TV
6058,227,14,2025-02-12,WebBrowser,69,0.72,0,Mobile
6059,1802,6,2024-07-29,StreamMax,75,0.81,1,Tablet
6060,963,8,2024-12-23,StreamMax,53,0.57,0,Mobile
6061,1884,1,2024-10-06,MobileApp,62,0.6,0,Desktop
6062,655,2,2024-09-01,StreamMax,50,0.4,0,TV
6063,1341,15,2024-12-23,MobileApp,43,0.43,0,Mobile
6064,529,1,2025-04-28,StreamMax,104,0.87,0,Desktop
6065,825,8,2024-11-18,SmartTV,51,0.48,0,Mobile
6066,798,6,2024-11-11,WebBrowser,68,0.59,0,TV
6067,1228,1,2024-08-30,SmartTV,98,0.66,0,Tablet
6068,1984,1,2024-09-07,StreamMax,41,0.37,0,TV
6069,364,2,2025-02-17,TabletApp,87,0.65,0,TV
6070,1229,6,2025-03-26,WebBrowser,78,0.87,0,Mobile
6071,264,7,2024-09-23,StreamMax,125,0.85,0,TV
6072,1014,8,2024-07-20,WebBrowser,88,0.76,0,Mobile
6073,789,13,2025-02-28,TabletApp,136,0.93,0,Mobile
6074,206,2,2024-08-12,WebBrowser,109,0.75,0,Mobile
6075,1970,4,2025-03-05,StreamMax,106,0.82,0,TV
6076,1558,2,2024-10-07,StreamMax,140,0.97,0,Tablet
6077,1609,10,2025-02-08,StreamMax,67,0.44,1,TV
6078,525,14,2024-09-08,TabletApp,59,0.42,1,TV
6079,17,1,2024-10-14,StreamMax,101,0.96,0,Tablet
6080,769,5,2024-08-29,MobileApp,88,0.79,0,Tablet
6081,1261,7,2024-09-26,StreamMax,55,0.51,0,TV
6082,579,6,2024-12-21,MobileApp,94,0.63,0,TV
6083,1287,1,2025-04-23,MobileApp,86,0.59,1,Desktop
6084,307,3,2024-07-30,TabletApp,118,0.81,1,TV
6085,1660,15,2024-12-22,SmartTV,145,0.99,0,TV
6086,419,8,2024-06-20,WebBrowser,42,0.33,0,TV
6087,920,1,2024-08-19,TabletApp,67,0.49,1,Tablet
6088,539,12,2024-07-30,WebBrowser,51,0.46,0,Mobile
6089,1759,14,2024-07-23,StreamMax,110,0.86,1,Desktop
6090,1033,1,2025-01-20,MobileApp,46,0.4,1,Mobile
6091,660,2,2024-06-22,WebBrowser,68,0.45,1,Tablet
6092,612,1,2025-01-18,SmartTV,72,0.65,0,Desktop
6093,1693,8,2024-07-30,TabletApp,77,0.73,0,TV
6094,1023,7,2025-04-16,WebBrowser,82,0.8,1,Mobile
6095,317,8,2025-01-29,SmartTV,74,0.66,0,Tablet
6096,1594,12,2024-12-03,MobileApp,80,0.8,0,Mobile
6097,1914,15,2024-12-27,SmartTV,95,0.72,0,Desktop
6098,216,13,2024-06-19,MobileApp,102,0.79,0,Mobile
6099,1658,4,2024-12-18,SmartTV,99,0.63,0,Mobile
6100,149,2,2024-07-29,TabletApp,104,1.0,0,Mobile
6101,346,1,2024-09-17,SmartTV,85,0.77,0,Tablet
6102,1709,3,2024-12-01,StreamMax,66,0.5,1,TV
6103,1108,3,2025-02-21,StreamMax,140,0.92,0,Mobile
6104,1187,3,2025-03-08,TabletApp,97,0.63,1,TV
6105,1706,8,2025-03-06,SmartTV,114,0.91,1,Tablet
6106,1615,1,2024-12-16,TabletApp,127,0.95,0,TV
6107,272,9,2024-07-24,TabletApp,151,0.98,0,Desktop
6108,1629,14,2025-02-10,StreamMax,70,0.63,0,Mobile
6109,41,3,2024-08-23,MobileApp,113,0.98,0,Tablet
6110,953,11,2025-01-16,TabletApp,36,0.34,0,Desktop
6111,1108,4,2024-11-05,WebBrowser,39,0.37,0,Mobile
6112,294,11,2024-12-09,MobileApp,53,0.45,0,TV
6113,1599,11,2024-06-09,WebBrowser,49,0.51,0,TV
6114,200,1,2024-08-05,SmartTV,49,0.38,0,TV
6115,1054,8,2024-11-27,WebBrowser,39,0.31,0,Mobile
6116,145,9,2024-12-17,StreamMax,87,0.88,0,Desktop
6117,993,14,2025-03-25,MobileApp,133,0.89,0,TV
6118,1445,14,2024-11-03,StreamMax,102,0.74,0,Tablet
6119,631,1,2025-01-23,StreamMax,120,0.96,0,Mobile
6120,155,1,2025-01-14,MobileApp,97,0.69,1,TV
6121,143,2,2024-10-19,StreamMax,49,0.54,0,Mobile
6122,170,2,2024-08-21,TabletApp,95,0.67,1,Tablet
6123,708,6,2024-12-14,MobileApp,77,0.51,0,Desktop
6124,309,11,2024-06-18,StreamMax,107,0.7,0,TV
6125,1811,2,2025-03-26,TabletApp,81,0.93,0,Mobile
6126,624,1,2025-03-07,MobileApp,59,0.63,0,Desktop
6127,266,14,2024-10-15,TabletApp,126,0.86,0,Mobile
6128,1413,3,2024-12-16,StreamMax,65,0.5,0,Desktop
6129,1585,2,2024-10-14,TabletApp,103,0.74,0,TV
6130,1376,15,2025-01-16,MobileApp,115,0.77,1,Desktop
6131,524,6,2025-03-30,TabletApp,87,0.8,0,Mobile
6132,284,2,2024-11-04,StreamMax,132,0.96,0,TV
6133,733,5,2024-12-20,WebBrowser,75,0.71,0,TV
6134,751,1,2024-12-26,WebBrowser,83,0.77,0,Tablet
6135,195,10,2024-09-11,TabletApp,56,0.49,0,Mobile
6136,695,1,2025-03-14,SmartTV,105,0.95,1,Desktop
6137,907,1,2024-10-17,StreamMax,41,0.33,0,TV
6138,300,1,2025-01-20,StreamMax,82,0.6,0,TV
6139,1800,2,2024-06-14,WebBrowser,77,0.61,1,Tablet
6140,21,15,2024-11-30,StreamMax,96,0.84,1,Tablet
6141,430,10,2025-01-23,WebBrowser,68,0.5,0,Desktop
6142,1491,6,2025-02-02,SmartTV,104,0.94,0,Desktop
6143,346,14,2025-02-03,MobileApp,64,0.66,1,Tablet
6144,1578,8,2024-07-25,MobileApp,59,0.39,0,Mobile
6145,1710,1,2025-03-26,WebBrowser,115,0.73,0,TV
6146,1703,8,2025-02-14,StreamMax,44,0.35,0,Mobile
6147,939,1,2024-11-25,SmartTV,32,0.36,1,Tablet
6148,385,6,2024-08-13,WebBrowser,81,0.53,0,TV
6149,62,7,2024-12-11,WebBrowser,110,0.9,0,Tablet
6150,803,4,2025-04-12,WebBrowser,68,0.44,1,Mobile
6151,53,14,2024-11-20,MobileApp,63,0.48,0,Tablet
6152,1804,6,2024-11-01,StreamMax,93,0.63,0,Tablet
6153,1883,15,2024-06-09,MobileApp,98,0.92,0,Desktop
6154,63,6,2024-12-22,TabletApp,66,0.56,0,Tablet
6155,678,7,2024-12-16,SmartTV,88,0.78,0,Desktop
6156,1907,5,2024-07-05,SmartTV,36,0.41,0,Tablet
6157,1130,2,2024-11-29,MobileApp,119,0.89,0,Mobile
6158,81,4,2024-06-30,StreamMax,62,0.49,0,Mobile
6159,1317,10,2024-12-13,SmartTV,73,0.83,0,Mobile
6160,1165,8,2024-08-20,TabletApp,86,0.75,0,Mobile
6161,1079,4,2025-04-17,MobileApp,71,0.66,1,Tablet
6162,227,1,2024-07-25,StreamMax,113,0.82,0,Desktop
6163,1746,7,2024-07-18,TabletApp,72,0.48,0,TV
6164,1762,13,2025-03-29,WebBrowser,76,0.76,0,TV
6165,1384,15,2025-03-10,StreamMax,108,0.79,0,Mobile
6166,1143,3,2024-09-21,WebBrowser,62,0.46,0,TV
6167,403,3,2024-10-23,MobileApp,78,0.63,0,TV
6168,882,8,2025-01-25,SmartTV,82,0.68,1,Tablet
6169,1775,10,2024-07-04,SmartTV,49,0.38,0,Mobile
6170,1885,14,2024-06-02,SmartTV,98,0.72,0,TV
6171,1011,6,2025-01-06,WebBrowser,57,0.59,1,Desktop
6172,1276,9,2024-12-13,WebBrowser,111,0.9,0,Tablet
6173,1109,3,2024-06-15,MobileApp,60,0.4,1,Tablet
6174,230,2,2025-03-28,TabletApp,132,0.93,0,TV
6175,764,5,2024-08-18,SmartTV,46,0.37,0,TV
6176,1866,7,2025-03-07,TabletApp,75,0.67,0,TV
6177,1726,12,2024-09-24,WebBrowser,70,0.78,1,TV
6178,622,1,2024-12-09,WebBrowser,92,0.7,0,Mobile
6179,869,4,2025-01-18,MobileApp,103,0.7,0,TV
6180,172,14,2024-09-05,MobileApp,78,0.75,1,Tablet
6181,825,13,2024-09-19,WebBrowser,71,0.72,0,TV
6182,1023,11,2024-09-14,WebBrowser,142,0.98,0,Tablet
6183,1859,5,2024-12-27,StreamMax,77,0.51,0,Mobile
6184,988,9,2024-11-30,StreamMax,119,0.98,0,Mobile
6185,1177,15,2025-04-24,StreamMax,96,0.73,0,Tablet
6186,1947,3,2024-09-20,SmartTV,109,0.88,0,Mobile
6187,72,1,2025-03-29,MobileApp,50,0.37,0,Tablet
6188,860,8,2025-02-01,TabletApp,59,0.41,0,Desktop
6189,1659,2,2024-08-31,WebBrowser,64,0.57,0,Tablet
6190,358,11,2024-11-03,StreamMax,66,0.44,0,Mobile
6191,969,1,2025-03-12,MobileApp,113,0.78,0,Mobile
6192,1977,15,2025-01-03,WebBrowser,89,0.71,1,Mobile
6193,1268,1,2025-03-06,SmartTV,54,0.45,0,Tablet
6194,56,3,2025-02-05,StreamMax,102,0.78,0,Tablet
6195,340,4,2025-03-08,StreamMax,59,0.53,0,TV
6196,1424,5,2025-02-16,SmartTV,143,0.92,0,Desktop
6197,259,1,2025-02-19,TabletApp,125,0.95,1,Tablet
6198,237,3,2024-10-31,StreamMax,46,0.49,0,Mobile
6199,585,2,2024-08-13,TabletApp,40,0.3,0,Desktop
6200,1024,1,2025-04-03,WebBrowser,93,0.6,0,Mobile
6201,1646,14,2025-03-13,TabletApp,57,0.38,0,Mobile
6202,889,1,2025-02-03,StreamMax,44,0.38,0,TV
6203,1808,6,2024-12-21,StreamMax,135,0.86,0,Mobile
6204,851,5,2024-12-01,MobileApp,68,0.68,0,Tablet
6205,343,10,2024-08-18,TabletApp,89,0.97,0,Mobile
6206,286,9,2024-07-22,SmartTV,42,0.47,0,Tablet
6207,1234,12,2025-03-21,MobileApp,75,0.48,1,Mobile
6208,813,10,2024-06-04,SmartTV,87,0.83,0,TV
6209,1517,1,2025-01-26,MobileApp,88,0.7,0,TV
6210,1374,11,2025-01-26,WebBrowser,119,0.88,1,Mobile
6211,1230,12,2024-12-21,MobileApp,49,0.43,1,Desktop
6212,370,8,2025-04-14,TabletApp,57,0.56,0,Tablet
6213,1565,1,2025-01-14,StreamMax,86,0.57,1,Tablet
6214,1370,1,2025-01-30,StreamMax,101,0.78,0,Desktop
6215,1097,12,2024-09-18,TabletApp,90,0.95,0,TV
6216,180,8,2024-12-20,MobileApp,113,0.77,0,Mobile
6217,498,8,2024-06-06,StreamMax,45,0.49,1,TV
6218,1581,8,2024-11-27,StreamMax,47,0.41,0,Tablet
6219,720,13,2024-12-28,MobileApp,71,0.64,0,Desktop
6220,1893,7,2024-11-19,TabletApp,96,0.81,0,Mobile
6221,1386,1,2025-03-18,MobileApp,61,0.55,0,Desktop
6222,556,10,2024-10-09,StreamMax,102,0.85,0,Tablet
6223,1853,6,2024-07-14,MobileApp,99,0.9,0,Tablet
6224,1436,12,2024-10-21,StreamMax,119,0.87,0,Desktop
6225,1803,4,2024-11-20,SmartTV,80,0.78,0,Mobile
6226,1451,11,2025-02-03,WebBrowser,55,0.42,0,TV
6227,359,1,2024-06-29,StreamMax,46,0.33,1,Tablet
6228,5,14,2025-02-25,MobileApp,66,0.65,0,TV
6229,402,6,2024-08-16,StreamMax,105,0.99,1,TV
6230,1530,6,2024-09-23,TabletApp,81,0.6,0,Tablet
6231,1491,1,2024-09-04,TabletApp,69,0.64,0,TV
6232,1528,10,2025-03-22,StreamMax,151,0.97,1,Mobile
6233,294,10,2024-07-14,WebBrowser,87,0.75,0,Tablet
6234,785,10,2025-02-06,MobileApp,53,0.36,1,Mobile
6235,1497,1,2025-04-11,StreamMax,45,0.42,0,Desktop
6236,423,1,2025-04-11,SmartTV,96,0.97,0,Mobile
6237,487,12,2025-03-02,StreamMax,104,0.87,0,Desktop
6238,1388,15,2024-07-06,TabletApp,121,0.79,0,Mobile
6239,474,6,2024-07-11,MobileApp,67,0.46,0,Tablet
6240,1084,12,2025-01-17,MobileApp,92,0.95,1,Mobile
6241,1748,3,2024-09-27,TabletApp,91,0.66,1,Mobile
6242,1923,1,2025-02-03,TabletApp,127,0.87,0,Desktop
6243,1795,10,2025-01-20,TabletApp,120,0.82,0,Desktop
6244,1725,5,2025-03-28,MobileApp,70,0.73,1,TV
6245,1943,13,2024-07-05,SmartTV,67,0.46,0,TV
6246,249,11,2025-03-26,MobileApp,67,0.55,0,Desktop
6247,85,3,2024-08-29,SmartTV,85,0.56,0,Mobile
6248,1076,1,2025-04-07,WebBrowser,41,0.41,0,Mobile
6249,1361,14,2025-01-18,MobileApp,63,0.49,0,Tablet
6250,1688,3,2024-12-21,MobileApp,114,0.79,1,TV
6251,1770,2,2025-02-09,MobileApp,127,0.98,1,Mobile
6252,1626,10,2025-01-09,MobileApp,91,0.68,0,Tablet
6253,1655,7,2024-07-28,WebBrowser,31,0.31,0,Tablet
6254,584,2,2025-01-02,StreamMax,80,0.71,0,Mobile
6255,1786,11,2024-11-24,WebBrowser,74,0.77,0,Mobile
6256,39,10,2025-02-08,SmartTV,40,0.33,0,Tablet
6257,1180,3,2024-09-01,WebBrowser,42,0.47,0,Tablet
6258,1645,1,2025-04-12,SmartTV,46,0.31,0,TV
6259,656,1,2025-02-22,StreamMax,130,0.89,0,Mobile
6260,1871,5,2025-04-30,MobileApp,129,0.86,0,Mobile
6261,982,11,2024-11-28,TabletApp,67,0.43,0,Desktop
6262,1974,10,2024-09-15,StreamMax,71,0.53,0,Desktop
6263,1466,1,2024-12-27,MobileApp,68,0.56,0,Desktop
6264,1162,3,2024-09-21,WebBrowser,56,0.55,0,Desktop
6265,1018,8,2025-01-29,StreamMax,69,0.64,0,Tablet
6266,1029,13,2025-02-18,MobileApp,82,0.68,0,Mobile
6267,1484,10,2025-04-16,SmartTV,84,0.6,1,TV
6268,1618,10,2025-04-03,TabletApp,97,0.9,0,Desktop
6269,998,14,2025-01-08,SmartTV,132,0.95,0,TV
6270,628,14,2024-06-01,TabletApp,90,0.59,0,TV
6271,444,1,2024-08-22,StreamMax,67,0.58,1,Mobile
6272,1327,1,2025-03-04,MobileApp,65,0.64,0,Desktop
6273,1885,10,2024-08-24,SmartTV,30,0.33,1,TV
6274,1692,6,2024-08-24,WebBrowser,120,0.77,0,Tablet
6275,157,10,2025-03-07,TabletApp,84,0.88,0,Desktop
6276,1574,14,2025-01-07,WebBrowser,73,0.77,0,Mobile
6277,740,11,2024-07-09,StreamMax,83,0.66,0,Tablet
6278,495,14,2024-11-29,TabletApp,33,0.33,0,TV
6279,1703,8,2024-10-29,MobileApp,39,0.34,0,TV
6280,1756,4,2024-09-23,WebBrowser,102,0.88,0,Mobile
6281,1796,14,2024-09-03,StreamMax,48,0.46,0,Desktop
6282,217,15,2024-07-31,TabletApp,99,0.9,0,Desktop
6283,1435,1,2025-01-20,SmartTV,55,0.62,1,Mobile
6284,1777,3,2025-04-17,SmartTV,65,0.7,0,Desktop
6285,445,15,2024-06-19,TabletApp,103,0.71,0,Tablet
6286,1056,5,2025-02-25,MobileApp,65,0.54,0,Tablet
6287,1697,11,2024-10-19,TabletApp,56,0.53,0,Tablet
6288,1979,12,2025-01-31,StreamMax,52,0.45,0,Mobile
6289,203,3,2024-12-13,MobileApp,82,0.77,0,Desktop
6290,1526,5,2025-04-27,MobileApp,90,0.88,0,Mobile
6291,25,8,2024-06-02,TabletApp,39,0.38,0,Mobile
6292,1480,6,2025-02-13,SmartTV,55,0.37,0,Tablet
6293,1693,4,2024-12-31,StreamMax,110,0.76,0,TV
6294,483,11,2025-04-24,WebBrowser,85,0.76,0,Mobile
6295,766,2,2024-10-01,SmartTV,118,0.9,0,Desktop
6296,1395,1,2025-03-02,WebBrowser,115,0.92,0,Tablet
6297,116,5,2025-04-09,TabletApp,56,0.64,1,Mobile
6298,780,8,2024-07-26,TabletApp,97,0.72,0,Mobile
6299,1115,3,2024-12-07,StreamMax,93,0.74,0,Tablet
6300,16,4,2025-03-10,SmartTV,64,0.48,0,TV
6301,1525,14,2025-03-17,SmartTV,129,0.88,0,Mobile
6302,598,1,2025-01-11,MobileApp,107,0.83,0,Mobile
6303,52,13,2025-04-19,WebBrowser,32,0.36,0,TV
6304,202,1,2024-08-15,StreamMax,68,0.62,0,Desktop
6305,384,2,2024-06-13,SmartTV,69,0.66,1,Mobile
6306,1122,9,2024-12-02,WebBrowser,94,0.62,0,Mobile
6307,491,9,2025-01-15,WebBrowser,37,0.4,0,Tablet
6308,435,1,2024-12-17,SmartTV,95,0.65,0,TV
6309,1776,2,2024-12-04,SmartTV,101,0.94,0,Desktop
6310,663,11,2025-04-22,StreamMax,107,0.82,0,Mobile
6311,509,15,2025-01-02,MobileApp,117,0.95,0,Desktop
6312,482,13,2024-06-02,SmartTV,151,0.99,0,Tablet
6313,873,10,2024-10-13,SmartTV,95,0.76,0,TV
6314,1814,10,2024-06-26,TabletApp,95,0.7,0,Tablet
6315,995,4,2025-03-21,SmartTV,78,0.78,1,Mobile
6316,3,7,2025-01-06,TabletApp,57,0.44,0,TV
6317,1286,4,2024-11-12,TabletApp,103,0.93,0,Desktop
6318,1734,6,2024-10-09,StreamMax,95,0.63,0,TV
6319,812,14,2025-03-08,StreamMax,58,0.46,0,Desktop
6320,62,3,2024-09-02,SmartTV,83,0.62,0,Mobile
6321,566,1,2024-08-30,MobileApp,63,0.71,0,Tablet
6322,780,8,2025-03-06,MobileApp,42,0.46,1,Mobile
6323,709,1,2024-10-31,WebBrowser,81,0.66,0,TV
6324,628,2,2025-04-21,TabletApp,63,0.71,0,Tablet
6325,405,14,2024-11-06,WebBrowser,101,0.72,1,TV
6326,1010,10,2025-01-17,SmartTV,90,0.97,0,TV
6327,382,2,2024-09-22,StreamMax,50,0.44,0,Mobile
6328,1138,10,2024-08-03,MobileApp,35,0.38,0,Tablet
6329,1489,2,2025-03-08,WebBrowser,29,0.32,0,Mobile
6330,1416,13,2024-12-24,StreamMax,100,0.69,0,Tablet
6331,1929,13,2025-01-07,SmartTV,100,0.66,1,Desktop
6332,888,14,2024-11-12,MobileApp,50,0.32,0,Mobile
6333,1005,9,2024-08-11,StreamMax,79,0.85,1,TV
6334,625,1,2024-09-11,TabletApp,62,0.46,0,TV
6335,503,6,2025-02-19,TabletApp,108,0.91,0,Desktop
6336,365,13,2024-12-06,StreamMax,72,0.81,1,TV
6337,1365,11,2024-12-06,MobileApp,92,0.66,1,Mobile
6338,1721,2,2024-09-24,StreamMax,28,0.32,1,Desktop
6339,1098,5,2024-12-22,WebBrowser,34,0.34,0,TV
6340,746,3,2024-12-04,StreamMax,72,0.55,0,Mobile
6341,1910,12,2025-01-25,StreamMax,121,0.89,0,Tablet
6342,284,11,2024-10-30,WebBrowser,71,0.51,0,Mobile
6343,1290,12,2024-07-16,StreamMax,54,0.36,0,Desktop
6344,805,8,2024-10-20,SmartTV,82,0.73,0,Tablet
6345,1953,2,2025-02-25,SmartTV,98,0.71,0,Desktop
6346,1525,6,2024-09-18,TabletApp,54,0.36,1,Mobile
6347,473,5,2025-01-13,WebBrowser,55,0.42,0,Desktop
6348,1018,14,2024-09-10,SmartTV,108,0.97,0,Mobile
6349,52,8,2024-06-16,SmartTV,103,0.95,0,Mobile
6350,921,11,2025-01-23,WebBrowser,50,0.56,1,Desktop
6351,1193,5,2024-12-07,TabletApp,145,0.98,0,TV
6352,265,1,2025-02-13,MobileApp,64,0.52,0,Desktop
6353,996,15,2024-10-08,StreamMax,89,0.84,1,TV
6354,1519,1,2024-10-26,MobileApp,62,0.63,0,Mobile
6355,1292,6,2024-12-31,TabletApp,83,0.67,0,Mobile
6356,787,8,2024-09-29,WebBrowser,81,0.78,1,TV
6357,718,1,2025-04-27,StreamMax,124,0.94,0,Desktop
6358,433,13,2024-09-09,WebBrowser,141,0.92,0,Desktop
6359,1723,10,2024-08-27,SmartTV,147,0.94,0,Tablet
6360,1260,1,2025-01-15,SmartTV,86,0.74,0,TV
6361,799,14,2024-09-16,WebBrowser,107,0.86,0,TV
6362,1744,8,2024-11-21,StreamMax,83,0.7,0,Mobile
6363,763,14,2024-08-05,TabletApp,86,0.89,0,TV
6364,1091,14,2024-07-07,TabletApp,58,0.41,0,Tablet
6365,1346,1,2025-03-10,MobileApp,115,0.99,0,TV
6366,505,1,2025-03-27,MobileApp,57,0.53,0,TV
6367,1630,8,2024-10-25,MobileApp,49,0.55,0,Tablet
6368,211,7,2024-06-29,MobileApp,86,0.87,1,TV
6369,1740,6,2025-02-02,StreamMax,65,0.43,0,TV
6370,457,2,2025-01-11,SmartTV,67,0.55,0,TV
6371,251,13,2025-01-13,MobileApp,97,0.83,0,Tablet
6372,538,4,2025-02-15,WebBrowser,83,0.62,0,TV
6373,151,10,2025-01-02,SmartTV,75,0.57,0,Mobile
6374,298,11,2025-03-13,StreamMax,60,0.57,0,Tablet
6375,233,1,2025-02-01,WebBrowser,114,0.91,1,Desktop
6376,356,13,2024-08-04,SmartTV,90,0.73,0,Mobile
6377,1447,8,2024-11-10,SmartTV,44,0.36,1,Mobile
6378,32,7,2024-11-18,StreamMax,43,0.49,0,Desktop
6379,1655,7,2024-06-07,MobileApp,93,0.77,0,Tablet
6380,815,11,2024-07-25,TabletApp,72,0.79,0,Tablet
6381,1180,3,2024-07-11,TabletApp,46,0.46,1,Mobile
6382,1359,15,2025-02-23,SmartTV,60,0.62,0,TV
6383,1906,10,2024-08-01,StreamMax,90,0.6,0,TV
6384,101,6,2025-03-22,WebBrowser,95,0.67,0,TV
6385,872,1,2025-03-09,TabletApp,47,0.42,1,TV
6386,1057,1,2024-12-05,StreamMax,48,0.51,1,TV
6387,591,14,2024-07-13,WebBrowser,69,0.77,0,TV
6388,1113,1,2025-03-11,WebBrowser,73,0.75,0,Tablet
6389,1096,15,2025-02-06,StreamMax,67,0.44,0,TV
6390,517,1,2025-04-11,WebBrowser,130,0.93,0,Mobile
6391,780,10,2025-03-20,MobileApp,47,0.52,0,Desktop
6392,589,11,2024-09-03,TabletApp,88,0.78,0,Tablet
6393,705,8,2025-01-23,TabletApp,42,0.37,1,Tablet
6394,218,1,2025-01-03,SmartTV,85,0.68,0,Desktop
6395,555,1,2025-04-19,MobileApp,105,0.96,0,Tablet
6396,1098,11,2025-04-11,StreamMax,86,0.77,0,Mobile
6397,1497,14,2025-01-25,SmartTV,53,0.57,0,Tablet
6398,1796,13,2024-09-03,MobileApp,116,0.82,1,Desktop
6399,1599,1,2025-03-18,MobileApp,113,0.85,0,Desktop
6400,12,1,2025-03-17,MobileApp,91,0.68,0,Tablet
6401,1643,1,2024-08-09,WebBrowser,45,0.33,0,TV
6402,1327,13,2024-06-08,MobileApp,83,0.55,1,Desktop
6403,1365,6,2024-10-02,SmartTV,75,0.63,1,Mobile
6404,1573,14,2025-02-20,TabletApp,61,0.44,1,TV
6405,1752,7,2025-01-13,SmartTV,89,0.95,1,Tablet
6406,1196,6,2024-10-31,TabletApp,38,0.39,1,Tablet
6407,1784,14,2024-09-17,StreamMax,95,0.62,0,Tablet
6408,342,1,2025-02-27,MobileApp,104,0.96,0,Tablet
6409,1150,1,2025-01-12,SmartTV,60,0.63,0,TV
6410,548,9,2024-10-24,MobileApp,43,0.47,0,Desktop
6411,194,12,2024-06-12,WebBrowser,129,0.93,0,TV
6412,73,12,2025-03-29,SmartTV,56,0.43,0,Mobile
6413,1055,11,2024-09-19,StreamMax,58,0.38,1,Mobile
6414,571,2,2024-09-05,StreamMax,46,0.32,0,Desktop
6415,1910,13,2024-11-17,SmartTV,104,0.82,0,Desktop
6416,1305,14,2024-12-01,WebBrowser,122,0.78,0,Mobile
6417,1011,8,2024-10-22,WebBrowser,81,0.65,0,TV
6418,320,7,2024-08-27,WebBrowser,67,0.43,1,TV
6419,686,1,2025-02-05,WebBrowser,96,0.97,0,Tablet
6420,1676,5,2025-03-06,StreamMax,85,0.68,1,Tablet
6421,174,6,2024-08-16,StreamMax,44,0.49,0,Mobile
6422,322,12,2025-04-23,TabletApp,49,0.49,0,Tablet
6423,814,1,2024-08-31,TabletApp,44,0.32,0,Desktop
6424,371,5,2024-07-18,WebBrowser,68,0.56,0,Mobile
6425,778,1,2025-02-09,TabletApp,32,0.35,0,TV
6426,1199,2,2024-11-30,StreamMax,103,0.82,0,Tablet
6427,1438,13,2024-12-17,StreamMax,69,0.5,0,Tablet
6428,568,1,2025-01-21,WebBrowser,98,0.94,0,Mobile
6429,1138,7,2025-03-19,StreamMax,91,0.64,0,Tablet
6430,432,1,2025-01-13,SmartTV,62,0.5,0,Mobile
6431,1393,9,2025-01-31,StreamMax,46,0.44,0,Mobile
6432,51,1,2025-01-24,MobileApp,73,0.76,1,Tablet
6433,1224,12,2024-08-07,WebBrowser,78,0.88,0,Desktop
6434,598,12,2024-08-28,SmartTV,71,0.62,0,Tablet
6435,1367,1,2024-10-31,MobileApp,72,0.7,0,Tablet
6436,1556,11,2024-07-20,StreamMax,73,0.59,0,TV
6437,1855,13,2025-03-20,SmartTV,59,0.55,0,Desktop
6438,1612,8,2024-12-04,WebBrowser,84,0.6,0,Tablet
6439,1026,1,2024-06-22,WebBrowser,37,0.4,0,TV
6440,1012,14,2024-11-30,TabletApp,111,0.75,0,Tablet
6441,829,3,2025-01-22,WebBrowser,67,0.55,0,Tablet
6442,1916,5,2025-01-12,MobileApp,85,0.86,0,Mobile
6443,1197,5,2024-10-21,MobileApp,108,0.94,0,Desktop
6444,867,1,2024-10-09,SmartTV,46,0.44,0,TV
6445,273,10,2024-08-01,StreamMax,51,0.51,0,Desktop
6446,1272,3,2024-06-22,TabletApp,115,0.89,0,Desktop
6447,155,6,2024-10-28,SmartTV,55,0.58,0,Mobile
6448,465,7,2025-02-02,TabletApp,67,0.59,0,Mobile
6449,940,1,2025-03-03,StreamMax,54,0.45,0,Mobile
6450,74,6,2025-03-30,SmartTV,60,0.53,0,TV
6451,1866,1,2025-01-07,MobileApp,90,0.98,0,TV
6452,1492,1,2024-08-16,TabletApp,42,0.33,0,Desktop
6453,205,15,2024-08-14,SmartTV,85,0.85,0,TV
6454,1731,8,2024-12-06,SmartTV,77,0.7,0,Tablet
6455,802,1,2025-04-13,StreamMax,41,0.45,0,Mobile
6456,1572,8,2024-06-01,StreamMax,69,0.44,0,Desktop
6457,412,10,2025-03-03,SmartTV,42,0.44,0,Mobile
6458,320,6,2024-07-07,StreamMax,99,0.76,0,Mobile
6459,204,13,2024-10-29,TabletApp,130,0.93,0,Desktop
6460,243,5,2025-02-08,MobileApp,40,0.46,0,Desktop
6461,1565,7,2024-10-10,SmartTV,62,0.55,0,Tablet
6462,459,14,2024-07-16,MobileApp,44,0.44,0,Mobile
6463,1839,15,2024-09-03,WebBrowser,62,0.52,0,Tablet
6464,1239,1,2024-07-27,MobileApp,129,0.95,0,Desktop
6465,1955,8,2024-10-11,StreamMax,42,0.31,0,TV
6466,232,5,2024-08-07,SmartTV,48,0.31,0,TV
6467,926,2,2024-12-08,WebBrowser,50,0.45,1,Mobile
6468,1057,6,2024-07-26,SmartTV,105,0.94,0,Desktop
6469,1861,14,2025-04-15,SmartTV,70,0.49,0,Mobile
6470,919,9,2024-11-27,MobileApp,88,0.57,0,TV
6471,1512,3,2024-10-01,StreamMax,88,0.65,0,TV
6472,997,11,2025-04-09,StreamMax,39,0.3,0,Desktop
6473,1511,1,2025-04-02,TabletApp,35,0.34,0,TV
6474,1629,5,2024-10-06,WebBrowser,79,0.57,0,Desktop
6475,1517,10,2024-12-25,WebBrowser,126,0.82,0,Tablet
6476,1003,4,2024-06-12,MobileApp,37,0.38,0,Desktop
6477,735,12,2025-04-08,TabletApp,98,0.88,0,TV
6478,912,1,2024-08-27,TabletApp,87,0.82,1,Mobile
6479,1812,11,2024-12-31,StreamMax,76,0.56,0,Desktop
6480,952,7,2024-10-23,StreamMax,74,0.51,0,Mobile
6481,691,2,2025-02-11,TabletApp,72,0.67,1,Desktop
6482,1528,3,2024-10-24,SmartTV,111,0.95,0,Tablet
6483,640,7,2024-09-19,TabletApp,98,0.83,0,Tablet
6484,1434,1,2024-08-14,MobileApp,46,0.44,0,Desktop
6485,964,8,2025-02-13,SmartTV,115,0.78,0,TV
6486,860,11,2024-06-08,TabletApp,92,0.9,0,Tablet
6487,375,5,2025-01-30,TabletApp,91,0.72,0,Desktop
6488,845,8,2024-10-29,TabletApp,65,0.53,1,Desktop
6489,256,6,2025-03-17,TabletApp,106,0.81,0,Mobile
6490,1203,8,2024-10-13,WebBrowser,44,0.38,0,Tablet
6491,1185,6,2024-07-20,SmartTV,57,0.38,1,Mobile
6492,239,10,2024-10-09,TabletApp,53,0.61,0,Desktop
6493,1212,1,2025-03-25,TabletApp,61,0.4,0,TV
6494,1875,9,2024-08-27,TabletApp,99,0.97,1,TV
6495,1254,5,2024-07-17,TabletApp,153,0.98,0,Mobile
6496,1303,1,2025-01-31,WebBrowser,118,0.93,1,Tablet
6497,1524,10,2024-09-26,TabletApp,58,0.57,0,Tablet
6498,940,1,2024-06-22,StreamMax,62,0.43,0,Desktop
6499,772,5,2025-02-16,StreamMax,45,0.43,1,Desktop
6500,754,15,2025-02-19,TabletApp,44,0.38,0,Tablet
6501,1269,15,2024-11-17,MobileApp,51,0.36,0,TV
6502,65,1,2025-03-14,SmartTV,73,0.63,0,TV
6503,734,11,2024-08-20,TabletApp,95,0.89,0,Mobile
6504,1292,2,2025-03-27,SmartTV,106,0.86,0,TV
6505,1725,14,2024-10-24,SmartTV,36,0.4,0,Tablet
6506,1721,14,2025-03-23,TabletApp,57,0.38,0,Desktop
6507,750,2,2024-09-29,MobileApp,88,0.62,0,Mobile
6508,153,1,2025-01-12,SmartTV,47,0.36,1,Tablet
6509,387,11,2024-08-07,StreamMax,97,0.72,0,Tablet
6510,1794,1,2024-11-26,SmartTV,109,0.74,0,Tablet
6511,579,2,2025-02-07,MobileApp,30,0.34,0,Desktop
6512,1058,14,2025-01-05,MobileApp,72,0.77,0,Tablet
6513,1395,12,2025-01-20,SmartTV,80,0.53,1,Mobile
6514,1981,4,2024-07-05,WebBrowser,105,0.67,0,TV
6515,1039,2,2025-02-19,StreamMax,102,0.75,0,Tablet
6516,855,3,2024-06-30,StreamMax,38,0.31,0,TV
6517,1930,13,2025-03-13,WebBrowser,65,0.42,0,Desktop
6518,977,5,2024-07-15,TabletApp,86,0.71,0,TV
6519,1975,1,2024-06-11,SmartTV,40,0.33,0,Tablet
6520,148,9,2025-04-24,MobileApp,54,0.42,0,Tablet
6521,666,1,2024-11-16,StreamMax,52,0.43,0,Tablet
6522,1392,8,2024-09-03,TabletApp,45,0.34,0,Desktop
6523,1831,14,2025-02-19,TabletApp,114,0.98,0,Mobile
6524,889,1,2025-04-23,SmartTV,75,0.73,1,Desktop
6525,1775,13,2024-09-14,TabletApp,45,0.48,0,Mobile
6526,1912,9,2025-02-01,WebBrowser,97,0.85,1,Tablet
6527,958,5,2024-06-07,WebBrowser,72,0.76,0,Tablet
6528,704,1,2024-07-01,StreamMax,66,0.5,0,Desktop
6529,1496,1,2025-03-31,SmartTV,102,0.82,0,Mobile
6530,1869,3,2025-02-20,SmartTV,110,0.99,0,Tablet
6531,300,2,2024-10-27,SmartTV,79,0.6,0,TV
6532,165,8,2024-07-05,StreamMax,56,0.47,0,Mobile
6533,1500,1,2025-03-09,SmartTV,95,0.7,0,Desktop
6534,1303,3,2024-08-29,MobileApp,98,0.63,1,Tablet
6535,1119,11,2024-11-13,TabletApp,82,0.59,0,Tablet
6536,1737,7,2024-10-19,StreamMax,70,0.61,0,Tablet
6537,1208,8,2025-01-06,MobileApp,53,0.53,1,Desktop
6538,518,8,2024-10-10,TabletApp,104,0.87,0,Tablet
6539,1133,8,2024-11-06,SmartTV,80,0.53,0,Mobile
6540,346,10,2024-09-28,StreamMax,50,0.34,1,TV
6541,1688,8,2024-11-16,MobileApp,86,0.94,0,Mobile
6542,157,12,2025-02-15,TabletApp,65,0.47,1,Mobile
6543,1608,7,2025-03-07,StreamMax,125,0.8,0,Desktop
6544,113,6,2024-07-28,WebBrowser,47,0.38,0,TV
6545,1613,3,2024-10-08,MobileApp,56,0.48,0,Tablet
6546,1994,1,2024-07-03,StreamMax,82,0.85,0,TV
6547,1406,5,2024-08-07,MobileApp,89,0.58,0,TV
6548,615,4,2025-01-09,StreamMax,37,0.42,0,Tablet
6549,612,8,2024-07-25,WebBrowser,75,0.52,0,Desktop
6550,668,6,2025-01-06,StreamMax,95,0.85,1,TV
6551,728,8,2024-10-26,StreamMax,65,0.68,0,Tablet
6552,950,2,2024-12-31,TabletApp,87,0.9,0,Mobile
6553,1961,2,2025-01-28,StreamMax,61,0.62,0,Desktop
6554,654,12,2024-09-07,TabletApp,108,0.85,0,TV
6555,643,14,2024-07-29,StreamMax,104,0.79,0,TV
6556,41,1,2025-02-09,WebBrowser,70,0.49,0,Tablet
6557,1665,11,2025-02-23,StreamMax,66,0.68,0,Desktop
6558,1909,1,2024-06-25,SmartTV,82,0.9,0,TV
6559,1097,14,2025-04-21,StreamMax,114,0.78,0,TV
6560,898,2,2025-01-26,WebBrowser,81,0.58,0,Desktop
6561,1819,12,2024-10-17,StreamMax,96,0.71,1,Tablet
6562,361,11,2025-03-08,WebBrowser,85,0.74,1,Desktop
6563,739,7,2025-01-20,StreamMax,40,0.38,0,Tablet
6564,788,1,2024-12-15,WebBrowser,93,0.84,0,Desktop
6565,1781,7,2024-07-01,MobileApp,91,0.76,0,TV
6566,597,10,2024-10-27,WebBrowser,51,0.58,1,TV
6567,1990,14,2025-04-06,MobileApp,86,0.73,0,Mobile
6568,1665,9,2024-09-26,SmartTV,39,0.43,0,Mobile
6569,667,6,2024-09-16,SmartTV,79,0.51,0,TV
6570,581,10,2024-11-07,StreamMax,71,0.59,1,TV
6571,1552,9,2025-04-29,WebBrowser,50,0.5,1,Mobile
6572,1352,6,2024-12-15,StreamMax,104,0.84,0,Mobile
6573,449,1,2025-01-12,WebBrowser,85,0.71,0,Desktop
6574,1534,1,2024-06-21,StreamMax,125,0.91,0,Mobile
6575,1097,10,2024-11-14,MobileApp,51,0.59,0,Mobile
6576,107,8,2025-02-12,StreamMax,139,0.92,0,Desktop
6577,1948,3,2024-07-02,StreamMax,74,0.63,1,Tablet
6578,299,13,2024-08-17,WebBrowser,80,0.57,1,Desktop
6579,646,3,2025-02-23,StreamMax,112,0.79,0,TV
6580,92,10,2025-02-26,SmartTV,72,0.56,0,TV
6581,718,9,2024-07-05,TabletApp,92,0.61,0,Mobile
6582,134,1,2025-04-05,MobileApp,124,0.97,0,Tablet
6583,859,1,2025-01-27,TabletApp,48,0.34,0,Tablet
6584,56,1,2024-07-05,SmartTV,61,0.48,0,Desktop
6585,1364,2,2024-11-14,MobileApp,96,0.69,0,Mobile
6586,1727,2,2024-06-19,WebBrowser,60,0.51,1,TV
6587,801,8,2025-03-18,MobileApp,49,0.38,1,Desktop
6588,1140,1,2024-07-12,MobileApp,88,0.65,1,Mobile
6589,878,3,2024-12-11,StreamMax,34,0.36,0,Mobile
6590,1523,8,2025-02-15,StreamMax,122,0.9,0,Desktop
6591,1176,10,2025-03-05,WebBrowser,67,0.6,1,Mobile
6592,36,3,2024-07-10,TabletApp,102,0.69,0,Mobile
6593,1669,15,2025-01-24,WebBrowser,57,0.51,0,Desktop
6594,584,4,2024-08-25,StreamMax,113,0.83,1,Mobile
6595,130,1,2024-11-15,StreamMax,43,0.41,0,Desktop
6596,435,11,2025-03-07,StreamMax,55,0.62,0,Mobile
6597,1331,11,2024-08-21,TabletApp,132,0.87,0,TV
6598,466,14,2025-01-26,SmartTV,120,0.82,0,TV
6599,45,8,2025-03-09,SmartTV,90,0.71,0,Tablet
6600,1583,1,2024-11-20,MobileApp,43,0.49,0,TV
6601,1422,8,2024-07-11,StreamMax,51,0.44,1,TV
6602,740,10,2024-08-19,SmartTV,84,0.8,0,TV
6603,347,11,2025-02-16,SmartTV,52,0.54,0,Desktop
6604,1509,10,2024-09-12,TabletApp,51,0.4,0,Mobile
6605,1505,2,2024-09-06,StreamMax,109,0.95,0,Mobile
6606,1288,11,2024-09-25,MobileApp,39,0.38,0,Desktop
6607,1779,10,2025-01-02,TabletApp,59,0.63,0,Mobile
6608,1519,14,2024-12-07,MobileApp,89,0.81,0,Mobile
6609,1058,1,2025-03-27,MobileApp,50,0.32,0,Mobile
6610,1198,6,2025-03-19,MobileApp,52,0.45,0,Mobile
6611,1650,2,2025-04-29,StreamMax,102,0.72,0,Desktop
6612,834,8,2025-02-15,StreamMax,117,0.75,0,Desktop
6613,1890,11,2025-04-26,WebBrowser,133,0.87,0,Desktop
6614,757,13,2025-02-14,SmartTV,71,0.8,1,Tablet
6615,1949,6,2025-03-31,WebBrowser,55,0.6,0,Tablet
6616,366,8,2024-10-22,SmartTV,60,0.5,0,Desktop
6617,1915,8,2025-03-22,SmartTV,91,0.67,0,Mobile
6618,1939,10,2025-03-26,StreamMax,63,0.43,1,Mobile
6619,1859,11,2024-12-08,MobileApp,50,0.48,1,TV
6620,1132,7,2024-06-19,WebBrowser,52,0.36,0,Desktop
6621,390,12,2025-04-28,SmartTV,77,0.77,1,Tablet
6622,1044,4,2024-12-10,StreamMax,91,0.59,0,Desktop
6623,1104,12,2024-10-08,SmartTV,113,0.92,0,Tablet
6624,1810,8,2024-09-05,WebBrowser,83,0.76,0,TV
6625,912,4,2024-06-30,StreamMax,63,0.65,1,TV
6626,1809,15,2025-03-31,SmartTV,55,0.56,0,Tablet
6627,1064,5,2024-10-16,TabletApp,90,0.95,0,TV
6628,101,6,2025-02-03,StreamMax,33,0.33,0,Mobile
6629,342,14,2024-09-18,TabletApp,115,0.88,0,Tablet
6630,1068,14,2024-11-19,MobileApp,99,0.9,1,TV
6631,1376,1,2025-02-25,TabletApp,37,0.31,0,TV
6632,1440,7,2024-12-20,TabletApp,76,0.8,0,TV
6633,1532,3,2024-11-09,MobileApp,93,0.61,0,Desktop
6634,1226,11,2024-06-07,TabletApp,112,0.74,0,Desktop
6635,97,8,2024-09-22,WebBrowser,55,0.6,0,Tablet
6636,1946,6,2024-10-07,StreamMax,56,0.45,0,Tablet
6637,693,1,2024-11-20,MobileApp,42,0.38,0,TV
6638,466,13,2024-07-16,MobileApp,146,0.99,1,Tablet
6639,1275,10,2025-01-03,TabletApp,79,0.79,1,TV
6640,528,2,2024-06-11,StreamMax,114,0.83,1,Mobile
6641,1527,1,2025-02-22,WebBrowser,95,0.89,0,Desktop
6642,172,2,2024-06-24,SmartTV,93,0.61,0,TV
6643,1980,5,2024-06-17,MobileApp,70,0.56,0,Mobile
6644,860,1,2024-12-18,WebBrowser,45,0.42,0,TV
6645,1599,1,2025-02-16,TabletApp,84,0.68,0,Tablet
6646,222,10,2025-03-09,MobileApp,142,0.94,0,TV
6647,1621,14,2024-07-23,TabletApp,85,0.84,0,Desktop
6648,1148,10,2024-08-11,SmartTV,73,0.63,0,TV
6649,761,6,2025-01-15,TabletApp,126,0.81,0,Desktop
6650,574,3,2025-01-28,SmartTV,144,0.98,0,Mobile
6651,1418,3,2025-01-15,WebBrowser,52,0.43,0,Desktop
6652,1410,1,2025-04-30,StreamMax,136,0.87,0,Desktop
6653,869,2,2025-01-13,StreamMax,69,0.66,0,TV
6654,1563,14,2024-08-21,MobileApp,126,0.88,0,Tablet
6655,1437,6,2024-06-11,SmartTV,49,0.49,1,TV
6656,1107,14,2025-03-01,MobileApp,91,0.93,0,Desktop
6657,754,1,2025-03-16,WebBrowser,76,0.83,0,Tablet
6658,1552,6,2024-11-21,SmartTV,145,0.96,0,Mobile
6659,139,3,2024-06-02,TabletApp,147,0.98,0,TV
6660,1455,6,2024-06-03,WebBrowser,48,0.35,1,Tablet
6661,1173,9,2024-09-13,WebBrowser,97,0.88,1,Desktop
6662,1464,5,2024-06-17,TabletApp,137,0.91,0,Mobile
6663,1162,10,2025-02-05,TabletApp,127,0.82,0,Mobile
6664,1854,6,2025-03-23,MobileApp,77,0.66,0,Mobile
6665,1551,1,2024-09-05,TabletApp,34,0.39,0,Mobile
6666,1619,8,2024-08-16,SmartTV,108,0.8,0,Tablet
6667,517,3,2024-11-12,MobileApp,66,0.59,0,TV
6668,625,1,2025-04-29,TabletApp,87,0.57,1,TV
6669,1139,6,2024-06-06,TabletApp,112,0.83,0,Tablet
6670,16,3,2024-06-15,MobileApp,41,0.39,0,Desktop
6671,1773,9,2024-07-19,SmartTV,107,0.98,0,Mobile
6672,504,11,2025-01-23,SmartTV,100,0.91,0,TV
6673,1603,12,2025-03-20,SmartTV,81,0.58,0,TV
6674,954,2,2024-11-09,MobileApp,89,0.89,1,Mobile
6675,176,6,2024-11-10,StreamMax,135,0.86,0,Mobile
6676,377,1,2025-03-25,StreamMax,34,0.32,0,Desktop
6677,1795,6,2024-06-09,SmartTV,53,0.34,0,Tablet
6678,304,3,2025-03-21,SmartTV,116,0.87,0,Tablet
6679,387,8,2024-08-29,StreamMax,74,0.85,0,Desktop
6680,1641,8,2024-11-01,MobileApp,50,0.49,0,Tablet
6681,1,12,2025-02-18,StreamMax,84,0.56,0,Desktop
6682,4,5,2024-12-13,SmartTV,49,0.49,1,Mobile
6683,373,6,2024-08-27,MobileApp,58,0.5,0,TV
6684,53,1,2025-01-25,StreamMax,98,0.91,0,Desktop
6685,1107,14,2024-11-09,StreamMax,144,0.95,0,Desktop
6686,650,6,2024-06-19,SmartTV,42,0.42,0,Mobile
6687,191,5,2024-06-27,TabletApp,76,0.78,1,TV
6688,291,2,2024-07-18,TabletApp,44,0.3,0,Desktop
6689,1754,12,2025-03-04,MobileApp,45,0.36,0,Mobile
6690,1268,10,2025-04-28,TabletApp,52,0.51,1,Tablet
6691,1615,14,2025-03-03,WebBrowser,136,0.91,0,Mobile
6692,1343,8,2024-07-23,MobileApp,46,0.38,0,Tablet
6693,107,10,2024-07-11,StreamMax,78,0.77,1,TV
6694,1848,9,2025-03-14,WebBrowser,60,0.67,0,TV
6695,299,5,2025-04-28,TabletApp,67,0.74,0,Desktop
6696,391,10,2025-01-08,TabletApp,89,0.84,1,Tablet
6697,1307,1,2025-03-23,WebBrowser,68,0.52,0,Tablet
6698,194,8,2025-01-04,MobileApp,59,0.61,0,TV
6699,1445,11,2024-06-10,SmartTV,33,0.37,1,Tablet
6700,1634,1,2025-04-06,StreamMax,61,0.42,0,Desktop
6701,1139,1,2025-01-04,WebBrowser,139,0.91,1,Tablet
6702,1177,12,2024-09-02,MobileApp,91,0.96,1,Desktop
6703,706,7,2024-10-26,MobileApp,29,0.33,0,Mobile
6704,800,6,2025-02-22,StreamMax,97,0.76,0,Tablet
6705,267,10,2024-08-24,SmartTV,84,0.54,0,Mobile
6706,595,5,2024-11-18,MobileApp,138,0.88,0,Mobile
6707,971,3,2024-06-19,SmartTV,77,0.54,0,Tablet
6708,1728,9,2025-02-03,MobileApp,41,0.4,0,Mobile
6709,500,3,2024-09-23,MobileApp,65,0.49,0,TV
6710,43,12,2025-04-10,TabletApp,105,0.75,0,Desktop
6711,104,2,2024-08-30,TabletApp,88,0.94,0,Desktop
6712,744,1,2025-03-20,SmartTV,75,0.67,0,TV
6713,734,7,2025-01-10,StreamMax,73,0.55,0,Tablet
6714,1432,10,2024-10-03,StreamMax,110,0.84,0,TV
6715,1370,10,2025-04-22,StreamMax,79,0.76,0,TV
6716,554,3,2025-04-05,MobileApp,55,0.36,0,Mobile
6717,1821,11,2025-03-20,SmartTV,112,0.9,1,Desktop
6718,485,12,2024-08-12,TabletApp,96,0.74,1,TV
6719,1947,1,2025-04-04,MobileApp,123,0.88,0,TV
6720,657,8,2025-04-28,WebBrowser,68,0.54,0,Tablet
6721,138,10,2025-01-09,MobileApp,69,0.44,0,Mobile
6722,1477,1,2024-11-20,SmartTV,74,0.69,0,Mobile
6723,1864,1,2025-02-14,WebBrowser,88,0.71,0,Mobile
6724,889,15,2024-12-10,WebBrowser,75,0.56,0,Tablet
6725,1,13,2024-06-25,MobileApp,118,0.95,0,Mobile
6726,812,1,2025-03-27,SmartTV,124,0.93,0,TV
6727,542,12,2024-12-17,MobileApp,141,0.98,0,Desktop
6728,400,10,2025-04-12,SmartTV,60,0.57,0,Tablet
6729,208,3,2024-12-19,SmartTV,55,0.39,0,Tablet
6730,1848,10,2025-01-24,WebBrowser,51,0.58,0,Tablet
6731,1042,4,2024-12-18,StreamMax,38,0.38,0,Tablet
6732,800,6,2025-04-03,SmartTV,51,0.46,1,Tablet
6733,465,14,2024-11-07,TabletApp,71,0.5,1,TV
6734,852,1,2024-09-04,TabletApp,66,0.44,0,Tablet
6735,594,6,2024-07-06,MobileApp,74,0.65,0,Tablet
6736,115,10,2024-07-30,TabletApp,50,0.34,1,Tablet
6737,1400,5,2024-06-24,SmartTV,69,0.56,0,TV
6738,1720,14,2024-07-22,SmartTV,80,0.6,0,Mobile
6739,805,8,2024-07-26,WebBrowser,83,0.66,0,Tablet
6740,1978,5,2025-02-23,WebBrowser,103,0.77,1,TV
6741,1714,6,2024-06-14,MobileApp,59,0.44,0,TV
6742,1598,1,2025-01-07,WebBrowser,61,0.58,0,Desktop
6743,459,1,2025-02-13,WebBrowser,139,0.99,0,Mobile
6744,1394,5,2024-06-23,WebBrowser,102,0.95,0,Desktop
6745,1365,14,2024-09-08,WebBrowser,85,0.59,0,TV
6746,886,6,2024-12-28,StreamMax,81,0.55,0,Mobile
6747,324,14,2024-12-20,MobileApp,39,0.38,0,TV
6748,695,12,2025-01-16,TabletApp,50,0.42,1,Tablet
6749,1102,6,2024-09-03,TabletApp,75,0.6,0,Mobile
6750,1854,8,2024-11-22,TabletApp,140,0.94,1,Desktop
6751,1307,2,2024-06-09,MobileApp,56,0.64,0,Mobile
6752,1566,4,2024-12-31,SmartTV,87,0.98,0,Desktop
6753,1710,8,2024-06-21,StreamMax,87,0.67,0,Desktop
6754,790,7,2024-06-30,MobileApp,80,0.58,0,TV
6755,1172,5,2024-07-15,StreamMax,38,0.34,1,Tablet
6756,1082,13,2024-12-15,SmartTV,40,0.45,0,TV
6757,201,11,2024-12-17,StreamMax,48,0.35,0,Mobile
6758,672,5,2024-10-24,TabletApp,75,0.67,1,Mobile
6759,1541,8,2024-06-07,StreamMax,76,0.5,0,Mobile
6760,1337,3,2025-01-31,WebBrowser,143,0.93,0,TV
6761,1740,11,2024-06-28,TabletApp,49,0.42,0,Desktop
6762,1226,7,2024-08-12,SmartTV,72,0.62,0,TV
6763,690,9,2025-03-05,SmartTV,83,0.93,1,Tablet
6764,415,14,2025-04-30,TabletApp,35,0.34,0,TV
6765,154,1,2024-10-20,TabletApp,123,0.86,0,TV
6766,1311,5,2024-12-23,MobileApp,85,0.6,0,Mobile
6767,1878,1,2024-07-13,MobileApp,125,0.88,1,Tablet
6768,1545,2,2024-09-10,WebBrowser,133,1.0,0,Desktop
6769,1565,5,2025-04-21,StreamMax,49,0.53,0,TV
6770,1724,9,2024-10-03,WebBrowser,50,0.49,0,Desktop
6771,659,2,2024-12-25,SmartTV,50,0.43,1,Desktop
6772,916,5,2024-07-16,StreamMax,92,0.84,1,TV
6773,1264,6,2024-08-05,TabletApp,100,0.87,0,Tablet
6774,1087,6,2025-04-10,TabletApp,65,0.62,0,Desktop
6775,758,15,2024-12-23,MobileApp,67,0.52,1,Mobile
6776,1310,6,2025-03-27,StreamMax,117,0.79,0,Tablet
6777,1176,1,2025-01-10,MobileApp,76,0.63,0,TV
6778,1201,15,2024-09-24,StreamMax,73,0.49,0,Mobile
6779,743,14,2025-04-29,MobileApp,106,0.75,0,Mobile
6780,1962,5,2024-07-12,MobileApp,30,0.31,0,Desktop
6781,389,1,2025-02-21,TabletApp,92,0.65,0,Desktop
6782,81,15,2025-03-05,MobileApp,33,0.36,0,Desktop
6783,557,10,2024-08-05,TabletApp,34,0.33,0,TV
6784,1528,10,2024-06-05,TabletApp,61,0.49,0,Mobile
6785,1351,8,2025-01-07,TabletApp,77,0.67,0,Mobile
6786,1618,13,2024-10-05,TabletApp,111,0.74,0,Tablet
6787,1993,2,2024-10-14,WebBrowser,84,0.57,1,Tablet
6788,1262,7,2024-09-15,WebBrowser,30,0.34,0,Mobile
6789,1035,2,2025-01-18,WebBrowser,107,0.86,1,TV
6790,1360,2,2024-11-22,MobileApp,47,0.31,0,Tablet
6791,545,1,2024-11-20,SmartTV,57,0.48,0,Tablet
6792,353,8,2024-07-20,MobileApp,40,0.33,1,Mobile
6793,577,4,2025-01-20,TabletApp,107,0.89,0,Desktop
6794,246,1,2025-02-22,StreamMax,117,0.83,1,Mobile
6795,960,11,2024-12-06,TabletApp,98,0.85,0,TV
6796,925,11,2025-01-03,SmartTV,77,0.85,0,Mobile
6797,491,8,2025-04-05,SmartTV,128,0.99,0,TV
6798,1397,8,2024-09-19,StreamMax,130,0.85,1,TV
6799,1839,2,2024-12-28,StreamMax,66,0.46,1,Tablet
6800,84,6,2024-10-10,TabletApp,122,0.85,0,TV
6801,1613,2,2024-08-07,TabletApp,95,0.71,0,TV
6802,588,8,2025-03-07,SmartTV,43,0.3,0,Desktop
6803,1038,1,2025-03-21,SmartTV,40,0.44,0,Tablet
6804,1067,5,2024-12-22,WebBrowser,104,0.87,0,TV
6805,787,12,2024-11-13,SmartTV,77,0.81,0,Tablet
6806,1384,14,2025-01-18,StreamMax,85,0.83,0,Tablet
6807,266,2,2024-12-28,WebBrowser,114,0.93,0,Mobile
6808,1573,2,2024-11-22,TabletApp,141,0.94,0,TV
6809,687,12,2025-02-02,WebBrowser,97,0.69,0,Desktop
6810,1596,6,2024-06-15,StreamMax,47,0.45,0,Desktop
6811,1151,3,2025-01-06,WebBrowser,44,0.36,0,TV
6812,1412,14,2024-07-22,StreamMax,89,0.68,0,Tablet
6813,1415,7,2024-08-21,MobileApp,90,0.64,0,Mobile
6814,1876,7,2024-09-21,SmartTV,58,0.64,0,Mobile
6815,405,15,2024-09-24,StreamMax,119,0.78,0,Desktop
6816,1006,1,2025-01-25,SmartTV,118,0.79,1,Mobile
6817,275,1,2024-11-24,StreamMax,136,0.94,0,Mobile
6818,1372,1,2025-01-13,WebBrowser,62,0.61,0,TV
6819,407,8,2025-02-24,MobileApp,47,0.34,0,Tablet
6820,808,7,2024-07-27,TabletApp,35,0.37,0,Desktop
6821,575,9,2024-10-16,WebBrowser,34,0.33,0,Mobile
6822,1817,9,2024-09-24,TabletApp,83,0.53,0,Desktop
6823,626,5,2024-07-02,SmartTV,137,0.9,0,TV
6824,3,1,2024-11-01,TabletApp,66,0.55,0,Tablet
6825,958,5,2024-11-21,MobileApp,76,0.6,0,Tablet
6826,1059,5,2024-07-10,MobileApp,68,0.52,0,Desktop
6827,1672,9,2024-07-15,MobileApp,111,0.99,0,Desktop
6828,1974,11,2024-12-20,TabletApp,71,0.76,0,TV
6829,1152,3,2025-03-20,StreamMax,102,0.97,0,Desktop
6830,479,11,2024-11-30,TabletApp,73,0.73,1,Mobile
6831,1369,3,2025-02-15,SmartTV,72,0.6,0,Desktop
6832,888,8,2024-07-11,SmartTV,76,0.86,0,Tablet
6833,247,1,2025-03-22,SmartTV,35,0.33,0,TV
6834,135,1,2025-04-18,MobileApp,79,0.76,0,Desktop
6835,449,2,2025-01-23,TabletApp,63,0.59,1,Mobile
6836,1892,6,2024-11-27,WebBrowser,67,0.48,0,Mobile
6837,902,14,2024-06-25,StreamMax,58,0.61,0,TV
6838,1801,15,2024-12-04,MobileApp,85,0.64,1,Desktop
6839,1588,15,2025-01-18,WebBrowser,78,0.69,0,Mobile
6840,1578,6,2024-07-07,WebBrowser,117,0.89,0,Mobile
6841,968,10,2025-03-07,SmartTV,54,0.36,1,Mobile
6842,1208,4,2024-08-01,MobileApp,95,0.67,0,Desktop
6843,548,6,2024-06-30,StreamMax,95,0.65,0,Tablet
6844,1758,1,2024-12-23,StreamMax,91,0.91,1,Mobile
6845,998,2,2024-07-06,StreamMax,106,0.85,0,TV
6846,1057,14,2024-11-21,StreamMax,79,0.86,0,Tablet
6847,1821,14,2025-03-05,SmartTV,91,0.95,0,Desktop
6848,111,8,2024-08-12,SmartTV,124,0.85,0,Tablet
6849,1037,11,2024-09-08,MobileApp,86,0.61,1,Mobile
6850,1838,10,2024-10-19,MobileApp,62,0.63,0,Mobile
6851,1809,10,2024-12-26,TabletApp,100,0.93,0,Tablet
6852,1833,8,2024-09-28,StreamMax,53,0.57,1,Desktop
6853,1779,3,2024-07-23,WebBrowser,73,0.48,0,Mobile
6854,1213,1,2025-02-12,TabletApp,60,0.58,0,Mobile
6855,1205,2,2024-12-18,SmartTV,122,0.78,0,Mobile
6856,716,2,2025-02-14,MobileApp,61,0.43,0,TV
6857,1882,6,2025-02-23,MobileApp,139,0.9,0,Mobile
6858,1021,8,2025-03-01,MobileApp,43,0.38,0,Tablet
6859,1561,1,2024-08-06,TabletApp,47,0.41,0,Tablet
6860,190,3,2024-09-13,StreamMax,136,0.92,0,TV
6861,577,3,2024-06-14,SmartTV,111,0.86,0,TV
6862,605,2,2024-07-28,TabletApp,132,0.94,0,Tablet
6863,1741,1,2024-08-20,SmartTV,52,0.51,0,Mobile
6864,1772,10,2024-07-21,WebBrowser,99,0.63,0,Tablet
6865,730,6,2024-09-13,StreamMax,69,0.78,0,TV
6866,623,10,2024-11-23,MobileApp,80,0.65,0,TV
6867,440,2,2025-01-19,TabletApp,62,0.45,1,Desktop
6868,524,6,2024-11-07,StreamMax,72,0.49,0,Desktop
6869,1212,5,2024-11-09,MobileApp,118,0.95,0,Desktop
6870,96,14,2024-07-01,SmartTV,75,0.71,0,TV
6871,639,2,2024-06-27,StreamMax,58,0.39,0,TV
6872,1607,2,2025-04-08,SmartTV,90,0.63,0,Desktop
6873,1012,15,2024-10-16,WebBrowser,95,0.69,0,Desktop
6874,456,6,2025-02-07,SmartTV,59,0.57,0,Mobile
6875,1877,4,2025-03-20,StreamMax,88,0.74,0,Mobile
6876,615,3,2025-02-04,SmartTV,66,0.73,0,TV
6877,683,11,2025-03-27,WebBrowser,43,0.49,0,Desktop
6878,860,14,2025-04-21,WebBrowser,91,0.85,1,Tablet
6879,1346,1,2025-04-09,StreamMax,108,0.72,1,TV
6880,306,2,2025-03-12,WebBrowser,135,0.92,1,TV
6881,1260,1,2025-03-13,TabletApp,99,0.67,0,Desktop
6882,1394,1,2025-04-20,WebBrowser,48,0.5,0,Desktop
6883,1208,9,2025-02-26,MobileApp,60,0.39,0,Tablet
6884,84,15,2025-03-31,TabletApp,62,0.62,0,Desktop
6885,1408,11,2025-02-07,StreamMax,121,0.81,0,Tablet
6886,1299,12,2024-09-08,SmartTV,48,0.34,0,TV
6887,1698,12,2025-03-09,WebBrowser,57,0.58,0,TV
6888,1639,1,2024-09-09,MobileApp,37,0.33,0,Tablet
6889,365,3,2024-06-12,WebBrowser,83,0.59,0,Desktop
6890,174,5,2025-03-31,StreamMax,72,0.74,0,Desktop
6891,413,8,2025-02-17,WebBrowser,85,0.78,0,Desktop
6892,1569,12,2025-03-14,SmartTV,32,0.34,0,Desktop
6893,883,1,2024-11-09,WebBrowser,96,0.67,0,Desktop
6894,1088,4,2024-09-09,TabletApp,84,0.6,0,Desktop
6895,1415,1,2025-02-11,StreamMax,37,0.4,0,Mobile
6896,220,7,2024-09-03,StreamMax,111,0.94,0,Mobile
6897,157,14,2025-04-19,MobileApp,39,0.4,0,Desktop
6898,1552,10,2024-12-30,StreamMax,57,0.55,0,Mobile
6899,1309,6,2024-10-18,SmartTV,49,0.53,0,Mobile
6900,1181,8,2024-07-11,StreamMax,51,0.35,0,Mobile
6901,761,7,2025-04-18,SmartTV,37,0.39,0,TV
6902,1693,1,2024-08-22,StreamMax,52,0.54,1,Tablet
6903,1911,11,2024-11-17,MobileApp,52,0.34,0,Mobile
6904,113,2,2025-03-29,WebBrowser,56,0.64,0,Mobile
6905,1955,3,2024-10-02,TabletApp,64,0.64,0,TV
6906,621,5,2024-08-02,TabletApp,74,0.48,0,Mobile
6907,652,11,2024-12-27,TabletApp,44,0.34,0,TV
6908,491,7,2024-11-21,MobileApp,91,0.95,0,Desktop
6909,1526,15,2024-09-03,TabletApp,75,0.51,1,Mobile
6910,1567,4,2024-09-26,WebBrowser,99,0.78,0,Mobile
6911,1128,14,2024-09-07,MobileApp,77,0.55,1,Tablet
6912,554,14,2024-06-18,TabletApp,133,0.99,1,Mobile
6913,761,1,2024-11-27,WebBrowser,32,0.36,1,TV
6914,1838,6,2025-01-08,StreamMax,138,0.94,0,Tablet
6915,70,1,2025-04-08,WebBrowser,28,0.32,0,TV
6916,800,2,2025-02-26,StreamMax,60,0.4,0,Tablet
6917,20,7,2025-01-26,StreamMax,130,0.95,1,Tablet
6918,128,8,2025-02-22,WebBrowser,62,0.52,0,Mobile
6919,610,10,2025-02-24,SmartTV,46,0.37,0,TV
6920,1527,3,2025-04-05,MobileApp,58,0.42,0,Desktop
6921,705,8,2024-07-20,StreamMax,109,0.71,0,Desktop
6922,1892,7,2024-09-28,StreamMax,54,0.43,0,TV
6923,1176,14,2025-04-13,WebBrowser,60,0.41,1,Tablet
6924,757,1,2025-03-01,StreamMax,102,0.73,1,Tablet
6925,166,1,2025-02-01,TabletApp,132,0.88,0,Tablet
6926,1609,8,2025-01-23,TabletApp,119,0.77,0,Desktop
6927,118,1,2025-01-17,SmartTV,102,0.97,0,Mobile
6928,107,12,2025-04-07,MobileApp,105,0.75,0,Mobile
6929,1578,8,2024-10-18,WebBrowser,80,0.59,0,Mobile
6930,1162,5,2024-06-14,SmartTV,106,0.96,0,Desktop
6931,1067,13,2025-04-02,TabletApp,90,0.62,0,Tablet
6932,539,8,2024-07-29,SmartTV,78,0.71,1,Tablet
6933,1591,15,2024-07-24,MobileApp,68,0.65,1,Tablet
6934,66,11,2025-03-18,MobileApp,115,0.89,1,Desktop
6935,238,11,2025-03-30,TabletApp,42,0.41,1,TV
6936,530,6,2025-02-26,StreamMax,71,0.56,0,Mobile
6937,922,2,2024-10-29,StreamMax,120,0.8,1,Tablet
6938,447,4,2025-01-29,StreamMax,33,0.37,0,Desktop
6939,306,14,2025-01-10,StreamMax,64,0.68,0,Desktop
6940,1616,10,2024-07-26,WebBrowser,99,0.94,1,Desktop
6941,1351,1,2025-01-04,WebBrowser,104,0.78,0,Tablet
6942,1550,1,2025-02-14,MobileApp,87,0.6,0,Mobile
6943,1220,6,2025-01-25,TabletApp,61,0.47,0,TV
6944,304,8,2024-09-16,StreamMax,50,0.38,0,Mobile
6945,1050,11,2024-09-10,SmartTV,40,0.35,1,Mobile
6946,121,14,2025-03-30,WebBrowser,109,0.78,0,Tablet
6947,739,15,2025-02-15,TabletApp,96,0.98,0,Desktop
6948,1709,11,2024-12-11,StreamMax,138,0.98,0,Tablet
6949,1950,1,2025-01-08,TabletApp,121,0.92,0,Desktop
6950,1645,8,2025-02-01,WebBrowser,104,0.97,0,Mobile
6951,1960,11,2024-09-09,SmartTV,59,0.49,0,Mobile
6952,1060,2,2025-02-23,TabletApp,67,0.53,0,Mobile
6953,936,1,2025-01-18,WebBrowser,48,0.38,0,Desktop
6954,1192,3,2024-06-01,StreamMax,135,0.89,0,Desktop
6955,20,1,2025-01-26,TabletApp,110,0.97,0,Tablet
6956,594,3,2024-09-28,StreamMax,61,0.61,0,Tablet
6957,1199,12,2024-08-31,MobileApp,97,0.67,0,Tablet
6958,1953,5,2025-04-09,SmartTV,98,0.85,1,Tablet
6959,1395,6,2024-12-13,StreamMax,38,0.33,0,Tablet
6960,745,1,2025-01-16,StreamMax,141,0.94,0,Desktop
6961,688,11,2024-08-08,StreamMax,62,0.43,0,Tablet
6962,839,7,2025-01-03,SmartTV,127,0.89,1,TV
6963,67,7,2024-10-24,StreamMax,42,0.43,0,Tablet
6964,1928,3,2025-01-18,SmartTV,55,0.44,0,Mobile
6965,162,1,2025-03-12,WebBrowser,117,0.81,0,TV
6966,721,1,2025-01-29,StreamMax,92,0.88,0,Mobile
6967,1273,10,2024-07-13,TabletApp,63,0.47,1,Mobile
6968,1638,1,2025-02-12,WebBrowser,59,0.41,0,Desktop
6969,34,1,2025-02-09,StreamMax,85,0.87,0,TV
6970,1315,1,2025-02-22,TabletApp,81,0.66,0,Desktop
6971,422,6,2025-01-05,SmartTV,77,0.63,0,Desktop
6972,680,14,2025-01-18,SmartTV,49,0.38,0,Tablet
6973,975,7,2024-08-20,StreamMax,137,0.99,0,Desktop
6974,190,14,2025-01-31,StreamMax,97,0.65,0,TV
6975,380,3,2025-04-27,TabletApp,107,0.96,0,Desktop
6976,83,3,2024-06-06,SmartTV,70,0.52,1,TV
6977,962,15,2024-07-30,WebBrowser,38,0.42,0,Mobile
6978,88,5,2025-03-02,SmartTV,36,0.33,0,Tablet
6979,803,8,2025-02-02,MobileApp,110,0.98,1,Desktop
6980,1129,8,2025-02-01,TabletApp,103,0.79,0,TV
6981,616,6,2024-07-30,TabletApp,90,0.71,0,Tablet
6982,1399,12,2024-07-30,TabletApp,54,0.35,0,Desktop
6983,822,10,2025-01-18,WebBrowser,29,0.33,0,Tablet
6984,1106,8,2024-10-14,StreamMax,97,0.64,0,Tablet
6985,1740,2,2024-06-03,MobileApp,136,0.95,0,TV
6986,262,1,2025-02-21,SmartTV,43,0.47,0,TV
6987,1994,8,2024-11-15,StreamMax,89,0.99,0,Desktop
6988,126,12,2024-06-05,SmartTV,46,0.35,0,Desktop
6989,1123,3,2024-07-29,WebBrowser,53,0.5,1,Mobile
6990,1628,1,2025-04-23,TabletApp,69,0.66,0,Desktop
6991,1861,8,2024-08-18,StreamMax,133,0.88,0,Mobile
6992,1963,8,2025-02-07,StreamMax,45,0.49,0,TV
6993,294,2,2024-12-15,MobileApp,50,0.42,0,Desktop
6994,788,9,2024-06-22,SmartTV,111,0.97,0,Desktop
6995,561,8,2024-08-14,MobileApp,74,0.5,1,Desktop
6996,587,14,2025-02-01,MobileApp,47,0.4,0,Desktop
6997,776,1,2024-06-23,MobileApp,109,0.95,0,Tablet
6998,206,4,2025-02-11,TabletApp,101,0.76,0,TV
6999,147,9,2025-01-20,StreamMax,68,0.45,0,Mobile
7000,1177,10,2024-08-13,SmartTV,53,0.5,0,Desktop
7001,464,8,2024-11-30,SmartTV,131,0.87,0,Desktop
7002,1559,1,2025-04-14,SmartTV,67,0.45,0,Mobile
7003,1683,12,2025-04-07,WebBrowser,49,0.42,0,TV
7004,565,12,2024-11-26,SmartTV,68,0.54,0,TV
7005,1230,1,2025-04-27,WebBrowser,71,0.62,0,Desktop
7006,474,1,2024-09-13,MobileApp,55,0.48,0,TV
7007,1413,5,2025-01-16,WebBrowser,87,0.75,0,Mobile
7008,1217,2,2024-09-09,StreamMax,95,0.98,1,Tablet
7009,234,3,2024-08-14,SmartTV,126,0.9,0,Tablet
7010,1261,10,2024-12-11,WebBrowser,81,0.61,0,Tablet
7011,1777,1,2025-02-01,TabletApp,36,0.37,0,Desktop
7012,464,11,2024-09-27,SmartTV,61,0.56,0,Mobile
7013,1562,2,2025-03-10,MobileApp,48,0.51,0,Mobile
7014,478,1,2025-01-12,StreamMax,45,0.43,1,Desktop
7015,171,1,2025-01-20,MobileApp,72,0.46,1,Tablet
7016,81,11,2024-12-21,WebBrowser,95,0.68,0,Tablet
7017,1275,1,2024-12-29,WebBrowser,106,0.68,1,Tablet
7018,880,3,2025-03-15,TabletApp,104,0.96,0,TV
7019,1970,8,2024-07-12,MobileApp,32,0.36,0,TV
7020,426,8,2025-02-25,StreamMax,115,0.9,1,Desktop
7021,908,1,2025-03-21,TabletApp,100,0.8,0,Desktop
7022,1353,13,2024-08-04,MobileApp,33,0.34,0,Mobile
7023,1714,12,2024-11-13,MobileApp,96,0.85,0,Tablet
7024,1979,14,2025-04-08,TabletApp,35,0.35,0,TV
7025,1566,13,2024-07-27,StreamMax,129,0.99,1,Tablet
7026,1438,3,2024-10-08,TabletApp,123,0.95,1,Desktop
7027,1592,8,2024-12-09,TabletApp,140,0.95,0,Mobile
7028,31,1,2025-01-01,WebBrowser,47,0.44,0,Mobile
7029,1033,12,2025-02-28,TabletApp,57,0.51,0,TV
7030,503,8,2024-07-31,SmartTV,82,0.92,0,Desktop
7031,330,1,2025-04-16,SmartTV,100,0.79,0,Desktop
7032,863,2,2024-08-03,StreamMax,58,0.6,0,Tablet
7033,1723,1,2025-03-14,TabletApp,84,0.74,0,Desktop
7034,1675,12,2025-04-24,SmartTV,37,0.37,0,Mobile
7035,1992,14,2024-06-25,TabletApp,135,0.9,0,Tablet
7036,577,9,2025-04-24,TabletApp,37,0.41,0,Tablet
7037,831,12,2025-01-05,StreamMax,90,0.77,1,Mobile
7038,635,8,2024-11-19,MobileApp,54,0.44,0,Desktop
7039,1523,5,2024-10-01,SmartTV,41,0.42,1,Tablet
7040,366,11,2025-04-26,WebBrowser,68,0.77,1,Desktop
7041,1679,2,2024-08-05,SmartTV,143,0.98,0,TV
7042,1676,14,2024-10-11,WebBrowser,64,0.66,1,TV
7043,1797,10,2024-09-18,StreamMax,88,0.99,0,Tablet
7044,972,10,2024-12-14,WebBrowser,41,0.46,0,Desktop
7045,1817,1,2024-11-09,MobileApp,105,0.68,0,Mobile
7046,67,6,2024-07-23,TabletApp,134,0.88,0,Mobile
7047,1166,1,2024-11-12,MobileApp,71,0.69,1,Desktop
7048,476,14,2024-11-20,MobileApp,70,0.67,0,Desktop
7049,467,8,2024-10-28,MobileApp,97,0.94,0,Mobile
7050,530,1,2025-04-22,MobileApp,51,0.49,1,TV
7051,800,5,2024-11-20,WebBrowser,120,0.83,0,Tablet
7052,1307,1,2025-01-16,SmartTV,75,0.64,0,Mobile
7053,481,7,2025-04-12,TabletApp,104,0.68,1,Mobile
7054,206,2,2025-01-09,WebBrowser,87,0.72,0,Mobile
7055,308,11,2024-12-18,SmartTV,113,0.77,0,TV
7056,1284,1,2024-07-23,StreamMax,130,0.92,0,Tablet
7057,1634,14,2024-12-10,SmartTV,148,0.94,0,Tablet
7058,619,5,2025-01-06,SmartTV,98,0.69,0,Mobile
7059,1954,2,2024-08-21,SmartTV,91,0.63,0,TV
7060,1116,15,2024-09-02,SmartTV,66,0.53,0,Desktop
7061,1662,3,2025-01-18,StreamMax,83,0.77,0,Desktop
7062,792,6,2025-02-17,TabletApp,50,0.47,0,Tablet
7063,541,1,2024-08-28,WebBrowser,40,0.33,0,Desktop
7064,642,14,2024-08-21,StreamMax,52,0.35,1,Tablet
7065,1629,1,2025-02-09,MobileApp,97,0.62,1,Mobile
7066,1530,1,2025-02-04,WebBrowser,40,0.43,0,Mobile
7067,1305,10,2024-07-18,SmartTV,38,0.39,1,Desktop
7068,1113,2,2024-11-06,SmartTV,44,0.34,0,Tablet
7069,995,12,2024-08-02,WebBrowser,64,0.69,0,TV
7070,1528,3,2025-03-06,WebBrowser,46,0.34,1,Tablet
7071,1982,3,2025-01-08,WebBrowser,36,0.4,0,Tablet
7072,272,4,2024-12-23,WebBrowser,62,0.52,1,Tablet
7073,337,1,2025-04-29,StreamMax,44,0.35,0,Desktop
7074,899,7,2025-02-26,StreamMax,60,0.64,0,TV
7075,709,3,2024-06-29,SmartTV,66,0.58,0,Tablet
7076,424,2,2025-02-19,MobileApp,91,0.9,0,TV
7077,1938,12,2025-04-27,WebBrowser,110,0.96,0,Tablet
7078,424,1,2025-02-08,MobileApp,93,0.98,0,Mobile
7079,66,8,2025-01-15,WebBrowser,55,0.47,0,Mobile
7080,890,2,2025-04-08,StreamMax,107,0.75,0,Mobile
7081,788,3,2025-04-26,SmartTV,55,0.6,0,Desktop
7082,1196,10,2025-03-24,SmartTV,54,0.49,0,Mobile
7083,797,8,2024-07-14,MobileApp,51,0.55,0,Tablet
7084,1150,8,2024-08-17,MobileApp,64,0.59,1,TV
7085,913,14,2024-11-03,TabletApp,92,0.92,1,TV
7086,1961,15,2024-06-23,WebBrowser,60,0.66,0,Desktop
7087,545,5,2024-06-07,WebBrowser,70,0.71,1,Mobile
7088,1159,14,2024-09-20,MobileApp,44,0.39,0,TV
7089,1631,3,2024-08-28,MobileApp,81,0.67,0,Tablet
7090,547,2,2024-12-09,WebBrowser,85,0.85,0,TV
7091,197,5,2024-11-16,WebBrowser,138,0.91,0,TV
7092,1254,15,2024-07-26,SmartTV,80,0.55,0,Mobile
7093,1416,8,2025-03-28,WebBrowser,48,0.48,0,Mobile
7094,1371,6,2025-03-05,MobileApp,98,0.98,0,Mobile
7095,319,5,2025-04-12,MobileApp,73,0.67,0,Tablet
7096,975,1,2024-06-27,SmartTV,88,0.64,0,Mobile
7097,1349,11,2024-06-10,TabletApp,43,0.43,0,Tablet
7098,1546,14,2025-01-02,StreamMax,73,0.51,0,Tablet
7099,169,9,2024-12-24,MobileApp,51,0.54,0,Tablet
7100,845,1,2025-03-25,SmartTV,57,0.54,0,Desktop
7101,1290,6,2024-06-16,SmartTV,42,0.42,0,Desktop
7102,1887,12,2024-10-28,TabletApp,89,0.65,0,TV
7103,432,13,2025-01-03,TabletApp,94,0.97,0,Mobile
7104,546,8,2024-12-10,TabletApp,60,0.46,1,Mobile
7105,1330,10,2024-08-08,MobileApp,137,0.95,0,Tablet
7106,255,1,2025-01-24,TabletApp,96,0.73,0,TV
7107,402,1,2024-12-18,WebBrowser,87,0.8,0,Desktop
7108,454,1,2024-11-02,TabletApp,88,0.6,0,Desktop
7109,1934,8,2024-08-05,TabletApp,44,0.38,1,Desktop
7110,1893,1,2025-04-12,SmartTV,43,0.45,1,Desktop
7111,743,1,2024-11-07,StreamMax,133,0.92,0,Desktop
7112,1766,1,2025-03-26,TabletApp,37,0.32,0,TV
7113,1452,2,2024-08-25,SmartTV,114,0.93,1,Mobile
7114,1708,14,2025-04-02,TabletApp,87,0.77,0,TV
7115,7,2,2025-01-11,SmartTV,49,0.5,1,Tablet
7116,576,5,2024-08-31,StreamMax,53,0.61,0,Mobile
7117,208,12,2025-02-28,StreamMax,103,0.69,1,Tablet
7118,1226,8,2025-04-17,TabletApp,72,0.68,0,TV
7119,236,1,2025-03-07,WebBrowser,94,0.95,0,Mobile
7120,951,14,2024-10-02,StreamMax,149,0.97,1,Tablet
7121,1282,13,2025-04-27,WebBrowser,69,0.75,0,Mobile
7122,1701,6,2025-03-12,WebBrowser,65,0.73,0,TV
7123,1360,8,2024-11-19,MobileApp,81,0.6,0,Mobile
7124,308,1,2025-01-09,StreamMax,117,0.78,0,Tablet
7125,937,1,2025-01-14,SmartTV,67,0.52,1,Mobile
7126,1290,10,2025-04-30,TabletApp,58,0.6,0,Mobile
7127,1592,13,2024-08-28,TabletApp,77,0.76,0,Desktop
7128,495,8,2024-06-27,SmartTV,118,0.95,0,Desktop
7129,546,14,2024-12-29,TabletApp,135,0.86,0,Mobile
7130,842,5,2024-08-03,WebBrowser,51,0.38,0,Mobile
7131,42,1,2025-03-21,MobileApp,60,0.41,0,Tablet
7132,736,5,2025-01-29,SmartTV,120,0.92,0,Mobile
7133,142,2,2024-09-26,StreamMax,87,0.68,0,Tablet
7134,1863,15,2025-04-25,WebBrowser,112,0.96,0,Tablet
7135,1714,1,2025-03-29,WebBrowser,78,0.86,1,TV
7136,449,8,2024-08-01,SmartTV,42,0.41,0,Mobile
7137,1226,1,2025-04-06,MobileApp,58,0.38,1,TV
7138,1954,7,2025-01-08,StreamMax,36,0.37,0,TV
7139,54,14,2025-01-19,StreamMax,61,0.63,1,Mobile
7140,1920,1,2024-10-08,TabletApp,104,0.89,0,TV
7141,1882,8,2024-12-10,SmartTV,57,0.46,0,TV
7142,1120,13,2024-07-29,MobileApp,100,0.73,1,Mobile
7143,1777,1,2025-01-14,WebBrowser,51,0.46,0,TV
7144,1542,6,2024-06-19,StreamMax,85,0.66,0,Mobile
7145,1616,14,2025-01-20,MobileApp,102,0.65,0,Tablet
7146,841,7,2024-07-03,WebBrowser,63,0.5,0,TV
7147,918,15,2024-11-27,StreamMax,88,0.92,1,Desktop
7148,1774,15,2025-01-06,SmartTV,139,0.97,1,Desktop
7149,911,6,2024-07-07,MobileApp,47,0.49,1,TV
7150,201,1,2025-04-11,TabletApp,110,0.73,0,Tablet
7151,135,2,2024-11-18,WebBrowser,96,0.69,0,TV
7152,1672,14,2024-08-27,SmartTV,65,0.61,0,Desktop
7153,388,13,2024-08-16,MobileApp,51,0.49,0,Mobile
7154,1805,1,2025-03-25,StreamMax,72,0.5,1,TV
7155,220,15,2024-06-25,TabletApp,47,0.4,0,TV
7156,1378,9,2025-03-29,StreamMax,42,0.34,0,Tablet
7157,533,12,2025-04-16,TabletApp,74,0.74,0,Desktop
7158,1160,1,2024-12-07,WebBrowser,53,0.38,0,Desktop
7159,1276,13,2024-07-03,TabletApp,49,0.35,1,Desktop
7160,1478,11,2025-01-21,WebBrowser,108,0.75,0,Tablet
7161,1874,3,2024-12-17,StreamMax,69,0.61,0,Tablet
7162,1915,1,2025-02-04,StreamMax,97,0.89,0,Desktop
7163,1609,6,2024-06-15,WebBrowser,76,0.8,0,TV
7164,806,14,2024-10-27,MobileApp,63,0.42,0,Tablet
7165,391,14,2024-12-05,MobileApp,96,0.66,0,Mobile
7166,750,13,2024-10-26,SmartTV,89,0.81,0,Tablet
7167,836,3,2024-10-27,StreamMax,60,0.52,0,Mobile
7168,766,13,2024-12-15,TabletApp,49,0.35,0,Desktop
7169,1485,15,2024-08-14,SmartTV,68,0.74,1,Mobile
7170,1989,13,2024-10-28,SmartTV,82,0.57,0,Desktop
7171,1591,3,2025-02-26,StreamMax,88,0.95,0,Tablet
7172,1910,1,2025-02-05,TabletApp,85,0.95,0,Mobile
7173,1432,3,2024-08-21,StreamMax,64,0.64,0,Desktop
7174,1439,6,2024-06-08,WebBrowser,71,0.63,0,Desktop
7175,623,2,2024-06-30,MobileApp,118,0.86,0,Desktop
7176,353,2,2025-04-26,TabletApp,65,0.65,1,Tablet
7177,1918,8,2024-07-11,MobileApp,84,0.86,0,Desktop
7178,794,15,2024-07-17,WebBrowser,119,0.86,1,Tablet
7179,1969,8,2025-01-07,TabletApp,122,0.85,0,Desktop
7180,1003,5,2024-07-19,WebBrowser,79,0.83,0,Desktop
7181,1413,5,2024-12-04,StreamMax,66,0.71,0,Desktop
7182,1866,15,2024-07-27,WebBrowser,105,1.0,0,Desktop
7183,726,1,2024-08-03,TabletApp,77,0.86,1,Desktop
7184,224,6,2025-01-06,TabletApp,75,0.63,0,TV
7185,1000,1,2025-02-22,WebBrowser,58,0.59,0,TV
7186,615,1,2025-03-05,MobileApp,55,0.54,0,Mobile
7187,774,1,2025-02-18,WebBrowser,103,0.87,0,TV
7188,1387,3,2025-02-13,SmartTV,62,0.62,0,Desktop
7189,1865,10,2025-02-08,MobileApp,69,0.69,0,Desktop
7190,1154,2,2025-03-16,TabletApp,52,0.35,0,Tablet
7191,545,14,2024-08-21,StreamMax,36,0.38,1,Desktop
7192,801,10,2024-07-05,MobileApp,96,1.0,0,Desktop
7193,646,6,2024-12-11,MobileApp,100,0.76,0,Desktop
7194,877,15,2025-04-17,MobileApp,86,0.74,0,TV
7195,332,15,2025-01-10,WebBrowser,110,0.76,0,Mobile
7196,273,3,2024-09-12,WebBrowser,56,0.54,0,TV
7197,77,2,2025-01-21,MobileApp,48,0.35,0,Tablet
7198,532,5,2025-02-02,TabletApp,85,0.67,0,TV
7199,1987,5,2024-07-31,WebBrowser,41,0.46,0,Mobile
7200,1256,10,2025-02-09,SmartTV,50,0.4,0,TV
7201,14,13,2025-04-04,SmartTV,68,0.71,0,Mobile
7202,147,5,2024-06-30,TabletApp,120,0.92,1,TV
7203,1969,9,2024-09-13,MobileApp,86,0.75,0,Desktop
7204,45,6,2024-11-19,MobileApp,125,1.0,0,Desktop
7205,21,10,2024-08-21,WebBrowser,78,0.64,1,Desktop
7206,114,3,2024-12-10,MobileApp,143,0.93,1,TV
7207,531,8,2024-11-30,MobileApp,62,0.67,0,Mobile
7208,1623,6,2024-07-04,WebBrowser,42,0.33,0,Mobile
7209,1929,5,2024-11-04,WebBrowser,57,0.37,0,TV
7210,588,9,2024-06-12,SmartTV,111,0.74,1,TV
7211,1344,10,2025-04-26,WebBrowser,50,0.56,0,Tablet
7212,1184,2,2024-12-10,StreamMax,82,0.74,0,Mobile
7213,637,8,2024-08-25,SmartTV,84,0.89,0,Tablet
7214,1525,5,2024-11-13,WebBrowser,34,0.36,0,Desktop
7215,311,10,2025-01-05,WebBrowser,101,0.78,0,Desktop
7216,276,5,2024-11-02,StreamMax,56,0.46,1,Mobile
7217,1071,12,2024-06-22,SmartTV,93,0.68,1,Tablet
7218,835,1,2025-04-10,StreamMax,41,0.41,1,Desktop
7219,782,12,2025-03-03,WebBrowser,84,0.63,0,Mobile
7220,356,1,2025-02-16,StreamMax,94,0.63,0,TV
7221,972,3,2024-07-07,StreamMax,85,0.68,0,Mobile
7222,1106,2,2024-06-27,MobileApp,92,0.66,0,Desktop
7223,1435,3,2024-11-15,SmartTV,74,0.74,0,Mobile
7224,1893,8,2024-07-13,StreamMax,79,0.72,0,TV
7225,687,2,2024-09-18,StreamMax,91,0.74,0,Tablet
7226,1428,5,2024-08-31,WebBrowser,90,0.97,0,TV
7227,1602,5,2024-06-23,MobileApp,78,0.89,0,TV
7228,141,11,2024-07-06,MobileApp,90,0.88,0,TV
7229,1601,1,2024-12-10,SmartTV,117,0.9,1,TV
7230,950,10,2025-01-15,SmartTV,76,0.77,0,Mobile
7231,733,3,2024-08-09,WebBrowser,141,0.91,0,Tablet
7232,1047,6,2024-06-11,SmartTV,78,0.86,1,TV
7233,57,1,2024-11-19,SmartTV,57,0.38,1,Tablet
7234,193,3,2024-09-12,StreamMax,64,0.64,0,Desktop
7235,537,1,2025-03-13,WebBrowser,78,0.67,0,Mobile
7236,651,1,2025-03-11,SmartTV,78,0.54,1,Desktop
7237,710,13,2025-02-06,SmartTV,31,0.33,0,TV
7238,1963,3,2024-09-07,TabletApp,97,0.92,0,Mobile
7239,873,10,2024-06-23,MobileApp,112,0.8,0,Desktop
7240,669,8,2025-04-23,WebBrowser,67,0.6,0,Mobile
7241,1574,1,2025-02-03,StreamMax,78,0.74,0,Mobile
7242,1902,8,2025-04-11,StreamMax,130,0.95,0,Tablet
7243,1402,6,2024-11-15,SmartTV,60,0.61,0,TV
7244,1414,5,2024-09-05,WebBrowser,86,0.7,0,Tablet
7245,1442,12,2025-04-12,SmartTV,42,0.34,0,TV
7246,1432,8,2024-06-04,TabletApp,73,0.71,0,Mobile
7247,1222,8,2025-04-13,SmartTV,79,0.84,0,Desktop
7248,799,12,2024-12-25,SmartTV,87,0.83,0,Mobile
7249,746,2,2024-10-06,StreamMax,47,0.32,0,Mobile
7250,333,12,2024-10-20,WebBrowser,87,0.59,0,Tablet
7251,1137,7,2025-01-15,SmartTV,115,0.81,0,Mobile
7252,1276,15,2024-07-04,TabletApp,33,0.31,0,Tablet
7253,361,6,2024-10-24,SmartTV,130,0.84,0,TV
7254,918,12,2024-06-19,MobileApp,116,0.96,1,Mobile
7255,1806,6,2024-07-10,MobileApp,71,0.76,0,TV
7256,1976,12,2025-04-17,MobileApp,51,0.33,0,TV
7257,576,12,2024-10-04,WebBrowser,91,0.74,0,Tablet
7258,1843,2,2025-03-13,TabletApp,110,0.97,0,Desktop
7259,1478,6,2024-09-13,SmartTV,65,0.56,1,Mobile
7260,1654,15,2024-12-04,SmartTV,56,0.4,0,Tablet
7261,101,4,2025-01-07,MobileApp,120,0.96,0,Mobile
7262,125,4,2024-12-24,StreamMax,94,0.7,0,Desktop
7263,1785,5,2025-03-13,SmartTV,44,0.42,0,Desktop
7264,508,14,2024-06-19,MobileApp,36,0.34,0,Mobile
7265,971,1,2025-04-01,MobileApp,64,0.43,0,Tablet
7266,1938,11,2024-08-20,SmartTV,85,0.85,0,Desktop
7267,1528,12,2025-04-04,StreamMax,129,0.92,0,Tablet
7268,390,1,2025-04-12,StreamMax,97,0.73,0,Mobile
7269,1291,11,2025-03-19,TabletApp,106,0.68,1,Tablet
7270,1219,2,2024-10-30,StreamMax,42,0.37,0,Tablet
7271,776,13,2025-01-17,WebBrowser,60,0.51,1,Tablet
7272,810,1,2024-10-08,MobileApp,56,0.4,0,TV
7273,59,1,2025-01-09,SmartTV,82,0.84,0,Desktop
7274,162,7,2024-11-07,StreamMax,65,0.53,0,Tablet
7275,211,10,2024-11-23,MobileApp,57,0.48,0,TV
7276,1785,8,2024-08-09,StreamMax,72,0.65,0,TV
7277,217,1,2024-10-29,TabletApp,85,0.57,1,Desktop
7278,1816,8,2024-10-25,StreamMax,81,0.53,0,Mobile
7279,889,14,2025-01-09,StreamMax,106,0.87,1,Mobile
7280,1142,10,2025-03-27,TabletApp,133,0.94,0,Mobile
7281,297,1,2024-07-09,SmartTV,123,0.79,0,Tablet
7282,580,15,2024-10-11,StreamMax,81,0.86,0,Desktop
7283,1996,8,2024-08-22,SmartTV,54,0.39,0,Desktop
7284,906,2,2024-08-24,SmartTV,64,0.51,1,Desktop
7285,1840,6,2024-09-15,SmartTV,72,0.51,1,TV
7286,1841,2,2024-09-05,MobileApp,52,0.41,0,Tablet
7287,1589,8,2024-09-01,WebBrowser,57,0.41,0,TV
7288,495,7,2024-11-24,SmartTV,51,0.39,0,Tablet
7289,82,1,2025-03-06,SmartTV,129,0.97,0,TV
7290,1208,15,2024-07-21,TabletApp,125,0.81,0,Mobile
7291,549,2,2025-01-28,SmartTV,74,0.62,0,TV
7292,1985,11,2025-03-12,StreamMax,53,0.53,0,Mobile
7293,112,2,2025-02-28,StreamMax,92,0.87,1,Mobile
7294,1577,13,2025-01-05,WebBrowser,53,0.37,0,Mobile
7295,1177,10,2025-01-20,StreamMax,44,0.44,0,Desktop
7296,193,2,2024-08-13,TabletApp,64,0.61,0,Mobile
7297,581,14,2025-04-09,WebBrowser,106,0.68,0,Mobile
7298,1071,4,2024-10-28,TabletApp,39,0.33,1,Mobile
7299,780,7,2024-12-27,StreamMax,90,0.59,0,Desktop
7300,1949,8,2024-12-11,MobileApp,48,0.41,1,Desktop
7301,1585,5,2025-01-06,TabletApp,85,0.7,0,Tablet
7302,1425,14,2025-03-16,StreamMax,98,0.93,0,TV
7303,1847,1,2025-03-01,MobileApp,100,0.72,0,Mobile
7304,1843,13,2025-01-31,SmartTV,43,0.42,0,Desktop
7305,1256,1,2025-04-30,WebBrowser,61,0.58,1,Desktop
7306,69,4,2025-02-05,StreamMax,32,0.31,0,TV
7307,749,1,2025-02-21,MobileApp,68,0.66,0,TV
7308,1214,7,2025-04-12,WebBrowser,44,0.46,0,TV
7309,1035,6,2025-02-03,SmartTV,41,0.44,0,Tablet
7310,1421,14,2024-12-24,MobileApp,54,0.61,1,Desktop
7311,1674,6,2024-12-25,TabletApp,101,0.96,1,Desktop
7312,1805,5,2024-08-02,WebBrowser,96,0.8,0,Mobile
7313,396,1,2024-11-20,MobileApp,44,0.4,0,TV
7314,1253,15,2025-01-23,MobileApp,149,0.95,0,Tablet
7315,289,1,2025-04-16,WebBrowser,65,0.56,0,Mobile
7316,1749,3,2025-01-29,SmartTV,123,0.86,0,TV
7317,1099,1,2025-04-07,TabletApp,127,0.81,1,Mobile
7318,396,8,2024-08-25,SmartTV,42,0.31,0,Mobile
7319,728,6,2024-11-29,MobileApp,126,0.97,0,Mobile
7320,1565,8,2024-11-27,StreamMax,68,0.53,1,Desktop
7321,1180,1,2025-01-25,WebBrowser,140,0.95,0,Desktop
7322,1062,6,2025-01-29,MobileApp,38,0.34,0,Mobile
7323,694,12,2025-02-12,MobileApp,116,0.84,0,Desktop
7324,707,7,2025-02-24,WebBrowser,115,0.81,1,Desktop
7325,788,14,2024-06-12,TabletApp,77,0.5,0,Tablet
7326,1124,1,2025-04-29,SmartTV,54,0.38,0,Mobile
7327,602,9,2025-01-24,TabletApp,94,0.98,1,Mobile
7328,799,9,2025-04-16,StreamMax,99,0.75,1,Desktop
7329,250,1,2025-02-22,StreamMax,68,0.61,0,Tablet
7330,1123,11,2024-12-17,WebBrowser,127,0.82,0,Mobile
7331,1987,1,2025-01-20,MobileApp,68,0.68,0,TV
7332,965,8,2025-01-04,TabletApp,67,0.53,1,Desktop
7333,1228,2,2024-07-04,WebBrowser,62,0.59,0,Mobile
7334,1313,3,2024-07-31,WebBrowser,89,0.67,1,Desktop
7335,423,2,2025-02-28,StreamMax,105,0.89,0,Desktop
7336,72,8,2024-09-29,WebBrowser,78,0.62,1,TV
7337,1253,1,2024-12-01,SmartTV,66,0.44,0,Desktop
7338,71,14,2025-04-22,TabletApp,40,0.31,1,Mobile
7339,1861,14,2025-01-31,TabletApp,69,0.75,0,Desktop
7340,318,12,2024-12-30,MobileApp,41,0.47,0,Desktop
7341,136,8,2025-04-25,MobileApp,71,0.59,0,TV
7342,825,11,2024-07-22,WebBrowser,53,0.4,0,Mobile
7343,340,12,2024-09-05,WebBrowser,44,0.43,1,Desktop
7344,1461,1,2025-04-10,WebBrowser,97,0.72,0,Mobile
7345,598,15,2024-06-12,SmartTV,90,0.9,0,Mobile
7346,1651,15,2024-06-08,MobileApp,82,0.87,0,Tablet
7347,1827,1,2025-02-06,MobileApp,68,0.68,1,Desktop
7348,449,2,2024-10-20,MobileApp,115,0.96,0,Desktop
7349,175,9,2025-01-31,StreamMax,120,0.78,1,Desktop
7350,1493,11,2024-10-19,WebBrowser,143,0.97,0,Tablet
7351,1703,4,2024-06-12,StreamMax,67,0.63,0,Mobile
7352,1772,5,2024-11-08,StreamMax,35,0.34,0,Mobile
7353,773,14,2025-04-30,StreamMax,45,0.38,1,Tablet
7354,659,14,2024-11-20,StreamMax,106,0.96,0,TV
7355,1419,10,2024-08-05,SmartTV,102,0.85,0,Mobile
7356,630,15,2024-12-26,StreamMax,77,0.53,0,Desktop
7357,1370,10,2025-01-28,MobileApp,112,0.73,1,Desktop
7358,348,8,2024-10-03,WebBrowser,115,0.8,1,TV
7359,611,2,2024-08-15,WebBrowser,52,0.55,0,Desktop
7360,649,12,2025-02-12,MobileApp,66,0.67,0,TV
7361,1896,14,2024-11-27,TabletApp,121,1.0,0,Desktop
7362,1793,13,2025-02-14,StreamMax,71,0.63,0,Tablet
7363,1139,1,2025-02-23,StreamMax,123,0.97,0,Desktop
7364,135,13,2024-08-06,TabletApp,53,0.57,0,Mobile
7365,243,6,2024-06-25,TabletApp,84,0.8,0,Tablet
7366,1926,6,2025-01-01,WebBrowser,133,0.9,0,Desktop
7367,1603,3,2024-09-08,TabletApp,43,0.37,1,TV
7368,751,7,2024-12-03,TabletApp,55,0.61,0,TV
7369,999,15,2024-07-13,SmartTV,64,0.64,0,TV
7370,1415,7,2024-12-10,MobileApp,51,0.48,0,Tablet
7371,477,8,2024-07-25,SmartTV,87,0.87,1,Tablet
7372,1263,1,2024-09-09,WebBrowser,81,0.75,0,Desktop
7373,307,1,2025-01-07,TabletApp,50,0.41,0,Mobile
7374,1865,1,2025-02-27,StreamMax,131,0.84,0,Tablet
7375,422,2,2025-04-17,StreamMax,64,0.43,0,Desktop
7376,1943,4,2025-03-27,WebBrowser,101,0.73,1,Desktop
7377,389,8,2024-07-23,MobileApp,120,0.83,1,Mobile
7378,1586,14,2025-02-17,SmartTV,87,0.56,0,Desktop
7379,593,11,2024-09-26,TabletApp,32,0.36,0,Tablet
7380,566,10,2024-12-19,WebBrowser,112,0.73,0,TV
7381,1671,9,2025-04-01,SmartTV,62,0.63,0,TV
7382,1822,14,2024-08-08,StreamMax,144,0.96,0,TV
7383,933,5,2025-04-30,StreamMax,93,0.87,1,Mobile
7384,1423,10,2024-09-28,TabletApp,93,0.59,0,Mobile
7385,886,7,2024-10-18,TabletApp,53,0.45,0,Mobile
7386,1002,7,2024-12-29,MobileApp,60,0.62,1,TV
7387,517,14,2024-07-10,MobileApp,124,0.92,0,Mobile
7388,1012,1,2024-06-29,WebBrowser,60,0.44,0,Tablet
7389,1574,8,2024-08-17,SmartTV,78,0.65,0,Mobile
7390,1191,12,2025-01-06,StreamMax,84,0.63,0,Tablet
7391,1211,1,2024-08-19,SmartTV,78,0.55,0,TV
7392,1296,4,2025-01-14,WebBrowser,138,0.96,1,Mobile
7393,1717,1,2025-02-15,SmartTV,76,0.59,0,Desktop
7394,1361,1,2025-04-13,TabletApp,90,0.8,0,Tablet
7395,1356,1,2025-01-17,SmartTV,133,0.9,0,Desktop
7396,1269,2,2024-08-30,TabletApp,56,0.5,0,Desktop
7397,309,2,2025-03-06,WebBrowser,71,0.71,0,Tablet
7398,1076,2,2024-07-09,TabletApp,80,0.78,0,Desktop
7399,1197,7,2024-11-23,SmartTV,94,0.84,0,Tablet
7400,160,10,2024-08-08,StreamMax,109,0.88,1,TV
7401,1779,10,2024-12-06,WebBrowser,106,0.69,0,TV
7402,1506,13,2024-07-18,TabletApp,71,0.7,0,Desktop
7403,1516,1,2025-03-14,TabletApp,88,0.94,0,Desktop
7404,505,2,2024-11-04,TabletApp,65,0.49,0,Desktop
7405,1133,14,2025-04-12,MobileApp,80,0.68,0,Tablet
7406,1349,2,2024-09-26,StreamMax,82,0.53,0,Desktop
7407,1703,8,2025-03-27,TabletApp,124,0.95,0,Mobile
7408,1060,3,2025-03-02,StreamMax,40,0.31,0,Tablet
7409,827,6,2024-11-02,WebBrowser,43,0.39,0,Mobile
7410,802,5,2024-10-29,TabletApp,76,0.62,0,TV
7411,1087,12,2025-04-17,TabletApp,40,0.33,1,Mobile
7412,1271,8,2024-10-28,WebBrowser,113,0.93,0,Desktop
7413,933,8,2025-02-06,TabletApp,99,0.84,0,TV
7414,1607,11,2024-06-21,MobileApp,33,0.38,1,Tablet
7415,1877,13,2024-10-17,WebBrowser,71,0.71,0,Tablet
7416,680,1,2025-01-20,MobileApp,102,0.71,0,Mobile
7417,1000,10,2024-07-06,MobileApp,139,0.98,1,Desktop
7418,753,14,2025-02-04,TabletApp,64,0.66,0,Desktop
7419,152,1,2025-03-31,TabletApp,92,0.65,0,Mobile
7420,888,7,2024-06-16,TabletApp,81,0.92,0,Mobile
7421,1192,10,2024-11-12,MobileApp,149,0.99,0,Mobile
7422,1142,14,2024-11-22,SmartTV,98,0.82,0,Desktop
7423,1161,10,2025-02-16,StreamMax,95,0.98,1,TV
7424,1787,2,2024-11-06,SmartTV,35,0.31,0,TV
7425,1838,8,2025-04-24,StreamMax,101,0.88,0,Mobile
7426,965,11,2025-04-15,SmartTV,83,0.71,0,TV
7427,460,1,2025-03-29,MobileApp,113,0.77,0,TV
7428,1719,13,2024-11-13,TabletApp,103,0.89,0,TV
7429,1216,10,2025-03-17,StreamMax,55,0.35,0,Desktop
7430,650,6,2024-09-04,MobileApp,131,0.91,0,Desktop
7431,1866,10,2024-12-29,WebBrowser,68,0.44,0,Tablet
7432,1152,1,2025-03-12,TabletApp,115,0.88,0,Tablet
7433,60,6,2024-12-01,StreamMax,52,0.41,0,Tablet
7434,1097,14,2024-09-17,StreamMax,61,0.56,0,Desktop
7435,1335,13,2025-04-19,StreamMax,74,0.54,0,TV
7436,124,3,2024-11-16,TabletApp,93,0.62,0,Desktop
7437,699,1,2025-04-01,StreamMax,95,0.97,0,Tablet
7438,719,3,2024-11-22,SmartTV,133,0.96,0,Desktop
7439,1340,1,2025-03-10,MobileApp,108,0.82,0,Mobile
7440,1708,3,2024-06-12,MobileApp,81,0.75,1,Tablet
7441,20,14,2024-10-12,TabletApp,51,0.41,1,Mobile
7442,412,15,2024-12-24,SmartTV,80,0.64,0,Desktop
7443,110,1,2024-06-12,WebBrowser,146,0.93,0,Mobile
7444,464,13,2024-08-21,SmartTV,71,0.57,0,TV
7445,41,2,2024-08-04,StreamMax,74,0.71,0,Tablet
7446,1882,8,2025-02-22,WebBrowser,59,0.45,0,Tablet
7447,1563,13,2025-01-03,TabletApp,61,0.4,0,Tablet
7448,514,8,2025-03-12,TabletApp,54,0.45,0,TV
7449,1030,1,2025-04-16,SmartTV,44,0.31,0,Tablet
7450,569,6,2025-01-18,MobileApp,81,0.89,0,Tablet
7451,1649,13,2025-02-19,MobileApp,56,0.39,0,TV
7452,1372,10,2025-04-08,StreamMax,72,0.82,0,Mobile
7453,43,2,2025-02-27,TabletApp,78,0.76,0,Mobile
7454,908,9,2024-12-25,SmartTV,70,0.54,1,TV
7455,1145,14,2025-03-04,StreamMax,89,0.69,0,Tablet
7456,1878,1,2025-03-21,StreamMax,55,0.44,0,Mobile
7457,612,7,2025-03-13,StreamMax,54,0.39,0,TV
7458,115,5,2025-03-09,SmartTV,102,0.65,0,Desktop
7459,1566,1,2025-02-07,WebBrowser,139,0.93,1,Desktop
7460,263,8,2024-10-03,SmartTV,85,0.65,0,Desktop
7461,1617,10,2025-04-27,SmartTV,95,0.72,1,TV
7462,1616,3,2025-02-26,WebBrowser,41,0.46,1,TV
7463,1623,1,2025-03-22,SmartTV,128,0.87,1,Desktop
7464,994,1,2025-03-19,MobileApp,34,0.39,1,Desktop
7465,253,14,2024-08-13,StreamMax,66,0.46,0,Desktop
7466,1333,8,2024-08-10,TabletApp,104,0.67,0,Mobile
7467,1383,9,2025-01-09,MobileApp,42,0.32,0,Mobile
7468,1714,1,2025-02-24,WebBrowser,45,0.5,0,Tablet
7469,1317,6,2025-01-23,MobileApp,56,0.54,0,Desktop
7470,992,9,2025-01-27,SmartTV,61,0.44,0,Tablet
7471,1460,7,2025-01-28,TabletApp,44,0.41,0,Mobile
7472,547,12,2024-09-23,WebBrowser,57,0.58,1,TV
7473,384,14,2024-09-17,TabletApp,64,0.69,0,Mobile
7474,170,8,2025-02-23,StreamMax,53,0.34,1,TV
7475,1438,3,2024-08-07,MobileApp,102,0.8,0,Mobile
7476,515,13,2024-07-27,MobileApp,103,0.94,0,Tablet
7477,1150,11,2024-12-11,StreamMax,49,0.5,0,Desktop
7478,1336,6,2024-06-26,TabletApp,74,0.47,0,Mobile
7479,1948,9,2025-01-05,MobileApp,68,0.76,0,TV
7480,868,6,2025-02-26,MobileApp,99,0.66,0,Desktop
7481,62,1,2025-01-11,SmartTV,90,0.68,0,Tablet
7482,587,10,2025-02-20,MobileApp,57,0.64,1,Mobile
7483,1018,10,2024-07-20,WebBrowser,78,0.64,0,Mobile
7484,1578,11,2025-01-29,MobileApp,86,0.73,0,Desktop
7485,991,2,2024-10-06,StreamMax,65,0.58,0,Tablet
7486,1898,5,2024-06-26,MobileApp,116,0.79,0,Tablet
7487,1236,12,2024-10-03,SmartTV,60,0.39,0,TV
7488,1441,1,2025-04-30,WebBrowser,56,0.37,0,Desktop
7489,1901,8,2024-12-17,TabletApp,54,0.45,0,Desktop
7490,418,1,2024-10-28,SmartTV,80,0.71,0,Desktop
7491,1796,5,2024-11-05,StreamMax,54,0.48,0,Mobile
7492,632,12,2024-11-20,TabletApp,117,0.76,0,Mobile
7493,1305,8,2025-01-19,TabletApp,69,0.64,0,Tablet
7494,1547,3,2025-01-09,StreamMax,90,0.58,0,Desktop
7495,1427,3,2025-01-22,WebBrowser,79,0.88,0,Mobile
7496,721,5,2024-11-13,WebBrowser,97,0.89,0,Desktop
7497,158,1,2024-10-12,StreamMax,83,0.78,0,Tablet
7498,999,5,2025-03-21,WebBrowser,82,0.6,0,Mobile
7499,614,10,2024-09-25,WebBrowser,102,0.84,1,Tablet
7500,779,12,2024-08-26,WebBrowser,63,0.46,0,Tablet
7501,1983,7,2025-01-05,SmartTV,33,0.38,1,Tablet
7502,840,6,2025-02-02,StreamMax,106,0.89,0,TV
7503,63,14,2024-12-20,SmartTV,92,0.85,1,Mobile
7504,1353,1,2024-12-09,TabletApp,107,0.98,1,Tablet
7505,255,9,2025-04-19,SmartTV,45,0.43,0,Mobile
7506,546,11,2025-01-08,MobileApp,74,0.64,0,TV
7507,111,11,2024-08-17,TabletApp,108,0.74,0,Desktop
7508,790,9,2024-09-12,SmartTV,89,0.89,1,Desktop
7509,1985,3,2024-06-18,TabletApp,63,0.44,1,TV
7510,1676,1,2025-04-18,TabletApp,90,0.93,0,Tablet
7511,472,14,2024-12-31,MobileApp,74,0.68,0,TV
7512,951,14,2024-12-30,SmartTV,50,0.39,0,TV
7513,1367,8,2025-01-31,SmartTV,127,0.84,0,Mobile
7514,128,1,2024-11-30,StreamMax,43,0.36,0,Tablet
7515,845,6,2025-02-02,TabletApp,67,0.67,0,Tablet
7516,413,3,2024-10-03,MobileApp,96,0.66,0,Mobile
7517,1685,11,2025-04-19,WebBrowser,126,0.88,0,Desktop
7518,962,1,2025-01-14,MobileApp,83,0.62,0,Tablet
7519,554,3,2024-11-06,SmartTV,53,0.36,0,Mobile
7520,1544,1,2025-03-19,SmartTV,100,0.89,0,TV
7521,2,1,2025-04-13,SmartTV,89,0.67,0,Tablet
7522,1471,6,2024-06-29,SmartTV,45,0.31,0,Tablet
7523,1984,1,2024-07-21,StreamMax,130,0.85,1,Tablet
7524,562,1,2024-07-22,MobileApp,126,0.92,0,Mobile
7525,19,1,2025-02-27,SmartTV,44,0.44,0,Desktop
7526,920,13,2025-03-12,WebBrowser,41,0.32,1,Tablet
7527,1143,2,2024-10-26,MobileApp,49,0.36,1,TV
7528,1659,12,2025-04-03,SmartTV,69,0.48,0,Mobile
7529,1015,10,2025-03-24,StreamMax,45,0.42,0,Desktop
7530,985,8,2024-12-30,MobileApp,104,0.79,0,Desktop
7531,769,2,2024-08-04,TabletApp,80,0.79,0,Tablet
7532,1137,14,2024-12-23,TabletApp,72,0.46,1,Tablet
7533,1268,7,2025-03-14,TabletApp,105,0.75,0,Tablet
7534,931,13,2024-09-12,WebBrowser,84,0.63,0,Mobile
7535,1061,10,2024-11-13,WebBrowser,114,0.82,0,Mobile
7536,1750,14,2024-09-20,TabletApp,124,0.99,0,Tablet
7537,1775,10,2025-02-22,SmartTV,30,0.32,1,Mobile
7538,1639,6,2024-08-11,SmartTV,103,0.76,0,Mobile
7539,1662,1,2025-01-31,WebBrowser,68,0.53,0,Mobile
7540,458,10,2024-11-25,WebBrowser,42,0.39,0,Desktop
7541,1990,6,2024-06-09,StreamMax,89,0.61,0,TV
7542,1905,15,2025-04-13,TabletApp,53,0.36,0,Tablet
7543,193,15,2025-04-13,StreamMax,151,0.97,0,TV
7544,1440,14,2024-07-01,MobileApp,100,0.85,0,Desktop
7545,1420,6,2024-10-01,SmartTV,75,0.58,0,Mobile
7546,1153,1,2025-01-31,StreamMax,43,0.45,0,Mobile
7547,291,12,2025-01-24,WebBrowser,42,0.42,0,Mobile
7548,1370,6,2025-04-17,TabletApp,42,0.37,0,Tablet
7549,572,2,2024-06-09,TabletApp,93,0.72,0,TV
7550,1200,3,2024-09-03,WebBrowser,49,0.47,0,Tablet
7551,312,1,2025-03-25,WebBrowser,115,0.81,1,Mobile
7552,919,13,2024-10-20,WebBrowser,53,0.39,0,Mobile
7553,1081,1,2025-04-16,StreamMax,68,0.46,0,Tablet
7554,1650,1,2025-01-09,MobileApp,73,0.62,0,Desktop
7555,446,2,2024-09-12,TabletApp,107,0.68,0,TV
7556,1842,9,2025-03-26,StreamMax,125,0.95,0,TV
7557,1583,1,2025-02-27,MobileApp,112,0.78,0,Tablet
7558,156,6,2024-09-24,WebBrowser,46,0.4,1,Mobile
7559,1811,8,2024-09-30,WebBrowser,46,0.37,0,Desktop
7560,1439,8,2024-07-13,MobileApp,62,0.53,0,TV
7561,1719,8,2024-09-05,SmartTV,110,0.78,0,Mobile
7562,1081,1,2024-07-07,TabletApp,118,0.76,0,Tablet
7563,1231,3,2024-07-02,StreamMax,44,0.47,0,Mobile
7564,1801,8,2024-09-12,WebBrowser,46,0.5,0,Mobile
7565,811,5,2024-07-04,SmartTV,60,0.4,0,Tablet
7566,434,6,2024-11-03,TabletApp,127,0.89,0,Tablet
7567,986,6,2024-11-21,TabletApp,106,0.94,0,Tablet
7568,911,10,2024-09-15,MobileApp,110,0.88,0,Mobile
7569,1046,10,2025-04-11,StreamMax,88,0.78,0,Desktop
7570,1752,13,2024-09-11,MobileApp,108,0.8,1,TV
7571,1301,1,2025-02-21,MobileApp,94,0.65,1,Desktop
7572,650,5,2024-12-16,TabletApp,60,0.55,1,Mobile
7573,1332,5,2024-06-20,StreamMax,118,0.86,0,Mobile
7574,1284,14,2025-01-09,SmartTV,86,0.96,0,Mobile
7575,1155,1,2025-04-15,TabletApp,50,0.54,1,Tablet
7576,556,1,2025-01-01,WebBrowser,40,0.4,1,TV
7577,1737,11,2024-06-05,SmartTV,65,0.55,1,Mobile
7578,1019,5,2024-08-20,SmartTV,69,0.46,0,Tablet
7579,306,15,2025-04-29,TabletApp,53,0.53,1,TV
7580,1807,8,2025-02-07,SmartTV,117,0.83,0,TV
7581,1688,6,2024-12-09,WebBrowser,58,0.57,0,Desktop
7582,1149,2,2025-03-11,TabletApp,79,0.66,1,Tablet
7583,1961,7,2025-04-10,MobileApp,77,0.51,0,Desktop
7584,730,10,2024-08-08,TabletApp,69,0.66,0,Desktop
7585,200,13,2024-11-07,MobileApp,39,0.43,0,Mobile
7586,260,1,2025-03-22,TabletApp,127,0.83,0,Desktop
7587,1176,9,2025-03-08,TabletApp,49,0.33,0,TV
7588,773,2,2025-02-09,TabletApp,109,0.76,0,Mobile
7589,145,10,2024-12-14,MobileApp,36,0.35,1,Tablet
7590,1094,14,2025-03-01,WebBrowser,79,0.8,0,Tablet
7591,825,6,2025-04-10,MobileApp,80,0.66,0,Desktop
7592,1753,13,2024-09-25,SmartTV,145,0.94,0,TV
7593,187,5,2025-01-22,SmartTV,89,0.7,0,TV
7594,939,14,2024-07-05,WebBrowser,76,0.78,0,TV
7595,525,8,2025-04-26,SmartTV,76,0.79,1,Tablet
7596,528,15,2024-11-19,MobileApp,141,0.9,0,Desktop
7597,1717,1,2025-02-25,WebBrowser,51,0.38,1,TV
7598,213,12,2024-12-02,StreamMax,58,0.58,1,Tablet
7599,127,1,2025-01-25,SmartTV,146,0.96,0,TV
7600,1815,15,2024-06-30,SmartTV,106,0.75,0,Mobile
7601,1566,4,2024-10-26,StreamMax,128,0.97,0,Desktop
7602,351,6,2025-02-02,TabletApp,89,0.85,0,Desktop
7603,1272,14,2025-03-06,WebBrowser,49,0.35,1,TV
7604,1224,12,2025-01-30,TabletApp,50,0.41,0,Desktop
7605,1231,3,2024-11-12,SmartTV,102,0.65,0,Desktop
7606,1023,2,2024-11-28,MobileApp,80,0.71,0,Desktop
7607,425,11,2025-03-08,WebBrowser,101,0.67,0,TV
7608,900,5,2024-11-24,TabletApp,63,0.6,0,Desktop
7609,1636,3,2025-01-20,WebBrowser,53,0.58,0,Tablet
7610,907,9,2024-11-30,MobileApp,86,0.89,0,TV
7611,867,5,2025-02-11,StreamMax,81,0.76,0,Tablet
7612,888,12,2024-08-15,SmartTV,89,0.73,0,Desktop
7613,277,11,2024-11-07,WebBrowser,82,0.55,0,Tablet
7614,215,3,2025-04-16,MobileApp,59,0.5,0,Tablet
7615,1778,10,2024-09-16,StreamMax,104,0.73,1,TV
7616,1009,14,2024-07-29,WebBrowser,81,0.56,0,Mobile
7617,1899,8,2025-04-19,TabletApp,65,0.49,0,TV
7618,1257,1,2025-01-19,StreamMax,78,0.62,1,TV
7619,1836,1,2024-08-12,SmartTV,43,0.48,1,Desktop
7620,277,15,2025-04-03,MobileApp,49,0.45,1,Tablet
7621,995,8,2024-09-06,SmartTV,75,0.79,0,Desktop
7622,883,1,2025-04-23,WebBrowser,81,0.78,0,Tablet
7623,960,8,2024-10-10,TabletApp,81,0.7,0,Desktop
7624,1453,1,2025-03-31,StreamMax,132,0.86,0,TV
7625,105,13,2024-06-29,TabletApp,112,0.8,0,Desktop
7626,10,11,2025-04-17,MobileApp,56,0.4,0,TV
7627,1327,10,2024-10-05,SmartTV,63,0.46,0,Tablet
7628,1541,5,2025-03-06,StreamMax,131,0.91,1,Desktop
7629,1143,10,2025-03-09,MobileApp,58,0.42,0,Tablet
7630,934,10,2024-08-28,StreamMax,70,0.56,0,TV
7631,1739,7,2025-02-27,WebBrowser,78,0.81,1,Desktop
7632,572,14,2024-09-19,StreamMax,63,0.41,0,Tablet
7633,232,6,2025-01-20,MobileApp,103,0.83,0,TV
7634,1116,2,2025-03-13,MobileApp,76,0.63,0,Mobile
7635,1421,3,2024-12-13,SmartTV,50,0.53,0,TV
7636,876,2,2024-10-31,TabletApp,82,0.61,1,TV
7637,1138,7,2025-01-25,StreamMax,65,0.54,0,Desktop
7638,1302,2,2024-10-30,TabletApp,84,0.54,0,Desktop
7639,1726,1,2025-02-24,StreamMax,52,0.35,1,Mobile
7640,293,7,2025-03-07,StreamMax,46,0.38,0,TV
7641,984,8,2025-01-21,MobileApp,65,0.55,0,Desktop
7642,1129,4,2024-10-23,TabletApp,49,0.54,0,Mobile
7643,1384,2,2024-08-12,StreamMax,83,0.83,0,Tablet
7644,814,11,2024-10-22,MobileApp,95,0.62,1,TV
7645,505,5,2025-02-21,TabletApp,71,0.66,0,Tablet
7646,818,1,2025-04-20,WebBrowser,105,0.71,0,Desktop
7647,1667,1,2024-11-07,SmartTV,107,0.71,1,Tablet
7648,80,12,2025-04-22,TabletApp,57,0.4,0,Mobile
7649,531,10,2025-01-03,MobileApp,116,0.85,0,Mobile
7650,1916,1,2024-11-24,StreamMax,58,0.56,0,Mobile
7651,1311,10,2024-09-02,WebBrowser,95,0.68,0,TV
7652,1713,10,2025-04-24,TabletApp,91,0.76,1,Tablet
7653,1380,14,2024-11-11,TabletApp,80,0.78,0,Mobile
7654,13,12,2024-09-01,SmartTV,74,0.75,0,Desktop
7655,1438,1,2025-04-26,StreamMax,95,0.68,0,Desktop
7656,230,1,2025-03-09,MobileApp,100,0.8,0,Tablet
7657,25,11,2025-04-14,SmartTV,92,0.66,0,Tablet
7658,1065,13,2024-06-25,TabletApp,48,0.37,0,TV
7659,374,5,2024-10-07,StreamMax,109,0.88,0,Desktop
7660,819,6,2024-11-15,SmartTV,60,0.6,0,Mobile
7661,1067,12,2024-12-04,WebBrowser,78,0.78,0,Desktop
7662,1160,8,2025-01-10,TabletApp,41,0.39,0,TV
7663,845,10,2025-02-02,SmartTV,46,0.37,0,Tablet
7664,927,2,2024-10-31,WebBrowser,67,0.47,0,Tablet
7665,1339,6,2024-10-08,StreamMax,65,0.74,0,TV
7666,1370,6,2025-04-28,TabletApp,82,0.6,0,TV
7667,1172,2,2024-12-10,MobileApp,31,0.32,0,Mobile
7668,515,7,2025-01-30,StreamMax,60,0.57,0,TV
7669,378,5,2024-10-31,TabletApp,85,0.83,0,Mobile
7670,1721,11,2024-10-27,WebBrowser,87,0.74,0,TV
7671,650,10,2025-04-26,StreamMax,91,0.67,0,Mobile
7672,54,13,2025-01-19,TabletApp,75,0.52,0,Desktop
7673,152,1,2025-01-20,WebBrowser,91,0.65,0,TV
7674,144,13,2025-02-17,StreamMax,79,0.7,0,Mobile
7675,1413,5,2025-01-07,MobileApp,79,0.65,1,Tablet
7676,495,13,2024-09-17,TabletApp,96,0.61,0,Desktop
7677,1837,3,2025-04-02,SmartTV,132,0.93,0,Tablet
7678,1009,1,2025-03-10,SmartTV,57,0.38,0,TV
7679,779,13,2024-09-03,TabletApp,102,0.87,0,Tablet
7680,1001,12,2024-06-30,WebBrowser,106,0.85,0,Tablet
7681,991,6,2024-07-15,SmartTV,128,0.92,0,Mobile
7682,861,3,2024-06-27,MobileApp,47,0.48,0,Desktop
7683,410,6,2024-08-14,MobileApp,36,0.4,0,Mobile
7684,1705,11,2024-07-08,WebBrowser,56,0.45,0,Mobile
7685,889,14,2025-02-06,WebBrowser,146,0.94,0,TV
7686,883,1,2025-04-15,StreamMax,83,0.57,0,Desktop
7687,1272,6,2025-04-01,TabletApp,42,0.36,0,Tablet
7688,1677,9,2024-06-01,StreamMax,62,0.54,0,Desktop
7689,770,2,2024-06-19,WebBrowser,116,0.93,1,Tablet
7690,718,14,2024-07-09,TabletApp,56,0.36,0,Desktop
7691,108,13,2024-10-02,SmartTV,44,0.41,0,Mobile
7692,80,2,2024-11-04,SmartTV,133,0.92,0,Tablet
7693,894,8,2024-10-05,StreamMax,88,0.7,0,Desktop
7694,1039,6,2024-10-19,WebBrowser,86,0.8,0,TV
7695,926,14,2025-04-06,WebBrowser,46,0.43,0,Mobile
7696,1211,1,2025-02-18,WebBrowser,79,0.62,1,Tablet
7697,972,2,2024-08-01,TabletApp,95,0.98,0,Mobile
7698,63,13,2025-03-10,WebBrowser,63,0.62,0,Mobile
7699,418,6,2025-01-11,SmartTV,66,0.58,0,Desktop
7700,211,7,2025-01-06,SmartTV,87,0.71,0,TV
7701,610,3,2024-08-23,MobileApp,108,0.74,0,Tablet
7702,416,4,2025-04-14,WebBrowser,140,0.89,0,Desktop
7703,184,9,2024-10-23,MobileApp,141,0.92,1,Desktop
7704,990,2,2025-04-09,SmartTV,109,0.99,0,Tablet
7705,1990,7,2024-11-12,StreamMax,43,0.31,0,Mobile
7706,690,5,2025-02-25,SmartTV,132,0.95,0,TV
7707,60,15,2024-09-30,TabletApp,71,0.53,0,Mobile
7708,1404,9,2024-06-27,SmartTV,53,0.59,0,Tablet
7709,1633,6,2024-09-04,WebBrowser,84,0.75,0,TV
7710,1755,10,2024-09-18,WebBrowser,61,0.68,1,Desktop
7711,283,6,2024-10-03,StreamMax,61,0.6,0,Tablet
7712,928,9,2024-08-26,TabletApp,84,0.88,0,Tablet
7713,14,2,2025-04-11,SmartTV,131,0.92,0,Mobile
7714,1691,1,2025-02-02,MobileApp,55,0.43,0,Mobile
7715,426,1,2024-11-17,StreamMax,136,0.91,1,Mobile
7716,1490,1,2024-11-27,StreamMax,128,0.96,0,Mobile
7717,924,10,2025-02-26,SmartTV,67,0.71,1,TV
7718,269,1,2025-02-03,MobileApp,103,0.92,0,Desktop
7719,432,9,2024-08-29,MobileApp,73,0.75,0,Desktop
7720,289,11,2024-11-17,MobileApp,74,0.66,0,Desktop
7721,150,5,2024-10-01,WebBrowser,58,0.39,0,Mobile
7722,1684,14,2025-04-29,SmartTV,114,0.77,0,Desktop
7723,1297,1,2025-02-18,WebBrowser,33,0.37,1,Mobile
7724,1712,11,2025-03-13,WebBrowser,87,0.64,0,TV
7725,1900,2,2024-09-10,MobileApp,56,0.5,0,Tablet
7726,449,7,2025-01-20,StreamMax,31,0.33,0,Mobile
7727,1519,2,2024-12-22,WebBrowser,103,0.91,0,TV
7728,45,1,2025-02-01,StreamMax,130,0.97,1,Mobile
7729,1638,5,2025-02-01,SmartTV,85,0.69,0,Tablet
7730,482,8,2024-12-29,SmartTV,94,0.87,1,Desktop
7731,548,1,2025-04-29,StreamMax,55,0.39,0,Desktop
7732,263,2,2024-12-23,WebBrowser,95,0.92,0,Tablet
7733,378,1,2025-04-06,StreamMax,45,0.51,0,Tablet
7734,1735,4,2024-07-06,TabletApp,33,0.3,0,TV
7735,1178,15,2025-03-22,WebBrowser,83,0.59,1,TV
7736,563,8,2024-11-29,StreamMax,111,0.72,0,Tablet
7737,1795,1,2025-04-25,SmartTV,90,0.72,0,Desktop
7738,1116,1,2024-10-28,MobileApp,44,0.45,1,Desktop
7739,1811,11,2024-07-02,MobileApp,93,0.75,0,Tablet
7740,60,1,2024-08-06,TabletApp,102,0.78,0,Desktop
7741,49,1,2025-01-18,StreamMax,51,0.55,1,Desktop
7742,805,3,2025-04-01,WebBrowser,68,0.45,0,Desktop
7743,1307,2,2024-07-30,WebBrowser,75,0.49,0,Desktop
7744,503,6,2024-06-04,TabletApp,73,0.55,0,Tablet
7745,30,5,2024-06-18,WebBrowser,122,0.82,0,Desktop
7746,938,3,2024-10-04,WebBrowser,100,0.73,1,TV
7747,182,7,2024-09-27,SmartTV,96,0.96,0,Mobile
7748,1022,2,2024-12-03,StreamMax,106,0.84,0,Desktop
7749,609,1,2025-03-17,TabletApp,99,0.67,0,TV
7750,1600,2,2024-09-12,StreamMax,117,0.8,0,TV
7751,1542,13,2024-09-04,StreamMax,83,0.67,0,TV
7752,455,5,2025-02-12,SmartTV,48,0.31,0,Desktop
7753,101,10,2024-10-25,SmartTV,104,0.75,1,TV
7754,1764,10,2024-12-06,SmartTV,76,0.55,0,Tablet
7755,386,12,2024-08-09,WebBrowser,146,0.95,0,TV
7756,1488,10,2025-03-08,TabletApp,134,0.85,0,Desktop
7757,1367,11,2024-12-03,MobileApp,64,0.73,0,Mobile
7758,1108,5,2024-06-24,StreamMax,146,0.93,0,Tablet
7759,1458,2,2024-12-14,SmartTV,95,0.9,0,Tablet
7760,1959,11,2025-01-06,StreamMax,74,0.53,0,Tablet
7761,263,8,2024-09-26,StreamMax,71,0.54,1,Desktop
7762,1948,6,2025-03-09,WebBrowser,56,0.51,0,TV
7763,544,8,2024-10-21,MobileApp,81,0.56,0,Tablet
7764,1447,1,2025-02-12,WebBrowser,62,0.5,0,Mobile
7765,1426,6,2025-02-06,MobileApp,49,0.52,0,Desktop
7766,933,8,2025-04-23,StreamMax,49,0.34,0,Tablet
7767,1042,14,2024-06-28,MobileApp,97,0.92,0,TV
7768,1042,9,2024-12-21,StreamMax,105,0.69,0,Mobile
7769,616,3,2025-03-05,WebBrowser,93,0.74,0,TV
7770,1433,3,2024-07-05,MobileApp,47,0.43,0,Mobile
7771,1271,6,2024-07-13,StreamMax,52,0.47,0,Desktop
7772,1279,10,2024-11-08,TabletApp,85,0.88,0,Tablet
7773,294,7,2024-09-17,WebBrowser,120,0.86,0,Tablet
7774,760,5,2025-03-27,MobileApp,69,0.5,0,Tablet
7775,1353,12,2025-02-27,StreamMax,77,0.54,1,Mobile
7776,1271,11,2025-02-02,TabletApp,97,0.79,1,Tablet
7777,888,1,2025-03-22,SmartTV,99,0.68,1,Desktop
7778,1572,10,2025-01-13,WebBrowser,87,0.8,0,Mobile
7779,135,2,2024-11-20,WebBrowser,112,0.97,0,Tablet
7780,274,10,2024-06-24,TabletApp,86,0.79,0,Mobile
7781,1289,6,2025-03-28,TabletApp,127,0.99,0,TV
7782,504,1,2025-03-18,MobileApp,94,0.94,0,Mobile
7783,1400,3,2024-07-13,SmartTV,48,0.49,0,TV
7784,523,13,2024-11-23,SmartTV,84,0.82,0,Desktop
7785,304,7,2024-11-24,WebBrowser,52,0.34,1,Desktop
7786,715,15,2024-07-06,StreamMax,40,0.34,0,TV
7787,1272,10,2024-08-10,MobileApp,125,0.8,0,TV
7788,506,1,2024-11-28,WebBrowser,102,0.98,0,Mobile
7789,1326,6,2025-04-29,WebBrowser,52,0.35,0,Desktop
7790,1256,5,2024-07-25,MobileApp,59,0.64,0,Desktop
7791,374,3,2024-09-25,WebBrowser,73,0.5,0,Desktop
7792,1531,11,2024-07-11,WebBrowser,97,0.97,0,TV
7793,644,1,2025-04-15,StreamMax,52,0.58,0,Tablet
7794,986,13,2024-08-27,SmartTV,138,0.89,1,Desktop
7795,71,6,2025-04-26,MobileApp,113,0.93,1,TV
7796,190,1,2025-04-08,StreamMax,130,0.87,0,Tablet
7797,707,10,2024-12-23,SmartTV,78,0.79,0,Tablet
7798,1952,7,2024-12-22,SmartTV,67,0.49,0,TV
7799,770,10,2025-03-22,MobileApp,80,0.57,0,Desktop
7800,1676,5,2025-04-20,SmartTV,114,0.76,0,Mobile
7801,1964,7,2025-01-27,MobileApp,95,0.98,1,Tablet
7802,1578,2,2024-10-26,MobileApp,44,0.43,0,Mobile
7803,290,1,2025-02-06,SmartTV,117,0.82,0,Tablet
7804,1083,13,2024-09-13,SmartTV,83,0.93,1,Tablet
7805,184,8,2024-06-10,MobileApp,53,0.47,1,Mobile
7806,1993,5,2025-02-18,MobileApp,46,0.53,0,Tablet
7807,1599,6,2025-01-06,TabletApp,42,0.48,0,Mobile
7808,656,10,2025-02-02,SmartTV,60,0.61,1,Tablet
7809,315,8,2024-12-18,SmartTV,42,0.32,0,Tablet
7810,1001,2,2024-10-22,SmartTV,50,0.33,0,TV
7811,595,3,2024-07-09,TabletApp,72,0.47,1,TV
7812,371,7,2024-10-04,SmartTV,110,0.84,0,Desktop
7813,503,6,2025-03-02,StreamMax,115,0.84,0,Mobile
7814,1558,3,2024-09-15,StreamMax,66,0.67,0,Desktop
7815,646,1,2025-04-02,StreamMax,98,0.74,0,Tablet
7816,10,1,2024-10-13,WebBrowser,66,0.65,0,Tablet
7817,495,14,2024-09-24,StreamMax,69,0.69,0,Mobile
7818,221,1,2025-04-03,StreamMax,70,0.67,0,TV
7819,1176,13,2025-02-17,WebBrowser,109,0.89,0,Desktop
7820,1878,9,2024-10-10,WebBrowser,82,0.93,0,Mobile
7821,73,8,2024-09-22,MobileApp,143,0.93,1,Desktop
7822,430,9,2025-03-10,MobileApp,80,0.74,0,Desktop
7823,668,6,2025-02-10,StreamMax,145,0.99,0,Desktop
7824,650,10,2024-06-15,TabletApp,119,0.76,0,Mobile
7825,823,5,2024-12-02,WebBrowser,131,0.91,0,Tablet
7826,1601,7,2025-02-14,StreamMax,70,0.63,0,TV
7827,1030,12,2024-09-16,StreamMax,74,0.72,1,Tablet
7828,436,10,2024-08-06,TabletApp,103,0.73,0,Tablet
7829,636,4,2025-02-12,WebBrowser,114,0.96,0,Mobile
7830,135,6,2025-03-18,SmartTV,119,0.79,0,Desktop
7831,1663,7,2024-10-31,MobileApp,90,0.75,1,Mobile
7832,1742,1,2025-04-28,TabletApp,40,0.3,0,Desktop
7833,1110,3,2024-11-12,MobileApp,95,0.76,0,Tablet
7834,1875,1,2024-07-03,SmartTV,93,0.61,0,Tablet
7835,201,5,2025-02-23,MobileApp,92,0.82,0,Tablet
7836,1048,9,2024-07-31,TabletApp,134,0.98,0,Desktop
7837,750,8,2024-08-16,TabletApp,67,0.48,0,Tablet
7838,1557,1,2025-04-30,StreamMax,85,0.71,0,Desktop
7839,1629,14,2024-11-08,StreamMax,123,0.81,0,TV
7840,382,2,2024-10-22,SmartTV,110,0.87,0,TV
7841,639,12,2025-04-29,StreamMax,57,0.43,0,Desktop
7842,1554,7,2025-03-26,TabletApp,61,0.53,0,Mobile
7843,1104,6,2024-12-13,MobileApp,91,0.69,0,Mobile
7844,937,1,2025-01-05,SmartTV,38,0.35,1,Tablet
7845,1565,1,2025-04-20,TabletApp,43,0.36,0,TV
7846,1629,10,2024-06-10,TabletApp,56,0.43,0,TV
7847,1694,13,2024-11-14,TabletApp,106,0.93,1,Tablet
7848,1311,3,2024-12-22,SmartTV,41,0.31,0,Tablet
7849,1705,1,2024-12-09,SmartTV,72,0.71,0,Desktop
7850,649,12,2024-09-20,TabletApp,113,0.85,1,Tablet
7851,250,8,2025-01-25,WebBrowser,87,0.98,0,Tablet
7852,1267,10,2025-03-13,TabletApp,133,0.88,0,Tablet
7853,451,2,2024-06-25,WebBrowser,41,0.37,1,Desktop
7854,1470,6,2025-03-05,StreamMax,84,0.85,0,TV
7855,1094,7,2025-03-24,MobileApp,119,0.9,0,TV
7856,1166,3,2024-06-12,SmartTV,37,0.34,1,Tablet
7857,664,7,2025-01-24,MobileApp,44,0.44,0,Desktop
7858,64,13,2024-09-27,SmartTV,73,0.62,0,TV
7859,412,8,2024-10-08,StreamMax,73,0.84,0,Tablet
7860,740,7,2024-07-02,StreamMax,122,0.87,0,Desktop
7861,142,2,2025-04-14,TabletApp,90,0.68,1,Mobile
7862,1455,1,2024-07-06,SmartTV,64,0.5,0,Mobile
7863,1569,8,2024-09-14,StreamMax,45,0.42,0,Tablet
7864,138,14,2024-11-28,StreamMax,53,0.42,0,Mobile
7865,1233,6,2025-02-17,StreamMax,102,0.8,1,TV
7866,1436,6,2024-06-17,MobileApp,43,0.31,0,Mobile
7867,925,1,2025-02-08,WebBrowser,51,0.53,0,Mobile
7868,1902,15,2024-08-31,WebBrowser,51,0.44,1,TV
7869,993,8,2024-06-10,WebBrowser,55,0.62,0,TV
7870,779,6,2024-11-12,TabletApp,44,0.39,1,Desktop
7871,1497,15,2024-07-19,TabletApp,52,0.41,0,Desktop
7872,1672,1,2024-07-14,StreamMax,104,0.72,0,Desktop
7873,1402,9,2024-10-09,WebBrowser,47,0.49,0,Tablet
7874,1001,1,2025-01-04,TabletApp,109,0.88,0,TV
7875,651,2,2024-06-23,WebBrowser,90,0.86,0,Desktop
7876,1921,8,2025-04-07,TabletApp,81,0.8,0,Tablet
7877,646,4,2025-03-30,StreamMax,78,0.5,0,Mobile
7878,648,8,2024-08-07,TabletApp,123,0.82,0,Tablet
7879,322,1,2025-04-21,MobileApp,104,0.93,0,Desktop
7880,45,11,2024-08-15,TabletApp,47,0.34,0,Desktop
7881,440,1,2025-02-17,TabletApp,54,0.5,0,TV
7882,1054,8,2024-11-10,SmartTV,127,0.88,1,Desktop
7883,772,1,2024-07-14,StreamMax,48,0.45,0,Tablet
7884,1566,1,2024-11-11,SmartTV,34,0.33,0,TV
7885,97,1,2025-03-16,MobileApp,114,0.83,0,Desktop
7886,1363,11,2024-12-26,WebBrowser,75,0.5,0,Mobile
7887,692,2,2024-12-11,SmartTV,55,0.42,0,Tablet
7888,314,14,2024-07-27,TabletApp,58,0.58,1,Tablet
7889,1162,4,2024-11-03,SmartTV,33,0.38,0,Mobile
7890,617,6,2025-02-10,TabletApp,71,0.67,0,Mobile
7891,1028,8,2025-02-23,WebBrowser,80,0.57,0,Mobile
7892,1779,13,2025-01-14,WebBrowser,80,0.91,0,Mobile
7893,188,1,2025-03-09,MobileApp,30,0.33,0,TV
7894,952,6,2025-01-23,MobileApp,115,0.9,0,Tablet
7895,1269,2,2024-08-20,SmartTV,91,0.74,1,TV
7896,60,14,2025-01-17,SmartTV,77,0.6,0,Mobile
7897,1625,11,2024-12-08,TabletApp,115,0.74,0,TV
7898,1395,14,2024-07-31,SmartTV,94,0.9,1,Mobile
7899,606,6,2024-08-14,StreamMax,44,0.41,0,Tablet
7900,1635,10,2024-12-29,SmartTV,31,0.31,0,Desktop
7901,269,1,2025-04-16,MobileApp,47,0.38,0,Mobile
7902,206,3,2025-02-05,MobileApp,91,0.71,0,Desktop
7903,991,1,2024-07-07,StreamMax,72,0.51,0,Desktop
7904,226,10,2025-04-29,MobileApp,46,0.49,0,Desktop
7905,507,15,2025-03-19,StreamMax,59,0.44,1,TV
7906,304,10,2024-06-27,StreamMax,88,0.78,0,Tablet
7907,1983,6,2024-12-29,TabletApp,92,0.78,1,TV
7908,830,7,2024-09-28,WebBrowser,96,0.96,1,Mobile
7909,1619,2,2024-09-19,MobileApp,82,0.67,0,TV
7910,726,1,2024-10-29,SmartTV,53,0.55,1,Tablet
7911,461,8,2024-08-20,TabletApp,41,0.43,1,Desktop
7912,1287,6,2024-06-04,TabletApp,70,0.73,1,Tablet
7913,59,6,2024-07-12,MobileApp,108,0.7,1,Tablet
7914,1615,8,2024-07-30,WebBrowser,81,0.62,0,TV
7915,1149,14,2025-01-11,StreamMax,124,0.87,0,Tablet
7916,1508,6,2024-10-23,SmartTV,121,1.0,0,Tablet
7917,586,4,2024-09-18,SmartTV,143,0.96,1,Desktop
7918,1092,3,2024-07-09,StreamMax,70,0.45,0,Mobile
7919,1968,11,2024-09-01,SmartTV,97,0.73,0,TV
7920,1902,3,2024-09-05,SmartTV,72,0.53,0,Tablet
7921,1475,1,2024-11-03,MobileApp,93,0.95,0,TV
7922,1485,6,2024-12-08,StreamMax,50,0.4,1,TV
7923,515,4,2024-11-12,StreamMax,57,0.5,0,Mobile
7924,1667,2,2024-08-30,MobileApp,60,0.6,0,TV
7925,1174,6,2025-03-26,MobileApp,45,0.39,0,Mobile
7926,249,8,2024-07-06,MobileApp,44,0.45,1,Desktop
7927,1947,6,2025-01-08,SmartTV,58,0.37,0,TV
7928,179,10,2025-03-05,SmartTV,122,0.83,1,Desktop
7929,1148,2,2024-11-16,MobileApp,65,0.66,0,Tablet
7930,54,4,2024-09-11,TabletApp,45,0.5,0,Mobile
7931,1766,10,2025-03-02,SmartTV,57,0.37,0,Tablet
7932,1587,1,2025-01-12,TabletApp,118,0.97,1,Mobile
7933,389,8,2024-07-30,SmartTV,101,0.64,0,Tablet
7934,333,6,2025-02-16,TabletApp,65,0.48,0,Desktop
7935,999,5,2024-11-28,TabletApp,108,0.78,0,TV
7936,1254,1,2024-06-26,WebBrowser,35,0.34,0,Desktop
7937,222,7,2024-07-25,StreamMax,144,0.96,0,TV
7938,1017,10,2025-03-06,MobileApp,112,0.76,0,Mobile
7939,242,5,2025-01-24,StreamMax,84,0.81,0,Desktop
7940,990,8,2024-06-29,MobileApp,104,0.74,1,Tablet
7941,647,1,2025-02-19,WebBrowser,90,0.96,0,Tablet
7942,1016,8,2025-01-09,StreamMax,76,0.64,0,Tablet
7943,105,15,2024-12-25,TabletApp,64,0.49,1,TV
7944,1641,11,2024-11-07,SmartTV,51,0.49,0,TV
7945,1530,10,2025-02-15,SmartTV,82,0.66,0,Tablet
7946,1532,7,2024-10-28,WebBrowser,57,0.52,0,Desktop
7947,852,6,2025-01-02,MobileApp,138,0.96,1,TV
7948,648,5,2024-10-17,TabletApp,52,0.36,1,Desktop
7949,310,1,2024-12-12,WebBrowser,153,0.97,0,Mobile
7950,801,12,2024-09-18,SmartTV,79,0.51,0,Tablet
7951,130,14,2024-06-01,TabletApp,68,0.5,1,Desktop
7952,1432,6,2024-09-29,MobileApp,64,0.51,0,Desktop
7953,1065,7,2025-04-23,SmartTV,56,0.63,0,Mobile
7954,808,11,2024-09-02,SmartTV,69,0.63,0,Tablet
7955,377,1,2025-02-02,SmartTV,48,0.31,1,Tablet
7956,846,2,2024-07-29,WebBrowser,68,0.54,0,Desktop
7957,1494,1,2024-12-10,MobileApp,91,0.63,0,Desktop
7958,51,15,2025-01-02,WebBrowser,42,0.37,0,TV
7959,1257,14,2025-01-27,StreamMax,131,0.84,0,Desktop
7960,1721,2,2024-12-01,TabletApp,52,0.41,0,TV
7961,483,8,2025-03-13,SmartTV,69,0.45,0,Tablet
7962,1989,3,2024-07-07,StreamMax,89,0.58,0,TV
7963,397,6,2025-04-08,SmartTV,56,0.6,0,TV
7964,239,14,2025-04-21,SmartTV,33,0.3,0,TV
7965,533,15,2024-12-19,MobileApp,63,0.56,0,TV
7966,918,6,2025-01-08,MobileApp,91,0.68,0,TV
7967,1627,8,2024-10-17,WebBrowser,39,0.32,0,Desktop
7968,1923,6,2025-01-18,TabletApp,37,0.41,1,Tablet
7969,1526,15,2024-07-08,SmartTV,46,0.51,0,TV
7970,1019,1,2025-04-04,MobileApp,100,0.68,0,TV
7971,704,6,2024-08-16,MobileApp,65,0.49,1,Tablet
7972,338,3,2025-04-29,StreamMax,31,0.32,0,Mobile
7973,1585,7,2025-04-06,MobileApp,67,0.53,0,Mobile
7974,231,8,2024-12-04,WebBrowser,88,0.7,0,Desktop
7975,1538,8,2025-01-29,SmartTV,152,0.98,0,Tablet
7976,1859,14,2024-06-24,StreamMax,54,0.37,1,Mobile
7977,676,10,2024-09-26,StreamMax,138,0.94,0,Desktop
7978,1236,5,2025-04-09,SmartTV,93,0.67,1,TV
7979,1849,8,2024-09-19,MobileApp,84,0.59,0,Mobile
7980,1471,4,2024-11-22,TabletApp,39,0.43,0,Tablet
7981,1975,1,2024-11-11,StreamMax,109,0.89,0,Tablet
7982,120,5,2025-02-15,StreamMax,116,0.98,0,TV
7983,861,14,2024-06-25,TabletApp,46,0.31,0,TV
7984,1761,1,2025-01-28,TabletApp,121,0.85,0,Tablet
7985,1714,3,2025-04-01,SmartTV,99,0.78,1,Desktop
7986,1091,2,2025-02-13,SmartTV,72,0.57,0,Mobile
7987,363,1,2024-06-08,WebBrowser,75,0.61,0,Mobile
7988,1020,10,2024-12-09,TabletApp,102,0.78,0,Tablet
7989,1689,3,2024-09-19,MobileApp,47,0.46,0,Desktop
7990,1887,3,2024-09-30,StreamMax,111,0.75,0,TV
7991,1777,2,2025-04-10,SmartTV,133,0.87,0,Desktop
7992,133,14,2024-12-13,MobileApp,75,0.75,0,Tablet
7993,1248,7,2024-09-27,WebBrowser,68,0.46,0,Mobile
7994,446,5,2025-04-15,StreamMax,100,0.65,0,Tablet
7995,1597,1,2025-01-23,SmartTV,128,0.86,0,TV
7996,368,11,2024-11-05,WebBrowser,56,0.6,1,Mobile
7997,12,8,2025-02-25,MobileApp,64,0.53,0,Tablet
7998,1285,1,2025-04-07,StreamMax,110,0.8,0,Tablet
7999,1525,7,2024-10-11,SmartTV,80,0.7,0,Mobile
8000,1813,5,2025-02-05,TabletApp,70,0.62,0,Tablet
8001,232,4,2024-10-01,SmartTV,72,0.51,1,Tablet
8002,1141,10,2024-07-28,StreamMax,34,0.31,0,TV
8003,997,1,2024-09-22,TabletApp,88,0.69,0,TV
8004,632,10,2024-09-16,SmartTV,101,0.96,0,Tablet
8005,1434,2,2024-06-03,StreamMax,111,0.9,1,Desktop
8006,207,6,2024-10-24,TabletApp,47,0.35,0,Desktop
8007,103,5,2024-12-29,SmartTV,92,0.79,0,Mobile
8008,75,13,2024-06-24,MobileApp,59,0.54,0,Desktop
8009,2000,2,2025-03-17,MobileApp,41,0.38,0,Mobile
8010,244,5,2025-01-01,TabletApp,139,0.99,0,Tablet
8011,631,11,2025-03-12,SmartTV,121,0.98,1,Desktop
8012,1667,2,2024-08-19,WebBrowser,98,0.77,0,Desktop
8013,345,9,2024-11-02,SmartTV,138,0.92,1,Tablet
8014,272,15,2025-02-08,SmartTV,47,0.36,0,Desktop
8015,428,6,2024-11-27,TabletApp,116,0.8,0,Mobile
8016,1037,7,2025-04-21,WebBrowser,92,0.92,0,Tablet
8017,966,15,2025-04-13,TabletApp,87,0.75,0,Desktop
8018,451,6,2025-03-20,WebBrowser,66,0.51,0,Desktop
8019,1832,1,2025-01-08,StreamMax,51,0.51,1,TV
8020,1084,14,2025-04-20,TabletApp,56,0.36,0,Desktop
8021,434,2,2025-02-24,TabletApp,74,0.6,0,TV
8022,1418,10,2024-08-08,WebBrowser,92,0.82,0,Mobile
8023,571,1,2024-07-21,StreamMax,55,0.43,1,Desktop
8024,1920,8,2024-07-07,SmartTV,54,0.59,0,Tablet
8025,1347,10,2024-12-22,TabletApp,39,0.39,1,Mobile
8026,76,6,2024-10-20,TabletApp,71,0.47,0,TV
8027,302,8,2024-07-06,MobileApp,74,0.73,0,Desktop
8028,520,12,2024-10-26,StreamMax,43,0.34,0,Tablet
8029,1499,11,2024-10-28,SmartTV,96,0.98,1,Mobile
8030,754,8,2025-02-09,WebBrowser,106,0.82,0,Mobile
8031,469,1,2025-02-13,TabletApp,51,0.46,0,Mobile
8032,476,2,2025-04-06,MobileApp,60,0.39,0,Desktop
8033,1249,5,2024-12-23,MobileApp,70,0.47,0,Tablet
8034,554,1,2025-01-14,TabletApp,43,0.37,0,TV
8035,341,14,2025-01-14,MobileApp,110,0.77,0,Tablet
8036,1384,10,2024-10-08,WebBrowser,106,0.91,0,Mobile
8037,1410,1,2024-08-24,StreamMax,68,0.55,0,TV
8038,1522,14,2025-04-18,WebBrowser,131,0.97,0,Mobile
8039,992,6,2025-02-11,MobileApp,120,0.94,0,Mobile
8040,417,15,2025-04-22,WebBrowser,74,0.57,0,Mobile
8041,402,3,2024-06-03,TabletApp,43,0.32,0,Desktop
8042,26,2,2024-09-30,MobileApp,35,0.33,1,Desktop
8043,413,11,2024-12-15,SmartTV,61,0.49,0,Desktop
8044,1626,1,2025-04-29,TabletApp,46,0.33,0,Mobile
8045,588,14,2025-04-10,WebBrowser,67,0.49,1,TV
8046,1743,3,2024-12-06,StreamMax,51,0.35,0,Desktop
8047,104,10,2024-06-07,TabletApp,153,0.99,0,TV
8048,1348,8,2024-08-04,SmartTV,114,0.94,0,Mobile
8049,1723,6,2025-04-27,MobileApp,133,0.87,1,Mobile
8050,1000,2,2025-03-25,StreamMax,95,0.78,1,Mobile
8051,1811,1,2024-11-16,WebBrowser,147,0.99,0,Desktop
8052,1482,14,2025-01-08,SmartTV,119,0.88,0,Desktop
8053,236,12,2024-12-24,TabletApp,109,0.71,0,Tablet
8054,1195,8,2025-01-19,SmartTV,113,0.97,0,TV
8055,1982,8,2024-09-05,MobileApp,133,0.9,0,Desktop
8056,647,10,2024-08-04,StreamMax,116,0.84,0,Tablet
8057,1121,8,2024-07-06,TabletApp,66,0.52,0,Mobile
8058,1531,1,2025-02-28,SmartTV,60,0.55,1,Tablet
8059,1390,2,2025-03-19,TabletApp,96,0.79,1,Mobile
8060,9,1,2025-03-08,WebBrowser,61,0.65,1,Tablet
8061,981,10,2025-02-25,MobileApp,95,0.81,0,Desktop
8062,119,5,2025-04-03,SmartTV,106,0.79,0,Desktop
8063,298,1,2025-01-18,StreamMax,53,0.58,0,TV
8064,806,3,2025-04-16,TabletApp,150,0.97,0,Desktop
8065,1872,1,2025-04-11,MobileApp,68,0.7,0,Desktop
8066,386,3,2025-04-14,WebBrowser,69,0.75,0,TV
8067,831,11,2025-02-03,SmartTV,61,0.4,0,Mobile
8068,1919,1,2024-09-16,TabletApp,88,0.71,0,Tablet
8069,807,1,2025-01-28,TabletApp,43,0.46,0,Desktop
8070,82,10,2024-07-28,WebBrowser,72,0.67,0,Desktop
8071,895,15,2025-03-30,SmartTV,74,0.5,0,Mobile
8072,226,7,2024-12-02,WebBrowser,131,0.91,1,TV
8073,766,15,2024-07-02,WebBrowser,61,0.4,1,TV
8074,285,8,2024-07-15,SmartTV,71,0.7,0,Tablet
8075,504,10,2025-02-17,TabletApp,93,0.59,0,TV
8076,17,3,2025-04-19,MobileApp,81,0.86,0,TV
8077,661,2,2024-11-16,MobileApp,95,0.71,0,Desktop
8078,1810,1,2024-11-14,SmartTV,43,0.31,1,Mobile
8079,1746,8,2024-08-12,MobileApp,133,0.89,0,Tablet
8080,97,6,2025-01-15,StreamMax,85,0.86,0,Mobile
8081,1523,14,2024-07-14,MobileApp,69,0.79,0,Desktop
8082,327,15,2024-10-06,MobileApp,69,0.55,0,Tablet
8083,532,10,2024-11-11,SmartTV,64,0.45,0,Desktop
8084,1444,5,2024-11-07,StreamMax,101,0.92,1,Desktop
8085,339,15,2024-10-07,MobileApp,70,0.52,0,Desktop
8086,1304,14,2025-02-05,SmartTV,62,0.4,0,Tablet
8087,1435,10,2024-06-26,StreamMax,97,0.72,0,Desktop
8088,163,8,2024-06-03,SmartTV,54,0.54,0,Tablet
8089,1768,1,2024-07-01,WebBrowser,64,0.67,0,TV
8090,1761,2,2024-11-22,SmartTV,109,0.7,0,Mobile
8091,1318,11,2024-09-11,StreamMax,79,0.74,0,Desktop
8092,1340,7,2024-12-08,SmartTV,50,0.47,0,TV
8093,164,1,2024-11-11,StreamMax,65,0.42,0,Tablet
8094,1080,3,2024-12-27,WebBrowser,49,0.39,0,Desktop
8095,1385,14,2024-09-03,SmartTV,68,0.49,0,Desktop
8096,1884,14,2025-03-29,TabletApp,93,0.6,0,Tablet
8097,212,6,2024-09-03,TabletApp,108,0.8,0,Desktop
8098,70,12,2024-11-11,SmartTV,72,0.52,1,Desktop
8099,1266,10,2024-10-18,TabletApp,56,0.51,0,Desktop
8100,745,1,2024-07-13,WebBrowser,53,0.56,0,Desktop
8101,322,12,2025-04-07,StreamMax,68,0.62,0,Mobile
8102,877,7,2024-06-10,TabletApp,43,0.42,0,Mobile
8103,1731,5,2024-06-25,SmartTV,42,0.38,1,TV
8104,21,15,2024-09-15,WebBrowser,52,0.52,0,Tablet
8105,1879,1,2025-02-11,TabletApp,72,0.63,0,Mobile
8106,1683,3,2024-06-16,StreamMax,52,0.49,0,Tablet
8107,1477,11,2024-10-31,WebBrowser,100,0.65,0,TV
8108,1439,2,2024-07-09,WebBrowser,89,0.86,0,Mobile
8109,1348,3,2024-11-13,StreamMax,54,0.48,0,Mobile
8110,1327,8,2024-11-25,MobileApp,131,0.83,1,Mobile
8111,1772,10,2024-08-11,MobileApp,93,0.81,1,TV
8112,1598,1,2025-02-22,StreamMax,111,0.89,1,Tablet
8113,408,3,2025-02-27,WebBrowser,46,0.47,0,Desktop
8114,299,12,2024-11-12,TabletApp,78,0.75,0,TV
8115,53,14,2024-08-11,MobileApp,79,0.7,0,Tablet
8116,42,6,2024-09-14,StreamMax,78,0.71,0,Tablet
8117,1026,11,2024-06-20,TabletApp,65,0.57,0,TV
8118,285,10,2025-04-11,WebBrowser,100,0.71,0,Mobile
8119,62,7,2024-11-13,StreamMax,78,0.66,0,Tablet
8120,1609,8,2024-10-30,SmartTV,108,0.96,0,Tablet
8121,1535,2,2024-07-26,SmartTV,106,0.68,1,Desktop
8122,941,13,2024-12-03,TabletApp,62,0.47,0,TV
8123,1168,8,2024-11-09,MobileApp,119,1.0,1,TV
8124,1514,9,2024-10-05,SmartTV,111,0.99,1,Tablet
8125,1078,8,2024-10-27,MobileApp,107,0.9,0,Mobile
8126,1848,1,2024-10-15,WebBrowser,39,0.36,1,Mobile
8127,807,12,2024-12-11,TabletApp,60,0.48,0,Tablet
8128,1622,12,2025-03-08,TabletApp,106,0.78,0,Tablet
8129,1025,10,2024-11-30,MobileApp,81,0.8,0,Mobile
8130,212,10,2025-02-26,StreamMax,112,0.8,0,Desktop
8131,1783,11,2025-02-10,SmartTV,39,0.31,0,Tablet
8132,213,10,2024-11-19,SmartTV,48,0.49,0,Desktop
8133,1103,10,2025-01-01,SmartTV,44,0.35,0,TV
8134,1307,1,2025-03-12,TabletApp,55,0.42,0,Mobile
8135,19,1,2024-07-26,StreamMax,92,0.7,0,TV
8136,1370,10,2025-03-05,SmartTV,46,0.37,0,Mobile
8137,1081,8,2024-07-26,MobileApp,44,0.32,1,TV
8138,1006,1,2025-02-07,SmartTV,106,0.8,0,Desktop
8139,856,3,2025-03-13,TabletApp,51,0.4,1,TV
8140,273,8,2024-08-16,StreamMax,30,0.33,0,Tablet
8141,287,1,2025-01-06,WebBrowser,94,0.66,0,Tablet
8142,249,6,2025-03-27,TabletApp,43,0.42,1,Tablet
8143,915,2,2024-11-22,WebBrowser,72,0.54,0,TV
8144,213,10,2025-04-02,WebBrowser,58,0.43,0,Mobile
8145,337,1,2025-01-23,TabletApp,45,0.39,0,Mobile
8146,1306,7,2025-03-27,SmartTV,64,0.44,0,Desktop
8147,930,15,2025-04-21,StreamMax,51,0.39,0,TV
8148,777,7,2024-08-13,StreamMax,133,0.9,1,TV
8149,955,6,2025-03-11,WebBrowser,50,0.54,0,TV
8150,435,2,2024-10-19,MobileApp,39,0.36,1,TV
8151,1420,12,2024-09-01,SmartTV,117,0.75,0,Tablet
8152,319,6,2024-06-04,WebBrowser,70,0.58,0,TV
8153,34,5,2024-09-23,StreamMax,56,0.63,1,Tablet
8154,747,1,2025-02-06,WebBrowser,100,0.82,0,Tablet
8155,1875,9,2024-08-07,TabletApp,50,0.46,0,Desktop
8156,821,5,2025-02-21,MobileApp,66,0.55,0,TV
8157,1610,2,2025-04-13,TabletApp,85,0.9,0,Tablet
8158,1413,1,2025-01-11,WebBrowser,86,0.86,0,Tablet
8159,569,3,2025-02-25,StreamMax,96,0.7,0,TV
8160,1347,12,2025-01-08,SmartTV,27,0.31,0,Desktop
8161,1098,5,2024-09-25,StreamMax,90,0.9,0,Tablet
8162,1893,1,2025-01-15,MobileApp,67,0.74,1,TV
8163,751,10,2024-09-22,MobileApp,45,0.31,0,TV
8164,566,1,2024-08-18,StreamMax,154,0.99,0,Mobile
8165,607,8,2024-10-02,StreamMax,131,0.85,0,Mobile
8166,1007,7,2024-11-28,SmartTV,122,0.84,0,Desktop
8167,37,10,2024-06-13,WebBrowser,134,0.95,0,Tablet
8168,1070,1,2025-03-19,MobileApp,88,0.74,0,Tablet
8169,1723,1,2024-10-29,StreamMax,64,0.62,1,Desktop
8170,400,4,2025-01-06,MobileApp,69,0.54,0,TV
8171,1103,2,2024-10-25,MobileApp,84,0.89,0,TV
8172,955,1,2025-04-23,SmartTV,111,0.85,0,Desktop
8173,31,2,2024-10-26,TabletApp,97,0.97,0,Mobile
8174,1698,6,2024-07-10,SmartTV,50,0.45,0,Tablet
8175,596,2,2025-01-23,SmartTV,90,0.58,0,TV
8176,1579,13,2025-01-21,WebBrowser,51,0.59,1,Desktop
8177,1886,10,2024-10-24,WebBrowser,116,0.85,0,Mobile
8178,379,14,2024-07-26,WebBrowser,117,0.79,0,Tablet
8179,411,12,2024-08-10,StreamMax,108,0.86,0,Desktop
8180,246,5,2024-10-28,SmartTV,82,0.54,0,Desktop
8181,1168,8,2024-06-08,StreamMax,64,0.73,0,Tablet
8182,1967,2,2025-03-26,StreamMax,69,0.78,0,Mobile
8183,478,6,2025-03-18,SmartTV,114,0.96,0,Desktop
8184,868,8,2024-06-01,StreamMax,91,0.62,1,Tablet
8185,1802,1,2025-04-01,SmartTV,71,0.64,0,TV
8186,1728,7,2025-04-19,StreamMax,70,0.65,0,TV
8187,1373,14,2025-03-29,TabletApp,57,0.5,0,Tablet
8188,305,3,2024-11-14,MobileApp,97,0.64,0,Desktop
8189,658,1,2024-09-13,MobileApp,107,0.95,0,Desktop
8190,75,10,2024-07-06,TabletApp,102,0.89,0,Desktop
8191,955,1,2025-02-23,MobileApp,45,0.37,0,TV
8192,671,6,2024-12-16,TabletApp,58,0.4,0,Desktop
8193,1935,4,2024-09-16,SmartTV,151,0.97,0,TV
8194,800,10,2025-04-04,TabletApp,50,0.33,0,Tablet
8195,584,2,2025-02-06,TabletApp,52,0.37,0,Mobile
8196,1697,1,2025-01-28,TabletApp,58,0.62,0,Tablet
8197,82,5,2024-12-20,StreamMax,50,0.55,0,TV
8198,621,5,2024-07-13,WebBrowser,46,0.51,0,TV
8199,167,13,2024-06-12,SmartTV,61,0.52,0,Mobile
8200,206,2,2025-02-15,TabletApp,55,0.46,0,Desktop
8201,1252,11,2024-07-23,StreamMax,53,0.34,0,TV
8202,1039,13,2024-11-13,TabletApp,71,0.73,0,Desktop
8203,1762,1,2025-01-23,StreamMax,85,0.6,1,Desktop
8204,1782,15,2024-09-29,WebBrowser,74,0.48,0,TV
8205,172,6,2024-12-20,StreamMax,35,0.38,0,Mobile
8206,486,4,2024-11-15,WebBrowser,88,0.99,0,Tablet
8207,1731,1,2024-07-20,WebBrowser,81,0.9,0,Mobile
8208,1965,2,2025-01-24,MobileApp,47,0.31,0,Desktop
8209,615,6,2024-12-27,MobileApp,115,0.85,0,TV
8210,917,1,2024-10-12,TabletApp,66,0.42,0,Desktop
8211,654,10,2025-03-20,WebBrowser,44,0.46,0,TV
8212,126,8,2025-01-13,SmartTV,36,0.35,0,Mobile
8213,159,1,2025-03-30,SmartTV,35,0.32,0,Tablet
8214,1295,3,2024-12-25,StreamMax,62,0.61,0,Mobile
8215,790,6,2024-06-02,WebBrowser,105,0.95,0,Desktop
8216,155,15,2024-11-24,SmartTV,74,0.49,0,Mobile
8217,1209,1,2025-01-16,MobileApp,40,0.34,0,TV
8218,1176,2,2024-09-05,SmartTV,56,0.38,0,Desktop
8219,742,1,2025-03-26,SmartTV,63,0.65,0,Tablet
8220,1548,11,2025-03-17,WebBrowser,93,0.83,1,Tablet
8221,1070,9,2025-04-03,TabletApp,77,0.54,0,Mobile
8222,493,5,2025-04-13,MobileApp,146,0.93,0,Mobile
8223,1546,6,2025-04-22,TabletApp,98,0.89,0,Desktop
8224,1394,1,2024-11-15,StreamMax,112,0.87,0,Desktop
8225,377,3,2024-07-18,MobileApp,92,0.9,0,Desktop
8226,1532,7,2024-08-26,SmartTV,85,0.71,0,Tablet
8227,1354,1,2024-11-11,MobileApp,59,0.5,0,Desktop
8228,1439,3,2024-12-01,MobileApp,95,0.76,0,TV
8229,441,3,2025-04-09,WebBrowser,40,0.43,0,Mobile
8230,677,12,2024-06-16,StreamMax,108,0.89,0,Mobile
8231,945,5,2024-08-22,WebBrowser,54,0.47,0,TV
8232,1929,1,2024-06-23,SmartTV,63,0.66,1,Desktop
8233,435,3,2024-12-03,StreamMax,74,0.6,0,Mobile
8234,618,13,2025-01-01,SmartTV,45,0.37,0,Desktop
8235,1138,11,2024-06-20,StreamMax,57,0.38,0,Mobile
8236,1783,2,2024-06-05,SmartTV,33,0.3,0,Tablet
8237,198,11,2024-08-29,WebBrowser,100,0.92,1,Desktop
8238,794,11,2024-07-27,SmartTV,69,0.68,0,Tablet
8239,1930,6,2024-10-26,WebBrowser,107,0.95,0,TV
8240,1873,1,2025-03-16,WebBrowser,100,0.79,0,Desktop
8241,1603,2,2024-06-05,SmartTV,96,0.85,0,Mobile
8242,467,1,2024-08-25,StreamMax,88,0.88,0,TV
8243,574,8,2024-07-25,TabletApp,98,0.74,1,Desktop
8244,1774,1,2024-08-25,StreamMax,112,0.83,0,Mobile
8245,1111,10,2025-03-17,WebBrowser,50,0.54,0,TV
8246,1443,8,2024-09-24,SmartTV,54,0.54,1,Mobile
8247,201,7,2024-11-02,TabletApp,80,0.77,0,Tablet
8248,320,7,2024-07-15,SmartTV,81,0.64,0,Mobile
8249,516,14,2025-04-04,MobileApp,100,0.77,0,TV
8250,1326,9,2025-03-07,MobileApp,98,0.71,0,Tablet
8251,920,1,2024-12-20,SmartTV,50,0.36,0,Tablet
8252,1828,1,2025-04-29,WebBrowser,68,0.73,0,TV
8253,1300,3,2025-01-08,MobileApp,79,0.61,0,TV
8254,953,3,2024-11-24,StreamMax,114,0.75,0,Tablet
8255,279,2,2025-04-24,MobileApp,58,0.51,0,TV
8256,236,1,2024-08-05,StreamMax,73,0.48,0,Tablet
8257,1279,10,2025-02-27,SmartTV,50,0.56,0,Tablet
8258,1422,1,2025-03-22,MobileApp,77,0.69,1,Mobile
8259,1573,8,2024-10-18,MobileApp,80,0.58,1,Desktop
8260,1227,5,2024-06-24,WebBrowser,63,0.41,0,Mobile
8261,1274,11,2025-01-11,TabletApp,138,0.99,0,Mobile
8262,1326,1,2024-06-21,MobileApp,73,0.8,1,Desktop
8263,682,12,2025-04-27,MobileApp,75,0.81,0,Mobile
8264,936,7,2025-03-12,SmartTV,100,0.93,0,Desktop
8265,1050,2,2025-04-24,StreamMax,58,0.56,0,TV
8266,1995,12,2024-12-17,WebBrowser,43,0.33,1,Tablet
8267,1950,12,2024-07-18,TabletApp,49,0.36,0,Tablet
8268,905,1,2025-03-06,WebBrowser,84,0.56,0,Tablet
8269,1908,3,2024-10-09,TabletApp,72,0.82,0,Desktop
8270,177,7,2025-04-04,MobileApp,96,0.67,0,Mobile
8271,980,5,2025-01-09,WebBrowser,94,0.66,0,Desktop
8272,630,12,2024-07-24,TabletApp,127,0.87,0,Tablet
8273,89,6,2024-10-13,WebBrowser,65,0.42,0,Desktop
8274,1168,3,2025-02-24,MobileApp,83,0.58,0,Mobile
8275,733,14,2024-10-26,WebBrowser,127,0.95,0,Tablet
8276,1167,1,2024-12-12,TabletApp,65,0.42,0,Tablet
8277,1568,6,2024-11-26,StreamMax,69,0.53,0,TV
8278,1036,8,2024-09-26,StreamMax,39,0.35,0,TV
8279,211,2,2025-03-05,StreamMax,82,0.7,1,TV
8280,510,15,2024-06-24,WebBrowser,81,0.53,0,TV
8281,428,3,2024-09-27,WebBrowser,71,0.77,0,Mobile
8282,356,6,2024-12-04,WebBrowser,146,0.96,0,TV
8283,775,9,2025-01-29,SmartTV,53,0.37,1,Desktop
8284,1671,3,2024-06-24,TabletApp,96,0.73,0,Desktop
8285,1599,8,2025-03-16,SmartTV,68,0.46,0,TV
8286,88,12,2024-06-25,TabletApp,48,0.51,1,Mobile
8287,1550,1,2025-01-06,WebBrowser,29,0.33,1,TV
8288,771,2,2024-09-28,WebBrowser,137,0.89,0,Tablet
8289,1046,3,2025-01-29,SmartTV,80,0.72,1,TV
8290,1239,7,2024-10-06,StreamMax,82,0.68,0,Tablet
8291,1069,1,2025-01-27,StreamMax,35,0.32,0,Mobile
8292,230,3,2025-02-15,StreamMax,54,0.4,0,Mobile
8293,1081,11,2024-08-25,WebBrowser,93,0.95,0,Tablet
8294,1919,3,2025-04-26,SmartTV,52,0.58,1,TV
8295,1,14,2024-11-24,TabletApp,30,0.32,0,Mobile
8296,129,14,2025-02-26,StreamMax,107,0.76,0,Desktop
8297,242,1,2024-08-02,TabletApp,42,0.31,0,Mobile
8298,1243,10,2024-06-21,MobileApp,90,0.71,0,Tablet
8299,1732,10,2024-12-29,SmartTV,56,0.46,0,TV
8300,1281,1,2024-10-14,MobileApp,98,0.79,0,Desktop
8301,342,1,2024-07-03,MobileApp,95,0.74,0,Tablet
8302,1950,14,2024-10-06,MobileApp,62,0.54,0,Mobile
8303,1044,14,2024-09-12,StreamMax,115,0.78,0,TV
8304,1664,6,2025-02-01,WebBrowser,49,0.51,1,Tablet
8305,587,1,2024-11-14,SmartTV,101,0.66,0,Mobile
8306,1543,6,2025-04-28,WebBrowser,81,0.7,1,Mobile
8307,660,6,2024-12-10,WebBrowser,75,0.69,0,Mobile
8308,529,13,2024-07-30,StreamMax,124,0.96,1,TV
8309,933,4,2024-06-08,StreamMax,27,0.31,0,Desktop
8310,938,8,2024-11-19,StreamMax,70,0.71,0,Tablet
8311,469,10,2024-08-01,TabletApp,127,0.83,0,TV
8312,74,3,2024-07-17,WebBrowser,59,0.59,0,TV
8313,609,12,2024-08-26,SmartTV,64,0.54,0,TV
8314,29,2,2025-04-10,WebBrowser,46,0.51,0,TV
8315,575,8,2024-10-19,TabletApp,26,0.3,0,Desktop
8316,1062,8,2024-08-11,SmartTV,113,0.87,1,Tablet
8317,24,2,2025-02-14,WebBrowser,68,0.46,0,TV
8318,1110,1,2025-02-12,MobileApp,59,0.46,0,Mobile
8319,366,15,2024-12-16,WebBrowser,72,0.46,0,Desktop
8320,529,5,2025-03-31,StreamMax,109,0.73,0,TV
8321,391,3,2025-03-01,MobileApp,74,0.68,0,TV
8322,248,1,2025-01-15,TabletApp,48,0.32,0,Tablet
8323,626,15,2024-09-17,WebBrowser,104,0.99,0,Desktop
8324,903,7,2024-11-28,WebBrowser,109,0.71,0,Mobile
8325,1136,6,2024-07-06,StreamMax,43,0.33,0,Mobile
8326,1193,3,2024-08-20,MobileApp,82,0.71,1,Tablet
8327,444,10,2024-10-14,MobileApp,82,0.55,0,Desktop
8328,308,8,2025-02-24,SmartTV,80,0.53,1,Mobile
8329,1311,1,2024-10-11,WebBrowser,99,0.64,0,Tablet
8330,1078,14,2024-06-16,SmartTV,81,0.56,0,Mobile
8331,601,4,2025-01-23,WebBrowser,134,0.87,0,Mobile
8332,50,8,2024-09-10,MobileApp,28,0.3,0,Desktop
8333,973,13,2024-11-14,MobileApp,144,0.98,0,Desktop
8334,1279,1,2024-11-04,MobileApp,104,0.69,0,Mobile
8335,86,10,2024-08-15,SmartTV,91,0.73,0,Desktop
8336,145,11,2024-10-30,WebBrowser,83,0.83,1,Desktop
8337,962,12,2024-06-16,MobileApp,36,0.36,0,Tablet
8338,257,11,2024-07-29,TabletApp,66,0.64,0,Mobile
8339,779,6,2025-01-03,SmartTV,135,0.89,0,Tablet
8340,1249,8,2024-10-03,MobileApp,40,0.36,1,Desktop
8341,1742,1,2025-04-01,MobileApp,101,0.69,1,TV
8342,1715,2,2025-02-17,TabletApp,106,0.78,0,Desktop
8343,1002,6,2024-10-14,SmartTV,115,0.97,0,Mobile
8344,678,15,2024-06-09,TabletApp,38,0.41,1,TV
8345,1292,1,2024-09-16,SmartTV,120,0.97,0,Tablet
8346,764,12,2024-06-07,TabletApp,100,0.73,0,Desktop
8347,967,6,2024-12-08,StreamMax,43,0.36,0,Desktop
8348,365,13,2025-02-15,MobileApp,58,0.62,0,Desktop
8349,1334,6,2024-07-16,MobileApp,49,0.45,0,Desktop
8350,1034,8,2025-01-14,SmartTV,108,0.88,0,Desktop
8351,862,1,2025-04-30,WebBrowser,68,0.78,1,Tablet
8352,1937,6,2025-01-15,SmartTV,132,0.95,0,Desktop
8353,1870,11,2025-01-19,StreamMax,49,0.33,0,TV
8354,1253,9,2024-08-19,StreamMax,95,0.8,0,TV
8355,1041,1,2025-01-07,SmartTV,71,0.81,0,Desktop
8356,1798,15,2024-07-22,MobileApp,103,0.76,0,Tablet
8357,1051,3,2025-04-02,WebBrowser,113,0.92,0,Tablet
8358,1467,3,2024-11-14,WebBrowser,72,0.54,0,Mobile
8359,476,8,2024-10-09,TabletApp,47,0.39,0,TV
8360,1939,9,2025-03-02,StreamMax,53,0.56,0,TV
8361,1701,6,2024-12-09,SmartTV,80,0.9,0,TV
8362,1728,2,2024-08-27,MobileApp,57,0.54,0,Mobile
8363,1446,8,2024-08-18,TabletApp,64,0.59,0,TV
8364,50,11,2024-11-13,TabletApp,88,0.62,0,Desktop
8365,1554,14,2024-11-24,TabletApp,41,0.41,0,Tablet
8366,185,5,2024-07-14,WebBrowser,49,0.34,1,Mobile
8367,1062,1,2025-01-03,MobileApp,79,0.6,0,Mobile
8368,1737,7,2025-03-24,WebBrowser,117,0.88,0,Mobile
8369,325,8,2024-07-12,TabletApp,68,0.49,0,Desktop
8370,1621,7,2024-11-30,StreamMax,71,0.54,0,Desktop
8371,828,14,2025-01-03,TabletApp,57,0.61,1,Mobile
8372,1360,2,2024-06-03,WebBrowser,73,0.67,0,Desktop
8373,1426,12,2024-10-21,StreamMax,55,0.6,0,Mobile
8374,1890,5,2024-12-30,StreamMax,47,0.46,0,TV
8375,699,7,2025-01-20,TabletApp,88,0.79,0,Desktop
8376,1061,12,2024-07-22,StreamMax,110,0.92,0,TV
8377,791,6,2025-03-26,TabletApp,121,0.99,0,Mobile
8378,1260,12,2024-07-25,SmartTV,40,0.32,0,Tablet
8379,210,8,2025-01-20,SmartTV,67,0.76,0,Mobile
8380,1798,14,2024-07-06,SmartTV,61,0.43,0,Desktop
8381,6,1,2024-12-28,MobileApp,138,0.93,0,TV
8382,1267,9,2025-04-12,WebBrowser,95,0.64,0,Mobile
8383,592,6,2024-07-01,WebBrowser,90,0.92,1,TV
8384,402,8,2024-10-09,TabletApp,80,0.55,0,Desktop
8385,1531,7,2024-06-16,WebBrowser,72,0.65,0,TV
8386,879,15,2024-07-25,TabletApp,88,0.57,1,Desktop
8387,1372,13,2024-11-09,TabletApp,39,0.31,1,Mobile
8388,347,14,2025-02-10,WebBrowser,37,0.32,1,Tablet
8389,1437,4,2025-01-30,SmartTV,53,0.58,1,Tablet
8390,1400,1,2025-02-11,MobileApp,110,0.87,1,TV
8391,1138,6,2024-06-29,WebBrowser,41,0.38,1,Mobile
8392,1093,6,2024-12-15,SmartTV,80,0.7,0,Desktop
8393,1473,8,2025-03-10,TabletApp,120,0.83,0,Tablet
8394,1961,14,2024-11-13,SmartTV,68,0.7,0,TV
8395,1613,1,2025-01-26,TabletApp,47,0.39,1,Mobile
8396,1686,11,2024-08-21,SmartTV,66,0.64,0,Mobile
8397,1232,4,2024-12-12,TabletApp,67,0.52,0,Tablet
8398,940,14,2024-09-03,WebBrowser,32,0.32,0,Desktop
8399,547,8,2024-08-25,SmartTV,75,0.49,1,TV
8400,1775,7,2024-07-01,WebBrowser,27,0.31,0,Tablet
8401,259,15,2024-10-16,TabletApp,33,0.32,0,Desktop
8402,108,8,2024-06-16,WebBrowser,85,0.77,0,TV
8403,1829,1,2025-04-04,WebBrowser,113,0.89,0,Desktop
8404,820,10,2025-02-10,MobileApp,64,0.41,0,Mobile
8405,927,11,2025-02-07,WebBrowser,47,0.46,0,Tablet
8406,911,2,2025-03-03,MobileApp,78,0.84,0,TV
8407,1482,2,2024-12-27,TabletApp,72,0.67,0,Desktop
8408,844,15,2025-03-26,WebBrowser,45,0.35,0,Desktop
8409,1418,1,2025-02-17,StreamMax,68,0.57,0,Tablet
8410,1928,7,2025-02-04,MobileApp,137,0.89,0,Tablet
8411,1319,3,2025-03-02,StreamMax,91,0.82,1,Desktop
8412,38,9,2024-08-06,SmartTV,92,0.93,0,Desktop
8413,1894,12,2024-08-19,TabletApp,84,0.96,1,Tablet
8414,1750,14,2024-12-11,TabletApp,83,0.79,0,TV
8415,179,6,2024-07-03,MobileApp,136,0.9,0,TV
8416,229,7,2024-12-26,MobileApp,41,0.37,0,Desktop
8417,1406,7,2024-12-07,StreamMax,59,0.63,0,Tablet
8418,1166,6,2024-12-30,MobileApp,77,0.54,1,Mobile
8419,1712,1,2024-12-26,StreamMax,91,0.59,0,Desktop
8420,908,8,2024-09-16,WebBrowser,96,0.69,0,Mobile
8421,417,8,2025-01-20,MobileApp,92,0.96,0,Desktop
8422,1894,10,2024-07-07,WebBrowser,100,0.76,0,TV
8423,1093,1,2025-04-21,WebBrowser,38,0.31,0,Desktop
8424,1215,1,2025-03-28,SmartTV,46,0.32,1,Desktop
8425,1779,3,2025-03-08,SmartTV,113,0.99,0,Desktop
8426,1392,1,2024-07-03,SmartTV,71,0.71,0,Desktop
8427,1519,10,2024-08-11,StreamMax,69,0.63,0,TV
8428,22,7,2025-04-11,SmartTV,32,0.32,0,Mobile
8429,581,6,2025-03-04,WebBrowser,147,0.97,0,Mobile
8430,1099,15,2025-01-01,SmartTV,89,0.64,0,TV
8431,763,1,2025-03-17,StreamMax,73,0.66,1,Mobile
8432,808,1,2025-01-14,SmartTV,80,0.55,0,Desktop
8433,577,2,2024-09-16,WebBrowser,141,0.99,0,TV
8434,1077,6,2024-10-28,StreamMax,96,0.74,0,TV
8435,785,1,2025-02-14,StreamMax,78,0.84,0,Desktop
8436,1970,6,2024-12-25,StreamMax,74,0.54,0,Tablet
8437,741,12,2025-02-12,TabletApp,61,0.54,0,Desktop
8438,271,13,2024-08-28,TabletApp,73,0.71,0,TV
8439,1845,10,2024-12-10,MobileApp,55,0.46,1,Tablet
8440,502,1,2025-01-05,WebBrowser,70,0.61,0,Tablet
8441,127,8,2024-12-20,WebBrowser,57,0.38,1,Mobile
8442,1313,14,2024-07-12,WebBrowser,65,0.68,1,Desktop
8443,180,3,2024-06-29,WebBrowser,69,0.53,0,Desktop
8444,1990,3,2025-01-17,StreamMax,90,0.87,1,Tablet
8445,1893,13,2025-02-18,WebBrowser,102,0.93,0,Tablet
8446,130,14,2024-09-07,WebBrowser,79,0.61,1,Tablet
8447,1529,12,2024-07-28,WebBrowser,55,0.48,0,Desktop
8448,171,12,2025-01-23,TabletApp,46,0.52,0,Tablet
8449,1980,9,2024-06-07,SmartTV,36,0.34,0,Desktop
8450,1773,7,2024-12-19,MobileApp,42,0.33,0,TV
8451,1781,1,2024-07-29,StreamMax,38,0.42,0,Desktop
8452,51,1,2025-04-20,MobileApp,96,0.92,1,Desktop
8453,1519,6,2025-04-02,MobileApp,121,0.81,1,Desktop
8454,1157,2,2024-09-09,StreamMax,109,0.94,1,Mobile
8455,418,1,2024-08-27,MobileApp,54,0.53,0,Mobile
8456,283,5,2024-08-06,SmartTV,73,0.49,0,Tablet
8457,822,1,2024-10-16,TabletApp,108,0.71,0,TV
8458,890,6,2025-04-08,TabletApp,34,0.32,0,Desktop
8459,1200,6,2025-04-07,SmartTV,86,0.71,0,Desktop
8460,1303,1,2024-08-26,WebBrowser,87,0.84,0,Tablet
8461,1505,1,2025-03-09,SmartTV,64,0.43,0,Tablet
8462,154,3,2024-09-04,TabletApp,69,0.57,0,TV
8463,407,5,2024-08-13,SmartTV,105,0.75,1,Desktop
8464,540,1,2025-02-21,MobileApp,73,0.47,1,Mobile
8465,1925,5,2024-11-09,SmartTV,123,0.98,0,TV
8466,1520,9,2024-11-16,MobileApp,56,0.49,0,Tablet
8467,148,14,2024-12-31,MobileApp,58,0.43,0,Mobile
8468,945,8,2024-09-20,SmartTV,87,0.78,0,TV
8469,31,1,2025-01-19,SmartTV,47,0.5,0,Tablet
8470,1328,2,2025-02-17,WebBrowser,64,0.73,0,Mobile
8471,1296,2,2025-03-08,MobileApp,115,0.84,0,TV
8472,86,3,2024-06-13,MobileApp,94,0.87,0,Desktop
8473,1782,13,2025-01-09,TabletApp,118,0.84,0,Desktop
8474,1959,6,2024-06-01,StreamMax,133,0.89,0,Tablet
8475,43,2,2024-09-28,StreamMax,73,0.66,0,Mobile
8476,25,2,2024-07-16,StreamMax,35,0.38,0,Desktop
8477,1815,12,2024-08-26,MobileApp,33,0.38,1,Tablet
8478,685,7,2024-07-29,WebBrowser,92,0.92,0,Desktop
8479,585,6,2024-06-29,MobileApp,118,0.86,0,Desktop
8480,1890,8,2024-12-05,TabletApp,64,0.56,0,Tablet
8481,183,14,2024-11-10,MobileApp,82,0.76,1,Mobile
8482,1356,4,2024-09-11,MobileApp,147,0.96,0,TV
8483,1875,14,2025-02-02,TabletApp,63,0.53,0,Desktop
8484,309,3,2024-10-28,WebBrowser,131,0.95,0,Tablet
8485,525,2,2025-02-17,StreamMax,54,0.49,1,Mobile
8486,1528,1,2025-01-13,WebBrowser,93,0.97,0,Tablet
8487,1511,10,2025-01-07,SmartTV,57,0.62,0,Mobile
8488,224,1,2025-04-12,StreamMax,59,0.45,0,Mobile
8489,1722,5,2024-08-29,WebBrowser,58,0.44,0,TV
8490,1127,1,2024-08-02,MobileApp,115,0.96,0,Mobile
8491,1348,5,2024-10-22,TabletApp,71,0.61,0,Mobile
8492,951,3,2025-03-24,SmartTV,94,0.94,0,TV
8493,307,12,2025-03-10,TabletApp,109,0.8,0,Mobile
8494,210,7,2025-01-03,WebBrowser,43,0.39,0,Desktop
8495,292,13,2024-10-12,StreamMax,57,0.46,0,Tablet
8496,1374,15,2025-04-17,TabletApp,56,0.44,0,TV
8497,546,13,2024-06-15,SmartTV,67,0.53,0,Tablet
8498,287,2,2024-07-15,StreamMax,99,0.69,0,Tablet
8499,2000,11,2024-08-11,StreamMax,84,0.6,1,TV
8500,967,3,2025-01-01,WebBrowser,147,0.98,0,Tablet
8501,323,9,2025-02-22,MobileApp,73,0.59,0,TV
8502,1585,12,2024-08-19,StreamMax,79,0.52,0,Tablet
8503,730,10,2024-08-25,TabletApp,70,0.55,0,Desktop
8504,1607,10,2024-11-15,MobileApp,58,0.45,0,Desktop
8505,730,1,2025-04-03,SmartTV,96,0.65,0,TV
8506,1661,2,2024-07-03,WebBrowser,79,0.72,0,Tablet
8507,1826,11,2024-10-05,WebBrowser,49,0.37,0,TV
8508,663,3,2025-02-19,StreamMax,104,0.76,1,TV
8509,1839,15,2024-07-23,TabletApp,33,0.38,0,Mobile
8510,1366,6,2024-11-20,SmartTV,123,0.93,0,Tablet
8511,1983,1,2025-03-09,StreamMax,56,0.55,0,Mobile
8512,399,13,2024-06-08,SmartTV,59,0.58,0,Mobile
8513,654,1,2025-01-24,MobileApp,64,0.68,0,Mobile
8514,228,2,2024-07-16,MobileApp,119,0.94,1,Tablet
8515,126,1,2024-09-10,StreamMax,81,0.57,0,Desktop
8516,1533,7,2025-01-28,SmartTV,70,0.73,0,TV
8517,1978,6,2024-07-02,SmartTV,75,0.58,0,Mobile
8518,1543,4,2024-10-15,StreamMax,55,0.43,0,Mobile
8519,1307,5,2024-07-24,SmartTV,74,0.54,0,Desktop
8520,781,11,2024-08-24,MobileApp,40,0.45,0,TV
8521,1590,9,2025-04-29,TabletApp,39,0.42,0,Desktop
8522,1772,3,2025-04-13,TabletApp,88,0.57,0,Desktop
8523,593,1,2025-03-31,WebBrowser,88,0.58,0,TV
8524,544,14,2024-10-19,StreamMax,37,0.35,1,Mobile
8525,105,6,2024-12-13,StreamMax,42,0.4,0,TV
8526,1568,1,2024-12-29,StreamMax,39,0.44,0,Desktop
8527,45,9,2024-08-21,SmartTV,75,0.74,0,TV
8528,1435,8,2024-08-18,StreamMax,65,0.65,0,Mobile
8529,1010,4,2024-06-07,MobileApp,91,0.93,0,TV
8530,1440,14,2024-09-10,SmartTV,61,0.58,0,Desktop
8531,368,15,2024-08-26,StreamMax,104,0.72,0,Desktop
8532,1834,1,2025-04-03,SmartTV,127,0.99,1,Mobile
8533,573,8,2024-09-26,TabletApp,142,0.93,1,Mobile
8534,114,3,2024-09-19,SmartTV,44,0.32,1,Tablet
8535,408,9,2024-06-11,MobileApp,74,0.81,0,Tablet
8536,679,3,2024-12-30,WebBrowser,124,0.86,1,Desktop
8537,1140,3,2024-08-06,SmartTV,56,0.46,0,Mobile
8538,973,10,2024-07-17,MobileApp,78,0.52,0,Mobile
8539,1507,4,2024-09-07,SmartTV,95,0.72,0,TV
8540,228,8,2025-01-04,StreamMax,99,1.0,0,TV
8541,1885,1,2024-12-28,MobileApp,133,0.97,1,Desktop
8542,1525,8,2025-02-28,StreamMax,79,0.59,1,Tablet
8543,971,6,2024-12-20,SmartTV,87,0.99,0,Mobile
8544,578,13,2025-02-20,MobileApp,39,0.44,1,TV
8545,547,5,2024-09-19,SmartTV,49,0.34,1,Desktop
8546,1739,1,2025-01-29,TabletApp,116,0.84,0,Desktop
8547,1027,6,2025-02-20,StreamMax,70,0.8,0,Desktop
8548,1274,5,2025-03-17,WebBrowser,51,0.55,0,TV
8549,54,3,2024-12-07,MobileApp,37,0.42,0,TV
8550,1822,13,2024-07-23,SmartTV,128,0.85,0,Desktop
8551,1797,15,2024-10-26,StreamMax,58,0.65,0,Tablet
8552,1678,11,2024-11-05,WebBrowser,108,0.87,0,Desktop
8553,362,1,2025-03-30,MobileApp,135,0.87,0,Mobile
8554,939,3,2024-12-19,TabletApp,77,0.71,0,TV
8555,1434,13,2024-10-31,WebBrowser,74,0.83,0,Mobile
8556,876,6,2025-04-01,TabletApp,127,0.95,0,Desktop
8557,549,1,2024-09-22,SmartTV,52,0.36,1,Tablet
8558,1794,2,2025-04-27,TabletApp,119,0.89,1,Tablet
8559,1799,15,2024-06-22,StreamMax,91,0.74,0,Desktop
8560,1942,2,2025-02-05,StreamMax,45,0.45,0,Mobile
8561,1189,14,2024-09-11,TabletApp,76,0.77,0,Desktop
8562,1073,9,2024-11-13,WebBrowser,84,0.7,0,Tablet
8563,1476,5,2024-12-17,TabletApp,44,0.46,0,Mobile
8564,1026,8,2024-06-01,MobileApp,107,0.92,0,TV
8565,1317,1,2024-07-03,TabletApp,95,0.78,0,Tablet
8566,181,9,2025-01-19,SmartTV,124,0.83,0,Mobile
8567,1493,6,2024-12-03,TabletApp,131,0.95,0,Mobile
8568,1004,3,2025-02-10,StreamMax,89,0.95,0,Desktop
8569,1423,8,2025-02-28,TabletApp,79,0.55,0,Mobile
8570,1754,8,2024-07-17,StreamMax,52,0.47,0,Tablet
8571,667,1,2025-03-25,WebBrowser,121,0.89,0,Mobile
8572,530,15,2025-01-29,TabletApp,103,0.71,0,Desktop
8573,547,5,2025-02-24,SmartTV,42,0.36,1,TV
8574,1681,10,2024-10-21,SmartTV,67,0.74,0,TV
8575,634,2,2024-08-08,MobileApp,114,0.92,1,Tablet
8576,715,10,2024-07-29,StreamMax,82,0.69,0,TV
8577,1185,1,2025-03-04,TabletApp,125,0.88,0,Desktop
8578,778,2,2024-08-20,MobileApp,35,0.39,0,TV
8579,546,6,2025-01-30,SmartTV,40,0.39,0,TV
8580,216,9,2025-03-29,WebBrowser,75,0.67,0,Desktop
8581,57,14,2025-03-02,MobileApp,52,0.36,0,Mobile
8582,986,14,2025-01-07,MobileApp,44,0.36,1,TV
8583,682,2,2024-12-19,StreamMax,71,0.68,0,Desktop
8584,1816,6,2025-04-01,TabletApp,87,0.7,0,TV
8585,1290,13,2024-06-29,TabletApp,88,0.86,0,Desktop
8586,372,5,2025-03-22,WebBrowser,62,0.46,0,Tablet
8587,1502,5,2024-06-20,MobileApp,34,0.32,0,Tablet
8588,612,1,2025-03-30,SmartTV,104,0.93,0,Desktop
8589,973,3,2024-12-17,WebBrowser,52,0.34,0,Desktop
8590,1489,13,2025-03-10,TabletApp,86,0.84,0,Mobile
8591,1085,8,2024-11-05,SmartTV,66,0.56,0,Tablet
8592,711,2,2024-11-01,MobileApp,117,0.83,0,Desktop
8593,610,3,2024-08-02,MobileApp,72,0.73,0,Desktop
8594,622,8,2024-09-11,MobileApp,106,0.88,0,Tablet
8595,117,2,2024-07-05,MobileApp,77,0.53,0,Tablet
8596,351,3,2025-01-20,WebBrowser,96,0.92,0,Mobile
8597,73,6,2024-06-28,WebBrowser,95,0.7,0,Desktop
8598,1824,14,2025-02-22,StreamMax,103,0.67,0,Tablet
8599,1587,14,2024-09-10,WebBrowser,101,0.67,0,Mobile
8600,906,9,2024-08-17,MobileApp,57,0.44,0,Mobile
8601,1754,4,2024-07-20,TabletApp,46,0.43,0,Mobile
8602,431,1,2025-03-24,StreamMax,123,0.85,0,Mobile
8603,727,2,2024-12-07,TabletApp,38,0.34,0,Desktop
8604,1250,1,2025-04-09,StreamMax,62,0.61,0,TV
8605,1258,3,2025-03-07,StreamMax,88,0.87,0,Mobile
8606,185,8,2024-12-27,TabletApp,54,0.61,0,Mobile
8607,319,10,2025-02-16,StreamMax,56,0.38,0,TV
8608,220,15,2024-07-17,StreamMax,66,0.54,1,Desktop
8609,697,2,2025-04-10,StreamMax,91,0.96,1,Tablet
8610,643,1,2025-02-24,WebBrowser,136,0.91,1,Tablet
8611,841,8,2025-03-02,StreamMax,87,0.92,0,Tablet
8612,110,1,2025-04-10,WebBrowser,81,0.77,0,TV
8613,1229,2,2024-12-08,TabletApp,115,0.83,1,Desktop
8614,1896,5,2024-06-30,TabletApp,84,0.8,1,Mobile
8615,921,3,2025-04-12,MobileApp,115,0.74,0,Desktop
8616,56,4,2024-09-19,StreamMax,84,0.61,0,TV
8617,428,3,2025-03-12,WebBrowser,111,0.91,0,Mobile
8618,860,1,2025-02-20,MobileApp,114,0.76,0,Tablet
8619,918,2,2024-08-16,StreamMax,46,0.47,1,Mobile
8620,1277,10,2024-10-27,SmartTV,139,0.95,0,Desktop
8621,340,1,2024-06-06,StreamMax,72,0.46,0,TV
8622,170,6,2024-06-11,MobileApp,74,0.83,0,Desktop
8623,1644,14,2024-11-17,MobileApp,109,0.75,0,TV
8624,634,7,2024-10-03,MobileApp,94,0.93,1,Desktop
8625,1150,14,2024-12-01,SmartTV,91,0.86,0,Desktop
8626,1883,1,2024-06-04,WebBrowser,95,0.66,1,Desktop
8627,433,9,2024-12-15,WebBrowser,41,0.42,0,Desktop
8628,695,15,2024-06-02,SmartTV,62,0.4,1,TV
8629,362,11,2024-11-20,WebBrowser,151,0.99,1,Mobile
8630,83,7,2024-12-18,SmartTV,90,0.79,1,Tablet
8631,1631,11,2025-03-24,MobileApp,102,0.65,0,TV
8632,491,3,2025-01-26,TabletApp,104,0.95,0,Mobile
8633,172,1,2024-12-22,TabletApp,63,0.46,0,Mobile
8634,841,1,2025-02-23,WebBrowser,47,0.49,0,Desktop
8635,1766,8,2024-07-03,MobileApp,42,0.42,0,TV
8636,1006,11,2024-08-18,SmartTV,68,0.47,0,TV
8637,1844,6,2024-09-25,TabletApp,116,0.83,1,Mobile
8638,342,10,2024-11-20,MobileApp,99,0.99,0,Tablet
8639,1151,10,2024-07-17,MobileApp,54,0.45,1,Mobile
8640,161,3,2024-11-10,TabletApp,74,0.83,0,Desktop
8641,125,13,2024-10-15,SmartTV,51,0.58,0,Desktop
8642,227,5,2024-06-13,WebBrowser,96,0.77,0,Tablet
8643,1662,9,2024-07-26,TabletApp,97,0.79,0,Desktop
8644,712,3,2024-07-02,TabletApp,50,0.36,0,TV
8645,1572,13,2024-12-07,SmartTV,79,0.62,0,TV
8646,648,1,2024-12-07,TabletApp,74,0.72,1,TV
8647,1679,1,2024-12-04,StreamMax,50,0.5,0,Mobile
8648,22,3,2025-04-10,TabletApp,75,0.69,1,Desktop
8649,817,3,2024-08-25,SmartTV,77,0.72,0,TV
8650,723,7,2024-10-19,WebBrowser,110,0.86,0,Desktop
8651,1523,3,2024-12-09,StreamMax,113,0.87,0,Desktop
8652,63,9,2025-04-08,MobileApp,119,0.81,0,Tablet
8653,1588,9,2025-03-03,WebBrowser,142,0.91,0,Desktop
8654,671,13,2025-04-16,WebBrowser,29,0.32,0,TV
8655,449,15,2024-10-23,MobileApp,40,0.38,0,Mobile
8656,1358,1,2025-01-15,MobileApp,102,0.86,0,Desktop
8657,1103,2,2025-03-10,TabletApp,74,0.59,0,Tablet
8658,989,7,2024-09-11,TabletApp,120,0.98,0,TV
8659,1848,9,2025-03-20,MobileApp,99,1.0,0,Mobile
8660,521,8,2024-09-07,StreamMax,109,0.79,1,Tablet
8661,549,8,2024-09-30,SmartTV,74,0.59,0,Tablet
8662,534,10,2024-11-02,StreamMax,38,0.4,0,Tablet
8663,1251,1,2025-04-23,MobileApp,44,0.33,0,Mobile
8664,840,2,2025-04-17,StreamMax,47,0.36,0,Tablet
8665,527,1,2024-06-11,SmartTV,72,0.51,0,Tablet
8666,1182,2,2025-03-14,TabletApp,75,0.71,0,Mobile
8667,1492,14,2024-10-10,TabletApp,122,0.82,0,TV
8668,1958,8,2025-04-25,StreamMax,68,0.45,0,TV
8669,499,1,2024-07-24,SmartTV,115,0.8,0,Mobile
8670,1382,5,2025-03-17,StreamMax,96,0.89,0,Mobile
8671,31,9,2024-11-14,WebBrowser,132,0.94,0,TV
8672,1897,11,2025-04-18,WebBrowser,98,0.96,0,Mobile
8673,1294,2,2024-09-28,TabletApp,112,0.95,0,TV
8674,1363,11,2025-02-17,StreamMax,42,0.37,0,Desktop
8675,48,1,2025-04-09,SmartTV,88,0.71,0,Tablet
8676,134,1,2025-01-08,WebBrowser,39,0.43,0,Tablet
8677,1697,8,2025-03-06,MobileApp,107,0.83,0,Mobile
8678,1023,1,2024-06-15,WebBrowser,78,0.58,1,Desktop
8679,1084,3,2025-04-15,WebBrowser,40,0.39,1,Tablet
8680,1953,6,2024-08-20,WebBrowser,74,0.58,0,Mobile
8681,706,1,2024-08-05,TabletApp,70,0.5,1,Desktop
8682,1025,1,2025-03-26,WebBrowser,75,0.52,0,Tablet
8683,1931,8,2024-06-02,StreamMax,65,0.52,1,Tablet
8684,780,9,2025-04-02,SmartTV,92,0.93,0,Mobile
8685,1867,15,2024-11-10,MobileApp,50,0.4,0,Tablet
8686,1200,9,2025-01-07,WebBrowser,101,0.7,0,Mobile
8687,958,1,2025-03-13,WebBrowser,43,0.42,1,Mobile
8688,1564,3,2024-10-03,SmartTV,92,0.65,0,TV
8689,1975,14,2025-02-02,MobileApp,52,0.33,0,Mobile
8690,1794,2,2024-07-22,WebBrowser,46,0.35,0,Tablet
8691,1104,1,2025-03-29,SmartTV,115,0.76,0,Mobile
8692,1537,6,2024-10-07,StreamMax,134,0.99,0,TV
8693,1886,14,2024-08-17,StreamMax,36,0.32,0,Desktop
8694,1575,2,2025-04-24,SmartTV,62,0.47,0,TV
8695,478,6,2024-09-10,SmartTV,101,0.84,0,Tablet
8696,268,7,2024-07-27,WebBrowser,92,0.72,0,TV
8697,660,14,2024-10-26,StreamMax,134,0.99,0,Tablet
8698,1443,1,2025-01-09,StreamMax,88,0.59,0,Desktop
8699,1511,3,2024-12-25,SmartTV,87,0.75,0,TV
8700,699,8,2024-07-25,TabletApp,117,0.78,0,Mobile
8701,1725,1,2025-02-16,TabletApp,65,0.46,0,Desktop
8702,890,5,2024-09-27,StreamMax,93,0.98,0,Desktop
8703,186,12,2024-06-21,WebBrowser,80,0.73,0,Desktop
8704,1508,13,2024-09-28,TabletApp,55,0.43,0,Tablet
8705,471,12,2024-10-13,WebBrowser,50,0.52,1,Mobile
8706,1691,10,2024-12-14,StreamMax,69,0.54,0,Desktop
8707,351,14,2024-08-24,WebBrowser,66,0.59,0,Desktop
8708,1474,12,2025-04-12,StreamMax,130,0.95,0,Mobile
8709,620,10,2025-03-07,MobileApp,87,0.68,0,Tablet
8710,157,9,2024-09-07,SmartTV,130,0.86,0,Tablet
8711,1796,8,2024-06-20,WebBrowser,111,0.73,1,Desktop
8712,166,8,2025-04-22,WebBrowser,55,0.63,1,Tablet
8713,743,1,2025-03-08,StreamMax,116,0.82,1,Tablet
8714,165,1,2024-09-19,StreamMax,38,0.35,0,Desktop
8715,807,5,2025-04-05,SmartTV,51,0.37,0,Desktop
8716,1659,13,2024-11-17,WebBrowser,95,0.72,0,Desktop
8717,1472,12,2024-08-27,SmartTV,60,0.39,0,TV
8718,1676,12,2024-07-23,StreamMax,44,0.48,0,TV
8719,1810,1,2025-01-23,MobileApp,130,0.94,1,TV
8720,1644,14,2024-07-25,StreamMax,54,0.55,1,TV
8721,48,8,2025-03-05,MobileApp,41,0.32,0,Mobile
8722,1249,1,2025-02-17,WebBrowser,75,0.51,0,Tablet
8723,451,1,2024-11-24,SmartTV,53,0.35,1,Mobile
8724,1042,6,2024-11-02,MobileApp,61,0.63,0,Desktop
8725,1616,6,2024-11-03,WebBrowser,56,0.36,0,Desktop
8726,480,12,2024-09-17,SmartTV,45,0.34,1,Tablet
8727,143,11,2024-10-02,MobileApp,57,0.55,0,Desktop
8728,1885,14,2025-01-14,WebBrowser,73,0.73,0,Mobile
8729,1666,1,2024-08-28,StreamMax,90,0.69,0,TV
8730,1458,7,2025-04-02,StreamMax,80,0.69,0,Tablet
8731,743,7,2024-11-02,SmartTV,33,0.32,0,TV
8732,1806,1,2025-02-13,MobileApp,66,0.58,1,Mobile
8733,1126,1,2025-04-09,TabletApp,48,0.54,0,Tablet
8734,1022,9,2024-11-14,MobileApp,42,0.3,1,Tablet
8735,1236,1,2025-03-02,SmartTV,100,0.93,0,Desktop
8736,655,6,2024-09-06,SmartTV,41,0.37,0,TV
8737,125,1,2025-03-20,SmartTV,75,0.49,0,Tablet
8738,321,10,2024-06-23,SmartTV,54,0.49,0,Tablet
8739,1199,8,2025-01-26,StreamMax,48,0.43,0,Desktop
8740,181,12,2024-07-26,TabletApp,69,0.75,1,Desktop
8741,455,9,2025-03-05,MobileApp,40,0.33,0,TV
8742,1322,11,2025-01-21,MobileApp,81,0.88,1,Mobile
8743,685,8,2024-08-02,SmartTV,122,0.96,0,Tablet
8744,389,2,2025-01-11,WebBrowser,52,0.56,1,Tablet
8745,1497,6,2025-03-13,WebBrowser,136,0.91,0,Tablet
8746,596,2,2025-01-01,StreamMax,47,0.32,0,Desktop
8747,195,10,2025-04-03,SmartTV,35,0.4,0,Desktop
8748,1068,5,2024-08-26,WebBrowser,50,0.53,0,Desktop
8749,1332,3,2024-11-28,MobileApp,102,0.76,0,Tablet
8750,892,14,2025-03-18,SmartTV,92,0.78,1,Desktop
8751,270,1,2024-08-22,StreamMax,66,0.61,1,Mobile
8752,1013,2,2024-09-16,SmartTV,39,0.43,0,TV
8753,51,1,2025-01-28,WebBrowser,62,0.51,1,Desktop
8754,1024,12,2025-04-06,StreamMax,135,0.89,0,Tablet
8755,1584,1,2025-03-01,SmartTV,54,0.61,1,TV
8756,1953,3,2025-02-06,TabletApp,106,1.0,1,TV
8757,1170,9,2025-04-06,TabletApp,64,0.52,0,Tablet
8758,793,4,2024-12-04,WebBrowser,88,0.56,0,TV
8759,1977,14,2024-09-30,TabletApp,84,0.96,1,Tablet
8760,865,1,2025-04-09,WebBrowser,74,0.73,0,Mobile
8761,1376,6,2024-10-14,WebBrowser,100,0.82,0,TV
8762,818,12,2024-12-14,WebBrowser,100,0.77,0,Mobile
8763,58,2,2025-02-08,SmartTV,63,0.6,0,TV
8764,1850,1,2024-09-30,MobileApp,72,0.71,0,Desktop
8765,1069,3,2024-11-18,TabletApp,111,0.88,0,TV
8766,340,9,2025-01-10,TabletApp,63,0.52,0,Desktop
8767,83,6,2024-12-06,SmartTV,83,0.63,0,Mobile
8768,946,4,2024-11-05,SmartTV,50,0.49,0,Desktop
8769,1497,1,2025-04-02,SmartTV,83,0.53,0,Tablet
8770,1055,14,2024-07-14,SmartTV,44,0.35,0,Mobile
8771,127,3,2025-02-24,SmartTV,62,0.61,0,Mobile
8772,1496,1,2025-02-14,TabletApp,109,0.77,0,Mobile
8773,318,13,2024-12-10,MobileApp,133,0.87,0,Mobile
8774,1234,10,2024-09-30,SmartTV,78,0.52,1,Tablet
8775,606,15,2025-01-21,TabletApp,56,0.52,0,TV
8776,648,4,2024-12-25,TabletApp,54,0.43,0,Tablet
8777,1232,1,2024-11-09,StreamMax,85,0.81,0,Mobile
8778,118,1,2025-02-23,SmartTV,135,0.9,0,Tablet
8779,375,10,2025-03-20,WebBrowser,121,0.96,0,TV
8780,1941,6,2024-11-22,SmartTV,56,0.62,0,TV
8781,1221,6,2025-03-22,TabletApp,71,0.63,1,Mobile
8782,1579,7,2025-04-17,TabletApp,96,0.96,0,TV
8783,1724,3,2024-10-07,MobileApp,78,0.59,0,Mobile
8784,1095,10,2025-03-27,TabletApp,132,0.99,0,Desktop
8785,790,1,2025-03-06,SmartTV,35,0.4,0,Desktop
8786,290,5,2024-10-21,StreamMax,50,0.49,0,Desktop
8787,1031,10,2024-10-23,WebBrowser,78,0.73,0,Tablet
8788,1694,7,2024-11-05,WebBrowser,62,0.68,0,Desktop
8789,620,14,2024-08-11,SmartTV,100,0.86,0,Mobile
8790,1427,3,2024-06-13,StreamMax,57,0.56,1,Tablet
8791,1044,1,2025-04-27,StreamMax,28,0.32,0,Mobile
8792,296,2,2024-12-03,WebBrowser,100,0.66,0,TV
8793,805,8,2024-06-01,SmartTV,43,0.4,0,Desktop
8794,64,14,2024-08-03,TabletApp,58,0.37,0,Desktop
8795,1004,5,2024-08-11,WebBrowser,69,0.66,0,Tablet
8796,265,14,2024-12-09,TabletApp,99,0.69,0,Tablet
8797,515,14,2024-06-24,TabletApp,43,0.43,1,Desktop
8798,1624,11,2024-07-30,SmartTV,47,0.31,1,TV
8799,1886,1,2025-01-02,SmartTV,94,0.82,0,Mobile
8800,1496,11,2025-03-11,SmartTV,75,0.66,0,Tablet
8801,1711,5,2024-10-24,TabletApp,99,0.69,0,Tablet
8802,792,8,2025-03-24,WebBrowser,72,0.74,0,Mobile
8803,1366,5,2024-10-11,MobileApp,78,0.57,0,Tablet
8804,1448,2,2024-07-12,TabletApp,69,0.66,1,Tablet
8805,1430,5,2024-08-16,SmartTV,77,0.5,0,TV
8806,882,1,2024-09-02,WebBrowser,78,0.6,0,TV
8807,1554,10,2024-10-29,StreamMax,66,0.53,1,TV
8808,846,11,2025-03-02,StreamMax,49,0.44,1,Desktop
8809,1471,1,2024-11-05,StreamMax,117,0.76,1,Desktop
8810,1899,6,2024-11-14,StreamMax,65,0.53,0,TV
8811,192,14,2024-08-28,StreamMax,51,0.48,1,TV
8812,1293,7,2024-08-21,TabletApp,47,0.32,1,TV
8813,789,8,2025-01-10,WebBrowser,44,0.37,0,Tablet
8814,629,15,2025-04-17,MobileApp,124,0.93,1,TV
8815,300,9,2025-04-08,StreamMax,151,0.99,0,Mobile
8816,53,14,2024-07-27,WebBrowser,50,0.46,0,Tablet
8817,755,7,2025-03-19,MobileApp,112,0.87,0,Mobile
8818,1004,6,2025-03-10,MobileApp,79,0.89,0,Mobile
8819,1154,3,2024-09-17,StreamMax,85,0.72,0,Mobile
8820,1366,5,2024-06-12,SmartTV,41,0.42,0,Mobile
8821,1052,11,2024-09-05,StreamMax,49,0.49,0,Desktop
8822,28,4,2024-08-06,TabletApp,36,0.39,0,TV
8823,116,8,2025-04-21,TabletApp,52,0.6,0,Desktop
8824,186,12,2024-10-03,TabletApp,62,0.56,0,TV
8825,185,15,2025-04-29,WebBrowser,142,0.93,0,TV
8826,1948,1,2025-04-07,WebBrowser,43,0.44,0,Mobile
8827,406,2,2024-07-30,TabletApp,51,0.38,1,TV
8828,1856,14,2025-04-01,TabletApp,113,0.78,0,TV
8829,1012,14,2024-12-19,WebBrowser,48,0.47,0,Desktop
8830,875,1,2025-01-23,MobileApp,114,0.79,0,Mobile
8831,754,10,2025-01-23,StreamMax,120,0.98,0,Tablet
8832,1354,1,2024-10-06,SmartTV,83,0.92,0,TV
8833,1933,11,2024-07-13,MobileApp,57,0.63,0,Tablet
8834,202,15,2025-04-19,TabletApp,131,0.9,0,Tablet
8835,1106,10,2025-01-19,WebBrowser,70,0.66,0,Mobile
8836,419,13,2024-07-11,SmartTV,93,0.82,1,Desktop
8837,321,6,2024-11-11,WebBrowser,62,0.46,0,Desktop
8838,1595,15,2024-09-19,StreamMax,80,0.71,0,TV
8839,714,4,2024-09-04,StreamMax,47,0.41,0,Mobile
8840,732,15,2024-07-18,StreamMax,88,0.68,0,Tablet
8841,336,11,2025-02-16,TabletApp,90,0.96,0,Tablet
8842,1059,1,2025-04-04,StreamMax,64,0.69,1,Desktop
8843,1711,7,2025-04-19,MobileApp,73,0.73,0,Mobile
8844,45,2,2025-03-16,MobileApp,64,0.58,0,Tablet
8845,346,13,2024-12-23,WebBrowser,62,0.71,0,Mobile
8846,1237,14,2024-10-06,WebBrowser,98,0.79,0,Mobile
8847,232,8,2024-06-25,TabletApp,40,0.41,0,Tablet
8848,1701,8,2025-04-23,StreamMax,124,0.82,0,Tablet
8849,1012,1,2025-03-22,TabletApp,110,0.92,0,TV
8850,1471,8,2024-08-21,MobileApp,51,0.34,1,Mobile
8851,1748,11,2025-03-23,TabletApp,124,0.83,1,TV
8852,96,3,2024-07-25,MobileApp,62,0.51,0,Mobile
8853,1283,14,2025-01-06,StreamMax,84,0.64,0,Mobile
8854,643,1,2024-10-04,MobileApp,55,0.44,0,Tablet
8855,431,5,2025-02-01,SmartTV,84,0.54,0,Desktop
8856,368,8,2024-12-14,MobileApp,107,0.85,0,Mobile
8857,1057,3,2024-11-19,StreamMax,125,0.9,0,TV
8858,661,12,2025-02-28,MobileApp,77,0.54,1,Desktop
8859,172,8,2025-01-05,WebBrowser,41,0.38,1,Desktop
8860,775,3,2024-08-06,StreamMax,92,0.94,1,Mobile
8861,861,6,2025-02-28,MobileApp,72,0.7,0,Mobile
8862,229,14,2024-07-14,SmartTV,73,0.5,0,Mobile
8863,645,1,2025-02-05,WebBrowser,45,0.34,0,Mobile
8864,1687,3,2024-06-12,WebBrowser,57,0.4,0,Mobile
8865,261,9,2024-10-19,StreamMax,103,0.84,0,Desktop
8866,462,10,2024-08-05,StreamMax,43,0.48,0,TV
8867,1903,1,2025-02-16,MobileApp,107,0.86,0,Tablet
8868,833,8,2025-01-29,WebBrowser,59,0.57,0,Desktop
8869,1988,10,2024-08-02,WebBrowser,58,0.44,1,Mobile
8870,1295,13,2025-01-25,StreamMax,62,0.49,0,TV
8871,1886,1,2024-08-05,TabletApp,67,0.63,0,Mobile
8872,1908,9,2025-01-02,TabletApp,87,0.71,1,Mobile
8873,633,6,2024-12-20,TabletApp,69,0.48,0,Tablet
8874,1201,12,2024-11-17,StreamMax,86,0.81,0,Tablet
8875,1608,1,2025-04-18,SmartTV,115,0.84,0,Desktop
8876,1870,13,2025-01-23,MobileApp,46,0.36,0,Desktop
8877,390,6,2024-07-28,TabletApp,78,0.64,0,Tablet
8878,463,6,2024-07-23,StreamMax,90,0.85,0,Desktop
8879,716,6,2025-03-16,MobileApp,129,0.89,1,Tablet
8880,391,3,2025-04-27,StreamMax,46,0.37,1,Tablet
8881,513,8,2025-01-23,WebBrowser,120,0.92,0,Mobile
8882,1494,4,2024-12-06,SmartTV,49,0.49,0,Tablet
8883,535,1,2024-08-17,MobileApp,52,0.43,0,Desktop
8884,897,1,2025-02-25,MobileApp,67,0.65,0,TV
8885,1752,13,2024-10-20,StreamMax,86,0.81,0,Desktop
8886,859,10,2025-03-02,MobileApp,98,0.65,0,Tablet
8887,1182,1,2024-10-03,SmartTV,108,0.72,0,Desktop
8888,489,3,2024-08-17,StreamMax,76,0.82,0,Mobile
8889,749,8,2024-07-08,StreamMax,54,0.61,0,TV
8890,1676,10,2025-02-13,StreamMax,90,0.71,0,Tablet
8891,490,1,2025-01-07,WebBrowser,110,0.77,0,Tablet
8892,581,2,2024-06-10,TabletApp,73,0.57,0,Tablet
8893,283,5,2024-07-05,MobileApp,78,0.53,0,TV
8894,806,5,2024-11-14,SmartTV,137,0.97,0,Tablet
8895,445,9,2024-06-03,StreamMax,71,0.81,0,Tablet
8896,1473,5,2024-12-03,WebBrowser,81,0.78,0,Desktop
8897,994,11,2024-07-28,SmartTV,39,0.44,0,Tablet
8898,54,3,2025-03-16,WebBrowser,97,0.99,0,Mobile
8899,1153,5,2024-09-26,TabletApp,79,0.52,0,Mobile
8900,1612,13,2024-07-15,StreamMax,107,0.89,1,Mobile
8901,1625,3,2025-03-01,MobileApp,55,0.37,0,Desktop
8902,1199,8,2025-01-20,TabletApp,37,0.3,1,Desktop
8903,1742,3,2024-09-30,StreamMax,63,0.43,0,Mobile
8904,1198,11,2024-09-21,WebBrowser,60,0.4,0,Desktop
8905,875,3,2025-03-06,MobileApp,114,0.87,0,Desktop
8906,1221,6,2025-02-10,SmartTV,141,0.94,0,TV
8907,1929,1,2025-01-22,WebBrowser,37,0.36,0,TV
8908,1889,8,2024-08-27,MobileApp,122,0.9,1,TV
8909,602,10,2024-11-08,SmartTV,80,0.87,0,Tablet
8910,1595,5,2025-04-26,TabletApp,119,0.98,0,TV
8911,689,8,2024-08-01,StreamMax,99,0.83,1,Mobile
8912,1261,1,2025-03-01,WebBrowser,103,0.95,0,Mobile
8913,1265,4,2024-11-05,WebBrowser,68,0.61,0,Desktop
8914,1690,13,2024-12-13,TabletApp,81,0.6,0,Desktop
8915,1469,11,2024-06-03,WebBrowser,52,0.43,0,Mobile
8916,380,11,2025-04-17,TabletApp,65,0.53,1,Mobile
8917,196,6,2024-10-29,WebBrowser,105,0.7,0,Mobile
8918,314,1,2025-02-28,StreamMax,69,0.58,0,Mobile
8919,490,14,2024-07-17,SmartTV,109,0.71,0,TV
8920,976,14,2025-02-28,SmartTV,90,0.69,0,Tablet
8921,1802,1,2025-03-04,SmartTV,80,0.74,0,Desktop
8922,1372,7,2025-01-18,WebBrowser,84,0.81,0,TV
8923,78,13,2024-12-11,TabletApp,48,0.52,0,Mobile
8924,596,2,2025-03-21,StreamMax,50,0.36,0,Desktop
8925,1660,14,2024-08-17,TabletApp,85,0.64,0,TV
8926,1801,13,2024-08-13,StreamMax,109,0.82,0,Mobile
8927,1217,11,2024-10-15,SmartTV,105,0.77,0,Mobile
8928,1002,12,2024-11-20,SmartTV,66,0.5,0,Desktop
8929,435,1,2025-01-10,MobileApp,37,0.31,0,Tablet
8930,1386,1,2025-01-05,MobileApp,82,0.71,1,TV
8931,1439,1,2025-03-24,StreamMax,75,0.55,0,Tablet
8932,1929,8,2025-02-16,TabletApp,81,0.67,0,Mobile
8933,284,7,2025-01-08,TabletApp,43,0.49,0,Desktop
8934,630,5,2025-02-03,MobileApp,56,0.4,0,Desktop
8935,1103,3,2024-10-25,MobileApp,108,0.88,0,TV
8936,1533,2,2025-01-10,SmartTV,126,0.9,0,Mobile
8937,1405,4,2025-01-29,StreamMax,51,0.37,0,Mobile
8938,739,6,2025-02-02,StreamMax,116,0.79,0,Mobile
8939,1350,13,2025-02-16,MobileApp,81,0.64,0,Desktop
8940,637,10,2024-06-16,MobileApp,116,0.89,1,Mobile
8941,953,6,2024-08-03,TabletApp,143,0.91,0,Mobile
8942,1975,14,2024-08-01,WebBrowser,71,0.61,0,Desktop
8943,1696,1,2025-04-28,StreamMax,131,0.84,0,Mobile
8944,1246,8,2024-11-01,WebBrowser,146,0.95,0,TV
8945,417,1,2024-10-09,WebBrowser,46,0.32,0,TV
8946,580,1,2024-07-01,WebBrowser,56,0.43,1,Desktop
8947,1280,10,2024-10-18,WebBrowser,124,1.0,0,Mobile
8948,1046,1,2024-08-16,SmartTV,108,0.69,0,Tablet
8949,1967,13,2024-07-24,StreamMax,39,0.35,0,TV
8950,1440,14,2025-02-02,StreamMax,61,0.52,1,Tablet
8951,1404,1,2025-04-01,StreamMax,137,0.88,0,Mobile
8952,1864,11,2024-07-07,SmartTV,40,0.39,0,Tablet
8953,1202,12,2025-03-12,MobileApp,88,0.75,0,TV
8954,1426,10,2024-10-20,TabletApp,78,0.56,0,Tablet
8955,169,13,2024-11-06,StreamMax,88,0.59,0,Mobile
8956,745,11,2024-08-01,TabletApp,83,0.59,0,Desktop
8957,1575,8,2024-07-14,MobileApp,67,0.67,1,Tablet
8958,1071,2,2025-03-12,TabletApp,51,0.33,0,Mobile
8959,1627,6,2025-01-24,TabletApp,57,0.64,0,Desktop
8960,1901,8,2024-08-30,StreamMax,45,0.43,0,Mobile
8961,1765,1,2024-11-27,SmartTV,68,0.44,1,Tablet
8962,1991,10,2024-07-26,MobileApp,72,0.7,0,Mobile
8963,1229,6,2024-07-18,WebBrowser,61,0.66,0,Tablet
8964,462,10,2024-08-06,StreamMax,44,0.32,1,Mobile
8965,1185,12,2025-02-23,WebBrowser,70,0.62,1,TV
8966,766,11,2025-01-29,WebBrowser,105,0.75,1,Tablet
8967,243,9,2024-10-23,StreamMax,43,0.38,0,Desktop
8968,1617,8,2024-09-16,TabletApp,50,0.43,0,Tablet
8969,1094,11,2024-06-19,StreamMax,81,0.88,0,Tablet
8970,740,6,2024-12-10,WebBrowser,86,0.76,0,TV
8971,1078,6,2024-07-02,TabletApp,79,0.86,0,Tablet
8972,540,11,2025-03-01,SmartTV,72,0.77,0,TV
8973,262,6,2024-12-27,StreamMax,83,0.74,0,Desktop
8974,1536,9,2025-03-31,MobileApp,63,0.61,0,Mobile
8975,637,14,2024-08-21,TabletApp,118,0.76,0,TV
8976,1833,12,2024-09-17,StreamMax,52,0.37,0,Tablet
8977,1353,11,2024-06-21,MobileApp,82,0.74,0,Tablet
8978,1795,6,2024-12-18,TabletApp,85,0.81,0,Mobile
8979,734,14,2024-09-28,TabletApp,91,0.86,0,TV
8980,760,14,2025-02-18,SmartTV,98,0.94,0,TV
8981,394,7,2025-04-05,SmartTV,104,0.98,0,Mobile
8982,863,7,2025-01-10,MobileApp,74,0.51,0,TV
8983,1853,9,2024-07-17,SmartTV,128,0.95,0,TV
8984,567,4,2024-11-25,SmartTV,65,0.42,0,TV
8985,255,5,2024-07-10,StreamMax,92,0.94,1,TV
8986,1469,4,2025-01-23,MobileApp,100,0.82,0,Desktop
8987,214,11,2024-10-04,WebBrowser,43,0.4,0,Desktop
8988,1504,6,2025-03-03,WebBrowser,82,0.72,0,TV
8989,1468,5,2024-10-20,StreamMax,77,0.55,0,Tablet
8990,1273,5,2025-02-08,SmartTV,59,0.44,0,Tablet
8991,1501,8,2024-11-21,WebBrowser,55,0.63,0,TV
8992,353,8,2024-06-02,SmartTV,34,0.33,1,Tablet
8993,991,5,2024-06-16,TabletApp,58,0.42,0,Tablet
8994,134,1,2024-08-17,WebBrowser,111,0.79,0,Tablet
8995,279,2,2024-09-19,StreamMax,66,0.44,0,Mobile
8996,1633,11,2024-08-21,StreamMax,110,0.74,0,Mobile
8997,1946,2,2024-09-20,StreamMax,37,0.4,0,Desktop
8998,503,11,2025-02-10,WebBrowser,61,0.56,0,Desktop
8999,1517,1,2025-01-23,MobileApp,37,0.37,0,Mobile
9000,583,5,2024-10-17,TabletApp,144,0.99,1,Desktop
9001,1230,2,2024-10-02,WebBrowser,38,0.39,1,TV
9002,1447,12,2024-11-02,SmartTV,115,0.78,0,Desktop
9003,1596,12,2024-09-15,WebBrowser,46,0.37,0,TV
9004,1990,9,2025-02-23,StreamMax,43,0.32,1,Tablet
9005,503,3,2025-02-19,WebBrowser,64,0.47,0,Tablet
9006,1655,1,2024-09-16,SmartTV,77,0.5,0,TV
9007,727,6,2024-12-05,SmartTV,66,0.47,0,TV
9008,12,3,2024-11-22,MobileApp,108,0.99,0,Desktop
9009,860,3,2025-03-27,StreamMax,45,0.39,0,Desktop
9010,1667,1,2025-04-20,TabletApp,45,0.43,0,Desktop
9011,176,2,2024-09-07,WebBrowser,85,0.93,0,Tablet
9012,730,6,2024-07-15,TabletApp,69,0.52,0,Desktop
9013,1002,1,2025-03-02,StreamMax,144,0.95,0,Desktop
9014,1843,8,2024-07-11,StreamMax,37,0.37,0,Desktop
9015,1620,15,2025-01-22,StreamMax,90,0.72,0,Desktop
9016,573,6,2024-12-05,WebBrowser,110,0.72,0,Desktop
9017,1122,9,2024-11-30,SmartTV,74,0.67,0,TV
9018,1860,11,2024-06-08,WebBrowser,94,0.94,0,Mobile
9019,1475,6,2024-09-30,SmartTV,70,0.45,0,TV
9020,1782,1,2024-08-30,WebBrowser,61,0.54,0,TV
9021,1826,7,2025-03-09,StreamMax,48,0.4,1,TV
9022,34,13,2025-01-15,StreamMax,33,0.36,1,TV
9023,455,5,2025-03-25,WebBrowser,34,0.37,0,Tablet
9024,1319,15,2024-10-21,MobileApp,57,0.5,0,Desktop
9025,1363,2,2025-02-11,MobileApp,95,0.88,0,Desktop
9026,1429,1,2025-04-08,StreamMax,149,0.95,0,TV
9027,835,3,2024-09-12,StreamMax,95,0.91,1,Desktop
9028,1562,6,2024-07-31,TabletApp,90,0.82,0,TV
9029,503,8,2025-02-23,TabletApp,55,0.41,0,Tablet
9030,161,8,2025-01-19,SmartTV,124,0.92,1,Desktop
9031,1054,2,2024-07-26,StreamMax,53,0.56,0,Mobile
9032,83,1,2024-11-18,StreamMax,72,0.71,1,TV
9033,1618,11,2024-09-21,SmartTV,53,0.51,0,TV
9034,691,1,2025-04-25,WebBrowser,69,0.55,0,Mobile
9035,1668,6,2025-02-16,SmartTV,88,0.62,0,Mobile
9036,1774,12,2025-03-16,MobileApp,34,0.35,1,TV
9037,1461,8,2025-03-23,StreamMax,27,0.3,0,Desktop
9038,627,14,2024-07-28,SmartTV,110,0.73,0,Tablet
9039,1134,2,2024-07-04,SmartTV,80,0.61,0,TV
9040,1956,5,2025-01-26,WebBrowser,81,0.55,0,Desktop
9041,1308,1,2025-02-25,MobileApp,118,0.82,0,Tablet
9042,648,1,2025-01-08,WebBrowser,88,0.78,0,Mobile
9043,645,1,2024-07-04,TabletApp,111,0.84,0,Mobile
9044,1391,6,2025-03-05,WebBrowser,87,0.83,0,TV
9045,233,1,2025-03-04,TabletApp,60,0.39,1,Desktop
9046,1713,2,2025-01-13,MobileApp,48,0.4,0,Desktop
9047,527,15,2024-08-12,WebBrowser,70,0.74,0,Desktop
9048,489,14,2024-06-16,MobileApp,53,0.41,0,Mobile
9049,962,11,2024-08-18,SmartTV,48,0.46,1,TV
9050,528,3,2024-10-21,StreamMax,44,0.34,0,Tablet
9051,1296,13,2025-03-06,SmartTV,64,0.68,0,Mobile
9052,959,1,2024-09-01,SmartTV,100,0.84,0,Mobile
9053,1438,14,2025-03-19,MobileApp,71,0.66,0,Desktop
9054,716,14,2024-09-14,TabletApp,101,0.93,1,Desktop
9055,443,11,2024-10-03,StreamMax,38,0.41,0,Mobile
9056,1545,15,2024-12-10,SmartTV,52,0.42,1,Mobile
9057,88,8,2025-01-21,StreamMax,68,0.66,1,Desktop
9058,1589,8,2025-03-11,StreamMax,147,0.98,0,Desktop
9059,344,12,2025-02-05,StreamMax,54,0.48,0,Mobile
9060,1410,12,2024-09-26,TabletApp,71,0.66,1,TV
9061,464,13,2024-12-13,SmartTV,74,0.76,1,Tablet
9062,483,8,2025-01-20,TabletApp,111,0.96,0,TV
9063,264,6,2024-12-31,MobileApp,34,0.3,0,Tablet
9064,56,13,2025-01-03,WebBrowser,40,0.44,0,Mobile
9065,1535,1,2024-07-22,TabletApp,78,0.84,0,TV
9066,278,2,2024-07-24,MobileApp,66,0.6,1,Tablet
9067,323,4,2024-07-24,WebBrowser,133,0.86,0,TV
9068,397,6,2024-09-25,StreamMax,75,0.49,0,Mobile
9069,1444,10,2024-12-10,StreamMax,115,0.83,1,Desktop
9070,439,3,2024-12-31,MobileApp,83,0.86,0,Mobile
9071,1063,14,2024-10-17,WebBrowser,102,0.66,0,Tablet
9072,153,6,2024-06-16,TabletApp,84,0.91,0,Desktop
9073,1549,8,2024-08-22,WebBrowser,44,0.31,1,TV
9074,437,12,2024-07-15,WebBrowser,76,0.57,1,Desktop
9075,1153,7,2024-07-13,SmartTV,89,0.93,0,Desktop
9076,1271,11,2024-07-18,MobileApp,27,0.31,1,Tablet
9077,1628,6,2024-11-15,TabletApp,89,0.96,0,Tablet
9078,1003,2,2025-01-20,TabletApp,104,0.72,0,Desktop
9079,710,1,2025-02-22,WebBrowser,101,0.91,0,TV
9080,690,8,2025-02-18,TabletApp,75,0.58,1,Desktop
9081,749,8,2025-01-30,MobileApp,64,0.51,0,Tablet
9082,318,10,2024-09-06,SmartTV,48,0.48,0,Desktop
9083,1182,15,2025-04-11,StreamMax,77,0.77,0,Tablet
9084,1786,10,2025-02-12,MobileApp,138,0.98,1,Mobile
9085,488,13,2025-02-06,SmartTV,78,0.55,0,Tablet
9086,70,10,2024-12-11,MobileApp,95,0.65,0,TV
9087,1578,1,2024-07-12,SmartTV,77,0.58,0,Mobile
9088,1519,1,2024-06-15,StreamMax,71,0.46,0,Mobile
9089,1154,14,2024-08-09,WebBrowser,116,0.93,0,Desktop
9090,1172,1,2025-01-15,TabletApp,60,0.46,0,Desktop
9091,1534,11,2024-11-04,MobileApp,37,0.33,0,Desktop
9092,478,11,2024-08-17,WebBrowser,62,0.67,0,TV
9093,117,12,2024-11-11,MobileApp,49,0.36,0,TV
9094,485,1,2025-03-19,StreamMax,53,0.51,0,Mobile
9095,1576,2,2024-09-05,SmartTV,86,0.76,0,TV
9096,194,10,2025-03-11,SmartTV,82,0.76,0,TV
9097,1976,14,2024-12-14,TabletApp,66,0.54,0,TV
9098,1571,11,2024-12-02,MobileApp,48,0.55,1,Tablet
9099,573,13,2024-11-10,WebBrowser,61,0.47,0,TV
9100,983,6,2024-12-07,MobileApp,70,0.59,0,Desktop
9101,1196,1,2025-04-12,StreamMax,97,0.72,0,Desktop
9102,1327,1,2025-01-03,MobileApp,37,0.38,0,Tablet
9103,555,10,2024-09-18,SmartTV,88,0.63,0,TV
9104,1581,2,2025-01-23,StreamMax,115,0.96,0,Tablet
9105,90,3,2025-04-11,TabletApp,126,0.88,0,Tablet
9106,204,8,2025-02-02,WebBrowser,79,0.78,0,Mobile
9107,1523,8,2025-02-04,WebBrowser,55,0.48,0,Mobile
9108,1654,9,2025-01-30,MobileApp,81,0.64,0,Mobile
9109,182,10,2025-01-08,TabletApp,82,0.54,0,Tablet
9110,1170,1,2024-12-19,WebBrowser,105,0.87,1,Tablet
9111,444,4,2024-07-11,TabletApp,83,0.57,0,Tablet
9112,1756,10,2025-03-19,SmartTV,98,0.73,0,TV
9113,1622,1,2024-08-17,MobileApp,57,0.4,0,TV
9114,833,2,2024-12-28,MobileApp,76,0.86,0,TV
9115,1420,5,2024-10-26,SmartTV,111,0.87,0,Mobile
9116,1654,13,2025-02-05,TabletApp,107,0.84,0,Desktop
9117,1364,15,2025-02-26,WebBrowser,54,0.41,0,TV
9118,628,8,2024-12-13,WebBrowser,123,0.93,0,Desktop
9119,1038,15,2024-11-15,MobileApp,66,0.53,0,TV
9120,1195,15,2024-09-24,TabletApp,93,0.63,0,Tablet
9121,1907,10,2025-01-06,TabletApp,77,0.68,0,TV
9122,202,12,2025-01-06,SmartTV,73,0.71,0,Tablet
9123,1711,10,2024-08-13,TabletApp,115,0.92,0,Desktop
9124,690,10,2024-07-16,WebBrowser,133,0.86,0,Tablet
9125,960,11,2025-02-06,StreamMax,137,0.87,0,Desktop
9126,1773,10,2025-01-09,WebBrowser,116,0.86,0,Tablet
9127,1289,1,2025-04-23,StreamMax,37,0.32,0,Mobile
9128,45,1,2024-07-17,StreamMax,115,0.9,0,Tablet
9129,1879,1,2024-10-31,TabletApp,47,0.52,0,Tablet
9130,267,1,2024-11-03,MobileApp,64,0.51,0,Tablet
9131,855,14,2024-06-11,StreamMax,81,0.52,0,Desktop
9132,60,14,2024-12-22,TabletApp,69,0.63,0,Desktop
9133,677,8,2024-11-20,MobileApp,64,0.54,0,Mobile
9134,1370,14,2025-02-28,SmartTV,55,0.38,1,Tablet
9135,1976,10,2024-07-30,TabletApp,87,0.88,0,Mobile
9136,1862,12,2024-10-22,TabletApp,123,0.98,0,Mobile
9137,764,4,2025-02-22,TabletApp,77,0.5,0,TV
9138,1792,6,2024-07-06,MobileApp,87,0.92,1,Desktop
9139,1537,3,2025-02-15,SmartTV,90,0.93,0,TV
9140,826,1,2024-11-27,MobileApp,99,0.99,0,TV
9141,768,1,2024-08-10,TabletApp,50,0.49,0,Tablet
9142,1320,6,2025-04-05,MobileApp,100,0.91,1,Tablet
9143,1131,8,2025-01-15,TabletApp,63,0.67,0,Tablet
9144,1305,1,2025-03-26,StreamMax,56,0.52,0,Desktop
9145,1501,8,2025-02-09,TabletApp,57,0.62,0,Desktop
9146,1465,6,2024-12-21,MobileApp,85,0.71,0,Desktop
9147,95,3,2025-04-10,WebBrowser,119,0.76,1,Mobile
9148,503,8,2024-12-22,WebBrowser,76,0.59,0,Mobile
9149,754,1,2025-02-02,WebBrowser,37,0.39,1,TV
9150,1581,1,2024-08-02,WebBrowser,77,0.61,0,Mobile
9151,1386,10,2025-03-07,TabletApp,113,0.89,0,Mobile
9152,1604,6,2024-12-31,StreamMax,149,0.95,0,Mobile
9153,1461,3,2025-03-27,TabletApp,131,0.96,0,TV
9154,968,6,2024-11-19,WebBrowser,33,0.36,0,TV
9155,1991,1,2024-09-17,WebBrowser,69,0.53,0,Mobile
9156,600,8,2024-12-28,MobileApp,113,0.85,0,Desktop
9157,394,3,2024-07-14,SmartTV,45,0.36,0,Tablet
9158,478,3,2024-09-18,WebBrowser,65,0.51,0,Desktop
9159,27,14,2024-07-23,TabletApp,60,0.46,1,Tablet
9160,1637,14,2024-10-13,TabletApp,73,0.59,1,Mobile
9161,1508,10,2024-12-01,MobileApp,98,0.94,0,Desktop
9162,985,3,2024-10-29,MobileApp,84,0.75,0,Desktop
9163,1278,14,2025-02-15,TabletApp,96,0.75,0,TV
9164,1954,1,2024-10-20,TabletApp,119,0.88,0,TV
9165,108,10,2024-06-08,WebBrowser,73,0.83,0,TV
9166,1915,6,2024-07-19,MobileApp,67,0.7,0,Mobile
9167,221,1,2025-01-09,TabletApp,82,0.78,0,Mobile
9168,761,10,2024-12-18,MobileApp,44,0.5,0,Tablet
9169,1526,1,2025-04-11,SmartTV,57,0.63,0,Desktop
9170,1747,1,2024-11-16,TabletApp,76,0.76,0,Tablet
9171,1875,10,2024-08-25,WebBrowser,66,0.55,0,Tablet
9172,432,7,2024-12-04,SmartTV,92,0.74,0,TV
9173,270,1,2024-08-01,SmartTV,43,0.31,0,TV
9174,1167,1,2024-06-08,MobileApp,46,0.37,0,TV
9175,821,6,2024-09-18,StreamMax,111,0.92,0,Desktop
9176,1639,14,2024-07-20,SmartTV,93,0.87,1,Desktop
9177,1971,6,2024-06-14,WebBrowser,43,0.39,0,Desktop
9178,1225,6,2024-07-23,MobileApp,59,0.64,1,TV
9179,1411,1,2025-04-15,TabletApp,110,0.78,1,Tablet
9180,1617,8,2024-12-09,StreamMax,54,0.54,0,Tablet
9181,1224,1,2024-07-05,StreamMax,137,0.92,0,Desktop
9182,1112,15,2025-01-21,SmartTV,71,0.69,0,Desktop
9183,68,9,2024-06-25,StreamMax,53,0.36,0,Tablet
9184,25,3,2024-10-06,WebBrowser,89,0.9,0,Mobile
9185,839,2,2024-07-17,SmartTV,108,0.9,0,Tablet
9186,1727,15,2025-03-19,WebBrowser,125,0.95,0,Tablet
9187,339,14,2025-02-02,WebBrowser,108,0.9,0,Desktop
9188,577,13,2025-01-08,TabletApp,55,0.43,0,Tablet
9189,1158,8,2025-01-05,MobileApp,94,0.67,1,TV
9190,685,12,2024-06-16,TabletApp,58,0.56,0,Tablet
9191,484,1,2024-11-20,TabletApp,49,0.43,0,Tablet
9192,1986,1,2025-04-30,WebBrowser,116,0.78,0,Mobile
9193,1015,1,2024-10-09,TabletApp,102,0.93,0,Desktop
9194,1617,11,2024-09-06,TabletApp,52,0.36,0,Mobile
9195,128,1,2025-01-09,MobileApp,97,0.74,0,Mobile
9196,1770,6,2024-11-01,WebBrowser,88,0.71,0,Tablet
9197,1520,6,2025-04-05,SmartTV,50,0.5,1,Desktop
9198,1803,8,2025-04-09,StreamMax,78,0.56,0,Tablet
9199,1580,1,2025-03-15,MobileApp,69,0.48,0,Mobile
9200,1941,2,2024-09-12,MobileApp,69,0.56,0,TV
9201,617,6,2025-02-28,WebBrowser,112,0.82,0,Mobile
9202,1211,4,2024-12-08,StreamMax,92,0.8,1,Desktop
9203,1979,2,2024-07-04,WebBrowser,71,0.57,0,Mobile
9204,69,8,2025-04-06,StreamMax,49,0.54,0,Desktop
9205,746,6,2025-04-25,WebBrowser,106,0.98,0,TV
9206,1716,1,2024-11-18,WebBrowser,38,0.32,0,TV
9207,1867,8,2025-03-04,SmartTV,90,0.74,0,TV
9208,1551,8,2024-12-28,SmartTV,76,0.78,0,Desktop
9209,536,4,2024-12-26,StreamMax,50,0.36,0,Desktop
9210,1790,2,2024-07-28,StreamMax,141,0.94,0,TV
9211,1974,5,2024-06-08,WebBrowser,55,0.59,0,Tablet
9212,399,8,2024-07-20,TabletApp,44,0.43,0,Tablet
9213,856,14,2025-04-23,MobileApp,87,0.57,0,Tablet
9214,1490,1,2025-04-25,StreamMax,61,0.6,0,Tablet
9215,1217,2,2024-09-07,WebBrowser,30,0.33,1,TV
9216,1325,15,2024-08-12,StreamMax,47,0.41,0,TV
9217,620,5,2025-02-27,TabletApp,50,0.36,0,Tablet
9218,179,14,2025-01-10,TabletApp,121,0.77,0,TV
9219,1168,10,2024-06-22,TabletApp,124,0.79,0,Desktop
9220,1725,1,2025-03-22,WebBrowser,34,0.31,0,Tablet
9221,411,12,2024-12-13,SmartTV,79,0.54,0,Tablet
9222,527,4,2024-09-01,TabletApp,41,0.32,1,Desktop
9223,1336,1,2025-03-24,SmartTV,71,0.51,0,Tablet
9224,229,6,2024-12-31,TabletApp,132,0.84,0,TV
9225,624,13,2025-04-12,WebBrowser,94,0.97,1,TV
9226,1990,7,2024-10-31,SmartTV,87,0.71,0,Tablet
9227,372,1,2024-11-29,TabletApp,55,0.45,0,TV
9228,84,1,2025-02-21,SmartTV,46,0.44,0,Mobile
9229,1704,1,2024-07-04,MobileApp,109,0.91,0,TV
9230,1710,2,2024-08-21,WebBrowser,39,0.45,0,Tablet
9231,1448,3,2024-11-27,StreamMax,37,0.43,0,Tablet
9232,1166,8,2025-04-19,SmartTV,93,0.88,1,Desktop
9233,768,10,2025-03-25,TabletApp,66,0.62,1,TV
9234,839,14,2025-01-14,TabletApp,63,0.51,1,Desktop
9235,772,4,2024-11-07,WebBrowser,131,0.86,0,Tablet
9236,58,8,2024-07-08,MobileApp,116,0.79,1,TV
9237,1153,7,2025-02-19,WebBrowser,45,0.33,0,TV
9238,1058,1,2025-03-15,StreamMax,114,0.99,0,Tablet
9239,876,7,2025-01-17,StreamMax,52,0.44,1,Mobile
9240,760,1,2025-04-16,MobileApp,111,0.75,0,Desktop
9241,1583,5,2025-02-07,TabletApp,59,0.57,1,TV
9242,638,3,2024-08-05,WebBrowser,65,0.56,0,Desktop
9243,1747,14,2025-01-08,WebBrowser,110,0.72,0,Tablet
9244,1000,7,2024-09-10,SmartTV,117,0.96,0,Desktop
9245,357,15,2025-02-12,SmartTV,90,0.77,0,Tablet
9246,99,1,2025-01-05,MobileApp,121,0.93,0,TV
9247,1330,10,2024-12-12,TabletApp,56,0.53,0,Mobile
9248,164,11,2025-02-11,WebBrowser,109,0.8,1,Tablet
9249,256,10,2024-11-12,StreamMax,66,0.59,0,Tablet
9250,748,13,2025-03-21,TabletApp,58,0.4,0,Tablet
9251,1149,5,2024-06-25,MobileApp,75,0.84,0,Mobile
9252,283,2,2025-01-01,MobileApp,80,0.83,1,TV
9253,962,8,2025-04-13,MobileApp,94,0.7,0,Mobile
9254,1414,2,2024-07-14,WebBrowser,36,0.38,0,Tablet
9255,1793,8,2025-01-11,SmartTV,76,0.62,1,Tablet
9256,1217,3,2024-08-23,SmartTV,71,0.77,0,Mobile
9257,358,7,2025-02-03,TabletApp,123,0.91,0,Desktop
9258,1516,1,2024-07-22,WebBrowser,119,0.8,0,Mobile
9259,808,7,2025-03-22,WebBrowser,102,0.83,0,Mobile
9260,404,1,2025-03-29,TabletApp,58,0.4,0,Tablet
9261,1637,7,2024-11-29,TabletApp,113,0.77,0,Mobile
9262,63,8,2025-04-21,StreamMax,42,0.32,0,Tablet
9263,1383,11,2025-04-01,WebBrowser,52,0.37,0,Mobile
9264,1918,2,2024-06-20,StreamMax,38,0.37,0,Tablet
9265,720,2,2024-11-26,TabletApp,135,0.9,0,Mobile
9266,1499,1,2025-04-25,TabletApp,87,0.76,0,Desktop
9267,1259,3,2025-03-06,TabletApp,89,0.61,0,TV
9268,1545,1,2024-12-16,StreamMax,93,0.61,0,TV
9269,258,6,2024-11-21,WebBrowser,109,0.79,0,Desktop
9270,1998,2,2024-12-15,WebBrowser,87,0.9,0,Mobile
9271,977,13,2024-07-14,StreamMax,36,0.34,0,Tablet
9272,1909,2,2024-08-03,WebBrowser,85,0.68,0,Mobile
9273,1171,6,2024-09-11,TabletApp,93,0.67,0,Tablet
9274,846,15,2024-10-05,WebBrowser,84,0.69,0,Tablet
9275,842,1,2025-03-01,StreamMax,72,0.55,1,Desktop
9276,993,1,2025-04-21,StreamMax,89,0.78,0,Desktop
9277,1699,11,2025-03-02,SmartTV,31,0.36,1,Tablet
9278,1516,8,2024-08-11,SmartTV,72,0.72,0,Tablet
9279,1840,2,2024-10-25,TabletApp,58,0.54,0,Mobile
9280,10,2,2025-02-12,StreamMax,147,0.96,0,Mobile
9281,1741,11,2024-11-15,WebBrowser,111,0.73,0,TV
9282,1519,15,2024-09-16,WebBrowser,47,0.5,0,TV
9283,1918,1,2025-02-06,TabletApp,44,0.38,0,Mobile
9284,1449,14,2025-04-05,TabletApp,111,0.74,0,Tablet
9285,1242,7,2025-02-09,MobileApp,104,0.85,1,Desktop
9286,1309,3,2024-09-17,SmartTV,88,0.6,0,TV
9287,851,11,2024-10-02,StreamMax,100,1.0,0,Tablet
9288,1685,2,2024-11-23,MobileApp,79,0.82,0,Mobile
9289,289,7,2024-10-28,MobileApp,87,0.65,0,Desktop
9290,1527,1,2025-01-20,StreamMax,63,0.61,0,Mobile
9291,402,5,2024-10-28,TabletApp,78,0.52,0,Desktop
9292,1642,8,2025-01-28,SmartTV,57,0.5,0,Desktop
9293,1866,2,2024-10-12,TabletApp,64,0.59,0,Desktop
9294,102,6,2024-07-07,StreamMax,58,0.39,1,Mobile
9295,460,1,2025-02-16,MobileApp,54,0.47,0,Desktop
9296,920,8,2025-04-07,SmartTV,75,0.63,0,Tablet
9297,1303,12,2025-01-06,WebBrowser,107,0.77,0,TV
9298,361,1,2024-09-12,TabletApp,84,0.58,0,Desktop
9299,76,1,2025-01-06,MobileApp,59,0.59,0,Tablet
9300,1136,7,2025-03-16,MobileApp,55,0.48,0,Tablet
9301,1597,10,2024-10-13,SmartTV,117,0.88,0,Desktop
9302,1295,6,2025-04-02,StreamMax,86,0.55,0,Mobile
9303,1063,3,2025-01-30,StreamMax,88,0.88,0,Desktop
9304,888,10,2025-02-14,TabletApp,101,0.96,0,TV
9305,1203,8,2024-10-16,SmartTV,63,0.63,1,TV
9306,289,5,2024-11-20,TabletApp,61,0.4,0,Desktop
9307,1860,14,2024-08-12,MobileApp,72,0.76,1,Mobile
9308,1609,2,2024-10-07,TabletApp,68,0.73,0,Desktop
9309,414,1,2024-07-26,WebBrowser,53,0.41,0,Mobile
9310,493,8,2024-10-09,WebBrowser,76,0.65,1,TV
9311,1436,5,2024-11-26,StreamMax,80,0.92,1,Tablet
9312,1044,1,2025-04-14,WebBrowser,108,0.7,0,TV
9313,1020,10,2024-09-17,SmartTV,143,1.0,0,Desktop
9314,577,7,2024-06-03,StreamMax,37,0.38,0,Desktop
9315,1804,8,2024-06-25,StreamMax,42,0.43,0,Tablet
9316,500,8,2024-12-10,MobileApp,50,0.57,0,Mobile
9317,1993,1,2025-04-04,MobileApp,96,0.85,0,Desktop
9318,1446,1,2025-02-14,MobileApp,50,0.55,0,Mobile
9319,687,11,2024-08-08,MobileApp,82,0.69,0,Desktop
9320,691,7,2024-11-11,TabletApp,115,0.77,1,Tablet
9321,1457,8,2024-09-11,MobileApp,87,0.81,1,TV
9322,1878,8,2025-02-23,StreamMax,106,0.77,0,Mobile
9323,1362,1,2024-12-19,SmartTV,46,0.44,1,Mobile
9324,113,8,2025-01-20,MobileApp,63,0.59,0,TV
9325,1474,6,2024-07-28,SmartTV,100,0.71,0,Desktop
9326,1801,8,2024-06-28,StreamMax,76,0.58,0,Tablet
9327,67,15,2024-07-19,SmartTV,113,0.76,0,Mobile
9328,1218,1,2025-01-04,WebBrowser,110,0.75,0,TV
9329,1512,8,2024-11-10,WebBrowser,76,0.51,0,Desktop
9330,282,12,2024-11-01,MobileApp,66,0.62,0,Desktop
9331,710,9,2025-03-07,WebBrowser,60,0.67,0,Desktop
9332,266,8,2025-01-31,MobileApp,40,0.3,0,Tablet
9333,1563,1,2025-01-18,TabletApp,66,0.45,0,Mobile
9334,1709,3,2025-02-23,TabletApp,35,0.33,0,TV
9335,952,10,2024-10-14,StreamMax,75,0.62,0,TV
9336,505,1,2025-02-28,TabletApp,74,0.48,0,TV
9337,1364,10,2024-07-10,MobileApp,56,0.36,0,Mobile
9338,1290,1,2025-02-17,MobileApp,75,0.69,0,Tablet
9339,1450,11,2024-09-18,StreamMax,40,0.42,0,TV
9340,139,6,2024-07-07,MobileApp,68,0.65,1,Tablet
9341,1307,2,2024-07-14,StreamMax,72,0.8,0,Mobile
9342,890,6,2024-08-18,SmartTV,69,0.46,0,Tablet
9343,446,1,2025-04-30,StreamMax,84,0.91,0,TV
9344,462,14,2024-06-18,MobileApp,41,0.41,1,Tablet
9345,349,5,2025-01-10,TabletApp,72,0.62,0,TV
9346,1899,7,2024-08-18,SmartTV,89,0.66,0,Tablet
9347,257,3,2024-12-17,SmartTV,54,0.6,0,Desktop
9348,1797,11,2024-08-24,MobileApp,78,0.67,0,Tablet
9349,474,6,2025-01-08,MobileApp,96,0.82,0,TV
9350,178,5,2025-01-29,SmartTV,98,0.75,0,TV
9351,1331,7,2025-03-08,TabletApp,44,0.33,0,Tablet
9352,1218,10,2024-12-17,SmartTV,120,0.76,1,Mobile
9353,797,6,2025-01-01,MobileApp,62,0.45,0,TV
9354,1769,1,2024-06-24,TabletApp,51,0.35,1,Mobile
9355,561,14,2025-04-07,WebBrowser,125,0.93,0,Mobile
9356,874,2,2024-09-01,StreamMax,145,0.92,0,TV
9357,1954,5,2025-03-10,WebBrowser,44,0.36,0,TV
9358,572,1,2024-12-27,MobileApp,58,0.62,1,Tablet
9359,1844,5,2024-12-23,TabletApp,91,0.91,1,TV
9360,535,2,2025-04-23,MobileApp,104,0.75,0,TV
9361,186,10,2025-01-05,SmartTV,137,0.91,0,TV
9362,1240,7,2025-04-14,MobileApp,86,0.55,0,Mobile
9363,1802,11,2025-02-15,TabletApp,44,0.44,0,Mobile
9364,1119,12,2024-08-02,StreamMax,68,0.51,1,Mobile
9365,898,13,2025-03-24,SmartTV,84,0.71,0,TV
9366,1446,1,2024-06-20,TabletApp,134,0.87,0,Tablet
9367,1628,9,2024-08-07,TabletApp,82,0.76,1,Desktop
9368,1283,11,2025-03-24,WebBrowser,96,0.98,1,Desktop
9369,1468,9,2025-04-10,TabletApp,98,0.87,0,Mobile
9370,1049,10,2024-11-28,MobileApp,112,0.85,0,Tablet
9371,971,9,2024-06-17,MobileApp,51,0.55,1,Mobile
9372,155,14,2025-04-19,MobileApp,134,0.99,0,Tablet
9373,1397,6,2024-11-09,SmartTV,70,0.8,1,Desktop
9374,1220,3,2025-04-30,SmartTV,92,0.64,0,Mobile
9375,1293,1,2024-11-30,SmartTV,64,0.48,0,Tablet
9376,359,1,2024-07-06,StreamMax,32,0.37,1,Tablet
9377,1469,2,2024-11-24,WebBrowser,77,0.8,0,Mobile
9378,1230,14,2025-01-28,MobileApp,126,0.84,0,Desktop
9379,736,8,2024-11-22,TabletApp,111,0.78,0,Desktop
9380,542,6,2024-08-12,MobileApp,75,0.49,1,TV
9381,927,1,2024-12-04,TabletApp,38,0.41,0,Mobile
9382,1313,9,2024-12-28,SmartTV,116,0.94,1,TV
9383,742,14,2024-07-18,WebBrowser,72,0.63,0,TV
9384,477,1,2025-02-15,TabletApp,62,0.4,0,Tablet
9385,518,4,2025-01-08,WebBrowser,64,0.57,0,Desktop
9386,561,7,2025-04-27,TabletApp,52,0.41,0,Tablet
9387,1527,14,2024-12-07,TabletApp,71,0.7,0,Mobile
9388,1576,13,2024-10-09,WebBrowser,87,0.71,0,Tablet
9389,990,8,2024-09-24,SmartTV,70,0.68,0,Tablet
9390,1367,2,2025-03-29,WebBrowser,40,0.4,1,Desktop
9391,737,2,2025-04-23,WebBrowser,96,0.86,1,TV
9392,1687,2,2024-12-18,MobileApp,130,0.97,0,Tablet
9393,1789,7,2024-08-18,TabletApp,49,0.5,1,TV
9394,240,8,2024-08-26,SmartTV,116,0.9,1,Mobile
9395,1289,2,2025-03-10,StreamMax,110,0.99,0,Desktop
9396,633,5,2025-04-12,TabletApp,95,0.88,0,Desktop
9397,932,13,2024-10-07,SmartTV,102,0.85,0,Tablet
9398,1742,6,2025-03-21,StreamMax,39,0.39,0,Tablet
9399,955,1,2024-09-04,StreamMax,86,0.95,0,Desktop
9400,957,8,2024-07-27,TabletApp,71,0.68,1,TV
9401,1533,3,2025-02-07,SmartTV,81,0.54,0,TV
9402,147,5,2024-08-08,SmartTV,98,0.95,0,TV
9403,821,1,2025-02-09,SmartTV,62,0.44,0,Tablet
9404,886,6,2024-07-12,StreamMax,134,0.97,1,Tablet
9405,780,11,2025-03-20,TabletApp,64,0.57,0,Mobile
9406,1584,8,2025-04-23,MobileApp,124,0.79,0,Tablet
9407,392,13,2025-03-18,MobileApp,78,0.54,0,Tablet
9408,390,3,2024-06-24,StreamMax,106,0.8,1,Tablet
9409,564,2,2024-08-10,MobileApp,106,0.88,0,Tablet
9410,489,11,2025-03-27,WebBrowser,26,0.3,0,Desktop
9411,650,5,2025-03-25,WebBrowser,36,0.38,0,Desktop
9412,710,4,2024-10-11,TabletApp,102,0.72,0,TV
9413,231,6,2024-06-02,MobileApp,68,0.63,1,TV
9414,658,8,2024-07-31,SmartTV,37,0.34,0,TV
9415,16,6,2024-08-25,TabletApp,72,0.65,0,Mobile
9416,780,3,2024-08-06,TabletApp,63,0.41,1,Desktop
9417,357,9,2025-03-13,StreamMax,31,0.31,1,TV
9418,1939,11,2024-08-01,WebBrowser,67,0.61,1,TV
9419,445,8,2025-02-19,TabletApp,107,0.74,0,TV
9420,1819,8,2024-08-10,TabletApp,104,0.68,0,Tablet
9421,1619,6,2024-08-16,TabletApp,93,0.92,1,TV
9422,1363,12,2025-02-13,WebBrowser,100,0.79,0,TV
9423,1105,10,2024-06-29,SmartTV,60,0.68,0,Mobile
9424,488,6,2025-04-27,TabletApp,78,0.71,0,Mobile
9425,795,1,2025-01-27,StreamMax,67,0.67,0,Mobile
9426,1478,10,2024-09-08,SmartTV,111,0.81,0,Mobile
9427,1581,5,2024-12-12,SmartTV,75,0.58,0,TV
9428,1907,1,2024-10-11,StreamMax,60,0.39,0,Mobile
9429,829,1,2025-04-07,SmartTV,83,0.8,0,Tablet
9430,1909,1,2024-08-05,WebBrowser,67,0.45,0,TV
9431,119,4,2024-12-03,MobileApp,115,0.87,0,Desktop
9432,1878,2,2025-03-21,WebBrowser,94,0.69,1,TV
9433,24,1,2024-12-03,WebBrowser,58,0.54,0,TV
9434,1684,13,2024-08-01,WebBrowser,54,0.46,1,Desktop
9435,1158,15,2025-01-28,TabletApp,92,0.85,1,TV
9436,373,1,2024-08-16,StreamMax,103,0.66,0,Tablet
9437,1587,10,2024-10-05,SmartTV,125,0.97,0,Tablet
9438,879,8,2025-01-04,SmartTV,126,0.99,0,Tablet
9439,496,8,2025-01-23,SmartTV,88,0.97,0,Mobile
9440,1960,1,2024-09-27,MobileApp,98,0.9,0,Tablet
9441,337,14,2025-04-20,MobileApp,60,0.53,0,Tablet
9442,577,7,2024-11-26,SmartTV,118,0.86,0,Mobile
9443,401,11,2024-09-10,WebBrowser,56,0.42,0,Desktop
9444,217,15,2025-03-23,MobileApp,81,0.88,0,Tablet
9445,985,1,2025-01-28,TabletApp,66,0.65,0,Mobile
9446,1333,6,2024-12-17,TabletApp,34,0.33,0,Mobile
9447,1253,9,2024-08-26,SmartTV,84,0.61,0,Tablet
9448,1546,4,2024-12-04,MobileApp,49,0.42,0,Tablet
9449,1291,2,2024-06-21,TabletApp,45,0.41,0,Mobile
9450,1922,7,2025-03-04,StreamMax,85,0.86,0,Mobile
9451,1516,15,2025-02-21,StreamMax,58,0.56,0,TV
9452,40,11,2024-08-12,StreamMax,93,0.61,0,Desktop
9453,360,2,2024-11-07,MobileApp,67,0.51,1,Tablet
9454,875,13,2025-03-11,SmartTV,38,0.39,0,TV
9455,1342,5,2024-07-15,StreamMax,74,0.71,0,TV
9456,629,6,2024-11-04,SmartTV,36,0.38,0,Desktop
9457,773,13,2024-07-04,WebBrowser,60,0.67,0,Desktop
9458,318,1,2025-03-18,WebBrowser,99,0.88,0,Tablet
9459,756,8,2024-07-21,MobileApp,103,1.0,0,Mobile
9460,664,4,2024-09-18,SmartTV,124,0.83,0,TV
9461,538,7,2025-02-24,WebBrowser,63,0.43,0,Desktop
9462,1345,14,2024-09-06,TabletApp,67,0.59,0,Mobile
9463,953,3,2024-08-31,TabletApp,29,0.32,0,TV
9464,1018,6,2025-04-22,StreamMax,69,0.67,0,Tablet
9465,1613,10,2024-09-27,StreamMax,68,0.45,0,TV
9466,844,1,2025-01-28,MobileApp,41,0.31,0,TV
9467,817,2,2024-11-21,WebBrowser,48,0.34,0,Desktop
9468,1485,10,2024-11-08,StreamMax,64,0.53,0,TV
9469,327,8,2025-02-02,TabletApp,33,0.36,0,Tablet
9470,1086,8,2025-01-18,SmartTV,91,0.99,1,Tablet
9471,939,5,2024-09-11,WebBrowser,91,0.68,1,TV
9472,1971,15,2025-02-22,StreamMax,61,0.68,0,TV
9473,1254,10,2024-06-18,MobileApp,62,0.54,1,Mobile
9474,1460,13,2025-04-02,WebBrowser,97,0.86,0,TV
9475,1462,1,2024-08-06,WebBrowser,95,0.97,1,TV
9476,1946,8,2024-11-10,StreamMax,46,0.39,0,Desktop
9477,843,6,2024-06-06,SmartTV,34,0.37,0,Desktop
9478,1363,2,2024-11-13,TabletApp,56,0.44,0,TV
9479,1776,5,2024-11-06,MobileApp,101,0.8,0,Desktop
9480,1964,1,2024-09-01,MobileApp,91,0.79,0,TV
9481,927,14,2025-01-31,WebBrowser,67,0.66,0,Desktop
9482,258,10,2024-12-21,StreamMax,54,0.56,0,Tablet
9483,606,2,2025-02-09,TabletApp,145,0.99,0,Tablet
9484,946,3,2025-04-05,MobileApp,83,0.66,0,Desktop
9485,979,1,2024-07-21,MobileApp,45,0.38,0,Mobile
9486,1479,7,2025-04-28,StreamMax,84,0.62,0,Desktop
9487,819,10,2024-09-09,WebBrowser,98,0.96,0,Mobile
9488,828,2,2025-02-07,MobileApp,66,0.47,0,Tablet
9489,1482,8,2025-01-12,StreamMax,63,0.69,0,Tablet
9490,682,10,2024-09-12,MobileApp,105,0.68,0,Mobile
9491,1758,8,2024-11-06,MobileApp,45,0.3,0,Tablet
9492,508,14,2024-06-15,StreamMax,42,0.45,0,Mobile
9493,326,15,2024-08-03,StreamMax,97,0.74,1,TV
9494,1137,14,2024-07-06,SmartTV,37,0.42,0,Tablet
9495,1234,12,2024-11-29,TabletApp,115,0.89,0,Tablet
9496,811,10,2024-11-20,SmartTV,63,0.48,1,Desktop
9497,1716,11,2025-02-27,TabletApp,69,0.78,0,TV
9498,695,13,2024-10-30,WebBrowser,133,0.87,0,Tablet
9499,456,1,2024-09-01,WebBrowser,92,1.0,0,Mobile
9500,98,13,2025-04-11,SmartTV,90,0.71,0,Tablet
9501,1238,5,2025-03-05,StreamMax,124,0.8,0,Desktop
9502,547,14,2024-09-18,SmartTV,75,0.49,0,TV
9503,665,2,2024-06-10,StreamMax,131,0.86,1,TV
9504,476,7,2025-04-03,MobileApp,119,0.78,0,TV
9505,573,8,2025-04-13,WebBrowser,92,0.75,0,Tablet
9506,1598,1,2025-01-17,WebBrowser,54,0.61,0,TV
9507,1463,5,2024-12-13,TabletApp,32,0.35,0,Desktop
9508,330,8,2024-11-23,WebBrowser,100,0.68,0,Desktop
9509,1569,4,2025-02-06,TabletApp,61,0.59,1,Tablet
9510,1915,6,2024-10-21,TabletApp,65,0.66,0,TV
9511,1947,3,2024-12-03,MobileApp,66,0.46,0,Desktop
9512,114,1,2025-04-08,TabletApp,57,0.41,0,Mobile
9513,77,6,2025-02-03,StreamMax,118,0.81,0,Mobile
9514,646,4,2025-03-06,MobileApp,87,0.8,1,Desktop
9515,294,5,2024-11-19,WebBrowser,54,0.55,0,TV
9516,1256,2,2024-12-26,TabletApp,58,0.62,1,Tablet
9517,1245,2,2024-09-14,StreamMax,74,0.74,0,Desktop
9518,189,11,2024-07-24,StreamMax,28,0.31,0,Mobile
9519,292,5,2024-06-08,WebBrowser,77,0.59,0,TV
9520,551,2,2024-06-17,TabletApp,74,0.48,0,Mobile
9521,1601,6,2025-01-14,SmartTV,61,0.42,1,Tablet
9522,1344,1,2024-08-11,TabletApp,90,0.76,0,Tablet
9523,1149,2,2024-09-27,SmartTV,121,0.84,0,Desktop
9524,1638,12,2025-04-24,StreamMax,95,0.66,0,TV
9525,1225,7,2024-11-25,TabletApp,113,0.73,0,Tablet
9526,1928,1,2025-04-19,StreamMax,126,0.85,0,Tablet
9527,1796,10,2024-11-24,StreamMax,50,0.49,0,Tablet
9528,1214,5,2025-01-13,TabletApp,91,0.76,0,Mobile
9529,240,5,2025-02-03,MobileApp,75,0.86,0,Tablet
9530,1661,6,2025-04-27,TabletApp,41,0.47,1,Mobile
9531,1738,11,2025-04-19,MobileApp,126,0.84,0,TV
9532,385,4,2024-07-13,SmartTV,80,0.71,0,Tablet
9533,1934,3,2025-02-03,WebBrowser,75,0.5,0,TV
9534,1816,1,2025-04-06,WebBrowser,91,0.67,1,TV
9535,124,14,2025-01-11,StreamMax,37,0.33,1,Mobile
9536,1477,3,2024-08-23,StreamMax,37,0.35,0,Mobile
9537,1292,15,2024-07-17,SmartTV,71,0.58,0,Mobile
9538,666,8,2024-09-10,MobileApp,102,0.67,0,Tablet
9539,1137,7,2025-03-15,TabletApp,79,0.7,0,Desktop
9540,1588,4,2024-08-11,WebBrowser,104,0.87,0,TV
9541,1842,6,2024-06-21,WebBrowser,64,0.43,0,TV
9542,415,13,2025-03-07,WebBrowser,118,1.0,1,Tablet
9543,1214,11,2024-07-22,TabletApp,80,0.89,0,Desktop
9544,1965,9,2024-08-07,TabletApp,80,0.9,0,TV
9545,1490,6,2024-08-22,StreamMax,121,0.91,0,TV
9546,545,8,2024-12-07,SmartTV,61,0.56,0,TV
9547,684,5,2025-03-05,StreamMax,81,0.81,1,TV
9548,1483,1,2025-03-04,MobileApp,106,0.83,0,TV
9549,1257,4,2024-07-13,MobileApp,53,0.4,0,TV
9550,1870,7,2025-01-03,MobileApp,88,0.78,0,TV
9551,1622,12,2025-04-06,StreamMax,101,0.96,0,Tablet
9552,1081,6,2024-09-09,StreamMax,88,0.72,0,TV
9553,60,1,2025-04-15,StreamMax,83,0.66,0,TV
9554,1415,15,2024-10-08,StreamMax,107,0.96,0,Tablet
9555,867,1,2024-11-14,StreamMax,56,0.36,0,TV
9556,796,1,2024-12-25,SmartTV,72,0.79,0,Mobile
9557,1828,6,2024-08-30,WebBrowser,57,0.51,1,Mobile
9558,4,14,2025-01-04,StreamMax,101,0.9,1,Desktop
9559,1667,5,2024-09-30,TabletApp,127,0.94,1,Desktop
9560,116,9,2024-12-15,TabletApp,109,0.96,0,TV
9561,1976,10,2025-01-04,SmartTV,52,0.35,1,TV
9562,1860,2,2025-01-13,TabletApp,89,0.58,0,Tablet
9563,425,3,2024-09-27,SmartTV,39,0.36,0,TV
9564,1130,5,2024-06-12,WebBrowser,35,0.31,0,Desktop
9565,630,3,2025-04-17,StreamMax,54,0.35,0,Desktop
9566,1011,3,2025-03-02,WebBrowser,95,0.85,0,Desktop
9567,1958,3,2024-09-02,WebBrowser,120,0.84,0,Desktop
9568,1373,12,2025-03-08,TabletApp,124,0.85,0,Tablet
9569,1585,8,2025-02-06,SmartTV,54,0.56,0,Desktop
9570,630,7,2025-03-10,TabletApp,100,0.68,0,Tablet
9571,1589,10,2024-09-09,TabletApp,69,0.65,0,TV
9572,1005,15,2024-12-31,MobileApp,87,0.95,0,Mobile
9573,1835,14,2024-11-05,MobileApp,53,0.59,0,Tablet
9574,180,11,2025-01-09,StreamMax,53,0.6,0,Mobile
9575,1434,14,2024-06-22,StreamMax,44,0.38,0,Tablet
9576,1043,9,2024-09-24,StreamMax,101,0.94,0,Tablet
9577,178,10,2024-11-05,StreamMax,89,0.6,1,Mobile
9578,841,1,2025-04-02,MobileApp,102,0.86,0,Tablet
9579,1747,10,2024-08-24,TabletApp,111,1.0,0,Desktop
9580,875,10,2024-09-08,MobileApp,98,0.89,1,Mobile
9581,119,15,2024-11-26,WebBrowser,91,0.97,1,Tablet
9582,17,10,2024-10-15,StreamMax,78,0.64,0,Tablet
9583,1141,3,2025-02-23,StreamMax,88,0.61,0,Desktop
9584,1588,1,2025-02-19,WebBrowser,115,0.84,0,Mobile
9585,1058,1,2024-12-15,WebBrowser,82,0.68,1,Desktop
9586,178,1,2024-10-12,StreamMax,91,0.93,0,TV
9587,1615,1,2025-01-26,WebBrowser,46,0.32,0,TV
9588,526,14,2025-01-30,WebBrowser,109,0.82,0,Desktop
9589,1745,13,2024-10-11,StreamMax,61,0.41,1,TV
9590,160,8,2025-01-07,WebBrowser,98,0.67,0,Mobile
9591,560,11,2025-03-07,SmartTV,71,0.5,1,Mobile
9592,827,2,2025-01-11,StreamMax,83,0.82,0,TV
9593,649,13,2025-03-03,MobileApp,81,0.64,0,Desktop
9594,388,4,2025-03-02,TabletApp,58,0.57,0,Tablet
9595,250,11,2024-10-07,TabletApp,87,0.93,1,Mobile
9596,103,10,2024-12-23,MobileApp,104,0.66,0,Mobile
9597,1063,1,2025-04-16,MobileApp,77,0.77,0,Desktop
9598,1527,8,2025-02-06,StreamMax,93,0.78,0,Mobile
9599,612,11,2024-10-02,SmartTV,36,0.41,0,TV
9600,204,8,2024-10-06,TabletApp,79,0.85,1,Mobile
9601,969,2,2025-03-20,SmartTV,104,0.98,1,Mobile
9602,522,14,2024-09-02,SmartTV,134,0.96,0,TV
9603,110,1,2025-01-17,MobileApp,34,0.34,0,TV
9604,923,14,2025-02-14,WebBrowser,37,0.34,0,Tablet
9605,1892,2,2025-02-07,SmartTV,58,0.52,0,TV
9606,491,5,2024-11-14,TabletApp,114,0.76,0,Tablet
9607,1834,2,2024-09-29,WebBrowser,95,0.67,1,Desktop
9608,936,8,2024-10-12,SmartTV,79,0.74,0,Tablet
9609,425,15,2025-04-02,WebBrowser,112,0.79,0,Desktop
9610,1967,5,2024-08-10,MobileApp,79,0.9,1,Tablet
9611,687,2,2025-03-10,WebBrowser,77,0.82,1,Mobile
9612,993,1,2024-12-07,WebBrowser,78,0.89,1,Tablet
9613,1593,1,2025-04-27,SmartTV,116,0.87,1,Mobile
9614,1519,8,2025-03-11,MobileApp,77,0.74,1,Tablet
9615,1156,11,2024-09-23,SmartTV,47,0.39,0,Tablet
9616,386,3,2024-07-15,WebBrowser,86,0.61,0,Desktop
9617,994,15,2025-01-04,TabletApp,126,0.92,0,Tablet
9618,1475,8,2024-08-04,MobileApp,115,0.85,0,Desktop
9619,1699,3,2024-09-22,StreamMax,69,0.75,0,Desktop
9620,1679,1,2025-04-29,SmartTV,53,0.61,0,Desktop
9621,337,1,2025-04-28,WebBrowser,108,0.76,0,Mobile
9622,1681,11,2024-12-25,SmartTV,65,0.48,0,Tablet
9623,1730,7,2025-01-04,StreamMax,89,0.58,0,Desktop
9624,1747,1,2025-01-28,TabletApp,81,0.56,0,Tablet
9625,902,5,2024-11-28,MobileApp,69,0.68,0,Mobile
9626,1002,1,2025-02-17,MobileApp,71,0.55,0,TV
9627,1263,7,2025-04-29,TabletApp,71,0.45,0,Tablet
9628,1792,15,2024-07-29,SmartTV,129,0.97,0,TV
9629,549,1,2024-07-11,SmartTV,111,1.0,1,TV
9630,115,10,2025-02-18,WebBrowser,87,0.9,1,Tablet
9631,978,8,2024-08-16,WebBrowser,129,0.83,0,Tablet
9632,216,1,2025-01-26,SmartTV,63,0.55,0,Desktop
9633,1257,14,2025-04-11,TabletApp,68,0.53,0,Mobile
9634,1768,14,2025-03-18,TabletApp,58,0.6,0,Mobile
9635,1482,8,2025-04-22,StreamMax,65,0.58,1,Tablet
9636,711,11,2025-04-14,MobileApp,66,0.46,0,TV
9637,67,1,2024-09-16,TabletApp,31,0.31,0,Tablet
9638,256,2,2025-04-05,SmartTV,54,0.43,1,Desktop
9639,1092,2,2024-08-28,WebBrowser,51,0.41,0,TV
9640,653,10,2024-07-18,TabletApp,58,0.54,1,TV
9641,1188,7,2024-11-29,StreamMax,105,0.73,0,Tablet
9642,1247,8,2024-06-16,TabletApp,45,0.39,0,Tablet
9643,144,11,2025-04-21,TabletApp,92,0.92,0,TV
9644,1024,10,2024-11-12,StreamMax,60,0.4,0,Mobile
9645,588,3,2024-06-09,WebBrowser,73,0.67,0,Mobile
9646,251,8,2025-01-04,MobileApp,110,0.88,0,Tablet
9647,1244,2,2024-06-26,WebBrowser,29,0.32,0,Mobile
9648,464,13,2025-04-08,StreamMax,33,0.33,0,TV
9649,1871,14,2024-06-28,StreamMax,65,0.57,0,Tablet
9650,41,6,2024-06-26,WebBrowser,80,0.8,0,Tablet
9651,1264,1,2025-03-30,TabletApp,50,0.55,0,Tablet
9652,499,2,2024-07-10,SmartTV,107,0.86,0,Desktop
9653,263,10,2024-07-24,WebBrowser,81,0.73,0,Tablet
9654,551,14,2024-09-23,StreamMax,79,0.66,1,Desktop
9655,333,6,2025-04-27,MobileApp,118,0.84,0,Tablet
9656,552,15,2024-11-15,MobileApp,134,0.98,1,Tablet
9657,759,2,2025-04-18,SmartTV,91,0.8,0,Desktop
9658,939,6,2024-10-13,WebBrowser,83,0.91,0,Tablet
9659,1602,14,2024-06-24,SmartTV,133,0.95,1,TV
9660,1524,10,2025-04-18,SmartTV,89,0.7,0,TV
9661,142,10,2025-01-18,MobileApp,126,1.0,1,Desktop
9662,492,2,2025-03-11,WebBrowser,75,0.48,0,Mobile
9663,1347,13,2024-11-09,MobileApp,115,0.74,1,Tablet
9664,1565,14,2025-01-01,TabletApp,66,0.72,0,Mobile
9665,184,14,2025-04-11,SmartTV,94,0.62,0,Mobile
9666,1643,1,2024-06-01,SmartTV,45,0.33,0,Mobile
9667,1975,14,2024-08-06,MobileApp,103,0.67,0,TV
9668,841,6,2024-06-20,TabletApp,106,0.81,0,Desktop
9669,1538,8,2025-04-09,TabletApp,131,0.84,0,Mobile
9670,1047,8,2025-01-07,WebBrowser,133,0.95,0,Mobile
9671,864,3,2024-10-17,StreamMax,84,0.74,0,Desktop
9672,1934,14,2025-01-26,MobileApp,71,0.76,0,Desktop
9673,1512,10,2024-09-24,TabletApp,65,0.7,0,TV
9674,938,2,2024-11-06,TabletApp,83,0.61,0,TV
9675,1600,14,2024-11-21,SmartTV,80,0.87,0,Desktop
9676,1753,6,2024-11-06,WebBrowser,110,0.72,0,TV
9677,613,13,2024-08-11,TabletApp,85,0.55,0,Mobile
9678,717,11,2024-11-27,TabletApp,45,0.31,0,Desktop
9679,1688,8,2024-12-07,TabletApp,68,0.76,1,Mobile
9680,593,7,2025-04-10,MobileApp,125,0.81,0,Mobile
9681,347,12,2025-01-04,TabletApp,89,0.84,1,Mobile
9682,1256,13,2025-01-16,WebBrowser,66,0.46,0,Mobile
9683,1522,1,2025-03-09,SmartTV,34,0.37,0,TV
9684,20,1,2025-03-16,MobileApp,98,0.72,0,Desktop
9685,404,8,2025-02-28,SmartTV,129,0.93,0,Desktop
9686,435,8,2024-08-15,TabletApp,77,0.72,0,TV
9687,872,15,2024-10-29,TabletApp,62,0.53,0,TV
9688,613,1,2025-01-17,StreamMax,98,0.81,0,Desktop
9689,914,4,2024-07-26,TabletApp,75,0.68,0,Desktop
9690,414,12,2024-07-23,StreamMax,128,0.97,0,TV
9691,1650,3,2025-04-22,TabletApp,96,0.67,0,Tablet
9692,911,1,2024-11-07,StreamMax,68,0.57,1,Mobile
9693,223,9,2024-10-16,MobileApp,61,0.45,1,Mobile
9694,483,7,2024-09-02,StreamMax,72,0.75,0,TV
9695,383,1,2024-10-30,StreamMax,128,0.91,0,TV
9696,446,1,2025-04-16,WebBrowser,129,0.98,0,TV
9697,578,14,2024-11-25,SmartTV,127,0.87,0,TV
9698,1869,4,2025-01-20,WebBrowser,85,0.67,0,Mobile
9699,1642,5,2024-09-24,WebBrowser,62,0.51,0,Tablet
9700,169,2,2024-07-13,WebBrowser,92,0.7,1,TV
9701,1939,2,2025-04-29,MobileApp,103,0.8,0,Mobile
9702,555,12,2025-02-10,StreamMax,104,0.91,0,Desktop
9703,844,14,2025-03-18,StreamMax,57,0.41,0,Desktop
9704,1577,7,2024-08-26,TabletApp,136,0.93,1,Desktop
9705,1367,1,2025-02-26,TabletApp,50,0.53,0,TV
9706,1722,9,2024-08-02,WebBrowser,49,0.48,0,TV
9707,1380,1,2025-04-27,SmartTV,76,0.76,0,Desktop
9708,1126,1,2024-12-08,TabletApp,80,0.83,0,TV
9709,823,12,2024-10-15,TabletApp,69,0.48,0,TV
9710,1910,10,2024-09-09,MobileApp,99,0.73,1,Mobile
9711,1728,7,2025-02-05,SmartTV,145,0.92,1,TV
9712,343,13,2024-06-23,TabletApp,81,0.65,0,Desktop
9713,1173,14,2024-11-18,SmartTV,33,0.38,0,Mobile
9714,1432,7,2025-01-30,SmartTV,70,0.46,0,Tablet
9715,367,1,2024-09-24,SmartTV,42,0.43,0,TV
9716,171,9,2025-01-23,StreamMax,72,0.49,0,Tablet
9717,263,2,2024-11-12,StreamMax,120,0.99,0,TV
9718,1795,1,2024-07-28,WebBrowser,91,0.58,0,Tablet
9719,1223,2,2025-01-30,SmartTV,102,0.75,0,Desktop
9720,1321,14,2024-11-29,SmartTV,99,0.95,0,Tablet
9721,1405,12,2025-01-18,WebBrowser,38,0.31,0,Mobile
9722,461,8,2025-04-23,StreamMax,89,0.61,0,Tablet
9723,1316,11,2025-01-13,StreamMax,49,0.42,0,Mobile
9724,36,8,2025-04-02,MobileApp,138,0.91,0,Desktop
9725,641,12,2024-09-27,TabletApp,54,0.42,0,Tablet
9726,1523,1,2025-01-19,SmartTV,111,0.92,1,TV
9727,870,1,2024-07-27,SmartTV,69,0.57,0,Desktop
9728,61,10,2025-01-31,TabletApp,56,0.49,0,Mobile
9729,1408,10,2024-11-29,MobileApp,49,0.48,1,Tablet
9730,1516,3,2024-10-10,TabletApp,68,0.64,0,Mobile
9731,1556,14,2025-01-12,TabletApp,44,0.38,0,Desktop
9732,1211,13,2024-08-05,MobileApp,49,0.35,0,Desktop
9733,1548,10,2024-10-21,SmartTV,47,0.35,0,Tablet
9734,1041,2,2025-01-06,SmartTV,61,0.69,0,Mobile
9735,338,14,2024-08-03,WebBrowser,80,0.62,0,Desktop
9736,1591,2,2025-03-14,StreamMax,53,0.45,0,Tablet
9737,769,10,2025-02-11,WebBrowser,107,0.96,0,Mobile
9738,1363,11,2025-02-13,TabletApp,58,0.51,1,TV
9739,1411,1,2025-04-08,StreamMax,88,0.56,0,Desktop
9740,132,1,2025-02-16,TabletApp,53,0.49,0,Desktop
9741,438,1,2025-01-02,MobileApp,46,0.38,1,Mobile
9742,1853,4,2024-11-12,MobileApp,126,0.97,0,Desktop
9743,127,11,2024-10-26,WebBrowser,126,0.9,0,TV
9744,1689,13,2024-10-04,MobileApp,102,0.66,0,Tablet
9745,80,5,2025-03-08,StreamMax,64,0.57,0,Tablet
9746,909,1,2025-01-13,WebBrowser,73,0.59,1,Desktop
9747,1547,11,2024-06-20,WebBrowser,119,0.91,0,Mobile
9748,560,8,2024-12-13,TabletApp,114,0.73,0,TV
9749,524,1,2025-01-30,WebBrowser,79,0.74,0,Tablet
9750,1942,7,2025-04-12,WebBrowser,65,0.64,0,Desktop
9751,1149,8,2025-04-10,TabletApp,88,0.91,1,Desktop
9752,7,7,2025-02-15,WebBrowser,61,0.61,0,Desktop
9753,1971,13,2024-11-26,TabletApp,74,0.58,0,Mobile
9754,1877,1,2025-01-04,StreamMax,68,0.46,1,TV
9755,1479,8,2024-07-12,MobileApp,104,0.76,0,Tablet
9756,370,6,2024-12-16,MobileApp,46,0.3,0,Tablet
9757,1149,15,2024-10-20,StreamMax,141,0.97,0,Tablet
9758,532,1,2025-02-22,TabletApp,121,0.91,1,TV
9759,1158,5,2024-11-11,SmartTV,130,0.88,1,TV
9760,777,14,2025-01-10,StreamMax,73,0.61,0,TV
9761,1611,6,2025-04-01,WebBrowser,68,0.73,1,TV
9762,159,4,2025-01-23,TabletApp,55,0.49,0,Mobile
9763,1421,10,2024-06-16,StreamMax,44,0.48,0,Tablet
9764,1378,11,2025-04-18,SmartTV,83,0.69,0,Desktop
9765,1984,12,2025-02-08,SmartTV,137,0.89,1,TV
9766,1926,1,2024-12-24,SmartTV,133,0.89,0,Desktop
9767,175,14,2024-09-14,MobileApp,72,0.59,0,Tablet
9768,1984,10,2024-07-25,WebBrowser,113,0.75,0,Desktop
9769,1916,8,2024-09-27,WebBrowser,41,0.4,0,TV
9770,582,11,2024-08-15,SmartTV,44,0.37,0,Mobile
9771,1082,6,2025-03-31,SmartTV,107,0.81,0,Tablet
9772,920,1,2024-12-12,StreamMax,89,0.85,0,Mobile
9773,193,9,2025-03-06,WebBrowser,104,0.85,0,TV
9774,1149,6,2024-12-21,StreamMax,62,0.41,0,Tablet
9775,805,2,2024-06-20,MobileApp,58,0.42,1,Tablet
9776,1450,7,2025-01-06,SmartTV,40,0.34,0,Tablet
9777,1565,4,2025-01-17,WebBrowser,87,0.92,0,TV
9778,1046,1,2025-02-12,MobileApp,104,0.74,0,Desktop
9779,927,15,2025-02-19,SmartTV,65,0.66,0,TV
9780,40,1,2025-03-03,WebBrowser,87,0.79,0,Desktop
9781,742,10,2025-01-15,TabletApp,78,0.55,0,Desktop
9782,1530,2,2024-10-14,StreamMax,79,0.51,0,TV
9783,434,7,2024-10-18,StreamMax,45,0.31,0,TV
9784,1500,6,2024-09-13,WebBrowser,108,0.9,0,Desktop
9785,368,1,2024-06-06,TabletApp,100,0.75,0,Desktop
9786,1209,15,2025-03-11,WebBrowser,39,0.4,1,Desktop
9787,1767,7,2024-12-19,WebBrowser,68,0.62,0,Tablet
9788,1596,11,2024-10-19,StreamMax,30,0.35,0,Desktop
9789,557,10,2025-04-13,WebBrowser,91,0.96,0,Mobile
9790,1043,14,2024-09-20,TabletApp,71,0.79,0,Mobile
9791,426,4,2025-02-09,SmartTV,101,0.65,1,Tablet
9792,313,15,2025-03-04,SmartTV,66,0.51,1,Tablet
9793,1708,3,2025-04-10,WebBrowser,94,0.64,0,Tablet
9794,1771,15,2025-03-20,MobileApp,105,0.92,0,TV
9795,1185,7,2024-11-14,StreamMax,81,0.91,0,TV
9796,1165,10,2024-12-16,SmartTV,82,0.72,0,Desktop
9797,86,1,2025-04-04,WebBrowser,82,0.69,0,TV
9798,480,3,2024-12-10,SmartTV,82,0.59,1,Tablet
9799,928,13,2024-07-08,TabletApp,146,1.0,0,Desktop
9800,95,6,2024-09-08,MobileApp,132,0.89,1,Desktop
9801,955,10,2025-02-14,TabletApp,71,0.66,1,Mobile
9802,552,11,2024-11-05,TabletApp,100,0.69,0,Tablet
9803,1887,8,2024-10-01,WebBrowser,115,0.89,0,Mobile
9804,583,3,2025-04-09,SmartTV,92,0.88,0,Desktop
9805,470,7,2025-03-27,TabletApp,75,0.82,0,Mobile
9806,1322,1,2024-09-29,TabletApp,50,0.4,1,Tablet
9807,1373,14,2024-07-21,TabletApp,50,0.4,1,Tablet
9808,1287,7,2024-08-30,WebBrowser,79,0.6,0,TV
9809,1684,12,2024-06-08,TabletApp,100,0.96,0,Mobile
9810,605,3,2024-10-03,MobileApp,95,0.76,0,TV
9811,326,10,2024-08-20,TabletApp,40,0.33,0,TV
9812,510,14,2024-10-05,SmartTV,57,0.37,0,Desktop
9813,1098,11,2024-09-03,MobileApp,124,0.88,0,TV
9814,1091,11,2024-09-06,MobileApp,88,0.68,0,TV
9815,1378,6,2025-04-16,WebBrowser,73,0.53,0,Desktop
9816,1589,11,2024-10-24,StreamMax,48,0.5,1,TV
9817,1555,2,2024-06-25,TabletApp,63,0.52,0,Desktop
9818,337,14,2024-07-24,WebBrowser,98,0.64,0,TV
9819,719,1,2025-03-13,TabletApp,86,0.82,1,Tablet
9820,1930,14,2024-06-27,SmartTV,146,0.99,0,Desktop
9821,770,8,2025-01-22,SmartTV,109,0.84,0,Desktop
9822,350,12,2024-11-06,StreamMax,71,0.64,0,Mobile
9823,1016,6,2024-12-05,SmartTV,80,0.77,0,Desktop
9824,636,8,2024-08-28,MobileApp,73,0.54,0,Tablet
9825,1842,3,2024-07-14,StreamMax,85,0.77,0,TV
9826,240,13,2024-07-26,WebBrowser,65,0.58,0,Tablet
9827,1968,6,2024-08-30,StreamMax,97,0.89,0,TV
9828,1873,3,2024-11-04,TabletApp,60,0.39,0,TV
9829,910,15,2024-11-17,WebBrowser,77,0.68,0,Desktop
9830,1341,8,2025-03-06,WebBrowser,89,0.99,0,Mobile
9831,290,8,2024-08-24,SmartTV,61,0.61,0,TV
9832,1327,10,2024-12-01,StreamMax,46,0.4,0,Mobile
9833,331,10,2024-11-01,MobileApp,82,0.58,0,Mobile
9834,1199,8,2025-04-09,MobileApp,57,0.58,0,TV
9835,1104,5,2025-03-02,TabletApp,75,0.78,1,Mobile
9836,288,1,2025-03-25,SmartTV,50,0.35,1,Tablet
9837,236,8,2024-07-07,WebBrowser,83,0.84,0,Desktop
9838,1342,12,2025-01-03,TabletApp,66,0.57,0,Mobile
9839,1738,1,2024-07-22,StreamMax,99,0.67,0,Desktop
9840,428,5,2024-07-09,WebBrowser,55,0.46,0,Mobile
9841,1172,11,2024-06-23,TabletApp,47,0.45,0,Mobile
9842,165,6,2025-02-18,WebBrowser,47,0.52,1,Tablet
9843,1091,1,2025-04-23,StreamMax,139,0.9,0,Desktop
9844,1435,2,2024-07-23,MobileApp,47,0.32,0,TV
9845,1054,13,2024-09-09,StreamMax,88,0.91,0,Mobile
9846,1673,1,2025-02-12,WebBrowser,73,0.72,0,TV
9847,1169,1,2025-02-22,TabletApp,47,0.53,0,Desktop
9848,424,8,2024-07-21,WebBrowser,154,0.98,0,Mobile
9849,231,8,2024-12-24,WebBrowser,78,0.57,0,Mobile
9850,750,12,2024-12-25,SmartTV,110,0.92,1,TV
9851,1821,2,2024-07-15,SmartTV,71,0.78,0,TV
9852,1125,5,2024-12-02,WebBrowser,44,0.37,1,Tablet
9853,1003,11,2024-11-13,TabletApp,118,0.89,1,TV
9854,1887,2,2024-08-14,SmartTV,53,0.43,0,Desktop
9855,1577,6,2024-12-23,MobileApp,109,0.77,0,Tablet
9856,975,11,2025-03-01,SmartTV,69,0.52,0,Tablet
9857,1034,1,2025-01-29,WebBrowser,70,0.69,0,Mobile
9858,800,1,2025-03-07,SmartTV,59,0.39,1,TV
9859,1095,8,2024-06-20,TabletApp,75,0.58,1,Tablet
9860,1953,2,2025-03-01,StreamMax,147,0.98,0,Tablet
9861,1084,8,2025-02-17,MobileApp,108,0.99,1,Mobile
9862,1977,8,2024-06-11,TabletApp,114,0.85,0,Mobile
9863,1382,4,2024-06-09,TabletApp,70,0.53,0,Tablet
9864,1394,8,2024-07-24,StreamMax,55,0.41,0,TV
9865,85,2,2025-03-27,TabletApp,50,0.38,0,TV
9866,1583,8,2024-08-07,StreamMax,67,0.67,0,Mobile
9867,1748,15,2024-06-24,TabletApp,78,0.72,0,Tablet
9868,655,14,2025-03-14,SmartTV,46,0.51,0,Desktop
9869,1748,12,2025-01-12,WebBrowser,48,0.44,0,Mobile
9870,1097,6,2025-01-13,TabletApp,107,0.95,0,Tablet
9871,1412,11,2024-11-16,SmartTV,78,0.58,0,Tablet
9872,122,10,2024-08-06,MobileApp,107,0.79,1,Tablet
9873,689,10,2025-02-21,SmartTV,29,0.33,0,Mobile
9874,1739,5,2024-11-30,StreamMax,87,0.69,1,TV
9875,1335,15,2024-07-30,TabletApp,40,0.36,0,Desktop
9876,951,1,2024-10-04,WebBrowser,69,0.46,0,Desktop
9877,1010,8,2025-01-13,MobileApp,98,0.78,0,Mobile
9878,701,8,2024-08-29,StreamMax,83,0.71,0,TV
9879,608,6,2024-12-06,StreamMax,91,0.72,0,Mobile
9880,448,7,2024-12-20,TabletApp,74,0.55,0,TV
9881,598,14,2024-11-20,MobileApp,63,0.71,1,Mobile
9882,1796,2,2025-03-13,SmartTV,45,0.41,0,Desktop
9883,488,6,2024-09-01,TabletApp,73,0.66,0,Desktop
9884,1344,3,2025-04-04,WebBrowser,48,0.48,0,Tablet
9885,945,12,2025-03-06,WebBrowser,78,0.51,1,Tablet
9886,1736,8,2025-03-12,MobileApp,64,0.53,0,Mobile
9887,919,5,2025-03-02,StreamMax,68,0.71,0,Tablet
9888,1702,13,2025-02-06,MobileApp,56,0.5,0,Mobile
9889,957,8,2024-11-24,MobileApp,38,0.33,0,Tablet
9890,832,1,2024-08-05,MobileApp,41,0.35,0,Tablet
9891,1528,6,2024-09-21,WebBrowser,33,0.33,0,Tablet
9892,788,3,2024-12-16,MobileApp,64,0.66,0,Tablet
9893,1916,9,2024-10-01,TabletApp,87,0.86,0,Desktop
9894,1903,10,2024-08-01,WebBrowser,64,0.65,0,Tablet
9895,1657,3,2024-10-02,WebBrowser,83,0.54,0,Tablet
9896,694,2,2025-03-02,WebBrowser,73,0.5,0,Tablet
9897,707,6,2024-06-23,TabletApp,59,0.45,0,Mobile
9898,448,8,2024-09-08,WebBrowser,53,0.41,0,Tablet
9899,1558,9,2025-03-07,WebBrowser,141,0.9,1,Tablet
9900,627,14,2024-09-02,MobileApp,39,0.43,0,TV
9901,1255,9,2024-06-28,WebBrowser,48,0.42,0,Desktop
9902,552,14,2024-06-16,StreamMax,48,0.4,1,Tablet
9903,991,8,2025-02-14,TabletApp,56,0.53,1,Tablet
9904,890,7,2025-02-08,SmartTV,85,0.84,1,Mobile
9905,1200,13,2024-12-19,StreamMax,61,0.69,0,TV
9906,1981,1,2024-07-07,MobileApp,81,0.67,0,Desktop
9907,40,6,2024-11-09,TabletApp,133,0.89,0,Desktop
9908,208,1,2025-04-20,MobileApp,83,0.63,1,TV
9909,310,14,2024-06-27,TabletApp,95,0.73,0,Tablet
9910,837,12,2025-01-02,StreamMax,47,0.52,0,Mobile
9911,343,2,2024-08-18,SmartTV,84,0.54,1,Tablet
9912,316,14,2025-02-28,TabletApp,52,0.41,0,Desktop
9913,961,1,2025-02-27,SmartTV,51,0.55,0,Mobile
9914,1263,3,2025-03-07,StreamMax,81,0.62,0,TV
9915,222,1,2024-12-15,WebBrowser,90,0.93,0,Tablet
9916,1235,6,2025-01-12,SmartTV,95,0.64,0,Desktop
9917,1386,1,2025-03-23,TabletApp,96,0.62,1,TV
9918,1795,2,2024-07-15,StreamMax,113,0.76,0,Desktop
9919,1471,5,2025-02-17,TabletApp,76,0.64,0,TV
9920,518,7,2024-09-13,StreamMax,83,0.9,0,Mobile
9921,1133,2,2025-01-31,MobileApp,102,0.92,1,TV
9922,1853,11,2025-04-08,MobileApp,113,0.88,0,Mobile
9923,1207,3,2025-02-24,StreamMax,81,0.91,0,Mobile
9924,551,6,2025-02-27,TabletApp,66,0.65,0,Tablet
9925,921,6,2025-04-19,TabletApp,71,0.65,0,Desktop
9926,60,10,2025-04-22,MobileApp,91,0.73,0,Mobile
9927,373,3,2025-03-26,SmartTV,90,0.92,0,Mobile
9928,552,11,2024-06-16,TabletApp,90,0.59,0,TV
9929,1179,6,2024-11-23,SmartTV,49,0.36,1,Tablet
9930,45,1,2024-09-05,StreamMax,59,0.49,1,Tablet
9931,43,13,2024-11-20,SmartTV,109,0.99,0,Tablet
9932,1099,12,2024-12-22,StreamMax,147,0.98,0,Mobile
9933,1851,5,2025-02-26,WebBrowser,118,0.88,0,Tablet
9934,1964,14,2024-09-16,MobileApp,72,0.74,1,Tablet
9935,1290,1,2025-03-03,WebBrowser,78,0.89,0,Mobile
9936,672,14,2024-08-14,SmartTV,105,0.77,0,Desktop
9937,478,8,2024-09-09,WebBrowser,93,0.96,0,Desktop
9938,1459,10,2024-06-05,WebBrowser,66,0.55,0,TV
9939,1679,5,2024-12-11,StreamMax,57,0.4,0,Desktop
9940,98,10,2024-07-26,WebBrowser,51,0.46,0,Tablet
9941,1903,2,2024-09-24,TabletApp,134,0.93,0,Desktop
9942,1826,14,2024-12-03,SmartTV,51,0.43,0,TV
9943,1351,8,2024-09-03,WebBrowser,44,0.33,0,Mobile
9944,489,1,2024-09-09,MobileApp,115,0.92,0,TV
9945,1984,10,2024-07-28,MobileApp,96,0.83,0,Desktop
9946,657,8,2025-01-10,StreamMax,102,0.78,0,Desktop
9947,989,14,2024-06-28,SmartTV,74,0.49,0,Desktop
9948,1515,1,2024-09-22,WebBrowser,112,0.97,0,Mobile
9949,1416,2,2025-02-16,TabletApp,142,0.91,0,Tablet
9950,1350,14,2024-11-11,TabletApp,34,0.32,0,TV
9951,1650,9,2025-04-12,StreamMax,65,0.74,0,Mobile
9952,1171,7,2024-11-19,MobileApp,119,0.89,0,Desktop
9953,90,10,2025-03-01,WebBrowser,36,0.41,0,Mobile
9954,980,6,2025-02-08,StreamMax,112,0.71,0,Tablet
9955,835,3,2024-10-03,WebBrowser,57,0.49,0,Desktop
9956,1174,1,2024-09-16,TabletApp,69,0.59,0,Mobile
9957,317,6,2024-08-18,MobileApp,48,0.4,0,Mobile
9958,1834,6,2024-09-02,StreamMax,113,0.79,1,TV
9959,1720,10,2024-07-11,MobileApp,92,0.79,0,TV
9960,167,1,2024-09-13,TabletApp,63,0.68,0,Desktop
9961,586,2,2025-01-08,SmartTV,56,0.4,0,Mobile
9962,1551,12,2024-07-24,MobileApp,107,0.87,0,Mobile
9963,537,3,2025-02-01,MobileApp,53,0.47,1,Desktop
9964,1827,5,2024-06-21,TabletApp,65,0.61,0,TV
9965,39,11,2024-11-22,SmartTV,50,0.4,0,TV
9966,1563,6,2025-01-13,StreamMax,96,0.96,0,Tablet
9967,1015,4,2025-03-13,TabletApp,100,0.72,0,Tablet
9968,1975,7,2024-08-01,MobileApp,56,0.6,1,TV
9969,1110,11,2024-09-07,WebBrowser,117,0.82,0,Tablet
9970,968,14,2024-12-22,MobileApp,65,0.45,0,Tablet
9971,1551,1,2024-11-29,TabletApp,74,0.74,1,Mobile
9972,407,13,2024-07-09,TabletApp,101,0.85,0,Mobile
9973,323,6,2025-02-05,MobileApp,69,0.5,0,Desktop
9974,553,1,2025-04-13,TabletApp,90,0.76,0,Desktop
9975,1374,10,2025-04-12,WebBrowser,107,0.79,0,Tablet
9976,1165,5,2024-12-19,StreamMax,49,0.44,0,TV
9977,644,15,2025-04-14,TabletApp,84,0.69,0,TV
9978,1670,7,2024-11-07,WebBrowser,86,0.62,0,Tablet
9979,588,8,2025-02-17,SmartTV,78,0.55,0,Desktop
9980,1492,11,2024-06-10,TabletApp,109,0.72,0,Mobile
9981,669,7,2024-11-11,SmartTV,46,0.34,0,Desktop
9982,1478,2,2024-11-29,WebBrowser,82,0.76,1,TV
9983,98,9,2025-02-28,SmartTV,72,0.55,0,TV
9984,1310,6,2024-08-21,StreamMax,93,0.69,0,TV
9985,860,8,2024-06-24,WebBrowser,72,0.53,0,Tablet
9986,939,8,2025-03-10,TabletApp,78,0.81,0,Tablet
9987,1396,10,2024-09-21,StreamMax,61,0.39,0,Tablet
9988,1693,14,2025-03-30,StreamMax,79,0.56,0,Mobile
9989,1727,10,2024-06-24,StreamMax,75,0.58,0,Desktop
9990,369,11,2024-10-07,TabletApp,76,0.75,0,TV
9991,309,2,2025-01-08,MobileApp,60,0.44,0,Tablet
9992,743,8,2025-04-27,SmartTV,48,0.45,0,Tablet
9993,1069,5,2024-07-24,StreamMax,66,0.71,0,Mobile
9994,1610,6,2025-01-29,StreamMax,69,0.67,1,Tablet
9995,493,6,2025-03-29,WebBrowser,66,0.72,0,Desktop
9996,1417,3,2024-12-03,MobileApp,29,0.31,0,Desktop
9997,1511,4,2025-03-07,MobileApp,74,0.63,0,Desktop
9998,1053,15,2025-01-29,TabletApp,58,0.55,1,Mobile
9999,810,1,2025-01-26,MobileApp,78,0.51,0,TV
10000,81,9,2024-11-15,TabletApp,40,0.33,0,Mobile
10001,390,6,2024-06-23,SmartTV,44,0.32,0,Tablet
10002,1183,7,2025-02-07,StreamMax,104,0.85,0,Tablet
10003,272,2,2025-04-16,MobileApp,79,0.7,0,Tablet
10004,1312,5,2025-03-02,WebBrowser,44,0.4,0,Tablet
10005,1723,2,2025-04-13,StreamMax,127,0.88,1,Desktop
10006,663,3,2025-01-01,SmartTV,99,0.64,1,Mobile
10007,1455,8,2025-03-30,WebBrowser,73,0.63,0,Desktop
10008,118,6,2025-02-14,StreamMax,62,0.56,0,TV
10009,1849,1,2024-09-26,SmartTV,139,0.89,0,Mobile
10010,912,8,2025-01-23,MobileApp,38,0.36,0,TV
10011,318,7,2025-03-21,MobileApp,88,0.89,0,Desktop
10012,1467,1,2025-02-08,WebBrowser,53,0.4,0,Desktop
10013,363,5,2024-11-08,MobileApp,80,0.52,0,Desktop
10014,1166,10,2024-09-19,StreamMax,33,0.33,0,Tablet
10015,742,7,2024-07-20,StreamMax,118,0.9,0,TV
10016,1333,3,2024-07-10,TabletApp,50,0.4,0,Mobile
10017,224,9,2024-11-21,StreamMax,109,0.93,0,Tablet
10018,1372,6,2024-07-23,TabletApp,79,0.52,0,Mobile
10019,1664,10,2024-10-30,TabletApp,74,0.58,0,Mobile
10020,184,11,2024-06-27,StreamMax,42,0.39,0,Mobile
10021,1002,4,2025-01-31,TabletApp,98,0.93,0,Desktop
10022,1640,2,2025-04-25,WebBrowser,71,0.53,0,Desktop
10023,799,8,2024-06-15,TabletApp,41,0.39,1,TV
10024,1951,4,2025-03-30,MobileApp,66,0.57,0,TV
10025,369,6,2025-01-05,StreamMax,105,0.71,0,Desktop
10026,940,11,2025-04-16,MobileApp,46,0.31,0,Desktop
10027,172,7,2024-12-10,StreamMax,95,0.72,0,Desktop
10028,1079,10,2025-01-01,SmartTV,118,0.9,0,Mobile
10029,1726,8,2024-11-15,SmartTV,70,0.51,1,Desktop
10030,942,7,2024-11-23,TabletApp,111,0.94,1,Tablet
10031,869,8,2024-07-02,SmartTV,37,0.35,0,Desktop
10032,1513,8,2025-01-11,StreamMax,112,0.78,0,Tablet
10033,1994,13,2025-04-21,WebBrowser,45,0.44,0,TV
10034,1779,14,2024-11-16,TabletApp,52,0.56,0,TV
10035,565,14,2024-06-02,TabletApp,46,0.45,0,TV
10036,637,3,2024-10-12,TabletApp,66,0.64,0,Tablet
10037,344,1,2024-12-24,MobileApp,97,0.95,0,Mobile
10038,650,10,2025-03-14,MobileApp,118,0.91,1,Desktop
10039,758,12,2025-01-11,SmartTV,106,0.78,1,TV
10040,269,9,2024-11-11,StreamMax,106,0.93,1,Mobile
10041,73,1,2025-03-12,WebBrowser,90,0.99,0,Mobile
10042,1336,1,2025-03-21,StreamMax,41,0.36,0,Mobile
10043,1284,6,2024-08-12,SmartTV,90,0.72,0,TV
10044,1597,5,2024-08-22,TabletApp,137,0.99,0,Mobile
10045,497,6,2025-03-07,TabletApp,56,0.57,0,Desktop
10046,1472,2,2024-12-04,WebBrowser,65,0.52,0,Mobile
10047,1025,8,2024-06-28,WebBrowser,49,0.56,0,Desktop
10048,1071,8,2025-04-13,TabletApp,108,0.72,0,Mobile
10049,874,6,2024-08-13,TabletApp,46,0.36,0,Desktop
10050,657,1,2024-06-21,StreamMax,54,0.46,0,Desktop
10051,347,15,2024-11-13,MobileApp,48,0.44,0,Mobile
10052,1019,2,2024-11-07,TabletApp,84,0.72,0,Mobile
10053,1511,14,2024-07-20,TabletApp,99,0.96,0,Mobile
10054,1667,11,2025-02-09,SmartTV,46,0.4,1,TV
10055,1022,5,2025-02-05,MobileApp,99,0.74,0,Mobile
10056,1711,7,2024-08-20,TabletApp,139,1.0,0,TV
10057,487,3,2025-03-05,TabletApp,42,0.43,0,Mobile
10058,1184,10,2024-07-07,WebBrowser,69,0.72,1,Mobile
10059,239,8,2024-12-09,WebBrowser,105,0.72,0,Tablet
10060,556,3,2024-09-23,WebBrowser,117,0.97,0,Desktop
10061,1846,1,2025-01-25,TabletApp,88,0.77,0,Mobile
10062,750,3,2024-06-05,MobileApp,69,0.55,0,TV
10063,624,3,2024-08-19,TabletApp,87,0.67,1,Desktop
10064,339,10,2025-03-23,MobileApp,53,0.43,0,Mobile
10065,1359,3,2025-04-22,MobileApp,67,0.54,0,Mobile
10066,1857,2,2025-01-31,WebBrowser,82,0.9,0,Desktop
10067,224,3,2024-10-22,MobileApp,96,0.83,0,Tablet
10068,1746,7,2024-10-23,StreamMax,60,0.52,0,Tablet
10069,1205,8,2025-03-11,SmartTV,99,0.64,0,TV
10070,343,6,2024-10-18,SmartTV,90,0.85,0,Tablet
10071,41,5,2024-06-23,TabletApp,114,0.83,0,Tablet
10072,233,8,2024-12-27,MobileApp,53,0.51,1,Tablet
10073,1577,1,2025-04-28,SmartTV,65,0.5,0,Mobile
10074,1600,11,2024-07-27,SmartTV,148,0.99,0,Tablet
10075,313,1,2024-09-30,WebBrowser,133,0.88,0,Desktop
10076,103,5,2025-03-27,MobileApp,51,0.36,0,Desktop
10077,1578,5,2024-08-21,TabletApp,80,0.56,0,Mobile
10078,125,13,2024-08-01,StreamMax,84,0.74,0,Tablet
10079,1134,10,2025-04-07,MobileApp,57,0.61,0,Desktop
10080,869,2,2024-11-04,TabletApp,91,0.7,0,Mobile
10081,1717,12,2025-02-08,StreamMax,52,0.33,0,Mobile
10082,193,6,2024-10-27,StreamMax,128,0.91,0,TV
10083,344,7,2024-10-15,StreamMax,50,0.51,0,Tablet
10084,23,10,2024-09-17,StreamMax,84,0.87,0,Mobile
10085,790,11,2025-03-01,WebBrowser,45,0.36,0,Mobile
10086,1884,1,2025-04-14,WebBrowser,101,0.96,1,Mobile
10087,536,3,2024-09-21,MobileApp,98,0.93,0,TV
10088,1176,13,2024-11-19,MobileApp,49,0.37,0,Mobile
10089,1690,1,2025-03-18,WebBrowser,71,0.64,0,Tablet
10090,756,5,2024-10-16,StreamMax,94,0.82,1,Desktop
10091,1580,8,2024-06-02,WebBrowser,87,0.74,0,Mobile
10092,1284,11,2024-07-13,MobileApp,88,0.73,1,TV
10093,76,1,2024-11-07,StreamMax,40,0.46,0,Desktop
10094,1931,2,2024-11-10,WebBrowser,39,0.32,0,Tablet
10095,629,6,2024-11-24,SmartTV,70,0.62,0,TV
10096,887,1,2025-02-02,TabletApp,104,0.82,0,Desktop
10097,693,14,2024-07-17,WebBrowser,76,0.74,0,Desktop
10098,883,6,2024-12-25,SmartTV,33,0.31,0,Tablet
10099,587,6,2024-11-11,SmartTV,75,0.61,1,TV
10100,770,2,2024-12-20,WebBrowser,144,0.93,0,TV
10101,1179,7,2024-10-09,TabletApp,29,0.3,0,TV
10102,872,11,2025-03-07,TabletApp,85,0.62,1,TV
10103,178,3,2025-02-20,MobileApp,69,0.72,0,Desktop
10104,1482,10,2024-12-13,SmartTV,122,0.91,0,Desktop
10105,1349,14,2024-07-25,TabletApp,107,0.95,0,Desktop
10106,775,8,2024-09-07,MobileApp,91,0.62,0,Tablet
10107,994,10,2025-02-27,TabletApp,107,0.7,0,Mobile
10108,841,8,2024-08-23,SmartTV,42,0.42,0,Mobile
10109,1357,1,2024-08-30,StreamMax,57,0.47,0,TV
10110,602,3,2024-06-01,StreamMax,92,0.89,1,Mobile
10111,655,15,2025-03-28,WebBrowser,77,0.56,1,TV
10112,254,5,2024-09-17,MobileApp,96,0.73,0,Desktop
10113,1878,11,2024-09-19,TabletApp,58,0.45,0,TV
10114,1032,6,2025-04-04,WebBrowser,125,0.83,0,Tablet
10115,1597,12,2025-01-01,TabletApp,66,0.55,0,Mobile
10116,1643,1,2025-03-22,StreamMax,54,0.59,1,Mobile
10117,139,7,2025-04-20,MobileApp,65,0.47,0,Tablet
10118,179,12,2024-06-04,StreamMax,82,0.89,0,Tablet
10119,233,3,2025-02-14,SmartTV,89,0.75,0,Desktop
10120,217,1,2024-07-11,MobileApp,51,0.58,0,TV
10121,459,8,2025-02-03,MobileApp,33,0.33,1,TV
10122,238,5,2025-03-24,MobileApp,53,0.56,1,Desktop
10123,273,1,2025-01-02,StreamMax,78,0.6,0,Mobile
10124,1300,1,2024-06-28,TabletApp,109,0.78,1,TV
10125,1497,8,2024-06-19,TabletApp,72,0.5,0,TV
10126,529,6,2025-04-19,MobileApp,43,0.45,0,TV
10127,706,13,2024-08-03,TabletApp,57,0.52,0,Tablet
10128,1980,3,2025-02-15,WebBrowser,127,0.81,0,TV
10129,469,3,2024-06-16,TabletApp,62,0.41,1,Mobile
10130,1834,6,2024-11-05,StreamMax,75,0.53,0,TV
10131,47,1,2025-02-04,SmartTV,83,0.66,0,Tablet
10132,1918,6,2025-03-03,SmartTV,51,0.39,0,Desktop
10133,1398,1,2025-01-06,WebBrowser,47,0.32,0,Mobile
10134,1723,13,2024-10-24,TabletApp,51,0.44,1,Tablet
10135,1767,10,2024-10-11,StreamMax,80,0.61,0,Tablet
10136,542,5,2024-10-15,StreamMax,87,0.76,0,Tablet
10137,259,6,2024-09-11,TabletApp,90,0.6,0,Desktop
10138,1682,8,2025-01-30,SmartTV,70,0.76,0,Tablet
10139,147,10,2025-01-11,MobileApp,64,0.55,0,Desktop
10140,405,6,2025-02-22,StreamMax,42,0.38,0,Mobile
10141,989,1,2024-10-03,WebBrowser,91,0.81,0,TV
10142,1186,5,2024-11-24,MobileApp,51,0.41,0,Desktop
10143,529,6,2024-11-17,TabletApp,80,0.86,0,Mobile
10144,1217,6,2025-02-19,MobileApp,118,0.82,0,Mobile
10145,1815,6,2024-07-11,SmartTV,83,0.8,1,Mobile
10146,875,11,2024-06-28,TabletApp,39,0.44,0,Mobile
10147,1456,4,2025-01-14,SmartTV,124,0.8,0,Tablet
10148,727,4,2025-04-20,StreamMax,39,0.41,0,Desktop
10149,1237,1,2024-09-24,SmartTV,77,0.58,0,Mobile
10150,1776,2,2024-11-17,MobileApp,93,0.66,0,TV
10151,1719,1,2025-03-03,SmartTV,47,0.53,1,Tablet
10152,218,8,2024-06-25,MobileApp,39,0.35,0,Mobile
10153,1393,1,2025-03-17,TabletApp,87,0.76,0,Mobile
10154,390,6,2024-07-28,WebBrowser,60,0.43,0,TV
10155,89,13,2024-12-14,StreamMax,47,0.39,0,Desktop
10156,1335,12,2024-10-28,WebBrowser,78,0.78,1,Mobile
10157,657,8,2024-08-04,MobileApp,42,0.41,0,TV
10158,1970,1,2024-12-05,WebBrowser,96,0.87,0,Tablet
10159,1387,4,2024-12-01,SmartTV,96,0.87,0,Desktop
10160,1957,12,2024-10-15,WebBrowser,51,0.42,0,TV
10161,355,6,2024-11-01,TabletApp,96,0.88,0,Tablet
10162,1069,8,2025-01-21,TabletApp,81,0.53,0,Desktop
10163,912,7,2024-06-21,MobileApp,58,0.41,0,TV
10164,604,1,2025-04-22,TabletApp,57,0.61,0,TV
10165,1987,9,2025-01-06,TabletApp,32,0.36,0,Desktop
10166,1341,5,2024-11-12,StreamMax,90,0.73,0,Tablet
10167,1280,14,2024-10-10,SmartTV,36,0.4,0,Desktop
10168,1977,8,2024-11-20,MobileApp,65,0.56,0,Mobile
10169,892,8,2024-08-24,SmartTV,58,0.38,0,Mobile
10170,1291,4,2024-09-05,SmartTV,105,0.69,0,Tablet
10171,1365,4,2024-10-01,MobileApp,98,0.67,0,TV
10172,351,8,2025-02-08,StreamMax,115,0.81,0,Desktop
10173,981,1,2024-12-15,TabletApp,49,0.38,0,TV
10174,5,10,2024-10-18,WebBrowser,121,0.8,0,Tablet
10175,1858,15,2025-02-23,StreamMax,69,0.75,0,Tablet
10176,1442,6,2024-12-18,SmartTV,64,0.49,0,Tablet
10177,1887,1,2024-08-24,TabletApp,91,0.95,0,Desktop
10178,1680,14,2024-11-18,TabletApp,105,0.82,0,Mobile
10179,1673,4,2025-04-18,SmartTV,41,0.47,0,TV
10180,59,5,2024-09-12,MobileApp,37,0.41,0,Mobile
10181,89,10,2025-03-11,SmartTV,85,0.65,0,Desktop
10182,1781,2,2025-04-22,TabletApp,80,0.52,0,Tablet
10183,1586,14,2024-12-29,TabletApp,97,0.83,0,Tablet
10184,1253,1,2025-02-07,WebBrowser,82,0.74,0,Tablet
10185,847,6,2024-07-01,StreamMax,35,0.36,0,Desktop
10186,1449,8,2025-03-26,WebBrowser,33,0.34,0,Desktop
10187,1019,4,2024-11-28,StreamMax,51,0.37,1,Desktop
10188,40,3,2024-06-07,TabletApp,99,0.74,0,Mobile
10189,1474,2,2024-10-15,TabletApp,48,0.51,0,TV
10190,1864,1,2025-01-18,StreamMax,82,0.62,0,TV
10191,1252,3,2024-08-04,StreamMax,60,0.52,0,Mobile
10192,755,2,2024-07-27,SmartTV,132,0.94,0,Desktop
10193,913,7,2024-11-27,WebBrowser,83,0.53,1,Mobile
10194,832,5,2025-01-04,StreamMax,94,0.84,0,Desktop
10195,643,7,2024-06-21,WebBrowser,62,0.4,0,Desktop
10196,335,13,2024-07-19,StreamMax,104,0.68,0,TV
10197,1704,4,2025-02-26,StreamMax,51,0.5,0,Mobile
10198,1331,6,2024-10-20,SmartTV,119,0.79,0,Mobile
10199,144,8,2024-10-26,StreamMax,58,0.44,0,Tablet
10200,1969,1,2025-02-02,MobileApp,35,0.38,0,Desktop
10201,445,8,2024-10-24,StreamMax,97,0.73,0,Tablet
10202,1982,1,2024-09-25,WebBrowser,70,0.46,0,Mobile
10203,1150,13,2025-04-11,MobileApp,94,0.81,0,TV
10204,1681,13,2024-06-29,MobileApp,133,0.87,0,Desktop
10205,1392,15,2024-09-19,StreamMax,50,0.42,1,Mobile
10206,106,1,2025-02-14,WebBrowser,71,0.71,0,TV
10207,1533,4,2024-10-31,StreamMax,43,0.43,0,Mobile
10208,1090,1,2025-04-26,StreamMax,112,0.96,0,TV
10209,927,1,2025-02-02,SmartTV,126,0.81,0,Mobile
10210,431,10,2025-02-17,SmartTV,119,0.79,0,TV
10211,1594,14,2024-06-19,SmartTV,71,0.53,0,TV
10212,295,3,2024-12-23,StreamMax,67,0.5,0,Desktop
10213,1370,1,2024-10-06,WebBrowser,38,0.38,0,TV
10214,451,3,2024-12-08,SmartTV,135,0.9,0,Mobile
10215,1134,15,2024-06-03,MobileApp,62,0.67,0,Desktop
10216,1312,2,2024-09-26,StreamMax,63,0.45,0,Desktop
10217,19,14,2024-08-07,WebBrowser,29,0.33,1,Tablet
10218,1238,2,2024-11-11,StreamMax,73,0.8,0,Mobile
10219,1841,10,2025-01-30,StreamMax,46,0.48,0,Tablet
10220,494,1,2024-06-13,TabletApp,125,0.8,0,Tablet
10221,1271,6,2025-02-18,TabletApp,51,0.35,0,TV
10222,1576,6,2024-10-19,WebBrowser,42,0.43,0,TV
10223,881,1,2025-01-11,SmartTV,64,0.72,0,Desktop
10224,1233,6,2025-02-27,SmartTV,53,0.35,0,Tablet
10225,277,3,2024-11-03,TabletApp,114,0.74,0,TV
10226,574,1,2025-01-06,MobileApp,66,0.57,0,Desktop
10227,788,8,2025-03-31,MobileApp,83,0.94,0,TV
10228,1366,10,2024-07-23,WebBrowser,70,0.56,0,TV
10229,146,12,2025-03-05,StreamMax,45,0.52,0,Mobile
10230,1054,7,2025-03-23,StreamMax,96,0.96,0,Desktop
10231,32,3,2024-07-31,SmartTV,119,0.89,0,Desktop
10232,1389,9,2025-02-19,WebBrowser,56,0.49,1,Mobile
10233,833,6,2025-04-28,TabletApp,80,0.81,0,Mobile
10234,1313,1,2025-04-27,TabletApp,41,0.33,0,Mobile
10235,844,9,2025-01-29,SmartTV,113,0.72,0,Tablet
10236,1407,2,2025-04-07,StreamMax,46,0.34,0,Mobile
10237,1326,3,2024-07-21,MobileApp,122,0.87,0,Mobile
10238,817,1,2025-01-13,MobileApp,52,0.46,0,Desktop
10239,1015,5,2025-03-22,TabletApp,82,0.68,0,Desktop
10240,1853,5,2025-02-06,TabletApp,63,0.52,0,Mobile
10241,549,13,2024-07-03,TabletApp,87,0.65,0,Mobile
10242,1397,11,2024-12-31,StreamMax,73,0.5,0,TV
10243,1965,10,2024-06-28,TabletApp,46,0.38,0,Desktop
10244,1164,6,2025-04-22,WebBrowser,53,0.49,0,Tablet
10245,139,12,2024-11-21,StreamMax,88,0.63,0,TV
10246,1642,15,2024-09-22,MobileApp,54,0.54,0,Desktop
10247,1946,8,2024-07-22,TabletApp,134,0.98,0,TV
10248,1160,13,2025-04-18,SmartTV,64,0.6,0,TV
10249,1776,8,2024-06-17,WebBrowser,39,0.36,0,Mobile
10250,334,11,2024-12-10,SmartTV,110,0.73,1,Desktop
10251,1703,6,2024-06-12,SmartTV,52,0.57,0,Tablet
10252,126,3,2024-10-10,TabletApp,72,0.49,0,Tablet
10253,936,14,2025-04-27,SmartTV,87,0.87,0,Mobile
10254,1619,5,2024-06-04,MobileApp,30,0.31,1,Mobile
10255,614,1,2025-04-20,StreamMax,67,0.69,0,Desktop
10256,748,10,2024-09-19,WebBrowser,52,0.45,0,TV
10257,366,6,2025-03-15,MobileApp,54,0.39,0,Tablet
10258,1164,4,2024-11-18,StreamMax,89,0.6,0,Tablet
10259,1967,7,2024-12-08,SmartTV,76,0.61,0,Desktop
10260,1932,3,2024-06-25,MobileApp,106,0.92,1,Tablet
10261,86,6,2025-03-18,WebBrowser,104,0.96,1,TV
10262,931,4,2025-03-25,TabletApp,66,0.63,0,Tablet
10263,844,1,2025-03-26,WebBrowser,100,0.9,0,Tablet
10264,1739,2,2025-02-13,SmartTV,45,0.49,0,Tablet
10265,763,2,2025-02-25,StreamMax,53,0.45,1,TV
10266,503,11,2024-12-21,WebBrowser,37,0.33,0,TV
10267,797,14,2024-07-08,StreamMax,72,0.47,0,TV
10268,105,8,2024-09-02,StreamMax,150,0.97,0,Desktop
10269,1843,7,2024-06-27,WebBrowser,62,0.5,0,Mobile
10270,1951,15,2024-07-27,SmartTV,57,0.41,0,Desktop
10271,398,11,2024-09-25,WebBrowser,116,0.9,0,Tablet
10272,1839,14,2024-10-29,MobileApp,87,0.56,0,Tablet
10273,352,13,2024-09-23,MobileApp,94,0.65,0,Desktop
10274,574,8,2024-11-16,TabletApp,52,0.45,0,Mobile
10275,800,8,2025-03-03,StreamMax,92,0.63,1,TV
10276,499,14,2025-02-23,MobileApp,122,1.0,0,Tablet
10277,1736,4,2025-02-20,TabletApp,95,0.98,0,Desktop
10278,3,10,2025-04-06,MobileApp,83,0.57,1,Tablet
10279,1392,1,2025-01-07,WebBrowser,127,0.97,0,TV
10280,937,2,2024-11-16,TabletApp,60,0.69,1,Tablet
10281,641,1,2025-01-25,MobileApp,52,0.41,0,TV
10282,164,5,2024-11-14,SmartTV,91,0.71,0,Mobile
10283,724,10,2024-07-13,WebBrowser,40,0.3,1,Tablet
10284,1869,14,2025-01-11,MobileApp,49,0.47,0,TV
10285,1634,14,2025-03-17,MobileApp,82,0.72,1,Desktop
10286,1277,8,2024-10-05,MobileApp,50,0.38,0,Mobile
10287,690,8,2024-07-13,SmartTV,84,0.6,0,Desktop
10288,1655,14,2024-09-28,WebBrowser,43,0.35,0,Tablet
10289,1273,3,2025-04-11,StreamMax,135,0.88,0,TV
10290,623,9,2024-12-20,MobileApp,115,0.95,0,Mobile
10291,409,3,2024-11-17,SmartTV,70,0.6,0,TV
10292,722,6,2025-03-21,SmartTV,111,0.86,0,Mobile
10293,1235,9,2024-10-20,StreamMax,97,0.86,0,TV
10294,1997,2,2024-07-02,WebBrowser,95,0.75,0,Mobile
10295,218,14,2024-07-16,SmartTV,74,0.51,1,Desktop
10296,1379,8,2024-07-04,SmartTV,80,0.55,0,Mobile
10297,951,5,2025-02-13,MobileApp,50,0.32,0,TV
10298,1701,6,2024-12-01,WebBrowser,38,0.44,0,Desktop
10299,358,10,2025-03-28,SmartTV,111,0.83,1,Mobile
10300,1951,3,2024-08-27,StreamMax,109,0.94,0,Tablet
10301,748,8,2024-12-05,SmartTV,106,0.7,1,Desktop
10302,1470,7,2024-08-06,TabletApp,148,0.96,0,TV
10303,1213,5,2025-04-10,SmartTV,115,0.73,0,Tablet
10304,1793,8,2024-08-05,TabletApp,36,0.34,1,Desktop
10305,1568,4,2025-02-15,SmartTV,92,0.62,0,Tablet
10306,1328,6,2024-07-22,SmartTV,87,0.56,0,Mobile
10307,1634,12,2025-01-24,TabletApp,99,0.73,0,Mobile
10308,1458,6,2024-12-02,StreamMax,40,0.38,1,Desktop
10309,1040,3,2024-09-21,WebBrowser,128,0.83,0,Tablet
10310,1080,14,2024-10-18,SmartTV,73,0.52,0,Desktop
10311,1796,5,2025-02-27,WebBrowser,80,0.74,0,Mobile
10312,1222,8,2025-03-14,TabletApp,84,0.85,0,Mobile
10313,1996,1,2025-02-26,TabletApp,71,0.57,0,TV
10314,1397,8,2025-03-30,SmartTV,99,0.99,0,TV
10315,1741,1,2025-01-21,SmartTV,76,0.64,0,Mobile
10316,1647,8,2024-07-02,WebBrowser,82,0.92,1,TV
10317,417,7,2024-08-26,WebBrowser,70,0.46,0,Mobile
10318,1899,5,2024-08-23,WebBrowser,52,0.37,0,Mobile
10319,1757,8,2024-07-29,SmartTV,73,0.48,0,Mobile
10320,137,11,2024-10-04,SmartTV,120,1.0,1,TV
10321,776,5,2024-07-16,SmartTV,64,0.6,1,TV
10322,450,11,2025-03-10,MobileApp,75,0.66,0,TV
10323,1523,3,2025-03-07,TabletApp,53,0.35,1,Mobile
10324,291,12,2024-09-18,WebBrowser,125,0.82,0,Tablet
10325,56,8,2024-06-14,WebBrowser,58,0.67,0,TV
10326,1934,8,2024-06-19,WebBrowser,48,0.45,0,Desktop
10327,1370,11,2024-11-18,WebBrowser,97,0.97,0,Desktop
10328,1767,9,2025-01-29,TabletApp,89,0.76,0,TV
10329,115,13,2025-02-22,SmartTV,56,0.53,0,Desktop
10330,354,11,2025-02-02,SmartTV,58,0.43,0,Desktop
10331,1089,4,2025-01-26,WebBrowser,43,0.34,0,Desktop
10332,1904,9,2024-10-12,MobileApp,65,0.49,0,Mobile
10333,240,3,2025-03-10,SmartTV,124,0.92,0,TV
10334,97,9,2025-04-13,StreamMax,129,0.99,1,TV
10335,284,1,2025-03-20,StreamMax,56,0.47,0,Desktop
10336,307,6,2024-06-28,MobileApp,102,0.67,0,Tablet
10337,1919,3,2024-11-08,SmartTV,92,0.75,0,Tablet
10338,1342,2,2024-10-13,TabletApp,122,0.89,0,Desktop
10339,1001,3,2024-06-12,MobileApp,61,0.43,0,Tablet
10340,1031,1,2025-03-01,TabletApp,97,0.83,1,Mobile
10341,1269,3,2024-06-07,StreamMax,137,0.91,0,Desktop
10342,1699,3,2025-03-10,TabletApp,97,0.78,0,Mobile
10343,815,1,2024-10-13,TabletApp,72,0.59,0,Tablet
10344,85,14,2025-04-03,TabletApp,74,0.59,0,TV
10345,111,5,2024-06-29,StreamMax,135,0.89,0,TV
10346,189,1,2024-11-17,SmartTV,69,0.45,0,Mobile
10347,1151,14,2025-03-26,TabletApp,75,0.65,0,Mobile
10348,948,8,2024-07-29,TabletApp,64,0.62,0,Mobile
10349,235,12,2024-09-23,WebBrowser,91,0.87,0,Mobile
10350,1163,1,2024-07-26,WebBrowser,73,0.66,0,Desktop
10351,715,12,2025-01-04,StreamMax,141,0.94,0,TV
10352,1332,8,2024-11-21,TabletApp,133,0.95,0,Mobile
10353,107,5,2025-03-02,MobileApp,61,0.68,0,TV
10354,744,2,2025-03-20,MobileApp,59,0.56,0,TV
10355,1538,5,2025-04-10,TabletApp,63,0.55,0,Tablet
10356,1510,8,2025-03-18,StreamMax,65,0.53,0,Tablet
10357,1875,8,2025-01-21,MobileApp,50,0.57,0,TV
10358,289,5,2025-03-29,StreamMax,126,0.83,0,TV
10359,133,11,2024-10-27,SmartTV,36,0.35,1,Mobile
10360,1365,2,2025-02-16,StreamMax,124,0.93,0,TV
10361,808,5,2025-02-05,TabletApp,101,0.97,0,TV
10362,1085,1,2025-04-11,TabletApp,120,0.78,0,Desktop
10363,220,1,2025-03-16,WebBrowser,53,0.4,0,TV
10364,525,14,2024-10-10,StreamMax,119,0.78,0,TV
10365,172,3,2024-10-29,SmartTV,66,0.72,0,TV
10366,1453,12,2025-01-25,SmartTV,107,0.77,0,Mobile
10367,111,4,2025-02-04,TabletApp,94,0.73,0,Desktop
10368,1797,6,2024-12-15,MobileApp,132,1.0,0,Tablet
10369,879,10,2025-04-05,SmartTV,94,0.78,0,TV
10370,990,8,2025-03-21,SmartTV,116,0.99,0,TV
10371,209,5,2024-09-10,StreamMax,85,0.67,0,Desktop
10372,1961,13,2024-06-03,TabletApp,101,0.97,0,Mobile
10373,419,2,2025-01-31,WebBrowser,52,0.39,1,TV
10374,1754,12,2024-11-27,MobileApp,87,0.65,0,Tablet
10375,1703,15,2024-08-09,StreamMax,92,0.96,0,Tablet
10376,958,3,2025-01-06,StreamMax,63,0.46,1,Tablet
10377,1573,5,2024-06-09,MobileApp,75,0.6,0,Desktop
10378,1792,1,2024-09-02,TabletApp,84,0.54,0,Desktop
10379,1139,8,2024-10-19,TabletApp,48,0.39,1,TV
10380,526,6,2024-06-15,WebBrowser,36,0.38,0,Mobile
10381,40,14,2024-07-06,MobileApp,85,0.97,0,Mobile
10382,1780,3,2025-04-17,TabletApp,90,0.75,0,Tablet
10383,1836,1,2025-04-30,SmartTV,90,0.6,0,Tablet
10384,456,2,2025-04-24,StreamMax,45,0.45,0,Mobile
10385,957,1,2024-08-08,SmartTV,106,0.82,0,Desktop
10386,1408,1,2025-02-15,WebBrowser,131,0.83,0,Tablet
10387,118,3,2024-09-03,TabletApp,106,0.87,0,Mobile
10388,1699,1,2024-12-22,TabletApp,100,0.77,0,Desktop
10389,1076,14,2024-09-16,SmartTV,91,0.62,1,Desktop
10390,1770,14,2024-11-26,StreamMax,73,0.56,0,Mobile
10391,1015,8,2025-04-26,StreamMax,65,0.53,1,Tablet
10392,1053,6,2024-11-29,MobileApp,102,0.66,0,Desktop
10393,1420,14,2025-02-28,TabletApp,34,0.34,0,Mobile
10394,1568,1,2024-12-23,TabletApp,76,0.69,0,TV
10395,549,8,2024-08-27,MobileApp,67,0.55,0,Desktop
10396,257,6,2024-06-12,SmartTV,48,0.49,1,Mobile
10397,526,6,2025-03-26,TabletApp,74,0.51,0,TV
10398,485,2,2024-06-28,WebBrowser,79,0.56,0,TV
10399,310,11,2024-09-27,MobileApp,61,0.59,1,Desktop
10400,76,11,2024-12-08,TabletApp,41,0.31,0,TV
10401,1559,6,2025-03-09,SmartTV,89,0.98,0,TV
10402,1206,12,2025-02-25,WebBrowser,126,0.89,0,Tablet
10403,1071,3,2025-01-05,WebBrowser,121,0.85,0,Desktop
10404,1905,5,2024-10-06,StreamMax,99,0.67,1,Mobile
10405,329,8,2025-02-04,StreamMax,94,0.92,0,Desktop
10406,912,10,2024-09-30,TabletApp,72,0.64,0,Desktop
10407,1394,5,2024-06-20,MobileApp,38,0.35,0,Mobile
10408,879,14,2025-01-28,MobileApp,79,0.89,0,TV
10409,1478,11,2025-02-09,StreamMax,58,0.38,1,Desktop
10410,644,1,2024-10-05,SmartTV,144,0.96,0,Desktop
10411,1702,7,2025-01-15,MobileApp,97,0.81,0,TV
10412,291,10,2024-07-12,SmartTV,69,0.58,0,TV
10413,1307,10,2025-01-25,StreamMax,85,0.77,0,Tablet
10414,465,7,2024-06-15,SmartTV,48,0.33,0,TV
10415,1900,6,2025-02-18,TabletApp,53,0.43,0,Desktop
10416,1240,7,2024-12-21,StreamMax,84,0.87,1,Desktop
10417,1888,1,2025-02-02,StreamMax,93,0.86,0,Desktop
10418,1413,10,2024-11-24,MobileApp,61,0.47,0,Mobile
10419,222,14,2024-06-15,SmartTV,95,0.68,1,TV
10420,478,9,2024-08-29,WebBrowser,43,0.36,0,Desktop
10421,671,15,2024-10-09,StreamMax,71,0.7,0,TV
10422,961,7,2025-02-05,TabletApp,110,0.77,0,Tablet
10423,1657,8,2024-06-11,TabletApp,65,0.69,0,Desktop
10424,1435,5,2024-08-22,MobileApp,88,0.62,0,Mobile
10425,1812,6,2025-04-21,WebBrowser,94,0.63,1,Desktop
10426,1370,9,2025-04-15,WebBrowser,113,0.8,0,Mobile
10427,381,6,2024-06-19,TabletApp,62,0.47,0,Tablet
10428,640,2,2024-09-05,StreamMax,44,0.32,0,TV
10429,1397,1,2025-01-12,TabletApp,94,0.83,0,Mobile
10430,1561,3,2024-06-10,TabletApp,31,0.31,0,Desktop
10431,291,1,2025-03-07,TabletApp,87,0.83,0,Mobile
10432,646,1,2025-01-22,StreamMax,75,0.49,0,Desktop
10433,1156,13,2024-12-22,SmartTV,39,0.37,0,Desktop
10434,359,8,2025-01-10,MobileApp,53,0.37,0,Tablet
10435,399,1,2025-02-22,SmartTV,103,0.84,0,TV
10436,35,8,2025-04-24,StreamMax,66,0.53,0,Desktop
10437,731,6,2024-10-02,TabletApp,82,0.56,0,TV
10438,691,10,2024-12-04,TabletApp,74,0.72,0,TV
10439,1939,10,2024-07-23,WebBrowser,107,0.85,1,Desktop
10440,750,5,2024-09-06,MobileApp,42,0.36,0,TV
10441,3,1,2025-02-04,TabletApp,61,0.58,0,TV
10442,1179,12,2024-07-22,MobileApp,109,0.96,0,TV
10443,1429,6,2024-06-16,StreamMax,101,1.0,0,TV
10444,1144,3,2024-09-30,MobileApp,73,0.6,0,Desktop
10445,274,9,2024-09-19,StreamMax,56,0.4,0,Mobile
10446,1501,6,2024-12-19,MobileApp,42,0.44,1,Tablet
10447,1497,1,2025-01-19,MobileApp,44,0.48,0,TV
10448,1193,1,2024-07-20,StreamMax,92,0.86,0,Tablet
10449,1452,1,2024-07-11,SmartTV,108,0.85,0,Desktop
10450,1617,11,2025-03-06,SmartTV,114,0.81,0,TV
10451,1950,13,2025-03-12,MobileApp,97,0.69,0,Desktop
10452,128,1,2024-09-04,StreamMax,66,0.45,0,Desktop
10453,1159,15,2024-11-18,StreamMax,43,0.43,0,Desktop
10454,1872,14,2025-01-04,SmartTV,35,0.36,1,Tablet
10455,1687,3,2024-11-29,StreamMax,78,0.57,0,Tablet
10456,110,1,2025-02-01,WebBrowser,117,0.97,0,Mobile
10457,880,8,2024-07-22,SmartTV,133,0.86,0,Mobile
10458,1595,3,2025-02-28,SmartTV,96,0.75,0,Mobile
10459,1052,12,2024-07-22,TabletApp,94,0.98,0,TV
10460,1900,1,2024-08-06,WebBrowser,131,0.91,0,Tablet
10461,186,11,2024-11-16,SmartTV,94,0.6,0,Desktop
10462,582,1,2025-01-13,WebBrowser,71,0.58,0,Desktop
10463,1835,3,2025-01-02,StreamMax,86,0.76,0,TV
10464,1731,3,2024-06-01,MobileApp,105,0.79,0,Desktop
10465,1590,1,2025-03-17,StreamMax,65,0.56,0,Mobile
10466,765,14,2024-08-31,WebBrowser,106,0.84,0,Desktop
10467,21,8,2024-12-10,TabletApp,111,1.0,1,Desktop
10468,347,15,2024-10-26,MobileApp,102,0.85,1,Desktop
10469,1568,2,2024-07-17,MobileApp,86,0.76,0,Tablet
10470,286,2,2024-08-01,TabletApp,138,0.97,0,Tablet
10471,1555,1,2025-04-05,SmartTV,89,0.73,0,Desktop
10472,1174,1,2025-02-01,TabletApp,130,0.84,1,TV
10473,332,3,2025-01-30,SmartTV,71,0.81,0,Tablet
10474,1475,14,2025-04-19,TabletApp,78,0.88,1,Desktop
10475,1072,1,2025-02-11,WebBrowser,88,0.62,1,Tablet
10476,1165,11,2025-03-09,StreamMax,120,0.87,0,Mobile
10477,1321,10,2025-01-18,MobileApp,105,0.7,0,Desktop
10478,1705,2,2025-01-06,TabletApp,58,0.44,0,Mobile
10479,1140,1,2024-11-17,WebBrowser,84,0.57,0,Mobile
10480,287,6,2025-04-03,WebBrowser,81,0.75,0,TV
10481,708,1,2025-04-20,SmartTV,51,0.37,1,Mobile
10482,1249,5,2024-07-28,MobileApp,89,0.84,0,Mobile
10483,677,3,2024-10-05,StreamMax,83,0.54,0,Mobile
10484,1863,2,2025-02-19,StreamMax,107,0.98,1,Mobile
10485,696,15,2025-03-09,SmartTV,49,0.42,0,TV
10486,1082,14,2024-07-24,TabletApp,70,0.5,0,TV
10487,94,9,2025-01-30,StreamMax,103,0.82,0,Mobile
10488,524,12,2024-12-31,StreamMax,57,0.55,0,Tablet
10489,304,11,2025-02-13,SmartTV,123,0.79,0,TV
10490,1269,8,2024-06-25,SmartTV,59,0.44,0,Tablet
10491,1234,12,2025-02-12,WebBrowser,90,0.6,0,TV
10492,59,10,2024-09-25,SmartTV,34,0.38,0,TV
10493,499,14,2024-08-31,TabletApp,85,0.96,0,Mobile
10494,287,3,2024-12-11,WebBrowser,91,0.86,0,Tablet
10495,1507,8,2024-10-31,WebBrowser,102,0.83,0,Desktop
10496,897,3,2024-12-31,WebBrowser,84,0.7,0,TV
10497,1537,1,2025-01-18,StreamMax,38,0.35,0,Tablet
10498,547,7,2024-10-02,StreamMax,59,0.63,1,Mobile
10499,656,11,2024-09-25,StreamMax,78,0.73,1,TV
10500,1123,1,2024-06-23,MobileApp,117,0.85,0,Tablet
10501,1223,15,2024-06-12,StreamMax,134,1.0,0,Desktop
10502,179,1,2024-10-04,SmartTV,44,0.37,0,Desktop
10503,1950,1,2024-12-12,MobileApp,63,0.63,1,Tablet
10504,997,10,2024-06-10,StreamMax,74,0.61,0,Desktop
10505,368,14,2024-10-11,StreamMax,79,0.67,0,Tablet
10506,1407,7,2024-07-01,StreamMax,44,0.49,1,Mobile
10507,1255,8,2024-10-22,StreamMax,146,0.96,0,Mobile
10508,718,8,2025-04-14,WebBrowser,67,0.56,0,TV
10509,791,10,2024-11-15,TabletApp,40,0.35,0,Mobile
10510,462,2,2024-08-05,StreamMax,54,0.36,0,Desktop
10511,579,15,2025-01-22,StreamMax,56,0.39,0,Desktop
10512,616,14,2024-12-23,TabletApp,99,0.85,0,TV
10513,602,1,2025-03-17,SmartTV,75,0.65,0,TV
10514,536,1,2025-01-10,WebBrowser,97,0.67,1,TV
10515,853,2,2025-02-19,WebBrowser,81,0.6,1,Tablet
10516,1286,1,2025-03-02,SmartTV,145,0.99,0,Mobile
10517,42,14,2025-01-18,TabletApp,93,0.78,0,Mobile
10518,1760,10,2024-12-30,StreamMax,55,0.63,0,Tablet
10519,1900,6,2025-01-01,TabletApp,80,0.56,0,TV
10520,1425,5,2024-09-16,MobileApp,124,0.95,0,Mobile
10521,869,8,2024-12-23,TabletApp,116,0.87,1,Tablet
10522,1551,1,2024-07-02,StreamMax,49,0.53,1,TV
10523,1928,5,2025-03-26,WebBrowser,76,0.56,0,Mobile
10524,141,4,2025-04-19,MobileApp,103,0.71,0,TV
10525,909,14,2025-02-03,MobileApp,83,0.81,0,TV
10526,580,2,2024-06-02,StreamMax,80,0.92,0,Tablet
10527,877,12,2025-01-31,SmartTV,40,0.45,0,Mobile
10528,796,2,2024-10-24,MobileApp,53,0.49,0,Tablet
10529,1105,10,2024-12-02,WebBrowser,45,0.36,0,Desktop
10530,702,10,2024-11-25,TabletApp,101,0.72,0,Desktop
10531,1644,1,2024-09-25,MobileApp,112,0.92,1,Tablet
10532,737,1,2024-07-20,MobileApp,51,0.45,0,TV
10533,1378,8,2025-02-25,StreamMax,84,0.59,0,Mobile
10534,740,3,2024-11-05,MobileApp,83,0.66,0,Mobile
10535,332,10,2024-07-01,SmartTV,65,0.65,0,Tablet
10536,772,3,2024-10-20,StreamMax,53,0.43,0,Tablet
10537,606,3,2024-09-20,StreamMax,139,0.95,0,Mobile
10538,1024,6,2025-04-21,WebBrowser,49,0.37,0,Tablet
10539,942,10,2024-08-24,WebBrowser,134,0.94,0,Mobile
10540,148,6,2024-10-18,WebBrowser,70,0.65,0,TV
10541,1579,8,2024-07-02,WebBrowser,74,0.48,0,Mobile
10542,547,6,2025-01-17,TabletApp,123,0.78,0,Tablet
10543,1510,4,2024-10-19,TabletApp,92,0.94,1,Desktop
10544,71,2,2024-06-02,StreamMax,37,0.36,0,TV
10545,632,4,2025-02-24,WebBrowser,92,0.9,0,Tablet
10546,1895,15,2024-09-25,TabletApp,37,0.35,0,Mobile
10547,338,2,2024-07-18,SmartTV,42,0.35,0,Tablet
10548,297,11,2024-12-30,SmartTV,82,0.86,0,Desktop
10549,1742,1,2025-04-13,StreamMax,64,0.57,1,Tablet
10550,1232,2,2025-01-17,MobileApp,44,0.37,0,Tablet
10551,1290,11,2025-04-25,TabletApp,66,0.75,1,Tablet
10552,1,6,2024-06-11,MobileApp,30,0.32,0,Desktop
10553,1258,3,2024-06-08,SmartTV,62,0.42,1,Mobile
10554,1327,10,2024-07-12,TabletApp,81,0.71,1,Mobile
10555,1373,14,2024-11-24,SmartTV,45,0.51,1,Tablet
10556,1157,1,2024-11-15,SmartTV,55,0.37,0,TV
10557,1872,15,2025-01-17,TabletApp,52,0.59,0,TV
10558,458,7,2024-07-24,MobileApp,65,0.7,0,Mobile
10559,1358,5,2024-08-20,MobileApp,47,0.49,1,Desktop
10560,1367,8,2024-10-12,WebBrowser,141,0.92,0,Tablet
10561,142,5,2024-07-31,MobileApp,75,0.82,1,Mobile
10562,1505,11,2025-02-11,StreamMax,85,0.76,0,Tablet
10563,337,9,2024-12-11,WebBrowser,88,0.64,0,Desktop
10564,1623,8,2024-07-30,StreamMax,60,0.62,0,Desktop
10565,1753,2,2024-07-04,MobileApp,44,0.32,0,TV
10566,1238,6,2024-08-31,WebBrowser,65,0.44,0,Mobile
10567,1498,3,2025-04-21,SmartTV,68,0.66,1,Mobile
10568,1637,12,2025-01-09,SmartTV,69,0.5,1,Tablet
10569,1907,8,2024-11-29,StreamMax,95,0.72,0,Tablet
10570,209,1,2024-10-27,StreamMax,120,0.84,1,TV
10571,229,4,2024-10-14,StreamMax,67,0.57,0,Mobile
10572,1652,11,2025-04-19,StreamMax,146,0.97,1,Desktop
10573,957,1,2024-12-21,TabletApp,131,0.94,0,Mobile
10574,1553,6,2024-10-30,StreamMax,102,0.81,0,TV
10575,822,10,2025-01-03,WebBrowser,92,0.77,0,Desktop
10576,878,3,2024-12-22,SmartTV,72,0.59,0,Tablet
10577,1037,1,2025-03-21,TabletApp,47,0.46,0,Desktop
10578,681,2,2024-08-24,TabletApp,112,0.94,0,Mobile
10579,196,6,2025-04-10,MobileApp,107,0.77,0,Desktop
10580,1086,8,2024-11-19,WebBrowser,53,0.35,0,Desktop
10581,1166,3,2024-06-28,SmartTV,75,0.74,0,Tablet
10582,310,8,2024-10-16,StreamMax,106,0.95,0,TV
10583,1681,8,2024-10-11,TabletApp,131,0.95,0,TV
10584,262,6,2025-03-28,MobileApp,105,0.73,0,Tablet
10585,222,1,2025-02-21,TabletApp,57,0.64,1,TV
10586,1131,1,2025-04-07,TabletApp,45,0.44,0,Tablet
10587,904,1,2025-04-24,SmartTV,70,0.45,0,TV
10588,390,14,2024-10-10,TabletApp,58,0.47,0,Desktop
10589,1886,10,2025-02-03,MobileApp,62,0.63,0,Mobile
10590,1694,8,2025-03-14,StreamMax,64,0.47,0,Tablet
10591,838,3,2025-03-01,WebBrowser,114,0.9,0,Tablet
10592,1678,5,2025-02-17,SmartTV,95,0.8,0,Desktop
10593,1254,10,2024-06-19,StreamMax,107,0.73,0,TV
10594,1629,8,2025-02-22,WebBrowser,48,0.45,0,TV
10595,584,8,2025-02-09,SmartTV,47,0.36,1,TV
10596,225,9,2024-06-25,WebBrowser,96,0.7,0,TV
10597,1244,6,2024-06-07,MobileApp,143,0.98,0,Tablet
10598,557,10,2024-09-11,SmartTV,70,0.49,0,Mobile
10599,367,1,2025-03-17,TabletApp,87,0.93,0,TV
10600,587,8,2024-08-30,TabletApp,110,0.81,0,Tablet
10601,1008,2,2025-02-10,TabletApp,63,0.41,0,Mobile
10602,1039,8,2025-03-04,WebBrowser,46,0.47,0,Tablet
10603,460,8,2025-04-06,StreamMax,70,0.68,0,Mobile
10604,1895,14,2025-04-03,TabletApp,107,0.7,0,Desktop
10605,1428,3,2025-01-12,StreamMax,118,0.76,1,Mobile
10606,113,7,2024-06-29,SmartTV,123,0.83,0,Tablet
10607,1965,13,2024-10-24,WebBrowser,62,0.42,0,Mobile
10608,895,10,2024-08-25,SmartTV,70,0.57,0,Desktop
10609,934,15,2025-03-06,SmartTV,130,0.85,0,TV
10610,1202,9,2024-08-05,WebBrowser,93,0.88,1,Tablet
10611,1388,2,2024-08-08,StreamMax,62,0.44,0,Tablet
10612,1053,4,2025-01-17,StreamMax,120,0.91,0,Desktop
10613,1544,8,2024-11-08,WebBrowser,86,0.89,1,Tablet
10614,1129,1,2025-03-09,SmartTV,137,0.94,0,TV
10615,363,13,2024-09-19,StreamMax,58,0.38,0,Mobile
10616,1396,8,2025-02-03,TabletApp,98,0.98,0,Tablet
10617,1978,4,2024-12-30,MobileApp,95,0.82,0,Tablet
10618,1974,1,2024-11-24,WebBrowser,87,0.6,0,TV
10619,1725,7,2024-12-20,MobileApp,77,0.53,0,Mobile
10620,1546,2,2025-02-22,TabletApp,61,0.53,1,Tablet
10621,1928,1,2025-01-05,StreamMax,97,0.64,0,Mobile
10622,909,2,2024-08-29,MobileApp,102,0.86,0,Desktop
10623,1124,6,2024-06-30,StreamMax,64,0.66,0,Tablet
10624,126,14,2024-09-11,TabletApp,66,0.52,0,Mobile
10625,951,14,2025-01-29,MobileApp,66,0.44,1,TV
10626,665,2,2024-09-22,TabletApp,72,0.52,0,Tablet
10627,1390,9,2024-09-07,SmartTV,60,0.68,0,Desktop
10628,1547,13,2025-02-16,WebBrowser,88,0.59,0,TV
10629,15,1,2024-06-06,StreamMax,104,0.92,0,TV
10630,1541,13,2024-06-23,WebBrowser,74,0.82,0,Desktop
10631,550,8,2025-04-04,SmartTV,77,0.49,0,Mobile
10632,505,2,2025-02-22,SmartTV,63,0.43,0,TV
10633,1082,1,2025-03-22,WebBrowser,87,0.65,0,TV
10634,1435,7,2024-10-08,TabletApp,60,0.59,0,TV
10635,1680,14,2025-01-09,StreamMax,70,0.46,0,TV
10636,1564,3,2025-04-08,WebBrowser,91,0.92,0,TV
10637,310,8,2025-04-30,WebBrowser,63,0.65,0,Desktop
10638,1988,1,2024-09-01,MobileApp,69,0.58,0,TV
10639,1189,1,2025-01-26,MobileApp,60,0.6,1,Tablet
10640,1902,14,2024-11-08,StreamMax,44,0.3,0,Mobile
10641,1590,10,2025-01-30,WebBrowser,97,0.65,0,Desktop
10642,1122,3,2024-09-24,TabletApp,50,0.44,0,Tablet
10643,1516,1,2024-09-17,TabletApp,35,0.36,0,Mobile
10644,822,15,2024-06-02,StreamMax,64,0.51,0,Desktop
10645,1335,14,2024-07-02,MobileApp,34,0.35,0,Desktop
10646,1502,6,2024-11-18,WebBrowser,56,0.36,0,Desktop
10647,1042,13,2024-07-07,WebBrowser,98,0.75,0,Tablet
10648,976,2,2024-06-15,SmartTV,82,0.73,1,TV
10649,343,11,2025-04-17,TabletApp,65,0.7,0,Mobile
10650,965,1,2024-08-17,MobileApp,51,0.45,0,Tablet
10651,1757,8,2025-04-15,MobileApp,84,0.83,0,Desktop
10652,720,2,2025-03-11,MobileApp,88,0.72,1,Desktop
10653,161,7,2025-01-02,SmartTV,113,0.9,0,Tablet
10654,525,6,2024-07-26,StreamMax,65,0.69,1,Tablet
10655,379,3,2024-12-02,StreamMax,144,0.96,0,Tablet
10656,1456,1,2025-02-27,StreamMax,56,0.56,0,Tablet
10657,1033,3,2024-11-19,MobileApp,122,0.97,0,Tablet
10658,222,6,2024-09-01,SmartTV,59,0.49,0,TV
10659,302,13,2024-06-15,WebBrowser,126,0.8,1,Tablet
10660,1431,6,2025-02-16,TabletApp,48,0.43,0,TV
10661,1342,1,2025-02-19,MobileApp,97,0.98,0,Tablet
10662,1833,1,2024-09-19,TabletApp,98,0.92,0,Tablet
10663,1495,6,2025-02-10,SmartTV,51,0.44,1,Desktop
10664,977,4,2024-10-11,StreamMax,61,0.47,1,Desktop
10665,904,13,2025-02-26,MobileApp,123,0.89,0,TV
10666,948,13,2024-10-27,TabletApp,56,0.37,0,Tablet
10667,207,5,2025-02-26,SmartTV,65,0.44,0,Desktop
10668,1633,2,2024-06-27,WebBrowser,57,0.47,0,Mobile
10669,1642,15,2025-02-06,WebBrowser,49,0.56,0,TV
10670,402,7,2025-03-01,StreamMax,50,0.45,0,Mobile
10671,649,11,2024-11-29,WebBrowser,54,0.56,0,Desktop
10672,17,1,2025-01-09,MobileApp,73,0.69,1,Mobile
10673,296,2,2025-01-10,StreamMax,40,0.45,1,Desktop
10674,1043,15,2025-03-13,MobileApp,46,0.33,0,Tablet
10675,352,8,2025-04-07,TabletApp,41,0.4,0,Desktop
10676,861,1,2025-01-13,MobileApp,72,0.55,1,Desktop
10677,426,6,2024-11-12,WebBrowser,95,0.63,0,Desktop
10678,1654,3,2024-12-21,TabletApp,79,0.67,0,TV
10679,283,14,2024-07-29,WebBrowser,120,1.0,0,TV
10680,405,8,2025-03-08,TabletApp,67,0.59,0,Mobile
10681,1829,11,2025-03-12,WebBrowser,67,0.56,0,TV
10682,516,8,2024-08-10,SmartTV,46,0.38,0,TV
10683,1155,5,2025-02-04,StreamMax,139,0.91,1,TV
10684,1660,13,2025-03-14,TabletApp,124,0.82,0,Mobile
10685,81,1,2024-07-20,StreamMax,141,0.91,1,TV
10686,1326,1,2024-08-09,MobileApp,107,0.69,0,Mobile
10687,1814,1,2025-02-06,WebBrowser,103,0.77,0,Tablet
10688,413,2,2025-03-21,WebBrowser,126,0.83,0,Mobile
10689,809,8,2024-07-07,MobileApp,88,0.71,0,Desktop
10690,59,1,2025-02-16,StreamMax,119,0.96,0,Mobile
10691,1660,2,2024-08-24,WebBrowser,118,0.8,0,Mobile
10692,1400,12,2024-11-10,WebBrowser,40,0.34,1,TV
10693,1416,1,2025-03-02,MobileApp,70,0.72,0,TV
10694,1451,14,2024-10-24,StreamMax,93,0.81,0,TV
10695,227,6,2024-08-24,MobileApp,71,0.52,0,Desktop
10696,1936,6,2025-03-28,StreamMax,66,0.53,1,Tablet
10697,1007,8,2025-02-02,StreamMax,77,0.71,0,Desktop
10698,624,7,2024-07-24,WebBrowser,81,0.66,0,TV
10699,421,6,2024-12-24,SmartTV,107,0.76,1,Desktop
10700,234,5,2024-08-15,WebBrowser,64,0.66,0,Mobile
10701,652,14,2024-08-23,SmartTV,76,0.78,0,Tablet
10702,1515,14,2024-09-15,MobileApp,36,0.35,1,Desktop
10703,1680,8,2025-04-22,SmartTV,100,0.73,1,Tablet
10704,849,8,2024-11-12,StreamMax,103,0.87,0,TV
10705,1306,1,2025-02-04,SmartTV,58,0.43,0,Tablet
10706,235,6,2024-10-14,TabletApp,64,0.45,0,Tablet
10707,1247,1,2024-07-14,SmartTV,46,0.34,0,Tablet
10708,540,1,2025-03-28,SmartTV,145,0.97,0,Tablet
10709,1610,8,2024-09-27,SmartTV,72,0.51,0,TV
10710,644,9,2024-08-23,SmartTV,33,0.3,0,Tablet
10711,1357,2,2024-07-05,MobileApp,53,0.47,1,Mobile
10712,23,2,2025-04-29,WebBrowser,33,0.37,0,Tablet
10713,874,4,2024-11-07,MobileApp,81,0.9,1,TV
10714,829,1,2025-03-29,SmartTV,65,0.61,0,Desktop
10715,139,2,2024-08-04,MobileApp,55,0.38,0,TV
10716,1973,1,2025-02-06,WebBrowser,41,0.43,0,Tablet
10717,1001,3,2024-07-14,MobileApp,74,0.58,0,Desktop
10718,896,11,2025-04-01,TabletApp,123,0.97,0,Tablet
10719,1054,1,2024-07-15,WebBrowser,63,0.65,0,Mobile
10720,805,8,2024-09-07,MobileApp,46,0.43,0,Desktop
10721,421,11,2024-11-26,MobileApp,47,0.38,0,TV
10722,1878,11,2024-11-01,MobileApp,60,0.51,0,Tablet
10723,1058,2,2024-09-11,MobileApp,58,0.37,1,Tablet
10724,1954,7,2024-08-29,TabletApp,55,0.63,0,TV
10725,1495,14,2024-08-23,WebBrowser,40,0.35,0,Mobile
10726,93,14,2025-03-15,WebBrowser,90,0.92,0,Desktop
10727,531,11,2024-10-24,TabletApp,105,0.67,0,Desktop
10728,1026,8,2024-10-28,MobileApp,59,0.42,0,Mobile
10729,256,3,2025-03-14,WebBrowser,131,0.98,0,Tablet
10730,48,1,2025-03-11,TabletApp,143,0.93,0,Tablet
10731,1239,8,2024-06-01,SmartTV,73,0.56,0,Tablet
10732,410,10,2024-09-08,MobileApp,67,0.52,0,TV
10733,1522,8,2024-09-04,StreamMax,56,0.57,1,Tablet
10734,92,1,2025-01-06,MobileApp,52,0.56,0,Mobile
10735,649,1,2024-08-03,SmartTV,108,0.93,0,Tablet
10736,1866,2,2024-08-07,MobileApp,56,0.45,1,Mobile
10737,6,14,2024-10-09,TabletApp,90,0.65,0,TV
10738,321,8,2025-01-08,WebBrowser,102,0.65,1,Desktop
10739,1474,1,2025-03-20,MobileApp,42,0.33,0,Desktop
10740,1624,5,2024-07-30,WebBrowser,58,0.48,1,Mobile
10741,373,5,2024-11-25,StreamMax,72,0.56,1,Tablet
10742,1004,6,2025-02-08,SmartTV,85,0.6,0,Mobile
10743,334,11,2025-04-23,StreamMax,79,0.89,0,Mobile
10744,1765,14,2024-08-04,MobileApp,61,0.39,0,TV
10745,418,7,2024-12-20,WebBrowser,73,0.47,0,Desktop
10746,549,1,2025-02-22,SmartTV,82,0.87,0,TV
10747,842,14,2024-12-11,SmartTV,119,0.97,0,Desktop
10748,1623,13,2024-12-27,SmartTV,94,0.92,1,Mobile
10749,762,2,2024-10-13,MobileApp,55,0.37,0,TV
10750,1580,1,2024-12-03,MobileApp,105,0.79,1,TV
10751,1797,12,2024-12-30,MobileApp,57,0.42,0,Desktop
10752,1266,14,2024-12-10,StreamMax,111,0.76,0,Tablet
10753,1739,8,2024-12-13,MobileApp,73,0.59,0,TV
10754,1413,14,2024-07-22,WebBrowser,108,0.86,1,TV
10755,1253,2,2024-12-15,TabletApp,146,1.0,0,Desktop
10756,1364,6,2024-12-04,MobileApp,64,0.43,0,Mobile
10757,106,8,2025-01-06,WebBrowser,59,0.4,0,Tablet
10758,1292,1,2025-02-21,WebBrowser,87,0.71,0,Mobile
10759,994,1,2024-09-23,MobileApp,38,0.34,0,TV
10760,974,13,2024-10-10,StreamMax,64,0.72,0,Desktop
10761,894,9,2024-08-14,StreamMax,36,0.33,0,Desktop
10762,1193,2,2024-06-07,StreamMax,129,0.91,0,TV
10763,127,8,2024-12-14,WebBrowser,107,0.83,0,Desktop
10764,1737,2,2024-12-05,TabletApp,59,0.44,1,Desktop
10765,1996,1,2024-08-09,WebBrowser,54,0.35,0,Tablet
10766,449,1,2025-01-07,MobileApp,44,0.51,0,Tablet
10767,123,6,2025-04-13,TabletApp,82,0.82,0,TV
10768,653,14,2024-11-10,SmartTV,67,0.76,0,Tablet
10769,90,2,2024-12-01,MobileApp,102,0.78,0,Desktop
10770,760,5,2025-04-01,SmartTV,38,0.34,0,Mobile
10771,912,6,2025-01-28,StreamMax,126,0.92,0,Desktop
10772,834,1,2025-04-30,WebBrowser,38,0.3,0,Desktop
10773,1092,1,2025-03-09,SmartTV,53,0.5,0,Desktop
10774,1153,1,2024-08-14,SmartTV,95,0.73,0,Desktop
10775,322,7,2025-03-15,MobileApp,127,0.81,0,Desktop
10776,78,13,2024-06-08,StreamMax,54,0.43,0,Tablet
10777,1690,14,2024-06-17,MobileApp,57,0.45,0,TV
10778,1784,13,2025-04-16,StreamMax,47,0.52,0,Tablet
10779,994,3,2024-09-19,SmartTV,154,0.98,0,Tablet
10780,1084,8,2024-12-28,MobileApp,99,0.74,1,Mobile
10781,1352,1,2025-03-10,MobileApp,101,0.75,0,Desktop
10782,371,5,2024-11-24,StreamMax,44,0.51,0,Mobile
10783,173,2,2025-01-20,WebBrowser,118,0.78,0,Mobile
10784,1384,11,2025-01-24,TabletApp,135,0.94,1,Desktop
10785,933,11,2025-02-12,WebBrowser,31,0.35,0,Tablet
10786,1287,2,2025-02-27,MobileApp,105,0.84,0,Tablet
10787,1427,2,2024-09-13,StreamMax,52,0.54,0,TV
10788,521,11,2024-07-16,WebBrowser,80,0.54,0,TV
10789,1448,7,2024-11-10,TabletApp,40,0.45,1,Desktop
10790,1926,1,2025-03-24,TabletApp,77,0.66,0,TV
10791,1574,3,2025-04-02,TabletApp,67,0.43,0,TV
10792,234,6,2025-02-20,MobileApp,100,0.77,0,Tablet
10793,1563,10,2025-03-15,MobileApp,84,0.83,0,TV
10794,445,8,2024-11-19,WebBrowser,91,0.75,0,TV
10795,233,6,2024-10-28,SmartTV,33,0.36,1,Tablet
10796,819,6,2024-11-23,WebBrowser,73,0.61,1,TV
10797,1007,10,2024-09-01,MobileApp,89,0.65,0,Mobile
10798,1400,1,2024-07-12,TabletApp,73,0.62,0,Desktop
10799,1287,11,2024-12-12,MobileApp,64,0.45,0,Mobile
10800,211,12,2024-10-28,StreamMax,42,0.32,0,Mobile
10801,1622,7,2024-07-13,SmartTV,89,0.62,0,Tablet
10802,1930,1,2024-08-05,SmartTV,140,0.92,0,Tablet
10803,411,1,2025-02-19,WebBrowser,33,0.36,0,Desktop
10804,498,11,2024-12-29,StreamMax,87,0.62,1,Mobile
10805,1362,11,2025-02-07,StreamMax,105,0.7,0,Desktop
10806,554,1,2024-07-28,SmartTV,56,0.36,0,Tablet
10807,105,9,2024-07-19,StreamMax,80,0.65,0,Tablet
10808,1961,14,2024-09-04,StreamMax,51,0.47,1,TV
10809,1112,3,2024-06-18,MobileApp,45,0.31,0,Desktop
10810,717,2,2025-01-14,TabletApp,130,0.84,0,Tablet
10811,887,7,2024-10-10,MobileApp,79,0.72,0,Mobile
10812,224,2,2025-02-02,StreamMax,50,0.41,0,Tablet
10813,304,1,2025-01-12,TabletApp,43,0.37,0,Desktop
10814,883,5,2024-07-07,StreamMax,92,0.61,0,TV
10815,1064,2,2025-03-26,TabletApp,98,0.72,0,TV
10816,801,8,2025-04-03,SmartTV,60,0.57,0,Mobile
10817,908,14,2024-10-02,WebBrowser,122,0.92,0,Tablet
10818,530,10,2024-06-26,TabletApp,96,0.8,0,Mobile
10819,244,11,2024-12-03,TabletApp,99,0.88,0,Mobile
10820,1279,4,2025-01-11,MobileApp,53,0.43,0,Mobile
10821,96,8,2024-07-29,TabletApp,79,0.74,0,TV
10822,1671,13,2025-02-21,StreamMax,80,0.59,0,Mobile
10823,886,10,2024-12-02,TabletApp,37,0.33,0,Mobile
10824,14,11,2024-11-02,StreamMax,92,0.85,1,TV
10825,1964,15,2024-08-04,MobileApp,46,0.34,0,TV
10826,450,10,2024-09-14,SmartTV,79,0.56,0,TV
10827,6,8,2025-01-15,MobileApp,69,0.56,1,TV
10828,610,1,2025-03-18,SmartTV,93,0.9,0,Tablet
10829,1952,6,2024-06-21,MobileApp,121,0.83,0,Tablet
10830,1000,1,2024-09-21,StreamMax,94,0.73,0,Mobile
10831,1823,13,2024-06-04,StreamMax,122,0.94,1,TV
10832,1677,1,2024-07-11,StreamMax,99,0.87,0,TV
10833,638,3,2024-07-28,TabletApp,48,0.36,0,Desktop
10834,642,7,2025-02-14,StreamMax,79,0.55,0,Mobile
10835,1449,15,2024-07-30,WebBrowser,98,0.73,0,Desktop
10836,740,7,2025-04-26,MobileApp,107,0.79,0,Mobile
10837,1936,10,2024-10-03,WebBrowser,111,0.82,1,Mobile
10838,1342,1,2025-01-21,TabletApp,55,0.41,0,TV
10839,1868,1,2024-08-10,SmartTV,50,0.39,0,Desktop
10840,569,1,2024-10-12,TabletApp,70,0.49,1,TV
10841,994,14,2025-01-20,MobileApp,75,0.53,0,Mobile
10842,1484,3,2024-08-22,WebBrowser,79,0.75,0,Tablet
10843,1965,11,2025-02-02,SmartTV,84,0.58,0,TV
10844,508,8,2024-07-20,StreamMax,56,0.36,0,TV
10845,1234,14,2024-10-05,WebBrowser,100,0.87,0,TV
10846,1944,1,2024-07-30,StreamMax,92,0.6,0,Tablet
10847,1134,14,2024-06-25,WebBrowser,78,0.63,0,Mobile
10848,413,2,2024-06-13,WebBrowser,106,0.81,0,Desktop
10849,1849,1,2025-02-21,StreamMax,50,0.48,0,TV
10850,828,7,2024-06-07,StreamMax,83,0.77,0,Desktop
10851,695,1,2025-01-26,StreamMax,103,0.77,0,TV
10852,411,8,2025-02-01,StreamMax,125,0.93,0,Desktop
10853,2000,7,2024-09-18,SmartTV,101,0.7,0,Desktop
10854,1038,10,2024-11-21,MobileApp,64,0.63,0,Desktop
10855,557,2,2024-06-20,MobileApp,119,0.93,0,Mobile
10856,350,11,2025-01-02,WebBrowser,57,0.54,1,TV
10857,1160,1,2024-09-29,StreamMax,40,0.44,0,Desktop
10858,145,7,2025-01-29,StreamMax,68,0.64,1,Mobile
10859,1477,1,2024-09-05,StreamMax,48,0.42,0,Mobile
10860,1252,13,2025-01-23,TabletApp,53,0.5,1,Tablet
10861,592,10,2025-01-03,WebBrowser,95,0.76,0,Mobile
10862,88,2,2025-01-20,StreamMax,91,0.86,0,Mobile
10863,1628,2,2024-10-02,StreamMax,69,0.49,0,Mobile
10864,567,5,2025-03-11,MobileApp,49,0.45,0,Mobile
10865,654,1,2025-02-15,StreamMax,142,0.92,0,Mobile
10866,1632,9,2024-08-06,StreamMax,81,0.54,1,Mobile
10867,800,1,2024-06-19,MobileApp,96,0.78,0,Tablet
10868,608,3,2024-11-20,MobileApp,125,0.82,0,Desktop
10869,1101,13,2024-11-02,MobileApp,61,0.42,0,Mobile
10870,1957,6,2024-09-13,MobileApp,85,0.63,0,TV
10871,1638,6,2024-12-12,MobileApp,54,0.51,1,TV
10872,727,12,2025-04-28,MobileApp,50,0.52,0,TV
10873,1066,15,2024-09-17,WebBrowser,63,0.53,1,Mobile
10874,27,8,2025-04-17,StreamMax,46,0.38,0,Tablet
10875,1214,6,2024-07-28,WebBrowser,52,0.4,0,Mobile
10876,385,1,2025-04-26,TabletApp,83,0.62,0,Desktop
10877,1996,1,2024-06-05,WebBrowser,150,0.97,0,TV
10878,413,1,2024-07-03,TabletApp,129,0.96,0,Tablet
10879,908,12,2024-11-27,TabletApp,62,0.51,0,Tablet
10880,1373,15,2025-01-11,MobileApp,54,0.36,0,TV
10881,396,5,2025-03-29,WebBrowser,104,0.95,0,TV
10882,1279,3,2024-09-11,WebBrowser,31,0.34,0,TV
10883,1615,7,2025-01-16,WebBrowser,37,0.35,0,TV
10884,1364,8,2025-03-20,StreamMax,69,0.57,0,Tablet
10885,595,8,2025-04-10,MobileApp,51,0.5,0,Tablet
10886,943,12,2024-11-10,StreamMax,70,0.69,0,Mobile
10887,1466,12,2024-06-12,TabletApp,37,0.35,0,Tablet
10888,716,1,2024-12-26,MobileApp,49,0.32,1,Tablet
10889,1298,1,2025-04-01,StreamMax,85,0.65,0,TV
10890,1932,1,2025-03-09,StreamMax,142,0.97,0,TV
10891,267,1,2024-08-15,StreamMax,137,0.92,0,Desktop
10892,126,1,2024-11-06,MobileApp,58,0.57,0,Desktop
10893,147,1,2025-04-30,StreamMax,93,0.63,1,Desktop
10894,1839,5,2025-03-13,SmartTV,38,0.39,0,Tablet
10895,577,6,2025-01-18,MobileApp,83,0.91,1,Mobile
10896,734,14,2025-02-22,WebBrowser,93,0.59,0,Desktop
10897,920,3,2024-07-06,MobileApp,64,0.65,1,Tablet
10898,952,13,2024-10-29,TabletApp,122,0.92,0,Tablet
10899,1351,7,2024-08-26,StreamMax,59,0.58,0,Tablet
10900,169,2,2024-07-06,MobileApp,70,0.64,0,Desktop
10901,1374,3,2024-09-02,TabletApp,102,0.76,0,Tablet
10902,60,2,2025-02-20,WebBrowser,94,0.87,0,Desktop
10903,1388,1,2025-02-25,WebBrowser,91,0.62,0,Desktop
10904,602,15,2024-11-06,WebBrowser,108,0.85,1,Mobile
10905,1171,6,2024-10-09,WebBrowser,35,0.34,0,Mobile
10906,953,12,2025-04-02,SmartTV,119,0.87,0,Tablet
10907,426,11,2024-10-24,MobileApp,86,0.8,0,Tablet
10908,258,3,2025-03-02,MobileApp,67,0.62,1,Mobile
10909,1672,14,2025-04-18,SmartTV,37,0.43,1,Mobile
10910,686,1,2025-03-20,WebBrowser,74,0.48,1,Desktop
10911,42,3,2024-10-31,WebBrowser,82,0.73,0,Mobile
10912,721,2,2024-08-21,MobileApp,70,0.61,0,Tablet
10913,1971,15,2024-07-10,WebBrowser,48,0.46,0,Desktop
10914,1030,11,2024-10-19,SmartTV,104,0.94,0,Desktop
10915,1152,1,2025-04-06,MobileApp,54,0.55,0,Desktop
10916,1673,5,2024-08-22,StreamMax,100,0.66,0,TV
10917,1952,1,2025-04-20,WebBrowser,108,0.72,0,TV
10918,1610,1,2025-01-13,StreamMax,69,0.71,0,Tablet
10919,1098,8,2025-02-05,MobileApp,100,0.95,1,TV
10920,1712,4,2025-02-09,SmartTV,89,0.59,0,Tablet
10921,1774,6,2024-06-17,MobileApp,106,0.78,0,Tablet
10922,557,1,2025-03-05,WebBrowser,71,0.48,0,TV
10923,101,3,2024-12-11,StreamMax,42,0.39,1,TV
10924,1444,10,2024-08-10,MobileApp,36,0.4,0,Tablet
10925,887,9,2025-01-18,SmartTV,70,0.45,0,Mobile
10926,1777,6,2024-12-12,MobileApp,87,0.83,0,Mobile
10927,278,14,2024-11-01,SmartTV,82,0.82,0,Tablet
10928,1574,14,2024-12-06,MobileApp,42,0.46,0,Desktop
10929,791,5,2025-02-10,StreamMax,102,0.89,0,TV
10930,387,1,2025-02-09,SmartTV,110,0.91,0,Tablet
10931,531,10,2024-08-09,MobileApp,67,0.46,0,Mobile
10932,1543,10,2025-03-14,MobileApp,85,0.65,0,TV
10933,190,2,2024-07-30,WebBrowser,85,0.55,0,Mobile
10934,1377,9,2024-10-13,MobileApp,69,0.69,1,Desktop
10935,1748,8,2024-07-09,WebBrowser,113,0.74,0,TV
10936,204,8,2024-11-25,TabletApp,110,0.95,0,Mobile
10937,575,7,2025-03-27,SmartTV,78,0.56,0,Desktop
10938,933,2,2024-07-19,SmartTV,119,0.81,0,Desktop
10939,611,2,2024-09-15,StreamMax,83,0.86,0,Desktop
10940,1517,15,2024-12-03,SmartTV,88,0.88,1,Tablet
10941,513,10,2024-06-15,TabletApp,92,0.85,0,Desktop
10942,1542,1,2024-08-16,TabletApp,50,0.4,0,Tablet
10943,461,3,2025-04-12,SmartTV,106,0.95,0,Tablet
10944,277,12,2024-07-31,TabletApp,48,0.47,0,Mobile
10945,1148,14,2024-06-21,WebBrowser,82,0.81,1,Mobile
10946,1096,8,2024-12-19,SmartTV,135,0.88,1,Mobile
10947,1590,15,2024-09-14,SmartTV,47,0.42,0,TV
10948,405,1,2025-02-14,StreamMax,122,0.86,0,TV
10949,133,5,2025-01-22,MobileApp,53,0.44,0,Mobile
10950,1293,8,2025-01-03,TabletApp,95,0.95,1,TV
10951,451,11,2024-10-13,MobileApp,89,0.66,0,TV
10952,541,7,2025-01-20,TabletApp,71,0.81,0,Mobile
10953,265,9,2024-10-25,TabletApp,120,0.8,0,TV
10954,38,2,2024-11-20,MobileApp,116,0.79,0,TV
10955,524,2,2024-11-06,TabletApp,104,0.98,0,TV
10956,1876,9,2025-04-01,StreamMax,84,0.62,0,Tablet
10957,440,1,2025-01-22,SmartTV,98,0.9,0,TV
10958,824,14,2025-02-09,WebBrowser,61,0.63,0,Tablet
10959,498,2,2024-07-10,StreamMax,69,0.65,1,Tablet
10960,622,1,2025-02-23,StreamMax,110,0.81,0,Tablet
10961,6,6,2024-06-04,TabletApp,70,0.74,0,Desktop
10962,1828,11,2025-03-18,WebBrowser,59,0.43,0,Desktop
10963,65,5,2025-02-15,SmartTV,124,0.95,0,Desktop
10964,969,8,2024-07-31,SmartTV,103,0.91,0,TV
10965,1951,4,2025-02-11,MobileApp,96,0.65,0,Tablet
10966,517,3,2025-02-10,TabletApp,47,0.36,0,Mobile
10967,247,1,2024-10-05,TabletApp,120,0.79,1,Mobile
10968,422,11,2024-08-12,TabletApp,81,0.89,0,TV
10969,1621,15,2025-01-02,StreamMax,62,0.66,1,Tablet
10970,981,3,2024-09-09,SmartTV,53,0.44,0,TV
10971,1435,1,2025-02-03,SmartTV,55,0.38,0,TV
10972,1788,6,2025-01-05,TabletApp,113,0.72,0,Desktop
10973,1670,1,2025-02-13,MobileApp,71,0.58,0,Desktop
10974,1381,3,2024-11-21,MobileApp,69,0.68,0,Tablet
10975,644,1,2025-01-14,TabletApp,150,0.99,0,TV
10976,250,2,2025-03-01,SmartTV,96,0.78,0,Mobile
10977,1699,5,2025-02-01,SmartTV,97,0.9,0,Mobile
10978,647,5,2024-11-04,MobileApp,80,0.74,0,Mobile
10979,1835,1,2025-03-12,StreamMax,66,0.45,0,Mobile
10980,126,1,2025-03-22,TabletApp,61,0.42,0,Mobile
10981,484,5,2024-08-12,TabletApp,90,0.92,0,Mobile
10982,1834,15,2024-10-19,StreamMax,121,0.96,1,Desktop
10983,1038,2,2025-03-08,StreamMax,62,0.41,0,Desktop
10984,1514,1,2024-10-10,StreamMax,65,0.44,0,Tablet
10985,225,8,2024-10-25,TabletApp,47,0.32,0,Mobile
10986,1214,8,2024-09-06,TabletApp,49,0.45,0,TV
10987,470,9,2024-11-26,MobileApp,77,0.54,0,TV
10988,1518,1,2025-04-13,MobileApp,72,0.64,0,Mobile
10989,346,11,2024-06-13,SmartTV,63,0.52,1,TV
10990,1824,1,2025-02-09,WebBrowser,91,0.68,0,Mobile
10991,1559,1,2024-09-19,SmartTV,93,0.67,0,Mobile
10992,1128,5,2025-02-22,SmartTV,50,0.56,1,Mobile
10993,1802,7,2025-04-11,StreamMax,85,0.91,0,Mobile
10994,60,5,2025-03-05,WebBrowser,85,0.93,0,Tablet
10995,1176,1,2025-01-29,WebBrowser,55,0.51,0,Desktop
10996,345,13,2024-09-07,MobileApp,55,0.5,0,Desktop
10997,1922,1,2025-04-22,StreamMax,58,0.62,0,Tablet
10998,1646,7,2024-08-08,MobileApp,97,0.83,0,Desktop
10999,1934,6,2024-09-23,MobileApp,118,0.84,1,Desktop
11000,1201,2,2025-02-24,StreamMax,137,0.92,0,Tablet
11001,565,1,2024-09-05,SmartTV,69,0.64,0,Tablet
11002,1860,8,2024-10-30,TabletApp,87,0.81,0,TV
11003,314,11,2024-08-25,TabletApp,79,0.61,0,Tablet
11004,479,1,2025-03-28,WebBrowser,85,0.71,0,Mobile
11005,1069,2,2025-03-04,SmartTV,47,0.51,0,Tablet
11006,887,13,2024-11-22,TabletApp,88,0.7,0,Tablet
11007,981,10,2025-03-27,TabletApp,37,0.39,0,TV
11008,825,15,2024-07-25,StreamMax,80,0.78,0,TV
11009,1170,6,2024-07-03,MobileApp,116,0.74,0,Mobile
11010,183,6,2025-04-23,MobileApp,64,0.46,1,Desktop
11011,1937,1,2024-10-11,MobileApp,64,0.6,1,Tablet
11012,1143,7,2024-06-12,MobileApp,79,0.62,0,TV
11013,1023,7,2024-07-08,TabletApp,112,0.83,1,Mobile
11014,1123,2,2024-11-29,WebBrowser,50,0.37,0,Mobile
11015,1184,7,2025-03-12,MobileApp,47,0.46,0,Tablet
11016,104,12,2025-03-15,WebBrowser,147,0.98,0,Desktop
11017,451,3,2025-01-29,TabletApp,74,0.5,1,TV
11018,1761,10,2024-11-11,StreamMax,63,0.55,0,Desktop
11019,854,8,2024-07-23,StreamMax,123,0.78,1,TV
11020,529,5,2025-01-18,TabletApp,57,0.49,1,Desktop
11021,1026,7,2024-08-10,TabletApp,78,0.53,0,TV
11022,650,11,2024-06-10,SmartTV,96,0.96,0,Tablet
11023,1617,8,2024-06-15,StreamMax,129,0.85,1,Mobile
11024,959,11,2025-04-01,SmartTV,108,0.99,0,Desktop
11025,264,14,2024-09-07,StreamMax,37,0.36,0,Mobile
11026,816,3,2025-03-07,StreamMax,115,0.92,0,TV
11027,1268,11,2024-10-11,SmartTV,103,0.92,0,TV
11028,1759,14,2025-02-06,TabletApp,111,0.74,0,Desktop
11029,1775,6,2025-01-04,TabletApp,52,0.41,0,TV
11030,240,1,2025-04-24,WebBrowser,74,0.61,0,Mobile
11031,1580,15,2025-04-14,SmartTV,58,0.44,1,Desktop
11032,471,3,2024-12-27,WebBrowser,57,0.4,0,Mobile
11033,1502,6,2025-02-01,MobileApp,87,0.76,0,TV
11034,1178,5,2024-06-24,TabletApp,48,0.48,0,Tablet
11035,1162,1,2025-02-19,MobileApp,82,0.65,0,Mobile
11036,1331,12,2024-10-16,StreamMax,80,0.56,0,Mobile
11037,895,1,2025-04-22,SmartTV,93,0.82,0,Mobile
11038,425,1,2024-10-29,TabletApp,63,0.46,0,Tablet
11039,1164,3,2024-10-25,StreamMax,45,0.48,0,Mobile
11040,1685,6,2024-12-30,MobileApp,122,0.91,1,Mobile
11041,1183,2,2025-04-05,StreamMax,77,0.81,0,Desktop
11042,629,5,2024-06-26,StreamMax,82,0.69,0,Tablet
11043,317,12,2024-10-25,StreamMax,36,0.32,0,TV
11044,1804,6,2025-03-08,WebBrowser,117,0.76,0,Tablet
11045,641,6,2024-07-14,TabletApp,74,0.7,0,Tablet
11046,939,2,2024-09-20,MobileApp,100,0.99,0,Desktop
11047,1551,8,2025-03-09,StreamMax,100,0.66,0,TV
11048,1237,1,2025-04-16,TabletApp,61,0.44,0,Tablet
11049,1182,2,2024-11-30,SmartTV,87,0.58,0,Desktop
11050,1197,1,2025-02-07,WebBrowser,94,0.79,0,Mobile
11051,1874,12,2024-08-01,MobileApp,111,0.74,0,Desktop
11052,496,15,2024-06-10,WebBrowser,71,0.51,0,Desktop
11053,1029,13,2024-11-19,MobileApp,71,0.45,0,Mobile
11054,611,11,2025-03-25,MobileApp,130,0.94,0,TV
11055,20,15,2024-08-20,WebBrowser,42,0.35,0,Tablet
11056,512,1,2024-10-20,TabletApp,100,0.94,1,Tablet
11057,1091,1,2024-08-07,MobileApp,51,0.43,0,Tablet
11058,1852,11,2024-07-10,MobileApp,54,0.52,1,TV
11059,1063,10,2024-07-07,StreamMax,79,0.5,1,Mobile
11060,76,1,2024-12-06,SmartTV,44,0.5,0,Tablet
11061,1261,9,2024-07-05,StreamMax,60,0.5,0,Tablet
11062,119,10,2024-11-26,TabletApp,68,0.58,0,Mobile
11063,745,1,2025-02-17,SmartTV,131,0.94,0,Mobile
11064,1238,5,2024-08-31,TabletApp,93,0.59,1,Desktop
11065,766,3,2025-02-25,TabletApp,135,0.95,0,Mobile
11066,1535,8,2024-12-23,SmartTV,119,0.89,0,Desktop
11067,1918,6,2024-12-23,WebBrowser,95,0.76,0,Mobile
11068,477,2,2025-04-10,SmartTV,46,0.31,0,Tablet
11069,251,8,2024-06-29,WebBrowser,80,0.92,1,Desktop
11070,1026,14,2025-01-31,MobileApp,89,0.65,1,Tablet
11071,1247,1,2025-03-10,StreamMax,93,0.78,0,Desktop
11072,906,6,2024-06-18,SmartTV,76,0.78,0,Tablet
11073,363,1,2025-01-08,SmartTV,55,0.58,0,Desktop
11074,1447,3,2024-08-03,StreamMax,106,0.97,0,TV
11075,1510,6,2025-03-04,SmartTV,63,0.52,1,TV
11076,707,5,2025-01-02,MobileApp,125,0.84,0,Mobile
11077,1038,11,2025-03-04,MobileApp,111,0.93,1,TV
11078,251,11,2024-09-01,MobileApp,66,0.56,0,Tablet
11079,1854,8,2025-03-23,WebBrowser,48,0.48,1,Desktop
11080,1470,6,2024-07-24,SmartTV,116,0.94,0,Mobile
11081,47,3,2024-08-20,StreamMax,35,0.33,0,Desktop
11082,1478,8,2025-02-12,TabletApp,56,0.47,0,TV
11083,905,3,2025-04-28,SmartTV,83,0.65,0,Tablet
11084,368,13,2025-04-02,StreamMax,100,0.8,0,Desktop
11085,1620,14,2024-11-13,StreamMax,80,0.8,1,Mobile
11086,1859,11,2024-12-20,MobileApp,102,0.71,1,Tablet
11087,558,5,2024-06-02,StreamMax,127,0.82,0,TV
11088,809,2,2024-11-17,SmartTV,66,0.43,0,Tablet
11089,57,15,2024-11-10,StreamMax,40,0.44,0,TV
11090,567,8,2025-02-24,WebBrowser,99,0.84,0,TV
11091,650,5,2024-12-29,WebBrowser,75,0.54,0,Desktop
11092,1963,1,2025-03-10,SmartTV,40,0.31,0,Desktop
11093,802,1,2025-01-16,WebBrowser,89,0.59,0,Mobile
11094,1458,10,2024-11-06,WebBrowser,98,0.81,0,Tablet
11095,646,2,2024-07-07,MobileApp,50,0.32,0,Mobile
11096,935,1,2025-02-25,MobileApp,100,0.72,0,Tablet
11097,1322,2,2024-06-03,StreamMax,42,0.37,1,TV
11098,810,8,2024-12-16,TabletApp,60,0.41,0,TV
11099,799,2,2024-06-11,MobileApp,81,0.59,1,Tablet
11100,1491,6,2025-02-14,TabletApp,60,0.67,0,Desktop
11101,248,4,2025-04-24,MobileApp,90,0.79,0,Tablet
11102,1544,6,2025-02-09,TabletApp,94,1.0,1,TV
11103,1972,1,2025-03-11,StreamMax,71,0.52,1,Tablet
11104,1676,9,2025-01-04,StreamMax,65,0.47,1,Mobile
11105,1314,6,2025-03-04,StreamMax,58,0.43,0,TV
11106,877,1,2025-02-14,StreamMax,97,0.84,0,Mobile
11107,1846,15,2024-09-29,SmartTV,110,0.75,0,Desktop
11108,1319,6,2024-08-19,SmartTV,57,0.6,0,Desktop
11109,1910,8,2024-06-13,MobileApp,82,0.74,0,Mobile
11110,1759,5,2025-02-03,SmartTV,102,0.73,1,Mobile
11111,168,9,2024-08-29,TabletApp,39,0.35,0,Mobile
11112,1698,11,2025-01-17,TabletApp,37,0.32,0,Mobile
11113,681,10,2024-09-09,TabletApp,105,0.84,1,Tablet
11114,413,1,2024-11-05,MobileApp,115,0.74,0,TV
11115,1293,8,2024-07-14,TabletApp,55,0.45,0,TV
11116,1541,1,2024-12-08,StreamMax,77,0.6,1,Mobile
11117,952,13,2024-10-21,SmartTV,49,0.49,0,Desktop
11118,573,2,2025-01-23,SmartTV,91,0.96,0,TV
11119,914,1,2025-04-14,StreamMax,96,0.88,0,TV
11120,86,13,2025-03-30,StreamMax,83,0.69,0,Tablet
11121,1248,1,2025-02-16,MobileApp,94,0.72,1,Mobile
11122,1057,3,2025-01-22,WebBrowser,31,0.35,0,Tablet
11123,1718,2,2024-07-10,TabletApp,67,0.51,0,Desktop
11124,1781,9,2025-04-14,StreamMax,101,0.86,0,Tablet
11125,1069,10,2024-07-15,StreamMax,62,0.46,0,Desktop
11126,490,5,2024-10-08,TabletApp,41,0.41,0,Tablet
11127,88,13,2024-06-24,WebBrowser,82,0.54,0,TV
11128,1199,15,2025-04-19,SmartTV,91,0.72,1,Mobile
11129,1959,1,2024-08-19,MobileApp,74,0.85,0,TV
11130,1696,1,2025-02-02,TabletApp,61,0.52,1,Tablet
11131,1600,13,2024-10-04,WebBrowser,60,0.39,0,Tablet
11132,141,7,2024-07-09,MobileApp,42,0.37,1,TV
11133,1380,8,2024-09-04,MobileApp,49,0.35,0,Desktop
11134,579,5,2024-06-11,WebBrowser,70,0.65,1,Mobile
11135,1610,1,2024-12-23,WebBrowser,64,0.41,1,Desktop
11136,650,3,2025-02-13,MobileApp,45,0.34,0,Mobile
11137,427,8,2024-07-04,StreamMax,97,0.77,0,Desktop
11138,64,7,2024-09-18,StreamMax,93,0.62,0,TV
11139,1879,12,2024-07-25,SmartTV,125,0.83,0,TV
11140,28,10,2024-10-18,MobileApp,62,0.48,0,Mobile
11141,1946,11,2024-07-02,WebBrowser,137,0.93,1,Desktop
11142,795,2,2024-12-24,WebBrowser,73,0.56,1,Desktop
11143,780,1,2025-01-11,MobileApp,52,0.58,0,TV
11144,1281,8,2024-09-10,StreamMax,49,0.54,1,Mobile
11145,143,11,2024-07-19,TabletApp,130,0.91,1,Tablet
11146,571,14,2024-07-22,WebBrowser,105,0.69,0,Mobile
11147,1442,14,2024-10-22,StreamMax,78,0.69,0,Tablet
11148,242,12,2024-06-26,WebBrowser,64,0.48,1,Desktop
11149,640,1,2025-04-25,StreamMax,41,0.47,1,Tablet
11150,223,10,2024-06-21,MobileApp,86,0.57,0,Desktop
11151,938,6,2024-08-13,TabletApp,104,0.68,0,TV
11152,1815,6,2024-12-06,MobileApp,86,0.86,0,Desktop
11153,579,10,2025-04-08,TabletApp,75,0.49,0,Desktop
11154,927,3,2024-10-29,TabletApp,91,0.75,0,Tablet
11155,1220,8,2024-09-10,MobileApp,103,0.76,0,Tablet
11156,746,1,2025-01-17,SmartTV,72,0.81,0,Tablet
11157,1560,14,2024-07-31,WebBrowser,89,0.81,1,Mobile
11158,406,5,2024-07-23,TabletApp,88,0.57,0,Desktop
11159,1155,8,2024-06-24,TabletApp,123,0.86,0,Tablet
11160,934,5,2024-08-20,StreamMax,47,0.33,0,Desktop
11161,1032,10,2024-07-06,SmartTV,50,0.46,0,Desktop
11162,1160,3,2025-01-04,MobileApp,30,0.3,0,TV
11163,750,7,2024-09-06,TabletApp,56,0.57,0,Mobile
11164,1005,8,2025-01-21,SmartTV,130,0.88,0,Tablet
11165,1162,1,2024-10-12,MobileApp,64,0.65,0,Mobile
11166,498,10,2025-01-28,TabletApp,31,0.34,0,Mobile
11167,647,5,2024-09-10,WebBrowser,127,0.86,1,TV
11168,355,5,2025-03-13,WebBrowser,47,0.51,0,Desktop
11169,1452,10,2025-02-13,TabletApp,104,0.92,1,Tablet
11170,754,6,2025-02-10,SmartTV,67,0.43,1,Mobile
11171,227,6,2024-10-31,TabletApp,68,0.7,0,Mobile
11172,192,6,2024-12-04,TabletApp,109,0.93,0,Desktop
11173,1370,11,2024-07-22,StreamMax,49,0.52,0,Tablet
11174,221,7,2024-11-27,StreamMax,118,0.84,0,Mobile
11175,871,13,2025-01-06,StreamMax,116,0.8,1,TV
11176,815,9,2024-11-22,WebBrowser,42,0.31,0,TV
11177,1727,1,2025-01-10,MobileApp,49,0.34,0,TV
11178,627,14,2025-03-12,TabletApp,48,0.47,0,Tablet
11179,1434,6,2024-11-01,MobileApp,112,0.79,0,Mobile
11180,1858,1,2025-02-18,MobileApp,44,0.41,0,TV
11181,1095,11,2024-07-31,MobileApp,92,0.72,1,Tablet
11182,156,1,2025-01-16,WebBrowser,115,0.81,0,Desktop
11183,732,2,2024-12-02,MobileApp,46,0.35,0,TV
11184,456,8,2024-11-27,StreamMax,44,0.36,0,Mobile
11185,1467,8,2025-01-29,TabletApp,126,0.86,0,TV
11186,506,9,2025-02-12,MobileApp,110,0.86,0,Tablet
11187,514,11,2025-04-26,WebBrowser,94,0.62,0,Tablet
11188,447,8,2024-09-05,WebBrowser,90,0.69,0,Desktop
11189,618,2,2024-10-28,TabletApp,66,0.71,1,Tablet
11190,1661,1,2024-12-03,MobileApp,135,0.9,0,Mobile
11191,1826,8,2024-09-02,SmartTV,63,0.45,0,Tablet
11192,1487,8,2024-07-17,TabletApp,93,0.63,0,Mobile
11193,1501,1,2024-12-15,WebBrowser,37,0.39,1,Desktop
11194,1635,2,2024-06-15,StreamMax,80,0.58,0,Tablet
11195,1915,4,2024-10-22,SmartTV,124,0.94,1,TV
11196,505,2,2025-04-24,TabletApp,149,0.99,1,Mobile
11197,1620,10,2024-10-05,StreamMax,52,0.33,0,TV
11198,1933,6,2025-04-20,MobileApp,72,0.68,0,TV
11199,1345,3,2025-04-07,SmartTV,61,0.65,0,Desktop
11200,822,2,2024-09-05,StreamMax,135,0.94,0,Mobile
11201,1229,4,2024-09-04,WebBrowser,36,0.35,0,Tablet
11202,684,11,2024-08-08,WebBrowser,122,0.91,0,TV
11203,735,1,2025-01-26,StreamMax,75,0.48,0,Tablet
11204,884,2,2024-10-25,TabletApp,89,0.67,1,TV
11205,250,2,2024-06-30,SmartTV,67,0.47,0,Mobile
11206,612,5,2024-11-25,MobileApp,89,0.98,1,Mobile
11207,675,1,2025-02-24,WebBrowser,47,0.5,1,Tablet
11208,1154,5,2024-07-04,WebBrowser,72,0.5,0,Mobile
11209,1463,8,2024-07-22,TabletApp,73,0.63,0,Tablet
11210,970,6,2024-06-15,SmartTV,148,0.98,0,Tablet
11211,922,8,2024-06-30,SmartTV,33,0.32,0,Tablet
11212,1267,10,2024-12-09,MobileApp,91,0.71,0,TV
11213,253,8,2024-06-28,SmartTV,78,0.63,0,Desktop
11214,354,12,2024-06-11,StreamMax,83,0.69,1,Mobile
11215,226,7,2025-03-12,MobileApp,73,0.58,0,TV
11216,875,8,2024-06-14,TabletApp,61,0.54,0,Desktop
11217,1049,3,2025-04-16,SmartTV,82,0.64,0,Desktop
11218,1264,15,2024-10-27,StreamMax,95,0.66,0,Desktop
11219,1939,15,2024-10-23,WebBrowser,57,0.41,0,Desktop
11220,1357,6,2024-10-28,TabletApp,35,0.32,0,Tablet
11221,190,2,2025-03-10,TabletApp,96,0.89,0,TV
11222,607,11,2024-06-16,StreamMax,44,0.35,0,Desktop
11223,1636,9,2024-11-15,MobileApp,93,0.98,0,Mobile
11224,1290,10,2024-10-14,StreamMax,109,0.91,0,Desktop
11225,1376,11,2024-09-11,TabletApp,49,0.54,0,TV
11226,1414,15,2024-11-23,WebBrowser,115,0.84,0,Tablet
11227,136,7,2024-07-21,StreamMax,116,0.93,0,Mobile
11228,625,6,2025-03-28,WebBrowser,41,0.34,0,Mobile
11229,1485,1,2025-01-07,TabletApp,83,0.66,1,Desktop
11230,499,8,2024-07-03,SmartTV,57,0.45,1,Mobile
11231,1336,9,2025-04-02,WebBrowser,93,0.79,0,Desktop
11232,306,1,2025-01-14,WebBrowser,107,0.96,0,Mobile
11233,702,15,2024-06-23,MobileApp,76,0.74,0,TV
11234,1333,1,2024-08-27,StreamMax,78,0.5,0,Mobile
11235,303,1,2025-04-07,TabletApp,117,0.97,0,Tablet
11236,886,6,2024-10-31,MobileApp,72,0.74,0,Desktop
11237,117,10,2025-02-03,SmartTV,54,0.35,0,Tablet
11238,1194,4,2024-08-19,TabletApp,121,0.98,1,Mobile
11239,724,12,2025-04-07,StreamMax,48,0.34,0,Desktop
11240,152,10,2024-10-11,TabletApp,53,0.42,0,Tablet
11241,858,9,2024-10-12,StreamMax,41,0.35,1,Mobile
11242,1039,12,2025-04-17,TabletApp,100,0.67,0,TV
11243,201,5,2025-03-11,MobileApp,87,0.66,0,TV
11244,646,9,2024-08-13,WebBrowser,59,0.51,0,Mobile
11245,1999,6,2024-06-29,WebBrowser,108,0.69,1,Tablet
11246,79,10,2024-10-18,SmartTV,122,0.78,0,Mobile
11247,728,10,2025-01-23,WebBrowser,68,0.55,0,TV
11248,1016,5,2024-12-24,MobileApp,118,0.76,0,TV
11249,914,11,2025-01-09,StreamMax,38,0.38,0,Desktop
11250,605,4,2024-10-30,SmartTV,91,0.58,1,Mobile
11251,1527,2,2024-08-25,StreamMax,87,0.6,0,Desktop
11252,1103,1,2024-12-06,WebBrowser,54,0.49,1,TV
11253,917,12,2024-06-19,TabletApp,44,0.38,1,Desktop
11254,832,12,2024-11-10,MobileApp,38,0.37,0,Tablet
11255,1237,2,2025-02-26,WebBrowser,58,0.64,0,TV
11256,1020,1,2024-10-04,TabletApp,91,0.92,1,TV
11257,685,5,2024-11-06,WebBrowser,56,0.56,0,Tablet
11258,558,1,2024-08-20,MobileApp,50,0.33,1,Tablet
11259,69,12,2025-01-23,StreamMax,96,0.91,0,TV
11260,1625,2,2024-08-29,WebBrowser,32,0.3,0,TV
11261,1754,8,2024-12-11,StreamMax,130,0.87,1,TV
11262,1946,1,2024-10-31,MobileApp,38,0.42,0,TV
11263,389,2,2024-07-27,MobileApp,74,0.56,0,Mobile
11264,97,7,2024-08-23,WebBrowser,99,0.87,1,Tablet
11265,625,8,2024-10-15,TabletApp,96,0.85,0,Mobile
11266,1480,1,2025-03-28,MobileApp,83,0.8,0,Mobile
11267,97,6,2024-09-21,StreamMax,85,0.56,0,Desktop
11268,814,1,2025-02-19,StreamMax,40,0.32,0,TV
11269,1341,10,2024-09-21,TabletApp,74,0.67,0,Mobile
11270,427,3,2024-08-09,StreamMax,116,0.78,0,Mobile
11271,1135,6,2024-09-05,MobileApp,36,0.33,0,Mobile
11272,1280,1,2024-09-14,MobileApp,62,0.63,0,TV
11273,645,5,2024-12-17,MobileApp,66,0.44,0,Mobile
11274,1875,12,2024-09-06,TabletApp,141,0.93,1,Tablet
11275,686,8,2025-01-07,TabletApp,109,0.71,0,Tablet
11276,1304,10,2024-10-23,TabletApp,90,0.75,0,Tablet
11277,1524,13,2024-08-24,WebBrowser,140,0.96,1,Mobile
11278,1258,1,2025-04-15,WebBrowser,52,0.46,0,Mobile
11279,1193,3,2024-06-01,TabletApp,64,0.61,0,Desktop
11280,302,1,2024-08-18,SmartTV,65,0.57,0,Desktop
11281,1321,12,2024-10-09,SmartTV,98,0.91,0,TV
11282,1598,3,2024-07-03,TabletApp,61,0.43,0,Mobile
11283,403,6,2025-03-25,TabletApp,105,0.77,1,Mobile
11284,1419,13,2025-04-21,TabletApp,72,0.68,0,Mobile
11285,1422,1,2025-02-02,TabletApp,75,0.58,0,Tablet
11286,222,1,2024-10-22,SmartTV,55,0.57,0,Mobile
11287,1332,8,2025-02-17,SmartTV,89,0.59,1,Tablet
11288,1390,15,2025-03-04,MobileApp,51,0.45,0,Mobile
11289,1402,8,2024-10-06,MobileApp,69,0.44,0,TV
11290,58,5,2025-04-08,WebBrowser,108,0.97,1,Desktop
11291,1132,13,2024-08-23,StreamMax,93,0.98,0,TV
11292,895,10,2025-02-11,StreamMax,59,0.55,1,Tablet
11293,1344,1,2025-02-09,SmartTV,134,0.97,0,Tablet
11294,1413,8,2024-12-18,WebBrowser,58,0.54,0,TV
11295,1076,2,2024-07-10,MobileApp,96,0.97,0,TV
11296,854,4,2024-10-27,WebBrowser,65,0.49,0,Desktop
11297,1137,1,2024-06-12,StreamMax,47,0.31,0,TV
11298,1028,3,2024-11-19,SmartTV,42,0.43,0,Desktop
11299,295,9,2024-11-01,SmartTV,143,0.91,0,Desktop
11300,859,7,2024-12-21,StreamMax,30,0.34,1,Tablet
11301,1387,8,2024-11-24,SmartTV,152,0.97,0,Mobile
11302,966,4,2025-04-11,StreamMax,112,0.81,1,TV
11303,964,13,2024-09-03,TabletApp,56,0.38,1,TV
11304,11,15,2024-08-19,WebBrowser,109,0.79,0,TV
11305,1074,3,2025-02-14,StreamMax,80,0.53,0,Desktop
11306,315,3,2024-12-10,TabletApp,82,0.54,0,Tablet
11307,254,6,2024-11-27,TabletApp,48,0.31,1,Mobile
11308,342,13,2025-04-04,WebBrowser,68,0.73,0,TV
11309,285,14,2025-03-01,MobileApp,49,0.34,0,TV
11310,906,7,2024-10-31,SmartTV,36,0.4,1,Tablet
11311,681,8,2024-06-17,StreamMax,99,0.89,0,Mobile
11312,963,8,2024-07-13,TabletApp,88,0.81,0,Mobile
11313,308,1,2025-02-06,MobileApp,139,0.98,0,Desktop
11314,1120,4,2025-03-24,StreamMax,60,0.5,0,Tablet
11315,1222,1,2025-02-15,StreamMax,59,0.48,1,Desktop
11316,1044,1,2025-03-17,SmartTV,62,0.4,0,Mobile
11317,359,14,2025-02-01,StreamMax,114,0.95,0,Mobile
11318,1723,5,2025-02-23,MobileApp,43,0.47,0,Tablet
11319,1010,10,2024-12-30,StreamMax,140,0.96,0,Desktop
11320,1174,6,2024-08-11,MobileApp,86,0.94,0,Tablet
11321,764,14,2024-06-12,WebBrowser,108,0.81,0,Tablet
11322,84,12,2025-01-28,MobileApp,84,0.92,0,Mobile
11323,1823,6,2024-07-14,WebBrowser,40,0.41,0,TV
11324,1195,11,2024-06-20,WebBrowser,42,0.39,1,Mobile
11325,1982,1,2025-04-16,SmartTV,66,0.69,0,Desktop
11326,422,13,2024-10-21,StreamMax,95,0.95,0,Mobile
11327,724,2,2025-04-07,SmartTV,60,0.4,0,Mobile
11328,10,6,2024-08-19,MobileApp,91,0.6,0,Mobile
11329,1613,4,2024-07-18,StreamMax,106,0.87,0,Desktop
11330,611,15,2025-02-09,MobileApp,40,0.38,0,Tablet
11331,1175,2,2024-11-16,SmartTV,68,0.64,0,TV
11332,1950,10,2024-09-07,WebBrowser,146,1.0,0,Desktop
11333,1479,14,2024-09-12,SmartTV,54,0.35,0,Tablet
11334,2000,1,2025-03-26,WebBrowser,107,0.71,0,TV
11335,965,1,2025-01-12,MobileApp,58,0.56,0,TV
11336,1931,14,2025-01-01,MobileApp,45,0.49,0,Mobile
11337,1122,11,2024-06-23,SmartTV,143,0.97,0,TV
11338,783,12,2025-03-14,WebBrowser,42,0.34,0,TV
11339,667,11,2024-10-04,TabletApp,36,0.33,0,Tablet
11340,768,6,2024-09-20,TabletApp,106,0.99,0,TV
11341,1250,6,2025-01-04,MobileApp,64,0.67,1,Tablet
11342,33,2,2025-02-25,TabletApp,127,0.89,1,TV
11343,1332,9,2025-02-26,SmartTV,148,0.99,0,Desktop
11344,672,5,2024-08-28,SmartTV,135,0.87,0,Mobile
11345,1953,12,2024-09-22,MobileApp,132,0.99,1,TV
11346,656,13,2025-01-11,MobileApp,92,0.59,0,Mobile
11347,79,5,2025-02-11,WebBrowser,98,0.64,0,Tablet
11348,951,2,2025-02-18,TabletApp,93,0.67,0,Tablet
11349,1236,6,2025-01-20,MobileApp,108,0.97,0,Desktop
11350,1582,2,2024-09-03,WebBrowser,134,0.96,1,Desktop
11351,1390,1,2024-12-23,MobileApp,43,0.4,1,Mobile
11352,1381,6,2025-01-08,TabletApp,64,0.67,0,Tablet
11353,1783,6,2024-10-14,StreamMax,85,0.61,0,Mobile
11354,1246,1,2024-08-29,MobileApp,49,0.32,0,Mobile
11355,294,8,2024-10-27,StreamMax,119,0.9,1,TV
11356,1090,8,2025-02-04,TabletApp,84,0.9,0,Tablet
11357,807,9,2024-08-04,StreamMax,59,0.41,0,Desktop
11358,887,5,2025-01-10,SmartTV,80,0.7,0,TV
11359,798,1,2025-01-04,SmartTV,117,0.87,0,Tablet
11360,367,1,2025-03-03,WebBrowser,146,0.94,0,Desktop
11361,1208,1,2025-02-19,WebBrowser,131,0.92,0,Mobile
11362,767,12,2024-06-09,SmartTV,117,0.86,0,Desktop
11363,1590,7,2024-11-27,WebBrowser,59,0.62,0,TV
11364,344,4,2024-11-06,TabletApp,42,0.35,0,Mobile
11365,1609,14,2024-06-12,TabletApp,85,0.74,1,TV
11366,1841,1,2024-10-16,StreamMax,75,0.48,0,Tablet
11367,1156,6,2024-09-26,MobileApp,85,0.54,0,Mobile
11368,801,1,2024-11-08,MobileApp,86,0.78,1,Desktop
11369,1745,15,2025-02-04,WebBrowser,64,0.72,0,Mobile
11370,807,6,2025-03-27,MobileApp,89,0.59,0,Mobile
11371,491,5,2025-04-24,MobileApp,106,0.84,0,Desktop
11372,873,8,2024-09-27,MobileApp,98,0.71,1,Tablet
11373,272,1,2025-01-31,WebBrowser,65,0.58,1,Desktop
11374,543,13,2025-02-20,WebBrowser,134,0.98,1,Mobile
11375,273,3,2024-11-08,SmartTV,111,0.86,0,TV
11376,1227,4,2025-03-27,SmartTV,63,0.41,1,Desktop
11377,1383,2,2025-03-13,SmartTV,129,0.93,0,Tablet
11378,292,5,2024-10-10,SmartTV,37,0.32,0,TV
11379,1200,8,2024-09-06,SmartTV,53,0.57,1,Desktop
11380,1049,6,2024-08-21,SmartTV,94,0.94,0,Mobile
11381,1522,13,2024-07-22,TabletApp,87,0.6,0,TV
11382,553,3,2024-08-15,WebBrowser,94,0.7,1,TV
11383,1876,8,2025-04-29,MobileApp,117,0.97,1,TV
11384,582,14,2025-04-11,MobileApp,86,0.59,0,Tablet
11385,1292,1,2024-07-22,StreamMax,69,0.44,0,Desktop
11386,35,2,2024-11-07,SmartTV,65,0.42,0,Desktop
11387,1355,8,2025-03-11,MobileApp,123,0.81,1,Mobile
11388,119,1,2024-09-13,WebBrowser,62,0.55,1,TV
11389,1051,5,2025-03-11,TabletApp,73,0.54,1,Desktop
11390,1668,9,2025-04-06,SmartTV,92,0.78,1,Tablet
11391,1514,8,2024-08-26,WebBrowser,108,0.73,0,Desktop
11392,822,15,2025-03-11,StreamMax,41,0.35,0,TV
11393,513,1,2024-08-27,TabletApp,84,0.73,0,Tablet
11394,1861,7,2025-02-20,StreamMax,43,0.48,1,Mobile
11395,1815,5,2024-06-22,MobileApp,82,0.74,0,Tablet
11396,1260,8,2024-09-16,SmartTV,85,0.84,0,Tablet
11397,379,1,2025-02-27,StreamMax,55,0.42,0,TV
11398,1486,10,2024-11-17,StreamMax,40,0.46,0,Desktop
11399,611,7,2024-10-10,WebBrowser,40,0.32,0,Tablet
11400,729,10,2024-07-16,WebBrowser,70,0.55,0,TV
11401,736,13,2024-09-21,StreamMax,92,0.84,0,Desktop
11402,1772,15,2024-06-02,WebBrowser,73,0.51,0,Tablet
11403,1330,11,2024-10-04,TabletApp,71,0.73,0,TV
11404,119,10,2024-09-25,StreamMax,74,0.78,0,TV
11405,384,8,2024-08-31,SmartTV,110,0.85,0,Tablet
11406,1077,1,2025-03-12,MobileApp,116,0.79,0,TV
11407,1518,8,2024-06-25,WebBrowser,64,0.46,0,Desktop
11408,1378,1,2025-03-18,WebBrowser,131,0.96,0,Desktop
11409,1328,5,2025-02-23,TabletApp,88,0.87,0,TV
11410,1483,8,2024-09-07,MobileApp,127,0.81,0,TV
11411,1335,15,2024-10-28,WebBrowser,66,0.51,0,TV
11412,766,7,2024-10-07,MobileApp,39,0.35,0,Tablet
11413,1722,7,2025-01-19,WebBrowser,127,0.9,0,Desktop
11414,1656,1,2025-02-07,SmartTV,35,0.38,1,Tablet
11415,1906,7,2024-06-11,WebBrowser,87,0.6,0,TV
11416,1871,2,2025-02-27,SmartTV,98,0.72,0,Tablet
11417,463,14,2024-06-01,StreamMax,34,0.34,0,Tablet
11418,1565,1,2025-03-18,MobileApp,102,0.81,0,Mobile
11419,1606,10,2024-11-15,TabletApp,126,0.92,0,Tablet
11420,1120,3,2024-10-23,TabletApp,79,0.61,0,Desktop
11421,192,12,2025-02-24,StreamMax,79,0.64,0,TV
11422,1455,6,2024-08-17,SmartTV,111,0.89,0,Desktop
11423,1594,6,2024-08-03,SmartTV,77,0.87,1,Tablet
11424,1719,6,2025-03-05,StreamMax,69,0.76,0,TV
11425,429,1,2025-04-29,StreamMax,41,0.37,0,Desktop
11426,1719,2,2025-04-25,WebBrowser,76,0.64,1,TV
11427,1647,14,2025-01-09,TabletApp,74,0.63,0,Mobile
11428,399,1,2025-02-20,WebBrowser,90,0.93,1,Tablet
11429,1408,14,2024-08-07,StreamMax,134,0.85,0,TV
11430,1727,1,2025-04-20,WebBrowser,83,0.9,0,TV
11431,1562,4,2024-10-25,WebBrowser,69,0.53,0,Desktop
11432,1081,3,2024-09-01,WebBrowser,108,0.75,1,Desktop
11433,1076,2,2024-10-07,MobileApp,84,0.75,0,Desktop
11434,1924,14,2025-02-16,StreamMax,92,0.98,0,Mobile
11435,60,14,2025-03-23,WebBrowser,140,0.95,0,Mobile
11436,1546,8,2024-11-06,MobileApp,71,0.63,1,Desktop
11437,819,1,2024-09-11,MobileApp,128,0.95,0,Mobile
11438,1712,2,2024-10-11,SmartTV,106,0.8,1,TV
11439,540,1,2025-03-28,StreamMax,98,0.86,0,Desktop
11440,1213,12,2024-06-02,WebBrowser,48,0.34,0,Tablet
11441,756,3,2024-06-19,WebBrowser,105,0.83,0,Desktop
11442,26,14,2024-09-07,WebBrowser,75,0.58,0,Desktop
11443,91,12,2025-04-25,MobileApp,43,0.43,0,Desktop
11444,106,7,2024-08-22,WebBrowser,38,0.35,0,Mobile
11445,219,1,2024-12-19,WebBrowser,42,0.4,0,Desktop
11446,1968,10,2025-03-04,SmartTV,49,0.37,0,Tablet
11447,1580,7,2025-01-04,StreamMax,44,0.37,0,TV
11448,111,1,2024-07-30,StreamMax,66,0.61,0,Mobile
11449,1841,6,2025-01-22,StreamMax,147,0.94,1,Mobile
11450,1041,12,2024-12-03,TabletApp,119,0.91,0,Desktop
11451,1085,1,2025-03-21,WebBrowser,127,1.0,0,Desktop
11452,1737,13,2024-09-05,MobileApp,85,0.84,0,Desktop
11453,733,14,2024-10-28,MobileApp,95,0.71,0,Desktop
11454,1485,1,2025-02-06,SmartTV,46,0.39,0,Tablet
11455,739,8,2025-01-21,WebBrowser,50,0.43,0,TV
11456,554,2,2024-12-13,WebBrowser,79,0.57,0,Mobile
11457,833,13,2024-07-13,TabletApp,86,0.62,0,TV
11458,1291,2,2024-09-11,WebBrowser,81,0.53,0,Desktop
11459,159,8,2024-08-11,StreamMax,80,0.71,0,Mobile
11460,1414,1,2025-01-12,SmartTV,96,0.99,0,Mobile
11461,970,1,2025-04-20,MobileApp,91,0.85,0,Tablet
11462,556,5,2024-07-10,MobileApp,81,0.67,0,Mobile
11463,1305,5,2024-06-24,TabletApp,74,0.58,0,Tablet
11464,1221,12,2025-03-15,MobileApp,101,0.83,1,TV
11465,991,8,2025-04-02,MobileApp,59,0.55,0,TV
11466,142,6,2024-07-18,MobileApp,135,0.95,0,Tablet
11467,1702,6,2024-06-01,WebBrowser,63,0.68,0,TV
11468,404,7,2024-11-11,TabletApp,109,0.98,0,Tablet
11469,812,6,2024-07-15,WebBrowser,42,0.42,0,Desktop
11470,1423,2,2024-06-14,MobileApp,96,0.7,1,TV
11471,1674,7,2025-01-20,StreamMax,104,0.98,0,TV
11472,1953,8,2025-01-04,TabletApp,36,0.31,0,Mobile
11473,340,5,2024-07-22,SmartTV,56,0.54,0,Tablet
11474,608,13,2024-07-28,TabletApp,78,0.73,0,Desktop
11475,1281,11,2025-01-09,TabletApp,35,0.36,0,Tablet
11476,1848,7,2024-11-16,MobileApp,100,0.69,0,Tablet
11477,356,1,2025-01-02,MobileApp,39,0.43,0,TV
11478,1536,10,2024-08-20,StreamMax,55,0.54,0,Mobile
11479,179,9,2024-06-23,StreamMax,77,0.87,1,Desktop
11480,901,8,2024-06-25,WebBrowser,131,0.86,0,Mobile
11481,263,11,2025-04-05,TabletApp,67,0.43,0,Desktop
11482,1993,8,2025-02-27,SmartTV,70,0.47,0,Desktop
11483,945,1,2024-06-28,StreamMax,52,0.35,0,Tablet
11484,1055,5,2024-09-19,WebBrowser,82,0.61,0,Tablet
11485,1437,5,2025-01-19,MobileApp,84,0.58,0,TV
11486,1861,15,2025-01-25,StreamMax,49,0.4,0,Mobile
11487,1455,5,2025-04-13,WebBrowser,48,0.37,0,Tablet
11488,676,14,2024-12-07,SmartTV,62,0.56,1,Desktop
11489,1496,3,2025-03-20,WebBrowser,38,0.41,0,Tablet
11490,1421,8,2025-02-23,TabletApp,103,0.74,0,Tablet
11491,1882,3,2025-03-13,WebBrowser,116,0.85,0,Desktop
11492,1226,3,2024-12-20,MobileApp,95,0.86,0,Tablet
11493,169,5,2025-02-22,SmartTV,69,0.79,0,Mobile
11494,154,1,2025-01-26,TabletApp,92,0.87,0,TV
11495,315,2,2024-07-30,SmartTV,102,0.65,0,Desktop
11496,1345,1,2025-01-19,StreamMax,29,0.33,0,Mobile
11497,1104,15,2025-01-15,WebBrowser,120,0.77,0,Tablet
11498,1639,1,2024-06-03,TabletApp,104,0.72,0,Mobile
11499,4,1,2024-09-30,SmartTV,44,0.47,0,Tablet
11500,1021,5,2024-09-06,WebBrowser,74,0.72,0,Mobile
11501,584,8,2024-08-12,MobileApp,83,0.79,1,Mobile
11502,246,1,2024-09-08,MobileApp,43,0.46,0,Desktop
11503,1452,8,2025-03-19,WebBrowser,49,0.35,0,Desktop
11504,85,14,2024-12-24,MobileApp,44,0.32,0,TV
11505,69,10,2024-11-12,TabletApp,66,0.66,0,Desktop
11506,1638,8,2024-09-11,WebBrowser,132,0.87,0,Tablet
11507,1702,1,2025-02-28,MobileApp,75,0.74,0,Tablet
11508,1923,3,2025-03-03,StreamMax,46,0.42,0,Desktop
11509,1277,4,2024-08-02,MobileApp,74,0.74,0,TV
11510,1898,6,2024-11-13,TabletApp,103,0.83,0,Desktop
11511,526,8,2025-01-19,StreamMax,90,0.69,0,Desktop
11512,1750,8,2024-10-02,StreamMax,62,0.44,0,Mobile
11513,942,14,2024-09-01,WebBrowser,86,0.61,0,Desktop
11514,645,9,2024-12-15,SmartTV,58,0.41,0,Mobile
11515,943,5,2024-10-23,TabletApp,116,0.86,0,Desktop
11516,95,12,2025-04-21,StreamMax,40,0.4,0,Desktop
11517,954,2,2024-06-25,WebBrowser,57,0.41,0,Mobile
11518,1795,13,2024-07-30,WebBrowser,61,0.56,0,Mobile
11519,892,9,2024-11-24,SmartTV,84,0.78,0,TV
11520,1609,2,2024-11-18,SmartTV,94,0.6,0,Mobile
11521,1446,5,2024-11-24,StreamMax,107,0.79,0,TV
11522,700,11,2025-03-14,SmartTV,89,0.87,1,Mobile
11523,1631,9,2025-02-27,MobileApp,92,0.74,1,Tablet
11524,1945,4,2025-03-12,WebBrowser,43,0.32,0,Tablet
11525,1414,6,2024-08-19,StreamMax,40,0.37,0,TV
11526,260,2,2024-07-16,TabletApp,48,0.34,0,Mobile
11527,215,11,2024-12-22,SmartTV,122,0.91,0,Mobile
11528,1988,10,2024-11-20,TabletApp,40,0.35,0,Mobile
11529,768,8,2024-06-16,WebBrowser,80,0.76,1,Desktop
11530,249,9,2024-12-17,MobileApp,74,0.7,1,Desktop
11531,1344,8,2024-08-27,MobileApp,32,0.34,0,TV
11532,57,1,2025-01-18,MobileApp,42,0.42,0,Tablet
11533,1534,7,2024-11-12,WebBrowser,55,0.5,0,Mobile
11534,1934,8,2024-11-01,SmartTV,77,0.53,0,Desktop
11535,1162,13,2024-06-11,MobileApp,103,0.83,0,Mobile
11536,1141,9,2024-08-14,TabletApp,46,0.32,0,Tablet
11537,275,4,2024-06-20,MobileApp,56,0.57,0,Mobile
11538,1241,14,2024-08-24,MobileApp,79,0.79,0,Tablet
11539,1657,9,2024-11-21,SmartTV,32,0.32,0,Mobile
11540,1163,1,2025-01-29,TabletApp,75,0.51,0,Tablet
11541,408,14,2025-04-10,WebBrowser,41,0.37,0,TV
11542,1229,4,2024-08-27,TabletApp,45,0.52,1,TV
11543,155,14,2024-08-15,TabletApp,89,0.69,0,Mobile
11544,353,8,2025-01-07,WebBrowser,49,0.45,0,Desktop
11545,646,3,2024-09-19,SmartTV,82,0.7,0,Desktop
11546,1363,9,2024-11-21,TabletApp,46,0.53,1,Tablet
11547,539,14,2025-01-18,MobileApp,76,0.59,0,Desktop
11548,1798,9,2024-10-11,WebBrowser,54,0.44,1,Tablet
11549,138,1,2025-01-29,SmartTV,77,0.66,0,Tablet
11550,576,9,2024-10-30,TabletApp,109,0.77,0,Tablet
11551,566,1,2025-04-07,SmartTV,39,0.31,0,Mobile
11552,1001,6,2025-04-14,MobileApp,80,0.6,0,Tablet
11553,1208,8,2024-07-29,TabletApp,56,0.38,0,TV
11554,1960,8,2024-12-19,SmartTV,70,0.52,0,TV
11555,154,8,2024-11-07,SmartTV,101,0.65,0,TV
11556,1575,1,2025-04-01,WebBrowser,83,0.77,0,Desktop
11557,1264,13,2024-06-19,TabletApp,52,0.39,0,TV
11558,371,13,2024-11-27,StreamMax,47,0.34,0,TV
11559,58,13,2024-07-16,SmartTV,83,0.62,1,Desktop
11560,396,2,2025-02-01,StreamMax,40,0.33,0,Desktop
11561,487,6,2024-12-04,MobileApp,86,0.73,0,Desktop
11562,903,14,2024-10-13,WebBrowser,41,0.38,1,Mobile
11563,1556,2,2025-02-02,TabletApp,56,0.62,0,Desktop
11564,1583,10,2024-06-26,MobileApp,35,0.35,0,Tablet
11565,914,1,2025-03-23,MobileApp,88,0.79,0,Mobile
11566,1504,13,2024-10-22,WebBrowser,46,0.41,0,Desktop
11567,1874,5,2025-02-20,StreamMax,71,0.5,0,Desktop
11568,1416,6,2024-08-26,SmartTV,42,0.37,0,Desktop
11569,235,7,2024-08-29,StreamMax,62,0.61,0,Desktop
11570,1936,8,2024-07-19,TabletApp,86,0.84,0,TV
11571,1882,8,2025-01-07,StreamMax,67,0.45,0,Tablet
11572,60,15,2025-04-20,StreamMax,36,0.42,0,TV
11573,1196,7,2025-04-08,WebBrowser,94,0.87,0,Tablet
11574,642,5,2024-12-30,SmartTV,81,0.89,1,TV
11575,1092,1,2025-03-05,WebBrowser,93,0.81,0,Mobile
11576,653,6,2024-09-16,MobileApp,130,0.88,0,TV
11577,217,1,2024-10-30,StreamMax,137,0.89,0,TV
11578,948,10,2024-07-25,StreamMax,77,0.66,1,Desktop
11579,212,10,2024-06-18,WebBrowser,40,0.37,0,Mobile
11580,594,9,2024-06-30,SmartTV,119,0.77,0,Tablet
11581,779,6,2024-09-04,SmartTV,43,0.36,0,TV
11582,1942,13,2025-01-31,WebBrowser,105,0.72,0,TV
11583,599,6,2024-10-02,WebBrowser,92,0.65,1,TV
11584,1564,1,2025-02-12,StreamMax,64,0.5,0,Mobile
11585,1672,6,2024-10-01,SmartTV,72,0.66,0,Desktop
11586,214,1,2025-01-06,WebBrowser,95,0.72,0,TV
11587,183,10,2025-04-14,SmartTV,100,0.72,0,Mobile
11588,535,8,2025-02-24,MobileApp,146,1.0,0,TV
11589,389,1,2025-03-30,StreamMax,114,0.75,0,Tablet
11590,156,7,2025-03-04,SmartTV,137,0.94,0,Tablet
11591,528,10,2025-03-19,StreamMax,44,0.41,0,TV
11592,758,8,2024-12-19,MobileApp,91,0.99,0,Desktop
11593,1181,8,2024-10-23,MobileApp,89,0.89,0,TV
11594,1355,9,2025-02-25,StreamMax,123,0.83,0,Mobile
11595,493,10,2024-06-10,SmartTV,75,0.77,0,Mobile
11596,420,15,2025-03-28,WebBrowser,105,0.71,0,TV
11597,821,4,2024-08-22,SmartTV,32,0.35,0,Mobile
11598,247,6,2024-06-07,TabletApp,133,0.95,1,Mobile
11599,1671,2,2025-01-13,MobileApp,104,0.84,0,Tablet
11600,1426,13,2024-07-18,MobileApp,77,0.86,0,Desktop
11601,938,3,2024-06-26,TabletApp,52,0.5,0,Desktop
11602,1062,2,2025-03-05,MobileApp,88,0.88,0,Desktop
11603,1157,6,2025-04-04,WebBrowser,102,0.68,0,Desktop
11604,1338,14,2024-07-22,StreamMax,139,0.9,1,TV
11605,92,14,2025-04-01,WebBrowser,79,0.88,1,TV
11606,1612,7,2025-02-03,SmartTV,81,0.83,1,TV
11607,599,5,2024-12-21,StreamMax,62,0.42,0,Desktop
11608,1849,4,2024-12-15,MobileApp,92,0.78,0,Desktop
11609,436,6,2024-07-04,WebBrowser,51,0.39,0,Tablet
11610,1457,5,2024-10-25,WebBrowser,129,0.97,0,Desktop
11611,804,15,2024-12-30,SmartTV,71,0.75,0,Desktop
11612,426,10,2024-09-21,StreamMax,70,0.8,0,Desktop
11613,1630,8,2024-07-29,SmartTV,141,0.94,0,TV
11614,1082,1,2024-07-19,TabletApp,77,0.75,0,Tablet
11615,1417,12,2024-09-01,StreamMax,78,0.71,0,Tablet
11616,1352,1,2025-03-02,WebBrowser,61,0.63,0,Tablet
11617,1244,7,2025-02-28,WebBrowser,103,0.89,0,Desktop
11618,372,1,2025-02-12,SmartTV,64,0.46,0,TV
11619,1432,1,2025-01-26,SmartTV,130,0.93,0,Tablet
11620,566,1,2024-07-08,StreamMax,89,0.91,0,TV
11621,1154,15,2025-02-21,SmartTV,77,0.49,0,Desktop
11622,469,7,2024-07-21,SmartTV,147,0.98,1,Mobile
11623,27,8,2025-03-25,SmartTV,51,0.53,0,Mobile
11624,153,15,2025-03-29,MobileApp,55,0.45,0,Desktop
11625,1514,7,2025-01-31,SmartTV,109,0.94,0,Mobile
11626,1591,4,2025-04-01,WebBrowser,63,0.45,0,TV
11627,1921,8,2025-01-10,SmartTV,75,0.51,0,Tablet
11628,1823,10,2024-08-01,MobileApp,100,0.9,0,Tablet
11629,828,10,2024-06-04,StreamMax,50,0.4,0,Desktop
11630,230,10,2025-04-04,SmartTV,126,0.9,1,Tablet
11631,378,2,2024-07-03,MobileApp,127,0.82,0,Desktop
11632,166,14,2024-06-01,WebBrowser,74,0.79,0,Desktop
11633,1981,8,2024-07-30,TabletApp,48,0.4,0,Desktop
11634,1389,8,2024-07-05,StreamMax,62,0.67,0,Mobile
11635,266,2,2024-12-08,StreamMax,95,0.98,0,Mobile
11636,949,10,2024-08-26,StreamMax,135,0.92,0,Mobile
11637,1039,11,2024-12-01,SmartTV,38,0.35,0,Mobile
11638,496,12,2024-06-16,SmartTV,62,0.45,0,TV
11639,49,5,2024-08-31,WebBrowser,102,0.88,0,Mobile
11640,69,1,2024-10-04,TabletApp,71,0.77,0,Mobile
11641,1764,11,2024-06-25,StreamMax,65,0.51,0,Tablet
11642,865,14,2024-10-16,TabletApp,107,0.72,0,TV
11643,454,14,2025-02-03,StreamMax,82,0.81,0,Desktop
11644,1163,5,2024-10-21,TabletApp,54,0.5,1,Mobile
11645,1060,3,2024-07-08,SmartTV,86,0.76,0,Mobile
11646,1488,5,2025-03-31,TabletApp,38,0.37,0,Tablet
11647,1003,7,2024-07-27,StreamMax,85,0.57,0,Mobile
11648,1150,6,2024-11-29,StreamMax,38,0.35,0,TV
11649,1189,13,2025-03-30,WebBrowser,65,0.61,1,Tablet
11650,404,6,2024-10-10,SmartTV,67,0.45,0,Mobile
11651,1891,2,2024-12-07,StreamMax,108,0.77,0,TV
11652,1241,6,2024-12-13,SmartTV,68,0.58,1,Desktop
11653,1588,10,2025-01-01,StreamMax,44,0.4,0,Desktop
11654,1580,3,2024-07-21,MobileApp,92,0.71,0,Desktop
11655,1682,7,2024-10-21,TabletApp,37,0.32,0,Desktop
11656,745,11,2024-06-16,WebBrowser,50,0.45,0,Tablet
11657,1108,3,2024-08-03,MobileApp,60,0.57,0,Desktop
11658,1021,6,2025-02-17,TabletApp,127,0.93,0,Mobile
11659,22,11,2025-03-14,TabletApp,91,0.85,0,TV
11660,1185,11,2025-03-22,WebBrowser,66,0.71,0,Tablet
11661,459,6,2025-04-03,MobileApp,104,0.9,0,Mobile
11662,850,1,2025-02-14,StreamMax,90,0.77,1,TV
11663,178,2,2025-02-05,StreamMax,33,0.35,0,Mobile
11664,963,10,2024-11-02,StreamMax,85,0.54,0,Tablet
11665,1846,3,2024-07-14,TabletApp,114,0.92,0,Desktop
11666,1918,1,2024-11-24,MobileApp,122,0.99,1,Tablet
11667,300,1,2024-07-24,WebBrowser,108,0.81,1,TV
11668,1877,7,2024-06-03,WebBrowser,32,0.33,0,Mobile
11669,901,14,2024-09-13,MobileApp,101,0.73,0,Mobile
11670,1980,11,2025-01-27,TabletApp,125,0.83,0,Mobile
11671,816,1,2025-03-14,MobileApp,143,0.96,0,Tablet
11672,730,3,2024-12-12,WebBrowser,49,0.36,0,Desktop
11673,389,8,2024-10-30,WebBrowser,146,0.93,0,Desktop
11674,1858,1,2025-02-23,StreamMax,37,0.39,0,Desktop
11675,1723,1,2025-02-14,StreamMax,85,0.96,0,Tablet
11676,301,9,2024-11-11,TabletApp,54,0.45,0,TV
11677,1208,8,2024-08-01,TabletApp,43,0.48,1,Desktop
11678,1905,10,2024-12-09,TabletApp,41,0.34,1,Desktop
11679,1381,14,2025-02-08,MobileApp,72,0.72,0,Desktop
11680,1952,5,2024-07-14,MobileApp,87,0.78,0,Mobile
11681,1464,1,2024-12-28,TabletApp,88,0.57,1,Mobile
11682,1766,8,2025-04-03,WebBrowser,87,0.9,0,Mobile
11683,613,12,2024-06-12,MobileApp,58,0.54,1,Tablet
11684,803,1,2025-01-10,SmartTV,58,0.47,1,Desktop
11685,19,14,2024-10-19,StreamMax,75,0.65,0,TV
11686,218,10,2024-12-12,SmartTV,62,0.51,1,Desktop
11687,670,12,2025-03-09,MobileApp,110,0.88,0,Tablet
11688,1635,10,2025-03-09,StreamMax,119,0.93,0,Tablet
11689,1874,12,2025-02-03,SmartTV,36,0.35,0,Mobile
11690,1449,1,2024-10-07,SmartTV,78,0.5,1,Desktop
11691,1046,11,2024-08-05,WebBrowser,71,0.51,0,Tablet
11692,204,6,2024-09-27,SmartTV,123,0.93,0,Mobile
11693,1578,7,2024-07-08,SmartTV,124,0.88,0,Mobile
11694,1255,14,2024-11-16,WebBrowser,79,0.59,0,Mobile
11695,367,12,2024-06-24,TabletApp,48,0.37,0,Desktop
11696,1793,1,2025-03-20,TabletApp,89,0.66,0,TV
11697,1283,13,2024-08-27,TabletApp,71,0.53,0,Mobile
11698,262,2,2024-08-15,WebBrowser,86,0.61,0,Tablet
11699,93,10,2024-11-20,MobileApp,93,0.96,1,Mobile
11700,1518,6,2024-10-23,MobileApp,87,0.82,1,Desktop
11701,1296,9,2024-09-13,SmartTV,51,0.59,0,Desktop
11702,557,1,2025-02-07,MobileApp,84,0.61,0,Desktop
11703,1737,15,2024-12-24,MobileApp,117,0.86,0,Mobile
11704,799,11,2024-06-11,StreamMax,68,0.45,0,Mobile
11705,1642,6,2024-12-19,StreamMax,96,0.75,0,Desktop
11706,942,2,2024-10-15,SmartTV,72,0.49,0,TV
11707,382,14,2024-07-17,StreamMax,127,0.82,0,Tablet
11708,1301,8,2024-07-05,WebBrowser,58,0.49,0,TV
11709,27,6,2024-06-06,MobileApp,94,0.94,0,Desktop
11710,1626,15,2024-06-25,TabletApp,31,0.32,0,Desktop
11711,1850,8,2025-03-14,StreamMax,142,0.92,0,Desktop
11712,1415,7,2024-08-06,SmartTV,43,0.33,0,TV
11713,1257,15,2024-07-17,TabletApp,87,0.65,0,TV
11714,853,5,2024-07-08,StreamMax,48,0.45,0,Desktop
11715,1963,7,2025-03-15,StreamMax,39,0.36,0,Mobile
11716,930,1,2024-07-06,MobileApp,71,0.5,0,Desktop
11717,589,7,2024-09-21,MobileApp,78,0.6,0,TV
11718,1539,1,2024-08-30,MobileApp,76,0.66,1,Tablet
11719,1474,10,2025-04-09,TabletApp,49,0.55,0,Desktop
11720,1710,2,2025-03-17,WebBrowser,93,0.93,0,Mobile
11721,535,10,2024-09-13,MobileApp,38,0.35,0,Mobile
11722,266,8,2024-12-21,SmartTV,100,0.97,0,Tablet
11723,567,1,2025-02-25,WebBrowser,87,0.57,0,Mobile
11724,675,3,2024-08-03,StreamMax,31,0.34,0,Desktop
11725,964,3,2024-08-16,SmartTV,39,0.36,0,Desktop
11726,482,10,2024-11-30,WebBrowser,49,0.39,1,Tablet
11727,414,1,2025-03-21,WebBrowser,119,0.88,0,Tablet
11728,1917,6,2024-10-16,SmartTV,39,0.36,1,Desktop
11729,1751,11,2025-02-17,StreamMax,129,0.84,1,Desktop
11730,972,4,2024-08-24,MobileApp,120,0.86,0,Mobile
11731,310,1,2025-01-21,TabletApp,42,0.44,0,Desktop
11732,1490,11,2024-09-12,SmartTV,107,0.76,0,Desktop
11733,1597,9,2024-10-20,MobileApp,92,0.64,0,Tablet
11734,425,1,2025-02-14,TabletApp,97,0.91,0,Tablet
11735,825,10,2024-10-11,MobileApp,79,0.61,0,TV
11736,944,12,2024-09-13,StreamMax,85,0.69,1,Desktop
11737,681,11,2024-09-04,TabletApp,127,0.84,1,TV
11738,1982,15,2025-04-24,TabletApp,71,0.53,0,Mobile
11739,1887,5,2024-09-13,WebBrowser,44,0.47,0,Tablet
11740,237,8,2024-06-15,SmartTV,63,0.49,1,Tablet
11741,1833,2,2024-08-16,MobileApp,118,0.85,0,Desktop
11742,1602,2,2025-03-02,MobileApp,61,0.67,0,Tablet
11743,1591,1,2025-01-22,SmartTV,65,0.46,0,Tablet
11744,1420,1,2024-12-06,MobileApp,57,0.48,0,Desktop
11745,1639,5,2025-02-17,SmartTV,134,0.87,0,Mobile
11746,1562,5,2024-10-21,StreamMax,57,0.38,0,TV
11747,1765,11,2024-09-21,StreamMax,59,0.51,0,TV
11748,490,8,2024-11-09,WebBrowser,141,0.99,0,Tablet
11749,302,11,2025-01-05,SmartTV,95,0.86,0,Desktop
11750,736,5,2025-03-03,MobileApp,72,0.53,0,TV
11751,92,5,2025-02-16,WebBrowser,46,0.36,1,Mobile
11752,721,1,2025-03-29,TabletApp,99,0.65,0,Mobile
11753,809,8,2024-07-03,SmartTV,85,0.61,1,Desktop
11754,12,1,2025-01-27,SmartTV,61,0.59,1,TV
11755,1214,10,2025-02-16,SmartTV,94,0.64,0,TV
11756,1101,2,2024-11-28,TabletApp,49,0.34,0,TV
11757,891,3,2024-10-15,SmartTV,111,0.89,1,Desktop
11758,1327,3,2024-11-24,StreamMax,74,0.72,0,TV
11759,1654,9,2024-10-22,WebBrowser,62,0.45,0,Mobile
11760,1129,9,2025-02-27,StreamMax,84,0.86,0,Tablet
11761,150,13,2024-06-10,SmartTV,132,0.86,1,Desktop
11762,1018,3,2025-03-17,MobileApp,67,0.5,1,Desktop
11763,814,4,2024-08-24,MobileApp,80,0.73,0,TV
11764,1852,14,2024-06-04,MobileApp,63,0.54,0,Tablet
11765,665,12,2024-11-02,MobileApp,132,0.96,0,Mobile
11766,796,7,2024-07-30,TabletApp,147,0.96,0,Mobile
11767,387,6,2024-09-05,TabletApp,57,0.44,0,TV
11768,444,1,2024-12-02,TabletApp,95,0.71,0,TV
11769,1532,8,2025-01-22,SmartTV,50,0.34,0,TV
11770,450,1,2024-12-16,SmartTV,88,0.8,0,Mobile
11771,897,1,2025-04-07,WebBrowser,65,0.57,0,Tablet
11772,424,10,2025-02-18,WebBrowser,67,0.59,0,TV
11773,971,6,2024-06-21,WebBrowser,120,0.84,1,Mobile
11774,81,2,2024-06-23,StreamMax,81,0.79,0,Desktop
11775,935,6,2025-01-09,TabletApp,94,0.84,0,Tablet
11776,458,1,2025-04-22,SmartTV,77,0.69,0,Tablet
11777,1103,4,2024-07-04,TabletApp,88,0.85,0,TV
11778,68,10,2024-11-14,MobileApp,81,0.6,1,Tablet
11779,904,6,2024-09-22,StreamMax,66,0.69,0,Tablet
11780,627,2,2024-08-15,SmartTV,97,0.72,0,Mobile
11781,1679,12,2024-07-29,TabletApp,99,0.89,0,Mobile
11782,1031,14,2024-12-03,TabletApp,85,0.65,0,Desktop
11783,241,11,2024-08-23,WebBrowser,38,0.4,0,Desktop
11784,435,14,2024-09-14,StreamMax,102,0.85,0,TV
11785,1713,15,2024-06-02,TabletApp,117,0.79,0,Mobile
11786,1561,7,2024-07-25,WebBrowser,77,0.53,0,TV
11787,1267,1,2025-03-05,MobileApp,67,0.66,0,Desktop
11788,406,1,2025-03-23,TabletApp,131,0.94,1,Desktop
11789,840,8,2024-10-05,TabletApp,123,0.83,0,Mobile
11790,1039,7,2025-02-23,MobileApp,102,0.99,1,Mobile
11791,1882,10,2024-11-29,TabletApp,47,0.4,0,TV
11792,1519,1,2024-08-22,MobileApp,122,0.87,0,Tablet
11793,1716,14,2024-08-12,TabletApp,57,0.6,0,Mobile
11794,1022,10,2024-06-25,WebBrowser,135,0.87,0,Desktop
11795,198,6,2024-12-13,StreamMax,42,0.35,0,Desktop
11796,1706,6,2024-06-10,TabletApp,145,0.98,0,Desktop
11797,15,2,2025-03-25,WebBrowser,64,0.64,0,Desktop
11798,1960,3,2025-02-09,StreamMax,84,0.54,0,Desktop
11799,553,8,2025-01-08,WebBrowser,100,0.92,1,Tablet
11800,1711,1,2025-01-18,TabletApp,65,0.43,0,TV
11801,1704,1,2024-06-21,StreamMax,117,0.77,0,TV
11802,104,8,2025-04-26,TabletApp,32,0.33,0,Mobile
11803,1238,1,2025-02-23,WebBrowser,116,0.81,0,Mobile
11804,339,7,2025-02-24,StreamMax,88,0.79,0,Desktop
11805,422,1,2025-04-02,StreamMax,79,0.82,1,Desktop
11806,988,3,2024-11-07,StreamMax,43,0.38,0,Tablet
11807,998,6,2024-09-24,StreamMax,40,0.46,1,Desktop
11808,1004,7,2025-04-20,MobileApp,72,0.75,1,Mobile
11809,191,2,2024-12-14,TabletApp,40,0.44,0,Mobile
11810,421,6,2024-06-21,WebBrowser,96,0.81,0,TV
11811,1546,8,2025-03-10,SmartTV,60,0.54,0,Mobile
11812,1103,6,2024-11-14,TabletApp,68,0.68,0,Mobile
11813,319,14,2025-03-27,MobileApp,67,0.44,0,Desktop
11814,695,1,2025-04-03,StreamMax,117,0.97,1,Mobile
11815,890,1,2024-07-20,MobileApp,66,0.58,0,Tablet
11816,1406,9,2024-06-08,TabletApp,107,0.84,0,Mobile
11817,1688,12,2024-11-21,MobileApp,76,0.59,0,Desktop
11818,157,2,2024-11-17,StreamMax,83,0.64,1,TV
11819,1410,9,2025-04-25,WebBrowser,81,0.79,0,Desktop
11820,1754,1,2025-01-17,MobileApp,81,0.83,0,Mobile
11821,740,1,2025-04-19,SmartTV,92,0.88,1,Tablet
11822,1773,8,2024-09-13,MobileApp,143,0.96,1,Tablet
11823,88,6,2025-04-25,SmartTV,46,0.36,0,Mobile
11824,409,9,2025-02-07,MobileApp,60,0.6,0,Mobile
11825,899,13,2025-02-06,StreamMax,80,0.77,0,Mobile
11826,553,8,2025-03-23,StreamMax,61,0.41,0,Desktop
11827,858,10,2025-03-22,StreamMax,52,0.38,0,Desktop
11828,551,8,2025-04-06,WebBrowser,37,0.43,0,TV
11829,928,5,2024-09-18,WebBrowser,60,0.44,1,TV
11830,855,5,2024-07-29,MobileApp,101,0.87,0,Desktop
11831,307,11,2025-02-23,MobileApp,110,0.72,0,TV
11832,574,2,2025-04-11,SmartTV,52,0.39,0,Desktop
11833,273,10,2024-10-09,WebBrowser,33,0.35,0,Tablet
11834,1029,10,2025-02-05,TabletApp,50,0.43,0,Mobile
11835,552,6,2024-11-11,SmartTV,115,0.74,0,Mobile
11836,1525,2,2025-01-08,MobileApp,70,0.62,0,Mobile
11837,426,6,2025-01-14,WebBrowser,73,0.69,0,TV
11838,326,15,2025-02-07,StreamMax,129,0.86,0,Desktop
11839,1406,1,2024-09-12,StreamMax,53,0.46,0,Desktop
11840,1481,6,2024-09-27,TabletApp,83,0.84,0,Desktop
11841,1395,12,2024-09-28,WebBrowser,38,0.38,1,Desktop
11842,1096,8,2025-02-28,SmartTV,62,0.47,0,Mobile
11843,1361,7,2024-12-06,WebBrowser,59,0.41,1,Desktop
11844,677,6,2024-09-12,WebBrowser,80,0.87,0,Tablet
11845,468,1,2024-08-26,MobileApp,98,0.81,0,TV
11846,1977,8,2024-06-08,SmartTV,79,0.86,0,Desktop
11847,1858,1,2024-09-08,WebBrowser,36,0.31,0,Mobile
11848,1417,14,2024-06-10,StreamMax,72,0.54,0,Desktop
11849,1973,3,2024-07-02,TabletApp,100,0.95,1,TV
11850,166,4,2024-11-07,WebBrowser,53,0.57,0,TV
11851,1888,9,2024-09-30,StreamMax,135,0.98,0,Mobile
11852,369,6,2024-11-18,StreamMax,66,0.44,0,Mobile
11853,1894,1,2024-08-11,SmartTV,50,0.45,0,Tablet
11854,1920,1,2025-01-03,StreamMax,37,0.33,0,Mobile
11855,460,7,2025-02-18,WebBrowser,64,0.59,0,TV
11856,1077,1,2025-04-08,StreamMax,124,0.79,0,Tablet
11857,1238,12,2024-07-24,TabletApp,142,0.91,0,Desktop
11858,1166,1,2024-08-10,MobileApp,73,0.55,0,Desktop
11859,1429,1,2024-12-11,WebBrowser,64,0.53,0,Tablet
11860,1120,9,2025-03-19,MobileApp,40,0.34,0,Mobile
11861,1571,8,2024-12-21,TabletApp,82,0.69,0,Mobile
11862,135,2,2025-01-23,StreamMax,121,0.79,0,TV
11863,1638,10,2024-07-25,SmartTV,113,0.94,0,TV
11864,449,14,2024-09-24,WebBrowser,70,0.73,0,Tablet
11865,423,8,2024-07-26,StreamMax,41,0.31,0,Tablet
11866,1828,11,2024-11-10,WebBrowser,66,0.44,0,Mobile
11867,1551,2,2025-04-09,TabletApp,79,0.86,0,TV
11868,1264,3,2024-12-03,TabletApp,30,0.31,0,Tablet
11869,568,12,2024-10-06,StreamMax,99,0.68,0,Desktop
11870,1123,15,2024-09-20,StreamMax,64,0.41,0,Desktop
11871,1041,6,2025-04-19,MobileApp,101,0.86,0,Desktop
11872,1790,6,2024-09-11,MobileApp,39,0.43,0,Desktop
11873,350,1,2024-11-21,SmartTV,41,0.45,0,Mobile
11874,1090,1,2025-04-05,SmartTV,109,0.88,0,Desktop
11875,50,14,2025-03-09,WebBrowser,51,0.57,0,Desktop
11876,297,6,2024-12-09,MobileApp,105,0.7,0,Mobile
11877,1008,2,2024-06-13,TabletApp,97,0.92,0,Tablet
11878,1325,15,2024-08-08,SmartTV,126,0.93,0,Mobile
11879,925,1,2024-12-21,WebBrowser,90,0.89,0,Mobile
11880,1746,8,2025-02-23,MobileApp,108,0.73,1,Tablet
11881,1747,15,2024-12-06,TabletApp,82,0.54,1,TV
11882,1417,9,2024-07-03,TabletApp,47,0.44,0,Mobile
11883,1986,10,2025-04-17,StreamMax,51,0.35,0,Desktop
11884,642,1,2024-11-22,MobileApp,51,0.51,0,Mobile
11885,556,6,2025-01-04,MobileApp,48,0.49,0,TV
11886,516,1,2024-11-27,MobileApp,104,0.68,0,Tablet
11887,1391,15,2024-06-29,MobileApp,123,0.82,0,Desktop
11888,1390,1,2025-01-05,TabletApp,81,0.87,0,Tablet
11889,1969,5,2025-01-16,SmartTV,52,0.41,1,TV
11890,1690,8,2025-01-12,MobileApp,95,0.88,0,Desktop
11891,219,5,2024-10-22,WebBrowser,86,0.55,0,Tablet
11892,1530,12,2025-01-22,StreamMax,68,0.48,0,Tablet
11893,897,2,2025-04-26,SmartTV,88,0.62,1,TV
11894,262,5,2024-06-16,SmartTV,65,0.61,0,TV
11895,1606,2,2025-04-26,SmartTV,72,0.6,0,Tablet
11896,1346,1,2024-06-01,TabletApp,47,0.39,0,Tablet
11897,1306,1,2024-09-24,SmartTV,29,0.32,0,Mobile
11898,1905,3,2024-12-04,WebBrowser,130,0.94,0,Tablet
11899,1750,2,2024-11-04,StreamMax,88,0.8,0,Tablet
11900,541,6,2025-02-22,WebBrowser,38,0.4,0,TV
11901,368,6,2025-02-13,WebBrowser,118,0.79,0,Desktop
11902,1454,7,2024-07-07,StreamMax,94,0.76,0,Desktop
11903,840,6,2024-11-26,StreamMax,140,0.94,0,Desktop
11904,1368,11,2024-10-07,MobileApp,80,0.51,0,TV
11905,1800,9,2025-04-09,MobileApp,148,0.97,0,Tablet
11906,329,3,2025-02-09,StreamMax,88,0.56,1,Mobile
11907,1273,1,2025-03-06,StreamMax,88,0.85,0,TV
11908,906,8,2025-02-26,WebBrowser,101,0.78,0,TV
11909,777,1,2024-09-09,SmartTV,101,0.76,0,TV
11910,1545,1,2024-06-04,TabletApp,105,0.95,0,Mobile
11911,1651,1,2024-10-17,MobileApp,66,0.69,0,Desktop
11912,306,9,2024-06-10,StreamMax,84,0.71,0,Tablet
11913,1466,2,2025-03-09,MobileApp,33,0.32,0,Tablet
11914,305,8,2025-04-06,StreamMax,37,0.41,0,Mobile
11915,17,8,2024-08-20,SmartTV,80,0.6,0,TV
11916,1702,5,2025-01-06,WebBrowser,44,0.37,0,TV
11917,1274,15,2024-09-29,MobileApp,82,0.69,0,TV
11918,1031,1,2025-02-22,WebBrowser,82,0.84,0,Mobile
11919,368,6,2024-11-15,WebBrowser,66,0.56,0,Mobile
11920,396,15,2024-07-05,StreamMax,34,0.31,0,Mobile
11921,1245,14,2025-04-23,WebBrowser,121,0.86,0,Mobile
11922,1372,5,2024-11-01,StreamMax,73,0.83,0,Desktop
11923,1596,5,2024-11-27,WebBrowser,60,0.41,0,Tablet
11924,1220,3,2024-09-10,StreamMax,100,0.7,1,Desktop
11925,1677,8,2025-02-02,MobileApp,63,0.54,0,Desktop
11926,1710,9,2024-08-01,TabletApp,29,0.33,1,TV
11927,1066,1,2025-02-14,TabletApp,50,0.36,0,TV
11928,753,7,2024-07-22,WebBrowser,36,0.41,0,Mobile
11929,1690,1,2025-04-23,TabletApp,78,0.72,0,Tablet
11930,121,10,2025-04-03,MobileApp,73,0.54,0,Desktop
11931,1515,8,2025-03-20,WebBrowser,112,0.84,0,Tablet
11932,355,2,2024-10-23,StreamMax,72,0.46,0,Mobile
11933,393,8,2025-01-15,StreamMax,79,0.59,1,Desktop
11934,1861,9,2024-10-03,TabletApp,54,0.48,0,TV
11935,1460,10,2025-02-25,WebBrowser,52,0.45,0,TV
11936,1146,11,2024-10-25,MobileApp,97,0.78,1,Desktop
11937,1828,6,2024-10-21,MobileApp,94,0.99,0,Desktop
11938,1772,7,2025-04-17,TabletApp,85,0.93,0,TV
11939,1696,2,2025-03-03,MobileApp,46,0.47,0,Desktop
11940,1180,8,2024-07-06,SmartTV,129,0.88,0,Tablet
11941,1540,7,2024-12-21,TabletApp,153,0.99,0,Tablet
11942,251,6,2024-11-21,TabletApp,132,0.95,0,TV
11943,191,1,2025-02-04,WebBrowser,85,0.79,0,Mobile
11944,203,7,2024-09-16,MobileApp,72,0.74,1,Desktop
11945,470,9,2024-08-02,TabletApp,129,0.89,0,Tablet
11946,1297,10,2024-11-22,WebBrowser,57,0.57,0,Desktop
11947,345,2,2025-02-09,WebBrowser,46,0.45,1,Tablet
11948,1650,14,2024-10-19,MobileApp,51,0.36,1,Tablet
11949,16,14,2024-12-10,StreamMax,86,0.61,0,Mobile
11950,1045,3,2024-11-08,MobileApp,91,0.68,0,Desktop
11951,640,8,2024-10-20,SmartTV,58,0.44,0,Tablet
11952,180,1,2025-04-23,SmartTV,149,0.99,0,Mobile
11953,1658,8,2025-04-09,WebBrowser,85,0.57,0,Mobile
11954,1691,10,2025-04-30,StreamMax,73,0.55,0,Desktop
11955,1519,7,2024-11-25,StreamMax,96,0.81,0,Tablet
11956,1607,11,2025-03-01,StreamMax,121,0.83,0,TV
11957,733,9,2024-06-20,MobileApp,68,0.65,1,Desktop
11958,1576,6,2024-08-25,MobileApp,115,0.85,0,Desktop
11959,890,1,2024-11-23,StreamMax,102,0.89,0,Desktop
11960,67,14,2025-03-31,MobileApp,29,0.3,1,Tablet
11961,1788,7,2024-06-06,WebBrowser,39,0.34,0,Mobile
11962,562,5,2024-08-15,MobileApp,80,0.85,0,Tablet
11963,139,8,2024-11-21,TabletApp,34,0.36,0,Mobile
11964,559,9,2024-09-27,WebBrowser,103,0.86,0,TV
11965,1989,8,2024-09-18,TabletApp,41,0.37,1,Desktop
11966,1354,13,2025-03-05,SmartTV,56,0.58,1,Mobile
11967,623,8,2025-03-10,SmartTV,94,0.72,0,TV
11968,1209,11,2025-03-13,MobileApp,108,0.74,0,Mobile
11969,375,9,2024-11-30,StreamMax,62,0.51,0,Mobile
11970,991,14,2025-01-11,SmartTV,118,0.9,0,TV
11971,986,5,2025-01-30,StreamMax,75,0.72,1,Mobile
11972,1683,8,2025-04-13,SmartTV,70,0.56,0,Mobile
11973,764,4,2024-12-04,TabletApp,74,0.78,0,Mobile
11974,193,12,2025-03-03,MobileApp,97,0.93,1,Mobile
11975,42,2,2024-06-21,SmartTV,65,0.64,0,Tablet
11976,1113,6,2025-02-04,MobileApp,92,0.85,0,TV
11977,1839,3,2024-08-06,MobileApp,66,0.64,1,Mobile
11978,783,10,2024-08-19,TabletApp,35,0.37,0,Desktop
11979,614,14,2024-06-15,TabletApp,114,0.76,0,TV
11980,1135,9,2024-12-17,SmartTV,105,0.75,0,TV
11981,554,14,2025-04-15,WebBrowser,120,0.85,0,Tablet
11982,1278,1,2024-06-11,SmartTV,52,0.49,0,Desktop
11983,1450,1,2024-07-12,SmartTV,107,0.84,0,Mobile
11984,1550,1,2024-06-01,StreamMax,111,0.84,0,Mobile
11985,1121,12,2024-10-27,SmartTV,37,0.4,0,Tablet
11986,488,4,2024-12-28,SmartTV,75,0.54,0,Desktop
11987,1695,1,2024-10-31,WebBrowser,32,0.34,1,Desktop
11988,690,5,2024-11-01,StreamMax,78,0.63,0,Tablet
11989,1679,2,2024-08-10,MobileApp,82,0.76,0,Tablet
11990,1734,6,2024-10-21,MobileApp,56,0.58,0,TV
11991,1931,12,2024-11-14,TabletApp,41,0.34,1,Mobile
11992,1842,1,2025-04-14,WebBrowser,56,0.58,1,Mobile
11993,199,11,2024-11-01,MobileApp,39,0.45,1,Desktop
11994,787,10,2025-04-18,WebBrowser,87,0.57,0,Desktop
11995,221,6,2024-08-07,TabletApp,80,0.61,0,Mobile
11996,1067,14,2025-02-23,StreamMax,51,0.42,0,Mobile
11997,1693,2,2025-04-06,TabletApp,101,0.7,0,TV
11998,627,5,2025-01-05,WebBrowser,56,0.5,0,Mobile
11999,580,5,2025-02-08,MobileApp,93,0.74,0,TV
12000,1999,10,2024-07-13,StreamMax,69,0.51,0,TV
12001,1656,13,2024-12-20,TabletApp,48,0.55,0,Desktop
12002,1282,1,2025-04-16,WebBrowser,57,0.53,1,Desktop
12003,1256,14,2024-07-23,MobileApp,66,0.53,0,Tablet
12004,1102,3,2024-06-15,WebBrowser,102,0.68,1,Mobile
12005,150,5,2025-02-12,SmartTV,56,0.49,1,Mobile
12006,1366,6,2024-08-30,WebBrowser,109,0.7,0,Desktop
12007,1124,8,2025-02-24,MobileApp,117,0.97,1,Tablet
12008,308,5,2025-01-23,WebBrowser,96,0.63,0,Mobile
12009,1185,8,2024-09-17,MobileApp,95,0.88,0,Desktop
12010,1659,13,2025-02-14,MobileApp,113,0.99,0,Mobile
12011,1147,1,2025-02-16,MobileApp,90,0.78,0,Desktop
12012,691,8,2024-12-13,SmartTV,133,0.86,0,Tablet
12013,581,6,2025-02-05,WebBrowser,63,0.51,0,TV
12014,431,8,2024-07-02,SmartTV,51,0.33,0,Tablet
12015,1754,12,2024-09-18,StreamMax,67,0.67,0,TV
12016,1417,14,2025-04-19,WebBrowser,49,0.42,0,TV
12017,73,14,2025-02-17,MobileApp,51,0.38,0,Mobile
12018,1482,2,2024-07-24,SmartTV,63,0.58,0,Tablet
12019,462,15,2025-04-21,TabletApp,67,0.7,0,Tablet
12020,196,3,2024-11-24,MobileApp,85,0.81,1,Tablet
12021,986,1,2025-02-25,SmartTV,75,0.7,0,TV
12022,310,6,2025-03-04,SmartTV,123,0.91,0,Mobile
12023,1114,8,2024-11-23,MobileApp,44,0.33,0,TV
12024,742,15,2024-12-04,MobileApp,48,0.44,0,Desktop
12025,1936,6,2024-07-13,SmartTV,42,0.48,0,Tablet
12026,548,1,2024-08-28,MobileApp,102,0.84,0,Desktop
12027,650,11,2025-04-27,StreamMax,63,0.57,0,Desktop
12028,137,10,2024-11-17,SmartTV,76,0.81,0,Mobile
12029,833,4,2025-03-06,StreamMax,54,0.5,0,TV
12030,384,1,2025-03-31,MobileApp,108,0.99,0,Mobile
12031,1029,8,2024-12-24,SmartTV,58,0.42,0,Desktop
12032,839,7,2024-11-16,TabletApp,48,0.52,0,TV
12033,1075,7,2024-08-13,TabletApp,65,0.64,0,Tablet
12034,1013,1,2024-08-14,SmartTV,132,0.88,0,Mobile
12035,360,13,2024-07-06,WebBrowser,53,0.6,0,Tablet
12036,1098,4,2025-03-29,SmartTV,119,0.78,1,Tablet
12037,1341,8,2024-10-19,StreamMax,44,0.41,0,Mobile
12038,131,2,2024-06-06,StreamMax,79,0.53,0,Mobile
12039,1302,1,2025-04-10,MobileApp,103,0.77,1,Tablet
12040,809,1,2025-04-29,TabletApp,48,0.53,0,Mobile
12041,5,13,2025-03-15,TabletApp,76,0.67,1,Desktop
12042,1449,14,2024-10-29,TabletApp,86,0.78,1,Desktop
12043,1823,2,2024-11-17,MobileApp,53,0.44,0,Tablet
12044,80,1,2025-04-18,SmartTV,60,0.43,0,Desktop
12045,568,5,2024-09-19,WebBrowser,62,0.64,0,Tablet
12046,259,8,2025-03-22,StreamMax,63,0.48,0,TV
12047,958,14,2025-02-03,WebBrowser,111,0.86,0,TV
12048,891,1,2024-12-08,MobileApp,37,0.35,0,Mobile
12049,450,1,2024-09-06,MobileApp,50,0.43,0,Desktop
12050,1645,1,2025-04-08,TabletApp,42,0.41,0,Mobile
12051,1773,1,2025-04-24,WebBrowser,91,0.91,0,Tablet
12052,988,1,2025-04-11,WebBrowser,65,0.56,0,Mobile
12053,1077,1,2025-02-28,WebBrowser,104,0.71,0,Tablet
12054,1584,6,2024-06-26,WebBrowser,113,0.8,0,Desktop
12055,759,8,2024-08-06,StreamMax,83,0.64,0,Desktop
12056,402,10,2024-09-02,SmartTV,61,0.51,0,Mobile
12057,788,14,2024-09-06,MobileApp,59,0.63,0,TV
12058,1739,2,2025-02-12,SmartTV,48,0.44,0,Desktop
12059,872,2,2025-01-15,TabletApp,62,0.7,0,Mobile
12060,306,2,2025-03-31,StreamMax,52,0.44,1,Tablet
12061,919,10,2024-12-26,StreamMax,52,0.33,0,Desktop
12062,41,15,2024-12-19,TabletApp,96,0.82,1,Tablet
12063,130,6,2025-01-30,StreamMax,106,0.93,0,TV
12064,160,10,2025-02-12,WebBrowser,74,0.75,0,Tablet
12065,1255,14,2024-12-12,MobileApp,74,0.64,1,TV
12066,822,14,2024-08-25,TabletApp,91,0.86,0,Desktop
12067,993,2,2024-07-03,WebBrowser,70,0.76,0,TV
12068,1788,8,2024-11-09,TabletApp,71,0.69,0,Desktop
12069,97,13,2025-04-04,WebBrowser,65,0.72,0,TV
12070,1092,15,2024-11-05,WebBrowser,114,0.82,0,Mobile
12071,332,11,2024-10-17,WebBrowser,103,0.79,0,Tablet
12072,522,1,2025-01-27,StreamMax,59,0.52,0,TV
12073,1783,2,2024-12-29,StreamMax,61,0.45,1,Tablet
12074,320,8,2025-04-28,MobileApp,73,0.55,0,Desktop
12075,935,10,2025-02-16,StreamMax,132,0.99,1,TV
12076,88,8,2025-02-01,TabletApp,88,0.95,0,Desktop
12077,526,7,2024-07-12,MobileApp,89,0.65,1,Mobile
12078,1394,4,2024-08-12,StreamMax,78,0.51,0,Tablet
12079,979,8,2024-11-24,TabletApp,74,0.74,0,Tablet
12080,1956,1,2024-12-30,TabletApp,37,0.32,0,Desktop
12081,1663,14,2024-10-28,WebBrowser,120,0.85,0,TV
12082,1625,6,2025-01-25,TabletApp,88,0.71,0,TV
12083,1289,2,2024-10-25,TabletApp,135,0.93,0,TV
12084,1759,2,2024-07-17,MobileApp,49,0.52,0,Tablet
12085,920,8,2024-10-15,WebBrowser,108,0.7,1,Desktop
12086,979,8,2025-02-26,StreamMax,43,0.35,0,Mobile
12087,247,1,2025-02-19,WebBrowser,84,0.9,1,Desktop
12088,1434,3,2024-06-17,TabletApp,109,0.74,1,Tablet
12089,897,10,2025-02-21,TabletApp,114,0.8,1,TV
12090,714,2,2024-11-12,StreamMax,81,0.54,1,TV
12091,1975,14,2024-09-28,StreamMax,49,0.44,0,Tablet
12092,51,6,2025-01-15,WebBrowser,80,0.68,1,Desktop
12093,627,8,2024-06-14,TabletApp,132,0.95,0,Desktop
12094,1364,3,2025-04-13,WebBrowser,38,0.37,0,Mobile
12095,1400,7,2024-07-16,TabletApp,84,0.94,0,Tablet
12096,540,1,2025-01-30,StreamMax,54,0.39,0,TV
12097,1412,1,2025-01-26,SmartTV,54,0.48,0,Desktop
12098,1769,6,2025-01-02,MobileApp,49,0.41,0,Desktop
12099,1970,5,2024-11-24,MobileApp,54,0.47,0,Desktop
12100,821,8,2024-12-06,WebBrowser,97,0.77,0,Mobile
12101,471,2,2024-12-15,WebBrowser,88,0.87,0,TV
12102,653,7,2024-12-20,MobileApp,40,0.46,0,TV
12103,840,7,2024-10-10,SmartTV,58,0.53,1,Mobile
12104,986,4,2024-09-18,MobileApp,118,0.79,0,Tablet
12105,264,8,2025-01-23,TabletApp,47,0.32,0,TV
12106,953,1,2024-06-25,MobileApp,76,0.7,1,Mobile
12107,991,6,2024-09-08,WebBrowser,68,0.56,0,Tablet
12108,1800,12,2024-12-02,StreamMax,57,0.63,0,Tablet
12109,1009,9,2025-03-12,SmartTV,58,0.42,0,Mobile
12110,730,14,2025-02-16,SmartTV,85,0.72,0,Desktop
12111,1678,8,2024-07-24,WebBrowser,45,0.37,1,Tablet
12112,879,5,2025-02-20,SmartTV,115,0.88,1,Desktop
12113,1995,6,2024-08-09,SmartTV,78,0.8,0,Desktop
12114,1771,7,2024-11-04,WebBrowser,63,0.64,1,Desktop
12115,948,4,2025-04-23,TabletApp,39,0.37,0,Desktop
12116,1266,1,2025-03-16,SmartTV,72,0.72,0,Desktop
12117,566,8,2025-02-02,StreamMax,51,0.37,0,Mobile
12118,1067,6,2024-10-27,WebBrowser,35,0.37,0,Mobile
12119,1264,1,2024-12-17,SmartTV,78,0.6,0,TV
12120,1633,3,2024-06-05,WebBrowser,54,0.38,0,Desktop
12121,1607,11,2024-08-07,WebBrowser,51,0.36,0,Tablet
12122,1393,7,2024-10-18,TabletApp,96,0.74,0,TV
12123,792,8,2024-12-21,TabletApp,109,0.88,0,Mobile
12124,1654,13,2024-12-07,SmartTV,61,0.57,1,Tablet
12125,1555,1,2024-12-04,MobileApp,126,0.83,0,Desktop
12126,954,12,2025-02-28,WebBrowser,98,0.71,0,Desktop
12127,1171,4,2024-11-17,SmartTV,65,0.66,0,Tablet
12128,459,5,2024-11-03,MobileApp,45,0.37,0,Tablet
12129,345,8,2024-11-29,WebBrowser,143,0.91,0,Tablet
12130,1791,7,2024-08-30,TabletApp,92,0.71,1,Mobile
12131,1915,3,2024-11-03,MobileApp,75,0.52,0,TV
12132,921,1,2025-01-14,StreamMax,78,0.85,0,Mobile
12133,230,12,2024-06-29,WebBrowser,31,0.31,0,Desktop
12134,404,1,2024-11-26,WebBrowser,125,0.86,1,Mobile
12135,1918,1,2025-03-26,SmartTV,37,0.39,0,Tablet
12136,1172,1,2024-12-15,MobileApp,104,0.88,0,Tablet
12137,760,1,2025-01-20,SmartTV,53,0.39,0,Desktop
12138,1261,13,2025-02-04,WebBrowser,38,0.4,0,TV
12139,1583,8,2024-07-25,WebBrowser,80,0.57,0,Desktop
12140,1365,7,2024-12-08,MobileApp,80,0.85,0,Mobile
12141,1540,5,2025-04-19,MobileApp,100,0.65,0,Mobile
12142,549,11,2024-08-17,SmartTV,56,0.56,0,TV
12143,1555,5,2024-10-15,MobileApp,89,0.7,0,Tablet
12144,679,3,2024-08-04,WebBrowser,73,0.56,0,TV
12145,1350,6,2024-06-02,StreamMax,63,0.64,0,Tablet
12146,420,2,2025-01-08,StreamMax,127,0.94,0,Mobile
12147,689,5,2025-03-28,MobileApp,140,0.94,0,Mobile
12148,1870,2,2024-11-11,SmartTV,152,0.99,0,Desktop
12149,148,1,2025-03-19,MobileApp,95,0.69,1,Tablet
12150,1672,14,2024-06-15,TabletApp,119,0.91,0,TV
12151,1564,14,2024-07-10,StreamMax,56,0.59,0,TV
12152,429,8,2025-02-24,TabletApp,45,0.42,0,Mobile
12153,1506,4,2024-11-25,StreamMax,81,0.55,0,TV
12154,101,8,2024-07-09,TabletApp,105,0.7,1,Mobile
12155,1186,1,2024-06-14,MobileApp,39,0.31,0,Mobile
12156,1881,14,2024-07-08,TabletApp,127,0.88,0,Desktop
12157,935,8,2024-10-26,MobileApp,75,0.64,0,Tablet
12158,1390,1,2025-02-11,StreamMax,100,0.71,0,Tablet
12159,974,6,2024-07-24,StreamMax,145,0.98,1,Tablet
12160,1618,1,2025-02-26,MobileApp,102,0.67,0,Tablet
12161,644,3,2025-03-30,TabletApp,97,0.99,0,Desktop
12162,1227,6,2024-10-04,WebBrowser,72,0.51,1,TV
12163,1087,7,2024-11-15,SmartTV,58,0.38,0,Tablet
12164,1824,2,2024-08-22,TabletApp,52,0.35,0,Desktop
12165,199,13,2025-02-07,SmartTV,72,0.64,1,TV
12166,476,11,2024-12-12,WebBrowser,84,0.7,0,TV
12167,1440,2,2024-09-08,WebBrowser,62,0.44,0,Tablet
12168,414,1,2025-02-11,MobileApp,55,0.58,0,Desktop
12169,440,8,2024-07-12,MobileApp,108,0.72,1,Tablet
12170,1905,1,2025-03-27,TabletApp,71,0.47,0,Mobile
12171,402,2,2024-12-23,TabletApp,34,0.35,0,Tablet
12172,837,1,2024-06-07,TabletApp,80,0.82,0,TV
12173,1927,1,2025-01-10,WebBrowser,116,0.85,1,TV
12174,684,8,2024-07-27,TabletApp,58,0.45,0,Desktop
12175,1754,6,2025-04-21,WebBrowser,51,0.45,0,Desktop
12176,1410,13,2024-12-25,MobileApp,94,0.68,0,TV
12177,1521,5,2024-07-03,StreamMax,40,0.31,0,Desktop
12178,939,4,2024-08-26,WebBrowser,109,0.77,1,Tablet
12179,860,3,2024-11-12,StreamMax,107,0.77,0,Desktop
12180,413,4,2024-10-08,TabletApp,99,0.69,0,Desktop
12181,871,2,2025-03-31,StreamMax,114,0.79,0,TV
12182,1821,5,2024-09-26,WebBrowser,129,0.99,0,Tablet
12183,303,14,2024-12-29,WebBrowser,93,0.93,1,Tablet
12184,1810,2,2024-07-02,StreamMax,76,0.54,0,Mobile
12185,453,8,2025-02-08,MobileApp,59,0.56,0,Mobile
12186,1291,10,2025-04-14,StreamMax,43,0.45,0,Tablet
12187,516,11,2024-09-10,WebBrowser,97,0.97,0,TV
12188,1092,15,2024-08-13,MobileApp,105,0.8,0,Mobile
12189,1792,15,2024-07-29,SmartTV,152,0.98,0,Mobile
12190,1673,11,2024-12-02,SmartTV,60,0.4,1,TV
12191,1681,6,2025-03-02,WebBrowser,114,0.75,0,TV
12192,1926,1,2025-01-28,MobileApp,89,0.61,0,Mobile
12193,728,12,2024-08-26,StreamMax,90,0.69,0,Tablet
12194,1105,4,2024-12-12,TabletApp,81,0.52,0,Desktop
12195,1421,11,2024-10-27,MobileApp,66,0.61,1,Desktop
12196,1697,7,2025-01-17,TabletApp,142,1.0,1,Mobile
12197,275,5,2024-07-04,SmartTV,60,0.45,0,Tablet
12198,1947,1,2025-03-27,SmartTV,61,0.45,0,Desktop
12199,1106,10,2024-07-01,WebBrowser,60,0.67,0,Mobile
12200,1337,12,2024-06-16,StreamMax,80,0.67,0,Desktop
12201,1923,14,2024-07-19,TabletApp,139,0.99,0,Mobile
12202,1978,9,2024-08-26,SmartTV,41,0.38,0,TV
12203,1612,7,2024-09-25,TabletApp,63,0.63,1,TV
12204,943,15,2025-02-21,MobileApp,73,0.49,0,Tablet
12205,1039,8,2024-08-19,WebBrowser,86,0.93,0,Desktop
12206,1367,1,2025-03-01,WebBrowser,40,0.35,0,Mobile
12207,1735,1,2024-09-10,SmartTV,132,0.9,0,TV
12208,1920,2,2025-01-01,MobileApp,125,0.93,0,TV
12209,504,13,2025-03-20,SmartTV,30,0.33,0,Mobile
12210,59,3,2025-03-22,TabletApp,64,0.41,1,Desktop
12211,1197,1,2025-04-09,TabletApp,78,0.61,0,Mobile
12212,1586,1,2024-08-27,MobileApp,91,0.58,0,Mobile
12213,741,12,2024-10-28,MobileApp,36,0.41,0,Mobile
12214,1931,6,2024-06-18,WebBrowser,47,0.36,0,TV
12215,244,8,2024-09-14,SmartTV,56,0.36,0,Mobile
12216,1040,2,2024-08-15,MobileApp,48,0.39,0,Mobile
12217,580,1,2025-01-04,MobileApp,81,0.68,0,Tablet
12218,1832,7,2024-07-22,SmartTV,48,0.31,1,TV
12219,544,5,2025-04-18,MobileApp,89,0.8,0,TV
12220,1887,14,2024-11-13,TabletApp,89,0.9,0,TV
12221,757,11,2024-11-04,MobileApp,61,0.43,0,Desktop
12222,631,1,2025-03-10,SmartTV,79,0.7,0,TV
12223,1561,1,2024-07-17,WebBrowser,43,0.35,0,Tablet
12224,1904,14,2025-01-27,MobileApp,108,0.72,1,Mobile
12225,978,7,2025-02-04,TabletApp,100,0.76,0,Mobile
12226,1450,6,2025-04-02,SmartTV,62,0.46,0,Tablet
12227,1996,1,2025-02-01,TabletApp,44,0.51,0,Tablet
12228,315,6,2024-10-06,MobileApp,69,0.49,0,Tablet
12229,679,8,2024-07-31,MobileApp,96,0.8,0,Mobile
12230,1018,15,2025-01-16,TabletApp,146,0.93,1,Tablet
12231,8,14,2024-06-04,WebBrowser,71,0.73,0,Tablet
12232,855,1,2024-10-07,WebBrowser,49,0.51,0,Desktop
12233,138,8,2024-08-08,SmartTV,67,0.72,0,Mobile
12234,116,3,2025-02-24,SmartTV,45,0.31,1,Desktop
12235,1667,7,2024-09-20,TabletApp,64,0.6,1,Desktop
12236,1318,1,2024-10-25,WebBrowser,62,0.66,0,Mobile
12237,849,3,2024-09-21,SmartTV,144,0.97,0,Desktop
12238,415,3,2024-11-12,StreamMax,91,0.65,0,Mobile
12239,178,11,2024-12-08,MobileApp,42,0.32,1,TV
12240,1529,13,2024-09-06,SmartTV,129,0.84,0,TV
12241,658,8,2024-12-29,TabletApp,67,0.45,0,TV
12242,139,11,2024-11-24,SmartTV,102,0.74,0,Tablet
12243,167,2,2025-01-24,SmartTV,133,0.85,0,TV
12244,301,6,2024-07-22,WebBrowser,57,0.42,1,TV
12245,886,14,2024-07-19,StreamMax,56,0.59,1,Desktop
12246,796,1,2025-01-25,MobileApp,51,0.33,0,Mobile
12247,783,1,2025-02-27,TabletApp,74,0.75,0,Tablet
12248,1791,12,2025-02-04,TabletApp,79,0.55,0,Tablet
12249,396,1,2025-03-19,MobileApp,47,0.36,0,TV
12250,778,5,2024-06-19,MobileApp,93,0.88,0,TV
12251,370,13,2025-03-04,MobileApp,84,0.78,0,TV
12252,1345,3,2024-07-27,TabletApp,48,0.48,0,TV
12253,881,14,2025-03-22,TabletApp,48,0.53,0,TV
12254,461,8,2024-12-14,SmartTV,107,0.79,0,Mobile
12255,1666,8,2024-08-06,MobileApp,77,0.61,0,Desktop
12256,1942,3,2024-06-05,StreamMax,106,0.91,0,Mobile
12257,1572,14,2024-10-27,TabletApp,127,0.81,0,Tablet
12258,1698,1,2025-02-25,SmartTV,88,0.74,0,TV
12259,665,12,2024-09-12,SmartTV,33,0.36,0,Mobile
12260,1036,6,2024-11-30,SmartTV,59,0.47,1,TV
12261,764,8,2025-04-06,WebBrowser,29,0.32,0,TV
12262,718,14,2025-03-18,StreamMax,50,0.35,0,TV
12263,209,1,2025-04-06,SmartTV,50,0.34,0,Desktop
12264,732,13,2025-01-12,TabletApp,121,0.91,0,Desktop
12265,1566,11,2024-06-06,WebBrowser,35,0.31,0,TV
12266,660,11,2024-11-18,SmartTV,97,0.67,0,Tablet
12267,460,11,2025-04-22,MobileApp,59,0.62,0,TV
12268,1234,1,2025-03-26,WebBrowser,118,1.0,0,TV
12269,868,15,2024-09-15,WebBrowser,72,0.52,1,TV
12270,827,12,2024-07-09,TabletApp,50,0.54,0,Mobile
12271,1579,1,2025-03-14,TabletApp,69,0.48,0,Tablet
12272,1097,3,2024-09-18,WebBrowser,91,0.63,0,Mobile
12273,384,1,2024-10-22,MobileApp,142,0.98,1,Tablet
12274,864,3,2024-06-18,MobileApp,154,0.98,0,TV
12275,833,13,2025-02-08,SmartTV,108,1.0,0,Tablet
12276,1973,6,2024-09-26,TabletApp,65,0.51,0,Mobile
12277,1502,5,2025-04-05,WebBrowser,72,0.64,1,Desktop
12278,645,11,2024-09-04,WebBrowser,104,0.67,0,Mobile
12279,1231,6,2025-01-16,WebBrowser,87,0.98,0,Tablet
12280,892,8,2024-07-24,MobileApp,44,0.41,0,Desktop
12281,1923,10,2024-08-11,StreamMax,90,0.95,0,Mobile
12282,1537,3,2024-07-14,WebBrowser,103,1.0,0,TV
12283,1364,14,2024-08-24,StreamMax,73,0.65,0,Tablet
12284,73,5,2024-11-02,StreamMax,84,0.84,0,TV
12285,197,7,2025-01-17,TabletApp,107,0.74,1,Desktop
12286,1455,8,2024-08-02,StreamMax,69,0.49,0,Desktop
12287,555,8,2024-08-17,MobileApp,47,0.48,1,Mobile
12288,1057,14,2025-03-25,StreamMax,73,0.63,0,TV
12289,927,1,2025-02-23,MobileApp,81,0.81,0,TV
12290,683,4,2024-07-20,MobileApp,57,0.39,0,Mobile
12291,353,6,2025-01-13,WebBrowser,85,0.96,1,TV
12292,1871,12,2025-04-16,MobileApp,137,0.91,0,Desktop
12293,1446,6,2024-06-28,MobileApp,41,0.41,1,Tablet
12294,1343,6,2024-08-14,MobileApp,122,0.95,0,Desktop
12295,1135,1,2025-01-14,SmartTV,80,0.88,0,Desktop
12296,1019,11,2024-10-28,MobileApp,78,0.84,0,Tablet
12297,398,5,2024-11-02,TabletApp,81,0.62,0,Desktop
12298,138,2,2025-01-09,StreamMax,96,0.72,0,Desktop
12299,650,9,2024-08-19,StreamMax,61,0.65,1,Mobile
12300,950,7,2024-12-24,WebBrowser,93,0.79,0,TV
12301,1374,10,2025-02-20,MobileApp,128,0.83,0,TV
12302,1168,1,2024-07-25,TabletApp,48,0.31,0,Mobile
12303,676,1,2025-03-21,WebBrowser,82,0.88,0,Desktop
12304,223,10,2024-12-25,TabletApp,64,0.42,0,Tablet
12305,622,6,2025-03-02,WebBrowser,72,0.81,0,TV
12306,1427,7,2024-11-06,TabletApp,99,0.76,1,Desktop
12307,1131,1,2025-01-25,SmartTV,34,0.31,1,TV
12308,74,7,2025-04-04,WebBrowser,140,0.91,0,Desktop
12309,667,15,2025-02-15,StreamMax,87,0.7,0,Tablet
12310,708,13,2024-07-11,StreamMax,36,0.35,0,Desktop
12311,703,14,2025-01-24,MobileApp,68,0.75,1,Desktop
12312,1189,13,2024-06-09,SmartTV,47,0.34,0,Tablet
12313,1280,7,2025-02-09,SmartTV,75,0.55,0,Mobile
12314,1969,13,2025-01-24,WebBrowser,107,0.98,0,Tablet
12315,922,2,2024-11-23,SmartTV,154,0.99,0,Mobile
12316,1135,5,2025-03-23,TabletApp,46,0.5,0,Mobile
12317,1097,14,2025-04-29,MobileApp,94,0.64,0,TV
12318,238,11,2024-08-29,StreamMax,33,0.32,0,Mobile
12319,147,3,2024-12-25,WebBrowser,125,0.8,0,Tablet
12320,1472,3,2025-03-27,StreamMax,43,0.42,0,TV
12321,200,2,2024-12-13,SmartTV,97,0.69,0,Tablet
12322,1343,13,2024-12-13,MobileApp,136,0.92,1,Mobile
12323,743,10,2024-10-22,TabletApp,69,0.66,0,Desktop
12324,1365,12,2025-01-06,SmartTV,92,0.64,0,Tablet
12325,1548,6,2025-03-15,SmartTV,73,0.49,0,Desktop
12326,774,12,2024-09-04,WebBrowser,49,0.38,0,Desktop
12327,1123,1,2025-01-22,WebBrowser,41,0.43,0,Mobile
12328,1136,2,2024-08-27,WebBrowser,93,0.65,1,TV
12329,1573,14,2025-01-31,StreamMax,147,0.99,0,Desktop
12330,924,8,2024-12-30,TabletApp,73,0.49,0,Desktop
12331,817,5,2025-01-24,SmartTV,106,0.9,0,TV
12332,1796,1,2024-08-13,TabletApp,93,0.96,0,Desktop
12333,1093,12,2025-04-02,TabletApp,80,0.57,0,TV
12334,1762,14,2024-08-26,WebBrowser,89,0.98,1,TV
12335,1613,1,2024-08-21,StreamMax,109,0.69,0,Mobile
12336,870,15,2025-03-03,SmartTV,140,0.98,1,Tablet
12337,1521,1,2024-10-02,MobileApp,82,0.77,0,Tablet
12338,1912,10,2025-01-17,TabletApp,81,0.92,0,Desktop
12339,1615,2,2025-02-05,StreamMax,51,0.33,1,TV
12340,1252,11,2025-03-04,MobileApp,53,0.57,0,Desktop
12341,1547,13,2025-04-04,MobileApp,52,0.47,0,Desktop
12342,1531,1,2024-12-14,StreamMax,41,0.4,1,Desktop
12343,78,2,2024-09-29,StreamMax,122,0.78,0,Tablet
12344,1247,8,2024-09-09,MobileApp,61,0.6,1,Desktop
12345,1746,10,2024-11-03,MobileApp,34,0.33,0,Desktop
12346,1967,4,2025-04-10,MobileApp,33,0.36,0,Desktop
12347,1917,11,2024-07-16,WebBrowser,135,0.98,0,TV
12348,487,8,2024-12-24,WebBrowser,62,0.4,0,TV
12349,812,6,2024-08-03,SmartTV,141,0.98,0,Mobile
12350,808,6,2024-06-23,SmartTV,68,0.61,0,TV
12351,1569,1,2025-04-15,TabletApp,120,0.77,0,Mobile
12352,1773,3,2024-08-03,TabletApp,37,0.36,0,Desktop
12353,1882,8,2024-09-20,MobileApp,104,0.96,0,Desktop
12354,208,1,2024-06-02,MobileApp,83,0.74,0,Mobile
12355,1970,11,2024-08-20,TabletApp,42,0.34,0,Desktop
12356,579,4,2024-12-14,SmartTV,58,0.4,1,Mobile
12357,211,10,2025-02-07,MobileApp,92,0.74,0,Desktop
12358,709,6,2024-07-05,StreamMax,67,0.55,0,TV
12359,89,6,2024-08-01,StreamMax,66,0.5,0,Tablet
12360,545,5,2025-01-07,TabletApp,96,0.66,0,Tablet
12361,1707,13,2024-08-07,SmartTV,54,0.56,0,Desktop
12362,1772,10,2024-06-15,SmartTV,113,0.74,1,Desktop
12363,135,2,2024-07-08,StreamMax,123,0.82,0,Desktop
12364,1492,5,2025-03-25,MobileApp,58,0.52,0,TV
12365,1294,3,2024-10-13,StreamMax,93,0.73,0,Desktop
12366,208,3,2024-11-05,StreamMax,131,0.84,0,TV
12367,1313,4,2024-07-15,SmartTV,84,0.76,0,TV
12368,303,1,2025-01-26,StreamMax,127,1.0,0,TV
12369,337,1,2025-01-14,StreamMax,119,0.78,0,Desktop
12370,742,9,2024-08-16,TabletApp,28,0.32,1,Tablet
12371,868,4,2025-02-17,TabletApp,70,0.52,0,TV
12372,1053,13,2025-04-04,MobileApp,98,0.96,1,Tablet
12373,1315,13,2024-12-21,StreamMax,93,0.63,0,Tablet
12374,1032,6,2024-11-22,TabletApp,61,0.44,0,Tablet
12375,797,11,2025-02-25,MobileApp,90,0.65,0,Tablet
12376,1209,8,2024-09-14,WebBrowser,118,0.8,0,TV
12377,1508,10,2024-06-14,MobileApp,105,0.71,0,Tablet
12378,648,10,2025-02-12,SmartTV,152,0.97,0,Tablet
12379,210,10,2024-10-03,MobileApp,75,0.48,0,Mobile
12380,1930,1,2025-01-10,StreamMax,65,0.46,0,Tablet
12381,1060,6,2024-09-29,StreamMax,108,0.8,0,TV
12382,12,9,2025-03-20,StreamMax,123,0.98,0,Desktop
12383,1005,1,2024-12-16,TabletApp,49,0.55,0,Desktop
12384,887,4,2024-12-25,SmartTV,46,0.33,1,Tablet
12385,1416,7,2024-08-17,MobileApp,55,0.58,0,Tablet
12386,1744,10,2025-03-30,WebBrowser,49,0.49,1,TV
12387,747,12,2024-09-17,SmartTV,84,0.7,0,Mobile
12388,445,3,2025-01-25,WebBrowser,66,0.49,0,Mobile
12389,839,1,2024-10-13,WebBrowser,94,0.61,0,Desktop
12390,1536,13,2025-04-09,SmartTV,50,0.48,0,TV
12391,1259,11,2024-10-02,WebBrowser,85,0.8,1,Tablet
12392,1950,2,2024-06-01,SmartTV,44,0.38,0,TV
12393,378,14,2024-10-10,SmartTV,121,0.92,0,Tablet
12394,1204,10,2024-11-02,WebBrowser,71,0.59,0,Desktop
12395,1024,11,2024-07-27,StreamMax,44,0.44,0,Mobile
12396,1143,2,2025-03-10,WebBrowser,51,0.36,0,Mobile
12397,935,6,2024-06-20,StreamMax,62,0.64,0,TV
12398,1719,3,2024-10-11,SmartTV,49,0.34,0,TV
12399,943,7,2025-04-10,TabletApp,39,0.35,1,Desktop
12400,1666,11,2024-10-08,MobileApp,123,0.89,1,Tablet
12401,794,2,2025-02-10,StreamMax,86,0.89,0,Tablet
12402,853,12,2024-07-15,MobileApp,153,0.98,1,Mobile
12403,1308,1,2025-03-26,MobileApp,119,0.94,0,Desktop
12404,1033,5,2024-12-26,WebBrowser,60,0.43,0,Tablet
12405,50,1,2024-08-02,WebBrowser,32,0.33,0,Desktop
12406,879,11,2024-06-18,SmartTV,80,0.89,0,TV
12407,1174,8,2024-09-09,StreamMax,92,0.69,0,Desktop
12408,187,6,2024-12-02,MobileApp,127,0.9,0,Mobile
12409,244,1,2025-04-24,SmartTV,125,0.94,0,Desktop
12410,969,1,2025-04-04,StreamMax,131,0.89,0,Mobile
12411,676,3,2025-04-21,MobileApp,147,0.95,0,Desktop
12412,426,6,2025-03-31,StreamMax,42,0.32,0,Mobile
12413,1399,14,2025-02-05,StreamMax,87,0.87,0,TV
12414,657,8,2025-04-11,SmartTV,58,0.37,0,Mobile
12415,440,10,2025-01-26,StreamMax,50,0.41,0,Desktop
12416,733,11,2025-04-04,StreamMax,135,0.96,0,TV
12417,1194,14,2024-10-02,SmartTV,133,0.92,0,Mobile
12418,116,5,2025-04-30,WebBrowser,141,0.98,0,Tablet
12419,1313,14,2025-02-01,SmartTV,53,0.35,0,Mobile
12420,557,2,2024-07-18,MobileApp,65,0.46,0,Desktop
12421,1274,15,2024-09-09,MobileApp,136,1.0,0,TV
12422,770,3,2024-07-04,MobileApp,76,0.56,0,Mobile
12423,1023,1,2025-02-01,SmartTV,65,0.65,0,Tablet
12424,1951,6,2025-02-20,WebBrowser,61,0.49,0,Desktop
12425,15,6,2024-11-21,WebBrowser,36,0.32,1,Desktop
12426,235,5,2024-08-27,WebBrowser,41,0.43,0,Mobile
12427,1633,1,2024-08-30,WebBrowser,48,0.33,0,Desktop
12428,1744,1,2024-08-05,StreamMax,64,0.49,0,Desktop
12429,1471,6,2024-10-04,StreamMax,84,0.7,0,Mobile
12430,1423,1,2025-03-02,TabletApp,69,0.5,1,Tablet
12431,1671,6,2025-01-01,WebBrowser,40,0.31,0,Tablet
12432,1484,1,2025-01-17,SmartTV,65,0.42,0,Mobile
12433,1587,3,2024-07-19,TabletApp,105,0.97,0,Tablet
12434,745,11,2024-12-12,StreamMax,56,0.56,0,TV
12435,938,7,2025-03-31,MobileApp,37,0.33,0,Mobile
12436,1032,5,2024-12-21,MobileApp,54,0.49,0,TV
12437,413,8,2024-12-03,WebBrowser,91,0.58,1,Tablet
12438,1937,1,2025-03-18,StreamMax,104,0.9,0,TV
12439,259,6,2025-01-02,TabletApp,98,0.72,0,TV
12440,1346,4,2024-09-12,StreamMax,55,0.57,0,Desktop
12441,60,7,2024-07-23,StreamMax,128,0.97,0,Desktop
12442,1291,3,2024-11-19,MobileApp,55,0.54,0,TV
12443,374,1,2025-03-22,SmartTV,119,0.85,0,Desktop
12444,682,1,2024-07-05,StreamMax,78,0.6,0,TV
12445,741,1,2024-06-03,TabletApp,64,0.42,0,TV
12446,905,1,2024-11-15,StreamMax,47,0.4,1,TV
12447,307,15,2025-04-26,StreamMax,31,0.32,0,TV
12448,1885,1,2025-01-29,MobileApp,77,0.84,0,TV
12449,674,15,2025-04-13,MobileApp,54,0.58,0,TV
12450,1004,3,2024-06-20,SmartTV,116,0.91,0,Desktop
12451,153,10,2025-01-08,StreamMax,55,0.62,0,TV
12452,1823,14,2024-07-13,SmartTV,77,0.57,0,Desktop
12453,1518,9,2024-09-20,TabletApp,48,0.39,0,Desktop
12454,1061,14,2025-04-03,StreamMax,55,0.42,0,Mobile
12455,619,13,2024-12-27,StreamMax,66,0.45,0,TV
12456,1670,13,2025-02-09,MobileApp,91,0.66,0,Mobile
12457,981,6,2024-07-20,StreamMax,67,0.55,0,Desktop
12458,262,5,2024-08-25,SmartTV,52,0.41,0,Desktop
12459,1381,13,2024-11-27,WebBrowser,28,0.31,0,Tablet
12460,1418,10,2024-12-14,StreamMax,48,0.45,0,Tablet
12461,1084,1,2024-11-26,SmartTV,89,0.62,1,Tablet
12462,553,7,2024-12-27,MobileApp,101,0.73,0,Desktop
12463,1320,1,2025-01-01,WebBrowser,50,0.52,1,TV
12464,1686,13,2024-08-15,TabletApp,62,0.62,0,Desktop
12465,249,1,2025-03-21,WebBrowser,39,0.32,0,Mobile
12466,314,14,2025-02-15,TabletApp,118,0.8,1,Desktop
12467,533,2,2025-03-21,StreamMax,97,0.72,0,Tablet
12468,1418,4,2024-12-16,StreamMax,139,0.94,0,Mobile
12469,1107,5,2024-09-22,MobileApp,120,0.77,0,Desktop
12470,692,12,2025-03-10,MobileApp,103,0.78,0,Mobile
12471,1357,13,2024-07-05,TabletApp,51,0.35,0,TV
12472,1569,1,2024-11-11,TabletApp,41,0.31,0,Tablet
12473,483,15,2024-12-05,MobileApp,135,0.88,0,TV
12474,891,8,2025-02-01,StreamMax,124,0.82,0,TV
12475,685,1,2025-03-01,WebBrowser,55,0.43,0,Desktop
12476,911,2,2024-12-04,StreamMax,130,0.86,0,Desktop
12477,1397,1,2024-10-09,TabletApp,125,0.86,0,TV
12478,858,14,2024-06-07,StreamMax,95,0.98,1,TV
12479,1114,1,2024-07-06,SmartTV,116,0.85,0,Mobile
12480,292,14,2024-07-04,StreamMax,115,0.85,0,Desktop
12481,1462,12,2025-01-28,MobileApp,86,0.86,0,TV
12482,644,1,2025-04-16,WebBrowser,58,0.6,0,Tablet
12483,1873,6,2024-07-16,MobileApp,126,0.82,0,Tablet
12484,173,12,2024-12-01,WebBrowser,85,0.81,0,Tablet
12485,1248,3,2024-06-18,TabletApp,52,0.33,0,Tablet
12486,1692,8,2024-10-25,TabletApp,69,0.48,1,TV
12487,894,10,2024-07-12,WebBrowser,76,0.51,0,Mobile
12488,1736,8,2025-01-08,MobileApp,73,0.84,0,Mobile
12489,707,14,2024-08-25,TabletApp,46,0.35,0,Desktop
12490,955,1,2025-04-24,SmartTV,131,0.91,0,Desktop
12491,275,1,2024-12-09,WebBrowser,34,0.32,1,Mobile
12492,214,8,2025-01-19,WebBrowser,82,0.52,0,Tablet
12493,1790,7,2024-09-05,StreamMax,113,0.72,0,Desktop
12494,519,11,2025-03-04,WebBrowser,53,0.38,0,Desktop
12495,300,8,2024-10-01,MobileApp,66,0.69,0,TV
12496,1734,5,2024-06-30,SmartTV,97,0.73,0,Tablet
12497,805,8,2024-09-16,WebBrowser,61,0.66,0,Tablet
12498,1744,2,2025-03-21,MobileApp,56,0.37,0,Desktop
12499,1318,3,2025-02-22,MobileApp,84,0.8,0,Desktop
12500,1041,1,2025-02-14,MobileApp,66,0.43,0,Mobile
12501,1793,3,2024-06-17,SmartTV,75,0.66,0,TV
12502,894,2,2025-03-03,TabletApp,103,0.73,0,Desktop
12503,296,8,2024-12-17,StreamMax,118,0.79,0,TV
12504,1136,13,2024-07-23,TabletApp,107,0.85,0,TV
12505,1841,3,2024-09-18,MobileApp,52,0.48,1,Desktop
12506,414,7,2024-12-30,StreamMax,86,0.91,0,Mobile
12507,1472,2,2024-08-26,StreamMax,74,0.57,0,Desktop
12508,1617,3,2024-12-26,WebBrowser,78,0.65,0,Mobile
12509,513,15,2025-01-02,SmartTV,99,0.91,0,Mobile
12510,860,6,2024-10-03,MobileApp,38,0.42,0,TV
12511,125,1,2025-04-16,SmartTV,74,0.74,0,Mobile
12512,708,7,2025-02-16,TabletApp,95,0.83,0,Mobile
12513,347,15,2024-08-23,StreamMax,119,0.82,0,TV
12514,278,2,2024-09-30,SmartTV,46,0.39,1,Desktop
12515,136,6,2024-12-15,MobileApp,42,0.32,0,Mobile
12516,1702,5,2024-12-22,MobileApp,43,0.46,0,TV
12517,1202,8,2025-03-26,StreamMax,34,0.39,0,TV
12518,1729,8,2025-01-09,TabletApp,113,0.78,0,Tablet
12519,643,1,2024-08-29,MobileApp,95,0.66,0,Desktop
12520,444,11,2025-02-01,MobileApp,59,0.65,0,TV
12521,1754,1,2024-06-06,WebBrowser,110,0.77,0,TV
12522,3,6,2024-11-07,MobileApp,79,0.67,0,Tablet
12523,1855,2,2024-10-06,TabletApp,117,0.99,0,Tablet
12524,307,14,2024-12-16,WebBrowser,68,0.74,1,Tablet
12525,1746,11,2024-07-30,TabletApp,139,0.98,0,TV
12526,637,15,2024-10-07,SmartTV,94,0.77,0,Desktop
12527,1282,14,2024-09-07,SmartTV,86,0.61,1,Tablet
12528,219,7,2025-03-14,MobileApp,73,0.71,0,Mobile
12529,1802,5,2024-12-09,SmartTV,122,0.86,0,TV
12530,91,3,2025-03-26,StreamMax,46,0.41,1,Desktop
12531,1442,13,2025-02-06,TabletApp,145,0.96,0,Desktop
12532,1945,1,2024-06-24,SmartTV,62,0.5,0,Tablet
12533,201,14,2025-01-21,SmartTV,81,0.91,0,Tablet
12534,1302,5,2024-08-30,WebBrowser,57,0.48,0,Tablet
12535,1739,1,2025-03-09,MobileApp,94,0.95,0,Tablet
12536,580,1,2025-01-31,SmartTV,58,0.49,0,Tablet
12537,920,2,2024-10-20,TabletApp,103,0.85,0,Tablet
12538,1994,1,2025-01-07,SmartTV,105,0.67,0,TV
12539,1487,6,2025-02-19,MobileApp,109,0.86,0,Mobile
12540,1592,1,2024-12-09,MobileApp,106,0.68,1,Tablet
12541,1152,1,2024-06-10,WebBrowser,121,0.92,0,Tablet
12542,1126,12,2024-10-28,TabletApp,90,0.78,0,Desktop
12543,32,6,2024-07-27,MobileApp,152,1.0,0,TV
12544,1871,1,2025-02-15,StreamMax,46,0.35,0,Mobile
12545,578,9,2024-09-01,StreamMax,48,0.48,0,Mobile
12546,227,3,2024-08-07,StreamMax,115,0.76,0,Tablet
12547,206,1,2024-06-18,StreamMax,93,0.84,0,Desktop
12548,104,6,2025-01-10,MobileApp,57,0.47,0,Desktop
12549,88,8,2024-09-06,TabletApp,102,0.82,0,Mobile
12550,1177,1,2025-02-02,StreamMax,106,0.89,1,Desktop
12551,1335,13,2024-11-21,TabletApp,49,0.38,0,Desktop
12552,1799,12,2024-11-10,TabletApp,49,0.5,0,TV
12553,1125,5,2025-03-06,StreamMax,97,0.86,0,Mobile
12554,459,12,2024-06-28,TabletApp,139,0.99,0,Mobile
12555,838,13,2024-09-13,StreamMax,109,0.75,1,Tablet
12556,185,11,2025-01-07,SmartTV,47,0.41,0,Tablet
12557,805,11,2024-08-19,WebBrowser,110,0.7,0,Mobile
12558,1089,8,2024-06-11,TabletApp,36,0.39,1,Desktop
12559,646,5,2025-01-03,WebBrowser,111,0.89,0,Mobile
12560,333,10,2025-01-24,StreamMax,141,0.92,0,Tablet
12561,517,11,2024-07-09,WebBrowser,131,0.85,0,Desktop
12562,1853,11,2024-11-21,SmartTV,72,0.61,0,TV
12563,790,1,2025-01-31,WebBrowser,100,0.65,0,Mobile
12564,642,9,2025-02-01,TabletApp,54,0.61,0,TV
12565,550,7,2024-09-23,TabletApp,44,0.33,1,Mobile
12566,395,7,2025-02-14,MobileApp,48,0.39,0,TV
12567,984,14,2024-12-06,SmartTV,56,0.38,0,Tablet
12568,268,8,2024-12-16,MobileApp,118,0.93,0,Desktop
12569,1982,1,2025-04-28,StreamMax,51,0.36,0,Tablet
12570,332,8,2025-02-01,WebBrowser,38,0.33,0,TV
12571,1699,2,2024-09-19,MobileApp,91,0.85,0,TV
12572,839,6,2024-09-21,SmartTV,89,0.73,0,Desktop
12573,234,5,2025-02-15,WebBrowser,82,0.59,0,Tablet
12574,1167,1,2025-03-17,TabletApp,111,0.9,0,Mobile
12575,972,1,2024-11-27,WebBrowser,117,0.88,0,Mobile
12576,145,10,2024-10-30,StreamMax,72,0.6,0,Mobile
12577,697,3,2025-02-27,TabletApp,69,0.44,1,TV
12578,199,5,2025-02-16,StreamMax,121,0.98,0,TV
12579,1074,6,2024-07-16,WebBrowser,118,0.75,0,Mobile
12580,839,6,2025-04-25,WebBrowser,79,0.7,1,Tablet
12581,412,10,2024-08-15,StreamMax,121,0.82,0,Desktop
12582,171,8,2025-03-04,MobileApp,139,0.95,0,TV
12583,657,1,2024-10-24,WebBrowser,29,0.31,0,TV
12584,1926,14,2025-04-25,WebBrowser,84,0.73,0,Mobile
12585,640,7,2024-11-03,StreamMax,108,0.72,0,TV
12586,1871,11,2024-10-20,StreamMax,75,0.69,0,TV
12587,1190,9,2025-01-30,TabletApp,113,0.85,0,Desktop
12588,1025,5,2024-11-05,StreamMax,97,0.69,0,TV
12589,1353,3,2025-04-07,StreamMax,99,0.9,0,Tablet
12590,1879,2,2024-08-07,WebBrowser,135,0.87,1,Mobile
12591,867,14,2024-08-06,MobileApp,83,0.53,0,Mobile
12592,118,2,2025-02-14,MobileApp,107,0.9,1,Desktop
12593,467,11,2024-11-16,WebBrowser,99,0.71,0,Mobile
12594,1946,1,2025-04-07,StreamMax,50,0.48,1,Tablet
12595,138,1,2025-04-07,WebBrowser,120,0.76,0,Desktop
12596,1407,8,2024-11-08,WebBrowser,93,0.62,0,Mobile
12597,1055,6,2024-07-10,SmartTV,84,0.77,0,Mobile
12598,1552,7,2024-09-25,SmartTV,51,0.41,1,Tablet
12599,1006,11,2024-11-27,SmartTV,101,0.75,0,Mobile
12600,127,6,2025-03-28,StreamMax,50,0.36,0,TV
12601,1999,14,2025-01-09,SmartTV,40,0.32,0,TV
12602,1642,7,2025-04-27,TabletApp,90,0.71,0,Mobile
12603,414,14,2024-09-11,TabletApp,94,0.72,0,TV
12604,1788,3,2024-07-14,MobileApp,39,0.35,0,Mobile
12605,269,14,2024-10-18,WebBrowser,53,0.6,0,Mobile
12606,1899,8,2024-07-03,SmartTV,76,0.73,0,Mobile
12607,1903,1,2024-10-21,MobileApp,87,0.89,1,Mobile
12608,282,6,2025-01-07,WebBrowser,99,0.67,1,Desktop
12609,1542,13,2025-02-09,MobileApp,110,0.93,0,Desktop
12610,1657,4,2024-07-29,StreamMax,50,0.37,0,Desktop
12611,958,8,2024-07-17,MobileApp,107,0.7,0,Tablet
12612,385,7,2024-08-27,WebBrowser,90,0.61,1,Tablet
12613,119,6,2024-12-21,WebBrowser,35,0.32,1,Mobile
12614,1153,6,2024-08-07,SmartTV,58,0.66,0,Desktop
12615,993,14,2024-11-27,MobileApp,66,0.43,0,TV
12616,1870,1,2025-01-25,SmartTV,85,0.97,0,Tablet
12617,945,1,2025-04-01,SmartTV,93,0.94,0,Desktop
12618,521,12,2024-12-01,SmartTV,55,0.43,0,Tablet
12619,307,4,2024-07-18,StreamMax,34,0.31,0,TV
12620,1391,2,2025-03-07,StreamMax,82,0.75,1,Tablet
12621,234,6,2025-04-13,WebBrowser,37,0.37,0,Mobile
12622,795,11,2025-03-13,MobileApp,91,0.7,0,TV
12623,1739,2,2024-08-26,TabletApp,88,0.97,0,TV
12624,958,6,2024-07-12,WebBrowser,95,0.81,0,TV
12625,1211,14,2024-11-02,TabletApp,75,0.73,1,Tablet
12626,1307,10,2025-02-23,TabletApp,100,0.98,0,TV
12627,1009,8,2025-02-10,SmartTV,96,0.98,0,Tablet
12628,934,11,2024-12-01,StreamMax,127,0.87,1,Tablet
12629,356,10,2025-02-22,SmartTV,57,0.38,0,Desktop
12630,1495,8,2024-06-07,TabletApp,62,0.48,0,Desktop
12631,186,8,2024-09-01,WebBrowser,139,0.89,0,Mobile
12632,1984,10,2025-01-28,WebBrowser,75,0.82,1,Mobile
12633,606,9,2025-01-24,SmartTV,109,0.72,0,Mobile
12634,1600,8,2024-12-21,MobileApp,143,0.96,0,Tablet
12635,1805,14,2025-02-23,MobileApp,66,0.66,0,Mobile
12636,1370,7,2024-06-02,StreamMax,57,0.62,0,TV
12637,218,7,2025-04-30,SmartTV,46,0.32,0,Tablet
12638,786,13,2025-03-08,WebBrowser,48,0.47,1,Mobile
12639,1174,2,2024-07-14,SmartTV,34,0.35,1,Mobile
12640,16,3,2024-09-24,TabletApp,70,0.66,1,Tablet
12641,1730,3,2024-08-01,StreamMax,100,0.95,0,TV
12642,586,10,2024-06-30,WebBrowser,79,0.5,1,Tablet
12643,201,8,2024-06-04,MobileApp,72,0.75,0,Tablet
12644,973,5,2024-08-09,SmartTV,59,0.65,0,Tablet
12645,1693,4,2024-08-18,TabletApp,36,0.3,0,TV
12646,1242,5,2024-06-23,WebBrowser,75,0.6,0,TV
12647,1264,1,2024-06-01,StreamMax,94,0.78,0,Desktop
12648,1508,2,2024-12-17,StreamMax,75,0.71,0,Desktop
12649,1758,5,2025-04-30,SmartTV,73,0.58,0,Tablet
12650,23,1,2025-03-10,TabletApp,87,0.75,1,TV
12651,916,2,2024-07-10,StreamMax,102,0.75,0,Mobile
12652,1733,5,2024-09-29,SmartTV,80,0.53,0,TV
12653,259,7,2024-11-07,WebBrowser,74,0.58,0,Desktop
12654,1163,6,2024-06-04,TabletApp,73,0.67,0,Mobile
12655,1099,10,2024-07-25,TabletApp,57,0.43,0,Mobile
12656,1385,1,2024-09-23,TabletApp,53,0.34,0,Desktop
12657,1311,1,2024-12-01,WebBrowser,147,0.97,0,TV
12658,1792,8,2024-10-14,WebBrowser,60,0.48,0,Tablet
12659,1828,8,2024-10-30,SmartTV,66,0.43,0,Desktop
12660,109,3,2025-03-23,MobileApp,60,0.61,0,Tablet
12661,1243,11,2024-11-06,SmartTV,52,0.42,0,Desktop
12662,126,1,2024-07-15,TabletApp,57,0.55,1,Mobile
12663,301,10,2024-11-01,MobileApp,83,0.62,0,Tablet
12664,791,2,2024-12-12,WebBrowser,148,0.96,0,Mobile
12665,86,3,2025-03-04,WebBrowser,52,0.44,0,Mobile
12666,1178,6,2024-12-04,WebBrowser,105,0.93,0,Desktop
12667,1081,2,2025-03-20,TabletApp,114,0.78,0,Desktop
12668,1186,12,2025-02-01,WebBrowser,45,0.33,0,Mobile
12669,746,2,2024-08-28,TabletApp,114,0.87,0,Tablet
12670,1223,5,2024-11-30,StreamMax,49,0.52,0,Desktop
12671,1043,8,2024-10-29,StreamMax,111,0.75,0,Tablet
12672,1465,14,2024-09-22,SmartTV,70,0.8,0,TV
12673,228,1,2024-10-23,TabletApp,105,0.96,0,Desktop
12674,1442,8,2024-06-17,TabletApp,83,0.91,1,Tablet
12675,437,11,2024-12-18,StreamMax,103,0.96,0,Mobile
12676,935,2,2024-07-10,MobileApp,109,0.82,0,Tablet
12677,1828,9,2024-11-27,WebBrowser,88,0.57,0,Desktop
12678,128,5,2025-03-17,SmartTV,87,0.91,0,Tablet
12679,608,13,2025-02-13,TabletApp,49,0.49,0,Tablet
12680,895,4,2024-09-26,TabletApp,94,0.8,1,Tablet
12681,1681,8,2024-09-19,WebBrowser,56,0.43,0,Mobile
12682,107,10,2025-01-19,MobileApp,55,0.37,0,TV
12683,1934,5,2024-09-03,MobileApp,72,0.72,0,Mobile
12684,1265,5,2024-10-30,MobileApp,59,0.44,0,TV
12685,1822,5,2025-02-22,WebBrowser,67,0.64,0,Tablet
12686,1693,2,2025-03-05,TabletApp,103,0.78,1,Desktop
12687,771,2,2024-09-06,WebBrowser,80,0.87,0,Tablet
12688,1293,6,2025-02-16,MobileApp,113,0.72,0,Mobile
12689,1097,1,2025-01-31,WebBrowser,36,0.37,0,Tablet
12690,754,12,2024-06-29,WebBrowser,54,0.39,0,Mobile
12691,148,6,2024-12-15,WebBrowser,98,0.81,0,Tablet
12692,180,13,2024-08-30,MobileApp,76,0.53,0,Tablet
12693,993,1,2025-04-18,TabletApp,81,0.62,0,Tablet
12694,1765,1,2025-02-18,SmartTV,48,0.46,0,Tablet
12695,791,9,2024-07-17,WebBrowser,109,0.79,0,Desktop
12696,356,2,2024-10-10,SmartTV,76,0.55,0,Desktop
12697,1289,8,2024-09-02,WebBrowser,66,0.72,0,Desktop
12698,753,13,2025-02-11,StreamMax,55,0.44,0,Tablet
12699,734,11,2024-11-20,WebBrowser,33,0.38,0,Tablet
12700,1173,2,2024-10-25,TabletApp,107,0.88,0,TV
12701,1332,1,2024-06-01,WebBrowser,57,0.5,0,Tablet
12702,1319,1,2025-03-13,MobileApp,124,0.8,0,TV
12703,1450,2,2024-12-29,StreamMax,109,0.79,1,Desktop
12704,667,1,2025-01-09,WebBrowser,102,0.71,0,Tablet
12705,1357,14,2025-01-17,SmartTV,42,0.39,0,TV
12706,393,5,2024-06-12,MobileApp,103,0.68,0,Mobile
12707,161,2,2024-10-16,MobileApp,44,0.4,0,TV
12708,498,9,2025-02-04,StreamMax,115,0.86,0,Mobile
12709,2,12,2024-09-29,StreamMax,48,0.4,1,Desktop
12710,1627,2,2025-04-20,WebBrowser,55,0.43,0,Desktop
12711,994,2,2025-03-31,TabletApp,41,0.47,0,Desktop
12712,1111,8,2025-03-07,SmartTV,101,0.97,0,Tablet
12713,1891,12,2024-08-30,MobileApp,36,0.36,1,Mobile
12714,1987,7,2024-11-13,TabletApp,66,0.48,0,Mobile
12715,151,1,2025-04-16,SmartTV,119,0.78,1,Tablet
12716,1539,2,2024-11-18,WebBrowser,59,0.6,1,Mobile
12717,1434,3,2024-09-08,SmartTV,117,0.8,0,Tablet
12718,253,3,2024-11-04,SmartTV,34,0.33,0,Desktop
12719,749,5,2024-06-27,WebBrowser,101,0.92,0,Mobile
12720,1918,12,2024-12-12,WebBrowser,63,0.68,0,Tablet
12721,1565,2,2024-09-24,TabletApp,43,0.42,0,Desktop
12722,498,7,2024-08-16,StreamMax,130,0.99,0,Mobile
12723,844,7,2024-06-09,TabletApp,54,0.5,0,Mobile
12724,521,15,2025-01-03,WebBrowser,35,0.37,0,Tablet
12725,1484,2,2024-11-27,MobileApp,132,0.94,0,TV
12726,1295,3,2025-04-10,StreamMax,104,0.93,0,Tablet
12727,57,1,2025-02-02,WebBrowser,127,0.94,0,Mobile
12728,1771,8,2024-11-19,TabletApp,40,0.33,0,Tablet
12729,1391,1,2024-08-14,MobileApp,107,0.79,0,Tablet
12730,139,13,2024-11-06,MobileApp,55,0.46,0,Tablet
12731,717,6,2024-07-15,SmartTV,49,0.45,0,Desktop
12732,479,8,2024-10-07,SmartTV,110,0.86,0,Desktop
12733,851,15,2024-12-26,SmartTV,145,0.98,0,Mobile
12734,340,6,2024-06-23,StreamMax,90,0.73,0,Desktop
12735,661,12,2024-11-29,StreamMax,75,0.72,0,Mobile
12736,1405,5,2025-03-25,MobileApp,55,0.48,0,Desktop
12737,20,1,2024-06-09,MobileApp,73,0.57,1,Desktop
12738,470,1,2025-01-02,SmartTV,54,0.5,0,Mobile
12739,211,3,2025-01-18,MobileApp,42,0.38,0,Desktop
12740,270,8,2024-12-07,StreamMax,69,0.44,0,Mobile
12741,1573,12,2024-08-25,WebBrowser,99,0.89,0,TV
12742,116,1,2025-01-21,TabletApp,84,0.55,0,Mobile
12743,1594,8,2024-08-15,WebBrowser,59,0.58,0,Desktop
12744,337,1,2025-01-11,TabletApp,94,0.6,0,Mobile
12745,302,5,2025-01-25,TabletApp,46,0.37,0,Tablet
12746,642,5,2024-07-29,MobileApp,53,0.57,0,Mobile
12747,1444,7,2024-12-23,SmartTV,88,0.7,0,TV
12748,392,6,2024-08-08,TabletApp,90,0.79,0,Desktop
12749,703,9,2024-10-16,SmartTV,44,0.31,1,TV
12750,943,3,2025-03-07,StreamMax,57,0.65,1,Mobile
12751,1881,13,2025-04-08,StreamMax,103,0.93,0,Tablet
12752,1714,1,2025-04-15,MobileApp,54,0.35,0,Tablet
12753,1955,8,2024-10-13,StreamMax,38,0.41,1,Mobile
12754,852,14,2025-04-08,WebBrowser,66,0.53,0,Desktop
12755,1937,8,2024-07-01,SmartTV,81,0.57,0,Mobile
12756,1045,12,2025-03-27,SmartTV,94,0.65,0,TV
12757,1353,6,2025-04-23,SmartTV,64,0.41,1,Mobile
12758,1232,2,2024-07-06,WebBrowser,45,0.33,0,TV
12759,684,15,2025-04-15,WebBrowser,68,0.47,0,TV
12760,119,6,2024-12-03,StreamMax,75,0.71,1,Mobile
12761,988,13,2025-02-01,MobileApp,55,0.37,1,Desktop
12762,1848,2,2024-08-10,TabletApp,105,0.84,0,Desktop
12763,684,1,2025-02-23,MobileApp,155,0.99,0,Desktop
12764,74,5,2024-07-21,SmartTV,122,0.93,0,Mobile
12765,1429,1,2024-11-13,SmartTV,126,0.83,0,Desktop
12766,773,3,2024-11-05,WebBrowser,142,0.95,0,Tablet
12767,1714,9,2024-10-19,MobileApp,113,0.79,0,Mobile
12768,1094,4,2025-01-13,StreamMax,87,0.79,0,Tablet
12769,336,6,2024-12-20,StreamMax,58,0.48,0,TV
12770,1345,2,2024-08-29,MobileApp,94,0.96,0,Tablet
12771,765,1,2025-04-03,MobileApp,90,0.8,0,TV
12772,152,8,2024-12-25,MobileApp,55,0.58,0,Mobile
12773,1365,10,2024-12-28,StreamMax,95,0.95,0,TV
12774,171,1,2025-04-13,WebBrowser,129,0.91,1,TV
12775,824,14,2025-02-01,TabletApp,37,0.38,0,TV
12776,101,1,2025-02-18,SmartTV,64,0.65,0,TV
12777,1320,10,2024-12-19,SmartTV,63,0.62,0,Desktop
12778,873,8,2024-10-24,TabletApp,114,0.8,0,Tablet
12779,611,14,2024-06-03,SmartTV,30,0.32,1,Mobile
12780,359,6,2024-11-26,MobileApp,67,0.6,0,Mobile
12781,94,1,2025-04-01,SmartTV,93,0.76,1,Tablet
12782,742,6,2025-03-26,WebBrowser,56,0.41,0,TV
12783,1228,15,2024-12-18,WebBrowser,61,0.43,0,TV
12784,583,4,2025-03-18,MobileApp,49,0.48,0,Mobile
12785,450,9,2024-06-05,WebBrowser,89,0.91,0,TV
12786,1301,2,2024-12-18,StreamMax,53,0.47,0,Mobile
12787,1570,1,2024-12-15,StreamMax,50,0.55,0,Mobile
12788,647,3,2025-03-14,TabletApp,99,0.77,0,Desktop
12789,734,11,2024-11-28,WebBrowser,133,0.86,0,Mobile
12790,922,3,2024-06-09,MobileApp,48,0.32,0,Tablet
12791,1195,14,2024-06-07,WebBrowser,36,0.32,1,Tablet
12792,552,2,2025-01-07,MobileApp,64,0.66,1,Tablet
12793,1208,12,2025-01-24,MobileApp,76,0.6,0,Tablet
12794,117,6,2025-04-02,SmartTV,97,0.83,0,Tablet
12795,1686,3,2025-01-09,MobileApp,61,0.52,0,Mobile
12796,713,1,2025-01-09,MobileApp,44,0.38,0,Tablet
12797,987,5,2025-01-09,StreamMax,43,0.35,1,TV
12798,213,7,2024-11-23,TabletApp,88,0.76,0,Desktop
12799,1053,3,2025-01-04,SmartTV,98,0.68,1,Desktop
12800,1188,2,2024-07-01,StreamMax,65,0.52,0,TV
12801,1780,1,2025-01-11,MobileApp,44,0.35,1,TV
12802,390,7,2024-08-30,SmartTV,53,0.41,0,Desktop
12803,3,7,2024-06-03,WebBrowser,71,0.57,0,Tablet
12804,616,9,2024-06-07,StreamMax,146,1.0,0,Tablet
12805,1225,5,2024-08-17,TabletApp,97,0.74,0,TV
12806,1519,1,2024-08-24,MobileApp,107,0.83,0,Desktop
12807,878,2,2024-07-23,MobileApp,78,0.71,1,Tablet
12808,1224,14,2025-02-27,SmartTV,96,0.68,0,Mobile
12809,1807,8,2024-09-16,StreamMax,66,0.64,0,Mobile
12810,492,1,2025-03-01,MobileApp,95,0.89,0,Desktop
12811,1237,10,2024-08-21,MobileApp,117,0.75,0,Desktop
12812,658,3,2024-09-06,StreamMax,94,0.68,1,Desktop
12813,1276,13,2025-03-26,TabletApp,45,0.38,0,Desktop
12814,1998,11,2024-10-21,TabletApp,104,0.92,1,Desktop
12815,779,6,2024-12-15,SmartTV,89,0.7,0,Mobile
12816,553,2,2024-09-25,SmartTV,63,0.46,0,Tablet
12817,436,10,2024-06-20,WebBrowser,81,0.75,0,Mobile
12818,1090,6,2024-10-23,TabletApp,80,0.82,0,Tablet
12819,1330,1,2025-02-27,MobileApp,54,0.54,0,Mobile
12820,1836,2,2025-03-06,SmartTV,126,0.9,0,Tablet
12821,910,5,2025-04-03,MobileApp,53,0.39,1,Desktop
12822,587,13,2024-12-22,StreamMax,81,0.89,1,Tablet
12823,1824,6,2024-09-30,WebBrowser,103,0.78,0,TV
12824,1317,7,2025-03-12,TabletApp,95,0.61,0,TV
12825,1068,6,2024-12-31,TabletApp,48,0.34,0,TV
12826,1843,15,2024-12-07,WebBrowser,91,0.76,0,Mobile
12827,885,11,2024-10-09,WebBrowser,114,0.95,1,TV
12828,768,15,2024-12-27,StreamMax,56,0.59,0,Tablet
12829,1867,3,2024-09-08,TabletApp,73,0.62,0,TV
12830,120,9,2024-11-12,WebBrowser,134,0.85,0,Mobile
12831,426,1,2025-02-10,MobileApp,107,0.77,0,Tablet
12832,141,13,2024-06-10,TabletApp,46,0.32,0,TV
12833,1745,7,2024-10-12,StreamMax,79,0.82,0,Desktop
12834,896,2,2024-12-30,WebBrowser,59,0.6,1,Tablet
12835,285,1,2025-03-03,TabletApp,69,0.59,0,Desktop
12836,1843,14,2025-04-29,SmartTV,35,0.35,1,Desktop
12837,1951,2,2024-07-12,WebBrowser,82,0.66,0,TV
12838,516,2,2024-06-18,StreamMax,48,0.51,1,Desktop
12839,669,9,2024-06-24,TabletApp,88,0.64,0,Tablet
12840,1748,5,2025-04-27,TabletApp,55,0.5,0,Tablet
12841,1100,1,2025-03-12,StreamMax,106,0.84,1,Desktop
12842,1750,6,2025-03-10,MobileApp,41,0.34,0,TV
12843,1205,4,2024-11-18,SmartTV,64,0.49,0,TV
12844,657,1,2025-03-24,TabletApp,83,0.67,0,Desktop
12845,1227,3,2025-03-12,MobileApp,45,0.44,0,Desktop
12846,1938,14,2025-01-27,WebBrowser,66,0.48,0,Tablet
12847,1423,3,2024-06-20,SmartTV,48,0.44,0,Mobile
12848,87,12,2024-11-25,SmartTV,83,0.63,0,TV
12849,256,1,2024-08-28,SmartTV,32,0.32,0,Mobile
12850,1087,3,2024-12-04,StreamMax,115,0.84,0,TV
12851,1897,5,2025-01-29,SmartTV,81,0.56,1,Mobile
12852,361,8,2024-10-13,TabletApp,75,0.57,0,TV
12853,1033,1,2024-07-10,MobileApp,43,0.4,0,Mobile
12854,1015,8,2024-12-07,WebBrowser,36,0.34,0,Mobile
12855,1006,8,2024-11-16,TabletApp,75,0.85,0,Tablet
12856,1920,6,2024-08-29,WebBrowser,82,0.65,0,Tablet
12857,1157,1,2025-04-28,MobileApp,59,0.61,0,Mobile
12858,765,3,2024-11-23,MobileApp,51,0.48,0,Tablet
12859,1234,1,2025-01-28,TabletApp,45,0.31,1,TV
12860,469,8,2024-09-26,StreamMax,131,0.95,0,TV
12861,410,4,2025-03-03,SmartTV,135,0.94,0,Mobile
12862,1028,3,2025-04-11,SmartTV,102,0.92,0,Mobile
12863,577,2,2024-08-13,TabletApp,61,0.62,0,Mobile
12864,751,3,2024-10-06,MobileApp,92,0.83,0,Tablet
12865,71,1,2025-04-14,MobileApp,37,0.39,0,TV
12866,1192,6,2024-12-10,TabletApp,146,0.93,0,Mobile
12867,209,8,2025-04-12,StreamMax,87,0.86,0,Mobile
12868,654,10,2024-06-08,StreamMax,83,0.6,0,Tablet
12869,1451,2,2025-03-19,StreamMax,52,0.37,0,Tablet
12870,553,14,2024-10-28,MobileApp,110,0.72,0,Desktop
12871,943,15,2024-12-05,StreamMax,48,0.48,0,Desktop
12872,699,14,2025-02-24,WebBrowser,57,0.55,0,Mobile
12873,516,12,2025-02-03,StreamMax,38,0.35,0,Mobile
12874,1085,8,2024-11-18,WebBrowser,64,0.65,1,Mobile
12875,40,1,2025-04-07,StreamMax,67,0.45,0,TV
12876,1860,11,2024-12-09,MobileApp,73,0.56,0,Tablet
12877,309,3,2024-07-05,TabletApp,121,0.81,0,TV
12878,1959,5,2025-03-24,StreamMax,104,0.72,1,Mobile
12879,1907,13,2024-10-11,WebBrowser,44,0.32,1,Tablet
12880,1640,8,2024-07-26,TabletApp,141,0.95,0,TV
12881,1623,5,2024-11-07,StreamMax,145,0.96,0,Tablet
12882,952,15,2025-04-26,StreamMax,38,0.4,1,Mobile
12883,515,4,2024-12-10,WebBrowser,83,0.94,0,Mobile
12884,1961,4,2025-02-18,MobileApp,123,0.85,0,Mobile
12885,1272,6,2025-01-26,WebBrowser,120,0.79,0,TV
12886,1157,7,2025-04-21,StreamMax,82,0.88,0,Tablet
12887,879,13,2025-02-01,StreamMax,86,0.55,0,TV
12888,59,2,2024-07-23,TabletApp,86,0.79,0,TV
12889,1201,6,2024-09-20,SmartTV,78,0.68,0,Mobile
12890,452,13,2025-04-12,SmartTV,34,0.38,1,TV
12891,1120,4,2024-07-19,TabletApp,52,0.41,0,Mobile
12892,1113,1,2025-04-08,StreamMax,115,0.76,1,Desktop
12893,1488,7,2025-02-14,MobileApp,60,0.4,0,Mobile
12894,1124,1,2024-11-16,TabletApp,115,0.77,1,Mobile
12895,1360,1,2024-10-30,SmartTV,101,0.64,0,Desktop
12896,1212,8,2025-03-15,SmartTV,38,0.42,0,Mobile
12897,1695,8,2024-08-27,StreamMax,67,0.5,0,Tablet
12898,375,2,2024-10-01,StreamMax,109,0.86,0,Tablet
12899,347,14,2025-02-13,WebBrowser,51,0.37,0,Mobile
12900,301,13,2024-06-08,SmartTV,91,0.83,1,Mobile
12901,854,6,2024-09-01,MobileApp,102,0.9,0,Desktop
12902,772,10,2024-08-01,MobileApp,54,0.42,0,Desktop
12903,207,2,2024-10-03,TabletApp,39,0.42,0,TV
12904,59,7,2025-01-14,TabletApp,65,0.56,0,Desktop
12905,1322,5,2024-08-05,StreamMax,102,0.72,0,TV
12906,317,6,2024-11-03,WebBrowser,69,0.65,0,Mobile
12907,1242,13,2024-06-20,StreamMax,154,1.0,0,TV
12908,1610,7,2024-06-25,MobileApp,68,0.75,0,Desktop
12909,915,6,2024-10-04,StreamMax,47,0.38,0,Tablet
12910,1687,3,2024-12-10,StreamMax,40,0.45,1,Mobile
12911,33,2,2025-04-02,SmartTV,74,0.49,0,TV
12912,463,8,2024-07-12,TabletApp,107,0.7,1,TV
12913,1156,2,2024-11-24,MobileApp,92,0.6,0,Mobile
12914,1620,1,2025-02-01,WebBrowser,83,0.56,0,TV
12915,310,2,2024-07-15,MobileApp,36,0.37,0,Desktop
12916,624,12,2025-01-04,TabletApp,115,0.92,0,TV
12917,655,8,2025-01-01,SmartTV,59,0.41,0,Desktop
12918,1055,3,2025-01-08,TabletApp,77,0.81,0,Mobile
12919,359,1,2025-04-14,WebBrowser,103,0.81,0,Desktop
12920,415,3,2024-09-12,SmartTV,70,0.79,0,TV
12921,1676,14,2024-06-23,MobileApp,122,0.99,0,Desktop
12922,1543,14,2024-09-16,SmartTV,113,0.85,0,TV
12923,1128,7,2024-07-26,MobileApp,52,0.5,0,Mobile
12924,1600,14,2024-06-17,StreamMax,65,0.7,1,Desktop
12925,507,6,2024-06-12,StreamMax,65,0.68,0,Mobile
12926,738,14,2024-09-30,MobileApp,135,0.87,0,Tablet
12927,1493,3,2025-03-23,MobileApp,80,0.56,0,TV
12928,1085,15,2024-08-10,MobileApp,50,0.41,0,Tablet
12929,457,3,2024-06-10,MobileApp,95,0.76,0,Desktop
12930,1553,1,2025-04-28,MobileApp,136,0.95,0,Mobile
12931,57,6,2024-08-29,TabletApp,48,0.39,1,Tablet
12932,940,15,2025-02-10,StreamMax,51,0.49,0,TV
12933,66,3,2024-09-10,StreamMax,96,0.98,1,Desktop
12934,1167,11,2025-04-30,StreamMax,78,0.54,0,Desktop
12935,137,7,2025-01-28,MobileApp,120,0.9,1,TV
12936,1084,12,2024-07-11,WebBrowser,47,0.35,0,TV
12937,1806,12,2025-01-19,WebBrowser,80,0.73,0,Mobile
12938,621,1,2024-09-27,StreamMax,94,0.73,0,Desktop
12939,1660,5,2024-08-24,StreamMax,56,0.46,0,Tablet
12940,627,8,2024-11-13,StreamMax,91,0.63,1,TV
12941,1336,8,2025-01-23,StreamMax,142,0.97,0,Mobile
12942,1196,12,2024-09-13,SmartTV,78,0.54,0,Desktop
12943,1118,5,2024-10-04,MobileApp,38,0.35,0,TV
12944,347,1,2025-02-28,MobileApp,103,0.78,0,TV
12945,897,4,2024-12-04,SmartTV,45,0.35,0,Desktop
12946,1839,2,2025-03-15,TabletApp,65,0.49,0,Tablet
12947,469,1,2024-07-11,StreamMax,64,0.54,0,Mobile
12948,1766,13,2025-04-28,TabletApp,37,0.4,0,Desktop
12949,1891,9,2025-04-22,StreamMax,50,0.48,0,Tablet
12950,1763,6,2024-11-08,MobileApp,124,0.91,0,Mobile
12951,682,1,2024-11-22,MobileApp,64,0.43,0,TV
12952,90,6,2024-09-03,StreamMax,86,0.72,0,Mobile
12953,1526,8,2024-08-09,MobileApp,60,0.59,0,Desktop
12954,294,8,2024-06-01,StreamMax,33,0.37,0,Mobile
12955,463,3,2024-06-28,WebBrowser,63,0.48,0,Desktop
12956,1428,2,2024-08-06,WebBrowser,47,0.44,0,Mobile
12957,908,8,2024-10-01,TabletApp,95,1.0,0,TV
12958,126,15,2024-08-06,TabletApp,61,0.56,1,Tablet
12959,896,8,2025-04-19,MobileApp,46,0.36,0,Mobile
12960,17,1,2024-08-01,MobileApp,76,0.76,0,Desktop
12961,960,11,2025-04-21,WebBrowser,46,0.35,0,Tablet
12962,1561,11,2024-11-17,MobileApp,44,0.5,0,TV
12963,1248,1,2025-01-03,MobileApp,100,0.93,0,Tablet
12964,1793,15,2024-07-15,MobileApp,123,1.0,0,Mobile
12965,1622,6,2024-08-17,MobileApp,44,0.49,0,Mobile
12966,1062,2,2025-01-30,TabletApp,92,0.8,0,TV
12967,1232,1,2024-10-05,WebBrowser,89,0.68,0,Tablet
12968,1395,11,2025-04-17,SmartTV,50,0.42,0,Desktop
12969,677,7,2024-10-23,WebBrowser,60,0.55,0,Mobile
12970,1148,4,2024-08-19,StreamMax,120,0.86,0,Mobile
12971,50,7,2024-09-04,StreamMax,57,0.38,0,Desktop
12972,1953,1,2025-02-14,StreamMax,94,0.76,0,TV
12973,668,1,2025-03-11,SmartTV,46,0.37,0,Desktop
12974,1960,1,2025-01-03,StreamMax,110,0.88,0,Desktop
12975,635,11,2025-04-05,MobileApp,100,0.73,1,TV
12976,1463,4,2024-12-13,TabletApp,103,0.69,0,Mobile
12977,1409,8,2024-06-13,SmartTV,47,0.52,0,TV
12978,1198,8,2024-08-31,TabletApp,67,0.65,0,Desktop
12979,1798,7,2024-06-04,StreamMax,57,0.45,1,Tablet
12980,337,6,2025-02-06,TabletApp,83,0.94,0,Mobile
12981,218,1,2024-07-30,WebBrowser,93,0.9,0,Tablet
12982,1272,14,2024-09-02,StreamMax,69,0.75,0,Mobile
12983,632,14,2024-06-10,WebBrowser,79,0.71,0,TV
12984,576,1,2025-04-06,MobileApp,102,0.68,0,Desktop
12985,1385,8,2024-11-06,SmartTV,67,0.48,0,TV
12986,1262,3,2025-04-05,TabletApp,130,0.88,0,TV
12987,144,7,2024-06-06,SmartTV,67,0.72,1,TV
12988,476,3,2024-12-30,WebBrowser,67,0.48,0,TV
12989,746,14,2025-04-26,WebBrowser,56,0.49,1,Tablet
12990,1827,1,2025-02-10,WebBrowser,65,0.64,0,Mobile
12991,1491,7,2024-09-02,WebBrowser,57,0.46,0,Mobile
12992,1323,1,2025-03-07,TabletApp,61,0.63,0,Tablet
12993,1248,5,2025-01-24,SmartTV,89,0.58,1,Desktop
12994,231,11,2024-11-21,TabletApp,53,0.56,1,Desktop
12995,1979,2,2025-03-01,WebBrowser,59,0.51,0,Mobile
12996,537,3,2024-12-29,TabletApp,49,0.49,0,Mobile
12997,145,7,2024-12-03,SmartTV,132,0.97,0,Desktop
12998,1203,1,2025-01-29,TabletApp,34,0.34,0,Tablet
12999,908,6,2024-10-10,MobileApp,52,0.56,0,Mobile
13000,1864,6,2024-11-27,StreamMax,60,0.59,0,Mobile
13001,1364,9,2024-11-04,WebBrowser,76,0.81,0,Tablet
13002,1564,14,2025-03-29,SmartTV,43,0.35,0,Tablet
13003,1604,7,2024-11-21,WebBrowser,92,0.72,1,Tablet
13004,1648,13,2024-08-23,WebBrowser,74,0.55,0,Desktop
13005,516,10,2025-03-25,StreamMax,82,0.6,0,Mobile
13006,308,2,2024-06-15,StreamMax,100,0.87,0,TV
13007,1027,8,2024-11-23,TabletApp,94,0.65,0,Mobile
13008,1041,10,2024-06-21,StreamMax,36,0.32,0,TV
13009,1418,14,2025-03-01,WebBrowser,144,0.99,0,Tablet
13010,472,1,2024-08-23,MobileApp,75,0.66,0,Tablet
13011,836,13,2025-01-13,StreamMax,77,0.82,1,Mobile
13012,1512,14,2025-02-01,TabletApp,79,0.61,0,Desktop
13013,1474,12,2024-07-24,MobileApp,103,0.67,0,Mobile
13014,1091,12,2024-06-07,StreamMax,79,0.59,0,Mobile
13015,1007,14,2024-12-22,StreamMax,83,0.72,1,Mobile
13016,1823,2,2025-04-21,WebBrowser,33,0.31,0,Desktop
13017,949,3,2024-06-17,WebBrowser,55,0.38,1,Desktop
13018,1390,1,2025-03-26,StreamMax,88,0.63,0,Tablet
13019,1169,12,2024-07-02,StreamMax,133,0.98,0,TV
13020,83,1,2025-03-10,StreamMax,46,0.36,0,Tablet
13021,710,11,2024-10-15,TabletApp,69,0.76,0,Mobile
13022,1029,1,2025-02-17,StreamMax,75,0.48,1,TV
13023,52,1,2025-03-30,MobileApp,68,0.71,0,TV
13024,954,1,2025-01-08,TabletApp,52,0.56,0,TV
13025,642,5,2024-11-23,TabletApp,90,0.75,0,Desktop
13026,1858,2,2025-03-17,WebBrowser,110,0.88,0,TV
13027,453,15,2025-02-09,MobileApp,67,0.64,0,TV
13028,1586,3,2024-07-13,WebBrowser,111,0.76,0,Mobile
13029,1241,15,2024-09-30,MobileApp,44,0.34,0,TV
13030,1326,1,2024-10-03,TabletApp,43,0.38,0,Tablet
13031,1754,8,2024-08-04,SmartTV,113,0.74,1,TV
13032,649,11,2024-09-23,WebBrowser,72,0.76,0,Tablet
13033,1764,6,2024-07-23,MobileApp,76,0.68,1,Desktop
13034,1798,7,2025-04-18,StreamMax,57,0.46,1,Desktop
13035,870,14,2024-11-04,StreamMax,39,0.41,0,Mobile
13036,1512,14,2025-02-24,SmartTV,127,0.87,1,Tablet
13037,1722,6,2025-02-08,SmartTV,94,0.75,0,Mobile
13038,1325,5,2025-03-29,StreamMax,32,0.33,1,TV
13039,760,7,2024-06-03,SmartTV,70,0.7,1,Desktop
13040,289,1,2025-02-01,MobileApp,53,0.57,0,TV
13041,1531,6,2025-02-27,StreamMax,127,0.84,1,Mobile
13042,359,3,2024-10-10,WebBrowser,128,0.95,0,Tablet
13043,348,6,2025-02-26,StreamMax,32,0.3,0,Mobile
13044,576,1,2025-01-08,StreamMax,88,0.56,0,Tablet
13045,537,13,2024-08-30,MobileApp,94,0.74,1,Tablet
13046,826,1,2025-03-09,WebBrowser,106,0.86,1,Mobile
13047,726,3,2025-01-30,SmartTV,53,0.43,0,Tablet
13048,1700,3,2024-07-19,SmartTV,87,0.72,0,TV
13049,1235,6,2024-10-09,WebBrowser,54,0.4,0,TV
13050,1620,15,2024-09-21,SmartTV,68,0.78,0,Mobile
13051,1185,8,2024-09-10,WebBrowser,63,0.62,0,Desktop
13052,1004,13,2024-07-04,WebBrowser,102,0.81,0,Desktop
13053,323,3,2024-09-16,SmartTV,79,0.57,0,TV
13054,1737,1,2025-01-09,TabletApp,110,0.76,0,Tablet
13055,1306,12,2024-07-16,SmartTV,59,0.48,0,Tablet
13056,680,3,2024-09-09,StreamMax,144,0.99,0,TV
13057,228,1,2025-03-01,MobileApp,63,0.55,0,Tablet
13058,934,4,2024-06-14,MobileApp,113,0.75,1,Tablet
13059,1771,12,2024-07-11,StreamMax,73,0.48,0,Mobile
13060,1584,6,2025-03-30,TabletApp,66,0.71,0,Mobile
13061,1411,15,2025-02-04,WebBrowser,112,0.79,0,Mobile
13062,1951,14,2024-08-25,StreamMax,136,0.94,0,Mobile
13063,94,1,2025-02-10,SmartTV,65,0.74,1,TV
13064,1239,12,2024-08-27,TabletApp,60,0.39,1,Desktop
13065,173,1,2025-02-08,SmartTV,96,0.95,0,Tablet
13066,991,3,2024-06-06,TabletApp,69,0.77,0,Tablet
13067,155,14,2025-01-12,SmartTV,48,0.54,0,TV
13068,561,13,2025-01-22,MobileApp,66,0.52,0,Desktop
13069,1635,1,2024-08-30,WebBrowser,66,0.7,0,Tablet
13070,352,1,2025-02-28,MobileApp,68,0.64,0,Mobile
13071,1504,13,2025-01-27,StreamMax,85,0.94,0,TV
13072,1306,11,2025-02-13,MobileApp,46,0.39,0,TV
13073,1890,14,2024-12-22,TabletApp,34,0.34,1,Desktop
13074,279,13,2025-01-30,WebBrowser,51,0.36,0,Tablet
13075,1713,5,2024-07-15,SmartTV,110,0.97,0,Desktop
13076,1231,1,2025-01-17,TabletApp,68,0.67,0,TV
13077,1456,4,2024-10-17,TabletApp,61,0.66,1,Tablet
13078,793,2,2024-07-04,StreamMax,60,0.43,0,Tablet
13079,1177,11,2025-02-26,StreamMax,58,0.43,0,Desktop
13080,913,5,2025-01-24,SmartTV,93,0.6,0,Desktop
13081,838,6,2024-06-25,SmartTV,53,0.56,0,Desktop
13082,134,2,2025-04-19,TabletApp,81,0.82,0,Tablet
13083,337,10,2025-03-18,TabletApp,85,0.78,0,TV
13084,683,13,2024-06-26,WebBrowser,98,0.66,0,Tablet
13085,1320,11,2024-07-19,StreamMax,74,0.73,0,Desktop
13086,333,6,2025-03-03,TabletApp,128,0.85,1,TV
13087,1280,15,2025-01-26,MobileApp,91,1.0,1,TV
13088,1415,13,2024-11-18,WebBrowser,91,0.9,0,Desktop
13089,1182,1,2025-01-21,WebBrowser,111,0.92,1,Desktop
13090,1169,6,2025-03-10,WebBrowser,137,0.95,1,Mobile
13091,1555,13,2024-07-16,SmartTV,86,0.79,1,Mobile
13092,799,5,2024-11-19,MobileApp,61,0.44,0,Mobile
13093,1338,1,2025-04-13,MobileApp,86,0.6,0,Tablet
13094,952,10,2024-10-22,TabletApp,103,0.76,1,TV
13095,204,1,2025-01-09,StreamMax,59,0.42,0,TV
13096,1050,11,2024-07-28,MobileApp,53,0.52,1,Mobile
13097,687,1,2025-04-30,StreamMax,46,0.35,0,TV
13098,168,1,2024-11-19,SmartTV,45,0.3,0,TV
13099,673,15,2024-06-09,WebBrowser,122,0.78,0,Mobile
13100,1132,15,2024-06-20,SmartTV,95,0.91,0,TV
13101,684,14,2025-01-21,TabletApp,92,0.62,0,TV
13102,1252,3,2024-12-22,SmartTV,32,0.32,0,Desktop
13103,1652,6,2024-06-18,SmartTV,82,0.55,0,Desktop
13104,746,14,2024-12-30,TabletApp,69,0.52,0,TV
13105,680,6,2024-12-06,StreamMax,99,0.82,0,Desktop
13106,1677,12,2024-06-09,MobileApp,110,0.88,1,TV
13107,304,1,2025-02-10,SmartTV,57,0.58,0,Desktop
13108,1839,6,2025-01-18,StreamMax,49,0.45,0,Tablet
13109,55,12,2025-01-25,SmartTV,133,0.95,1,TV
13110,1568,13,2024-06-19,SmartTV,71,0.46,0,Tablet
13111,19,1,2025-04-23,StreamMax,53,0.43,0,Desktop
13112,440,2,2024-12-07,SmartTV,79,0.55,0,TV
13113,1466,10,2024-06-09,TabletApp,100,0.85,1,Desktop
13114,28,6,2025-02-16,WebBrowser,115,0.95,0,Desktop
13115,1532,10,2025-01-13,SmartTV,79,0.52,1,Tablet
13116,1894,13,2025-01-07,SmartTV,69,0.71,0,Tablet
13117,1628,8,2024-11-29,WebBrowser,37,0.38,0,Mobile
13118,1228,1,2025-02-15,WebBrowser,93,0.97,0,TV
13119,739,12,2024-10-21,SmartTV,70,0.67,0,Desktop
13120,1784,1,2024-06-12,WebBrowser,114,0.74,0,TV
13121,1363,3,2024-08-04,SmartTV,81,0.71,0,Mobile
13122,683,12,2024-06-15,StreamMax,71,0.67,0,Mobile
13123,1582,15,2024-06-19,SmartTV,82,0.72,0,Mobile
13124,397,1,2025-03-26,StreamMax,145,0.98,0,Mobile
13125,1690,15,2025-03-30,MobileApp,81,0.83,1,TV
13126,1630,12,2024-07-02,StreamMax,52,0.5,1,Tablet
13127,948,1,2025-04-19,TabletApp,76,0.77,0,Mobile
13128,727,8,2024-10-29,TabletApp,89,0.65,0,Desktop
13129,1878,12,2024-10-05,StreamMax,85,0.65,1,Tablet
13130,1373,11,2025-04-27,MobileApp,44,0.35,0,Desktop
13131,353,1,2025-01-26,WebBrowser,125,0.86,1,Desktop
13132,470,1,2025-04-05,StreamMax,40,0.42,0,Desktop
13133,1278,6,2025-01-24,MobileApp,107,0.98,1,Tablet
13134,1715,14,2024-07-28,StreamMax,90,0.76,0,TV
13135,1937,9,2024-06-05,MobileApp,94,0.7,0,TV
13136,862,2,2024-07-29,WebBrowser,94,0.77,0,TV
13137,440,1,2025-03-03,StreamMax,77,0.69,0,TV
13138,452,3,2024-10-24,MobileApp,79,0.62,0,TV
13139,1376,4,2024-08-25,WebBrowser,109,1.0,0,Desktop
13140,133,1,2025-02-18,MobileApp,92,0.96,0,Desktop
13141,393,8,2024-10-12,WebBrowser,101,0.9,0,TV
13142,651,14,2024-10-05,MobileApp,99,0.64,0,TV
13143,594,6,2024-11-23,StreamMax,138,0.99,0,Mobile
13144,897,2,2024-09-29,MobileApp,49,0.34,0,Desktop
13145,1653,6,2025-02-27,StreamMax,97,0.72,1,Tablet
13146,1706,5,2024-11-11,WebBrowser,102,0.79,0,TV
13147,549,2,2024-10-30,WebBrowser,55,0.44,0,Mobile
13148,383,1,2025-03-18,SmartTV,97,0.9,1,Mobile
13149,807,3,2025-02-19,SmartTV,60,0.57,0,Desktop
13150,1718,5,2025-02-07,TabletApp,72,0.64,0,Desktop
13151,28,1,2024-09-18,WebBrowser,62,0.51,0,Mobile
13152,1292,8,2024-10-30,SmartTV,94,0.88,0,TV
13153,521,6,2024-06-20,SmartTV,30,0.34,0,Tablet
13154,589,1,2025-03-09,StreamMax,87,0.61,0,Tablet
13155,1086,11,2024-12-09,MobileApp,91,0.85,0,Tablet
13156,1298,8,2024-09-22,TabletApp,45,0.48,0,TV
13157,1930,5,2024-09-14,SmartTV,104,0.68,0,Tablet
13158,84,4,2025-04-06,StreamMax,48,0.5,0,Mobile
13159,825,3,2025-03-17,WebBrowser,58,0.44,0,TV
13160,1348,6,2024-12-23,TabletApp,69,0.5,1,Mobile
13161,1623,14,2025-04-12,SmartTV,75,0.48,1,Mobile
13162,1789,1,2024-12-19,StreamMax,81,0.58,0,Desktop
13163,902,2,2024-09-06,MobileApp,64,0.58,0,Tablet
13164,860,3,2024-07-14,WebBrowser,114,0.74,0,Desktop
13165,1169,8,2025-01-14,MobileApp,88,0.71,0,Desktop
13166,360,7,2024-09-12,WebBrowser,78,0.6,0,TV
13167,583,13,2024-09-29,SmartTV,27,0.3,0,Tablet
13168,1583,7,2024-10-10,MobileApp,56,0.56,1,Tablet
13169,600,6,2025-02-13,WebBrowser,52,0.46,0,Tablet
13170,437,3,2025-04-18,StreamMax,53,0.5,0,Mobile
13171,94,3,2024-09-17,TabletApp,67,0.61,0,TV
13172,156,5,2024-11-17,WebBrowser,91,0.6,1,Desktop
13173,1223,3,2024-10-04,TabletApp,116,0.75,1,Desktop
13174,479,7,2024-12-16,WebBrowser,76,0.65,1,Desktop
13175,4,13,2025-02-21,SmartTV,64,0.48,1,Mobile
13176,971,1,2025-02-27,WebBrowser,33,0.31,0,Desktop
13177,187,13,2024-07-27,TabletApp,59,0.47,0,Tablet
13178,320,5,2024-10-27,SmartTV,56,0.46,0,TV
13179,1664,8,2025-02-01,StreamMax,86,0.61,0,Tablet
13180,190,12,2024-12-07,SmartTV,34,0.34,0,Mobile
13181,1007,13,2024-08-12,WebBrowser,64,0.48,0,Mobile
13182,777,10,2025-03-14,StreamMax,49,0.37,0,Desktop
13183,948,10,2025-02-19,WebBrowser,76,0.85,0,Mobile
13184,518,5,2025-04-24,WebBrowser,62,0.49,0,Mobile
13185,39,11,2025-03-10,TabletApp,36,0.41,0,Mobile
13186,883,1,2025-04-02,WebBrowser,57,0.42,0,Desktop
13187,53,8,2024-10-02,MobileApp,109,0.7,0,Mobile
13188,639,2,2024-10-29,MobileApp,55,0.47,0,Tablet
13189,410,8,2024-08-30,TabletApp,58,0.5,0,Tablet
13190,619,2,2025-01-28,WebBrowser,64,0.61,0,Tablet
13191,532,1,2024-08-09,MobileApp,54,0.57,0,Tablet
13192,866,1,2025-03-29,MobileApp,55,0.61,0,TV
13193,693,14,2024-11-01,WebBrowser,37,0.33,0,Desktop
13194,1669,11,2025-01-19,MobileApp,63,0.41,0,Mobile
13195,1911,1,2025-03-21,TabletApp,145,0.99,0,Desktop
13196,1490,7,2024-12-08,TabletApp,91,0.87,1,Desktop
13197,567,12,2025-04-28,WebBrowser,108,0.73,0,Mobile
13198,829,1,2025-02-22,SmartTV,67,0.48,0,TV
13199,812,1,2025-04-15,WebBrowser,42,0.39,0,TV
13200,1953,1,2025-03-16,TabletApp,36,0.36,1,Mobile
13201,1071,7,2024-07-30,WebBrowser,89,0.77,1,Mobile
13202,1173,5,2025-01-31,SmartTV,75,0.81,0,TV
13203,1864,8,2024-06-05,MobileApp,137,0.9,0,Mobile
13204,648,13,2025-03-28,TabletApp,76,0.53,0,Mobile
13205,219,2,2024-08-15,SmartTV,67,0.63,0,Tablet
13206,1096,1,2024-09-26,SmartTV,48,0.53,1,TV
13207,1977,4,2024-12-28,MobileApp,87,0.58,0,Mobile
13208,1529,14,2025-04-09,MobileApp,56,0.64,0,Tablet
13209,191,1,2024-06-27,StreamMax,128,0.97,0,Tablet
13210,1669,1,2024-08-15,StreamMax,59,0.67,0,Tablet
13211,1769,8,2024-10-31,WebBrowser,131,0.96,0,Tablet
13212,1542,6,2024-12-03,TabletApp,99,0.84,0,TV
13213,1400,8,2025-01-16,MobileApp,121,0.84,0,Mobile
13214,878,1,2025-02-25,WebBrowser,87,0.56,1,Mobile
13215,1371,12,2025-02-12,TabletApp,78,0.65,0,Mobile
13216,400,4,2024-08-03,WebBrowser,48,0.55,0,TV
13217,605,10,2025-03-28,MobileApp,54,0.36,0,Tablet
13218,1985,2,2024-12-27,SmartTV,58,0.4,0,Desktop
13219,1265,1,2024-08-15,SmartTV,38,0.31,0,Tablet
13220,691,12,2025-04-29,SmartTV,101,0.98,0,Tablet
13221,612,10,2024-10-07,TabletApp,93,0.76,0,Mobile
13222,924,1,2025-03-10,MobileApp,50,0.55,0,Desktop
13223,623,5,2024-10-10,StreamMax,98,0.72,0,Mobile
13224,1840,3,2025-01-03,WebBrowser,99,0.83,0,Mobile
13225,991,1,2025-04-01,TabletApp,68,0.52,1,TV
13226,1060,11,2025-01-20,TabletApp,49,0.45,0,Mobile
13227,1884,10,2024-12-21,StreamMax,49,0.52,0,Mobile
13228,1742,2,2025-04-05,WebBrowser,89,0.94,1,Tablet
13229,997,10,2024-06-12,SmartTV,65,0.48,1,Tablet
13230,768,13,2025-01-03,WebBrowser,90,0.66,0,Mobile
13231,1670,1,2025-04-29,SmartTV,51,0.37,0,Tablet
13232,760,3,2024-12-04,SmartTV,75,0.57,0,Tablet
13233,1865,4,2024-06-13,StreamMax,112,0.97,0,Mobile
13234,1720,14,2025-01-25,TabletApp,104,0.95,0,TV
13235,1616,4,2024-12-03,WebBrowser,97,0.75,0,Mobile
13236,479,1,2024-12-10,MobileApp,134,0.97,0,Tablet
13237,1357,4,2025-02-26,SmartTV,127,0.89,0,Mobile
13238,1207,5,2025-02-16,MobileApp,55,0.53,0,Tablet
13239,1505,5,2024-06-06,StreamMax,87,0.86,0,Tablet
13240,838,3,2024-10-28,WebBrowser,102,0.7,1,Desktop
13241,1949,1,2025-04-15,MobileApp,66,0.59,0,Desktop
13242,176,1,2025-01-12,WebBrowser,68,0.56,0,Desktop
13243,1061,11,2024-08-01,WebBrowser,30,0.33,0,Desktop
13244,1496,14,2025-04-11,StreamMax,103,0.95,0,Tablet
13245,847,6,2024-07-02,MobileApp,48,0.4,0,TV
13246,1541,6,2025-04-14,StreamMax,47,0.49,1,TV
13247,774,12,2024-06-27,StreamMax,108,0.8,0,Mobile
13248,468,2,2024-07-11,WebBrowser,54,0.48,0,Desktop
13249,883,4,2024-09-23,MobileApp,120,0.83,0,TV
13250,1255,10,2024-08-29,WebBrowser,120,0.87,0,Mobile
13251,1998,2,2024-07-13,StreamMax,95,0.97,0,Mobile
13252,1007,15,2024-12-29,StreamMax,57,0.61,0,Tablet
13253,1022,2,2024-08-28,MobileApp,57,0.47,0,Mobile
13254,21,15,2025-04-13,MobileApp,52,0.54,0,TV
13255,377,1,2025-02-03,MobileApp,65,0.54,0,TV
13256,1800,1,2024-12-25,SmartTV,133,0.88,0,Desktop
13257,1303,6,2025-04-22,TabletApp,107,0.76,0,TV
13258,875,15,2024-06-11,SmartTV,77,0.7,0,Mobile
13259,114,1,2025-01-01,TabletApp,52,0.4,0,Desktop
13260,1718,5,2024-10-12,TabletApp,62,0.48,0,Tablet
13261,1275,4,2025-01-11,MobileApp,101,0.81,0,Desktop
13262,212,13,2025-02-07,TabletApp,53,0.48,0,Mobile
13263,1393,11,2024-07-07,MobileApp,46,0.37,0,Desktop
13264,1685,8,2024-10-09,SmartTV,97,0.85,1,Desktop
13265,1123,8,2024-11-13,MobileApp,55,0.44,0,Mobile
13266,910,1,2025-01-25,TabletApp,64,0.71,0,TV
13267,1955,8,2024-12-27,WebBrowser,83,0.72,0,Mobile
13268,772,6,2025-02-13,StreamMax,59,0.47,0,Desktop
13269,1339,5,2024-07-11,WebBrowser,43,0.38,0,Tablet
13270,1149,8,2024-06-14,TabletApp,85,0.88,0,Mobile
13271,1598,10,2024-11-25,WebBrowser,120,0.93,0,Tablet
13272,615,6,2025-02-19,SmartTV,80,0.66,0,Mobile
13273,935,2,2024-06-27,TabletApp,86,0.56,0,Tablet
13274,619,6,2024-12-01,WebBrowser,145,0.97,0,Desktop
13275,120,2,2024-12-08,StreamMax,101,0.91,0,Mobile
13276,1532,1,2025-04-03,SmartTV,94,0.87,0,TV
13277,482,7,2025-04-09,MobileApp,66,0.59,0,Tablet
13278,452,10,2024-10-02,StreamMax,52,0.36,0,Tablet
13279,1512,7,2025-02-13,TabletApp,77,0.78,0,TV
13280,1732,3,2025-03-08,MobileApp,61,0.45,0,Mobile
13281,1348,6,2025-04-05,MobileApp,89,0.81,0,TV
13282,1665,1,2025-01-21,StreamMax,86,0.69,0,Mobile
13283,1867,12,2024-09-21,TabletApp,84,0.67,0,Mobile
13284,1610,6,2025-02-07,SmartTV,79,0.83,1,TV
13285,1733,2,2024-08-08,StreamMax,99,0.84,0,TV
13286,1667,10,2024-10-05,StreamMax,84,0.55,0,Mobile
13287,240,10,2025-01-21,StreamMax,86,0.57,0,Tablet
13288,1774,8,2025-04-17,StreamMax,112,0.93,0,Mobile
13289,1631,3,2025-04-03,MobileApp,99,0.66,0,TV
13290,753,14,2024-08-22,MobileApp,45,0.39,1,TV
13291,408,1,2025-03-23,MobileApp,49,0.42,0,Mobile
13292,875,5,2024-06-03,SmartTV,155,1.0,0,Mobile
13293,1375,11,2024-06-08,MobileApp,51,0.37,0,TV
13294,1669,1,2024-11-30,StreamMax,60,0.39,0,Tablet
13295,1267,1,2025-04-01,WebBrowser,57,0.42,0,TV
13296,602,8,2024-06-25,TabletApp,141,0.92,0,TV
13297,460,5,2025-01-29,SmartTV,92,0.75,0,TV
13298,1265,6,2024-10-01,SmartTV,28,0.32,0,Desktop
13299,595,2,2025-04-25,TabletApp,73,0.48,1,Tablet
13300,443,2,2024-10-07,StreamMax,132,0.85,1,TV
13301,1770,12,2024-12-25,SmartTV,117,0.83,0,Mobile
13302,900,11,2025-03-01,TabletApp,56,0.6,0,Tablet
13303,1611,6,2024-10-17,MobileApp,81,0.64,0,Desktop
13304,1841,3,2025-03-30,WebBrowser,42,0.39,0,Desktop
13305,1034,15,2024-07-26,WebBrowser,108,0.91,1,TV
13306,1438,5,2025-01-22,WebBrowser,102,0.78,0,TV
13307,585,9,2024-06-29,WebBrowser,92,0.88,1,Mobile
13308,698,11,2024-08-01,WebBrowser,49,0.49,0,Mobile
13309,1496,6,2024-07-21,SmartTV,95,0.91,0,Mobile
13310,97,5,2025-02-03,MobileApp,79,0.88,0,Desktop
13311,666,9,2025-04-04,WebBrowser,81,0.65,1,TV
13312,824,1,2025-02-14,TabletApp,71,0.69,0,Desktop
13313,500,1,2024-09-19,WebBrowser,96,0.98,0,TV
13314,1479,6,2025-02-10,MobileApp,88,0.58,0,Desktop
13315,796,2,2024-11-09,MobileApp,112,0.91,0,Desktop
13316,333,13,2025-02-25,MobileApp,59,0.52,0,Mobile
13317,1593,2,2025-04-03,MobileApp,52,0.42,0,Tablet
13318,1560,5,2025-04-16,TabletApp,105,0.71,0,Mobile
13319,771,12,2024-12-26,MobileApp,105,0.98,0,Tablet
13320,1435,14,2024-06-03,SmartTV,75,0.49,0,Tablet
13321,569,7,2024-06-11,TabletApp,121,0.78,0,TV
13322,175,1,2024-06-23,TabletApp,79,0.72,0,TV
13323,1013,5,2025-03-27,WebBrowser,93,0.87,0,Mobile
13324,1996,10,2025-03-09,StreamMax,140,0.99,0,TV
13325,1892,10,2024-06-01,WebBrowser,124,0.93,0,Desktop
13326,1160,6,2025-01-01,MobileApp,77,0.76,0,Desktop
13327,324,1,2024-06-16,SmartTV,42,0.4,0,Desktop
13328,1666,10,2025-01-31,WebBrowser,86,0.59,1,Tablet
13329,582,15,2024-06-22,StreamMax,131,0.85,0,Mobile
13330,787,11,2024-09-25,MobileApp,87,0.67,1,TV
13331,353,3,2024-11-03,StreamMax,45,0.37,0,Mobile
13332,1393,6,2024-06-20,MobileApp,89,0.93,1,Tablet
13333,1120,1,2025-01-23,TabletApp,86,0.87,0,Mobile
13334,654,3,2024-07-30,WebBrowser,112,0.82,0,Tablet
13335,851,10,2024-11-29,StreamMax,127,0.94,0,TV
13336,462,1,2025-02-03,SmartTV,46,0.41,0,Mobile
13337,1559,8,2024-07-05,StreamMax,68,0.49,0,Mobile
13338,518,9,2025-01-25,TabletApp,75,0.66,0,TV
13339,1270,9,2024-10-21,MobileApp,33,0.35,0,Desktop
13340,581,3,2024-07-27,WebBrowser,35,0.31,0,TV
13341,373,7,2024-06-09,SmartTV,60,0.39,0,TV
13342,1865,4,2024-11-06,SmartTV,43,0.41,1,Tablet
13343,2,10,2024-09-08,WebBrowser,104,0.82,0,Desktop
13344,602,14,2024-12-11,StreamMax,63,0.56,1,Desktop
13345,1865,8,2024-07-17,TabletApp,105,0.76,0,Mobile
13346,1395,3,2024-08-14,MobileApp,125,0.85,0,Mobile
13347,697,1,2025-01-12,MobileApp,64,0.44,0,Tablet
13348,587,8,2025-01-02,SmartTV,83,0.68,0,Mobile
13349,315,1,2024-09-02,StreamMax,93,0.67,0,Mobile
13350,512,7,2024-09-22,SmartTV,73,0.66,0,Desktop
13351,575,10,2024-11-06,SmartTV,90,0.82,0,Mobile
13352,533,8,2024-12-13,MobileApp,135,0.95,0,TV
13353,1727,5,2024-12-26,StreamMax,84,0.76,1,Desktop
13354,305,5,2025-04-18,TabletApp,52,0.35,1,Tablet
13355,1299,3,2024-09-20,WebBrowser,75,0.51,0,Tablet
13356,1458,15,2025-03-19,MobileApp,119,0.93,1,Desktop
13357,459,7,2024-12-13,TabletApp,63,0.44,0,Desktop
13358,1511,14,2024-08-03,WebBrowser,65,0.45,0,TV
13359,258,7,2024-08-17,SmartTV,97,0.89,0,Desktop
13360,1675,2,2024-11-06,StreamMax,124,0.88,0,Mobile
13361,1283,1,2024-08-08,MobileApp,47,0.53,1,Desktop
13362,280,4,2024-11-02,TabletApp,88,0.67,0,Mobile
13363,936,1,2025-04-17,WebBrowser,64,0.46,0,Tablet
13364,1815,11,2025-03-02,MobileApp,94,0.75,0,Mobile
13365,1049,1,2024-08-12,MobileApp,46,0.36,0,Mobile
13366,1749,5,2024-10-06,StreamMax,86,0.73,1,Desktop
13367,1406,1,2025-03-30,TabletApp,53,0.35,0,TV
13368,1554,2,2024-06-11,SmartTV,101,0.66,1,Tablet
13369,586,8,2025-02-08,StreamMax,48,0.34,1,Mobile
13370,1130,1,2024-12-20,WebBrowser,48,0.42,0,Desktop
13371,1510,1,2025-03-30,StreamMax,41,0.34,0,Tablet
13372,1326,6,2025-03-17,SmartTV,111,0.75,1,TV
13373,729,1,2025-02-04,WebBrowser,44,0.33,0,TV
13374,1347,8,2024-12-04,WebBrowser,82,0.71,0,Desktop
13375,1316,3,2024-09-29,StreamMax,56,0.5,0,Desktop
13376,1598,1,2025-03-26,WebBrowser,91,0.71,0,Tablet
13377,193,10,2025-02-11,SmartTV,94,0.77,0,Tablet
13378,1792,1,2025-01-15,MobileApp,132,0.93,1,TV
13379,221,8,2025-02-12,StreamMax,101,0.74,0,Desktop
13380,1021,2,2025-03-29,WebBrowser,40,0.44,0,Mobile
13381,822,1,2024-11-30,MobileApp,109,0.98,0,Tablet
13382,597,1,2024-09-19,TabletApp,137,0.9,0,TV
13383,1169,1,2025-04-06,TabletApp,88,0.99,0,TV
13384,1667,4,2024-09-15,SmartTV,43,0.31,0,Mobile
13385,653,10,2024-09-28,SmartTV,73,0.79,0,Tablet
13386,1129,5,2024-12-08,StreamMax,88,0.96,0,Mobile
13387,731,6,2025-04-13,SmartTV,47,0.32,0,Mobile
13388,467,8,2025-01-04,SmartTV,77,0.57,1,Desktop
13389,1688,6,2025-02-25,MobileApp,58,0.42,0,Mobile
13390,157,15,2025-02-15,TabletApp,93,0.61,0,TV
13391,1800,1,2025-03-30,WebBrowser,35,0.31,0,Tablet
13392,279,7,2024-06-30,SmartTV,84,0.58,1,Tablet
13393,860,7,2024-09-11,WebBrowser,53,0.58,0,Mobile
13394,1723,2,2024-09-05,SmartTV,61,0.51,0,Tablet
13395,968,5,2025-01-28,MobileApp,75,0.53,0,Desktop
13396,752,2,2025-04-29,WebBrowser,60,0.42,0,TV
13397,962,7,2024-06-04,TabletApp,76,0.6,0,Desktop
13398,1609,1,2024-08-09,SmartTV,82,0.64,1,Tablet
13399,1520,5,2025-01-21,WebBrowser,58,0.57,1,Mobile
13400,315,8,2024-07-07,TabletApp,79,0.7,0,Desktop
13401,177,12,2025-01-09,WebBrowser,81,0.54,0,Desktop
13402,1644,9,2024-09-21,WebBrowser,118,0.89,0,Mobile
13403,353,1,2025-04-17,SmartTV,31,0.36,0,Tablet
13404,141,14,2024-11-09,TabletApp,102,0.88,0,Desktop
13405,1991,5,2024-11-09,WebBrowser,55,0.46,0,Mobile
13406,1210,8,2024-11-14,SmartTV,41,0.32,1,Mobile
13407,287,1,2024-06-09,WebBrowser,67,0.55,0,Mobile
13408,1923,13,2024-10-01,MobileApp,83,0.58,1,Tablet
13409,150,12,2025-01-12,SmartTV,105,0.88,1,TV
13410,1267,8,2024-11-03,WebBrowser,73,0.5,0,Desktop
13411,559,2,2024-10-10,SmartTV,81,0.66,0,Desktop
13412,52,14,2024-08-08,TabletApp,129,0.86,0,Desktop
13413,978,5,2024-10-04,MobileApp,94,0.6,0,Desktop
13414,1275,8,2025-02-08,StreamMax,43,0.35,0,Desktop
13415,1022,4,2025-03-07,SmartTV,61,0.4,0,TV
13416,223,5,2025-02-19,MobileApp,65,0.48,0,Desktop
13417,1241,15,2024-08-14,MobileApp,83,0.53,0,Tablet
13418,1626,3,2025-03-05,TabletApp,62,0.56,0,Desktop
13419,355,6,2025-03-10,WebBrowser,59,0.57,1,Tablet
13420,658,2,2024-11-01,TabletApp,67,0.6,0,Mobile
13421,1210,6,2024-06-26,StreamMax,56,0.55,0,Desktop
13422,1480,6,2025-03-26,MobileApp,120,0.99,0,Mobile
13423,212,2,2025-02-17,MobileApp,75,0.79,1,Mobile
13424,35,11,2025-03-02,WebBrowser,87,0.75,0,Tablet
13425,1496,1,2025-03-24,StreamMax,67,0.45,0,TV
13426,1607,1,2024-09-14,WebBrowser,90,0.6,0,TV
13427,886,7,2024-11-15,MobileApp,47,0.33,0,Tablet
13428,524,1,2024-06-01,StreamMax,62,0.52,0,Desktop
13429,183,13,2024-12-28,StreamMax,90,0.7,0,Desktop
13430,456,4,2025-03-11,WebBrowser,65,0.52,0,Mobile
13431,1477,2,2025-03-15,StreamMax,88,0.74,0,Tablet
13432,179,3,2025-03-13,TabletApp,103,0.93,1,Tablet
13433,1108,14,2024-08-28,WebBrowser,72,0.5,1,Desktop
13434,58,14,2025-04-12,StreamMax,79,0.85,0,Tablet
13435,1396,7,2024-10-29,SmartTV,99,0.64,1,Tablet
13436,632,6,2025-03-31,StreamMax,43,0.34,1,Desktop
13437,1396,6,2024-09-12,TabletApp,86,0.63,0,Mobile
13438,1293,4,2024-10-08,SmartTV,116,0.96,0,Tablet
13439,424,2,2024-09-10,TabletApp,77,0.74,0,Mobile
13440,1263,15,2025-03-03,WebBrowser,122,0.82,1,TV
13441,500,10,2024-11-17,TabletApp,63,0.52,0,Tablet
13442,1579,10,2025-03-11,WebBrowser,60,0.4,0,Desktop
13443,992,15,2025-04-24,SmartTV,86,0.87,0,Mobile
13444,1984,8,2024-09-03,StreamMax,130,0.87,0,Mobile
13445,747,8,2025-01-19,SmartTV,82,0.82,0,Desktop
13446,223,11,2024-07-07,TabletApp,90,0.92,0,Tablet
13447,215,13,2025-04-14,StreamMax,85,0.82,0,TV
13448,91,1,2024-08-24,MobileApp,73,0.59,0,TV
13449,1452,6,2024-11-26,WebBrowser,130,0.85,0,Tablet
13450,1008,8,2025-02-10,SmartTV,79,0.52,0,Mobile
13451,1776,14,2024-07-26,SmartTV,89,0.62,1,Desktop
13452,1254,3,2024-11-06,TabletApp,124,0.91,0,Tablet
13453,832,6,2024-12-03,TabletApp,48,0.48,0,Tablet
13454,470,14,2024-12-11,WebBrowser,59,0.54,0,TV
13455,1962,7,2024-11-19,WebBrowser,102,0.82,1,Desktop
13456,746,10,2024-11-29,SmartTV,68,0.6,0,TV
13457,580,7,2024-09-19,StreamMax,34,0.31,1,Tablet
13458,499,8,2024-10-01,MobileApp,145,1.0,0,Tablet
13459,173,11,2024-07-26,WebBrowser,47,0.35,1,Mobile
13460,418,11,2024-11-02,WebBrowser,59,0.48,0,Desktop
13461,1377,12,2025-02-09,SmartTV,87,0.98,0,Desktop
13462,489,3,2024-11-03,MobileApp,66,0.69,0,TV
13463,1507,5,2025-03-12,WebBrowser,92,0.83,0,Desktop
13464,301,13,2025-03-10,WebBrowser,36,0.39,0,Tablet
13465,99,14,2024-06-29,StreamMax,48,0.31,0,Mobile
13466,1607,1,2024-06-15,WebBrowser,87,0.76,0,Desktop
13467,1972,14,2025-03-23,MobileApp,53,0.52,0,Mobile
13468,1243,13,2024-09-04,WebBrowser,100,0.82,0,TV
13469,853,7,2024-12-29,WebBrowser,50,0.41,0,Mobile
13470,1618,2,2025-03-10,MobileApp,99,0.95,1,Desktop
13471,1203,3,2025-02-16,SmartTV,54,0.53,0,Tablet
13472,1735,13,2025-03-23,SmartTV,43,0.35,0,Tablet
13473,233,2,2025-02-13,WebBrowser,81,0.58,0,Desktop
13474,755,3,2024-08-30,WebBrowser,88,0.69,1,Mobile
13475,321,14,2024-11-07,WebBrowser,93,0.61,0,Desktop
13476,1521,8,2024-07-21,WebBrowser,51,0.56,0,Desktop
13477,1295,11,2024-10-10,WebBrowser,80,0.56,0,Tablet
13478,280,12,2025-04-03,TabletApp,50,0.42,1,Tablet
13479,437,14,2024-06-04,SmartTV,150,0.99,0,Tablet
13480,313,14,2025-04-28,StreamMax,31,0.33,0,Mobile
13481,404,2,2025-01-21,SmartTV,54,0.5,0,Mobile
13482,1334,2,2024-07-21,TabletApp,43,0.3,0,TV
13483,1097,3,2025-04-20,TabletApp,75,0.56,0,Tablet
13484,507,12,2024-09-12,WebBrowser,81,0.67,0,Mobile
13485,1181,8,2024-09-08,StreamMax,36,0.32,0,TV
13486,271,11,2024-11-22,MobileApp,71,0.59,0,Desktop
13487,230,7,2024-07-08,SmartTV,57,0.52,0,Mobile
13488,1079,3,2024-06-26,MobileApp,114,0.79,0,TV
13489,918,11,2025-02-23,StreamMax,105,0.83,0,Tablet
13490,286,6,2025-04-01,MobileApp,81,0.83,0,Tablet
13491,806,8,2025-01-02,MobileApp,64,0.63,1,Tablet
13492,1743,6,2025-04-07,MobileApp,113,0.72,0,Desktop
13493,1646,8,2025-04-18,StreamMax,51,0.36,0,Tablet
13494,1104,5,2025-01-10,SmartTV,116,0.89,0,Tablet
13495,1240,1,2025-02-22,TabletApp,90,0.94,0,Desktop
13496,1233,5,2024-08-13,SmartTV,58,0.5,0,Mobile
13497,1463,1,2024-06-18,WebBrowser,113,0.77,0,TV
13498,909,12,2025-03-23,TabletApp,85,0.73,0,Tablet
13499,1922,15,2025-02-16,StreamMax,54,0.46,1,Desktop
13500,465,2,2024-08-28,StreamMax,95,0.7,0,Mobile
13501,1812,8,2025-01-27,MobileApp,99,0.75,0,Tablet
13502,1034,2,2025-03-24,StreamMax,91,0.78,0,Desktop
13503,1725,6,2024-10-18,MobileApp,81,0.85,0,Mobile
13504,1348,10,2025-01-20,StreamMax,86,0.79,0,TV
13505,1861,8,2024-06-29,MobileApp,38,0.43,0,Tablet
13506,662,1,2025-01-10,TabletApp,53,0.59,0,Mobile
13507,1152,6,2025-01-23,SmartTV,97,0.62,0,Tablet
13508,155,8,2024-12-09,SmartTV,110,0.92,0,TV
13509,1817,8,2024-11-14,StreamMax,47,0.52,1,Tablet
13510,1044,3,2024-10-27,TabletApp,101,0.74,0,Desktop
13511,787,15,2025-02-17,WebBrowser,97,0.64,1,Tablet
13512,604,3,2024-10-05,WebBrowser,69,0.77,0,TV
13513,888,1,2025-02-03,WebBrowser,87,0.59,1,Tablet
13514,643,15,2024-07-06,SmartTV,52,0.46,0,TV
13515,1003,12,2024-12-09,SmartTV,63,0.58,0,Desktop
13516,1938,12,2025-02-24,SmartTV,137,0.92,0,Tablet
13517,567,7,2025-01-28,SmartTV,58,0.43,0,Desktop
13518,1008,3,2024-07-14,WebBrowser,102,0.87,0,Mobile
13519,658,15,2024-08-02,SmartTV,85,0.77,0,TV
13520,196,10,2024-10-08,StreamMax,120,0.8,0,Desktop
13521,1156,8,2025-04-11,WebBrowser,81,0.83,1,Mobile
13522,449,1,2024-09-15,StreamMax,53,0.55,0,TV
13523,1663,3,2025-03-01,TabletApp,50,0.35,0,Desktop
13524,1208,1,2024-08-08,TabletApp,119,0.9,1,Mobile
13525,1944,1,2025-03-22,MobileApp,86,0.65,0,Mobile
13526,1506,1,2025-04-15,WebBrowser,58,0.44,0,Mobile
13527,165,7,2024-11-12,MobileApp,88,0.81,1,Desktop
13528,1658,14,2024-09-02,StreamMax,103,0.71,0,Mobile
13529,58,1,2025-01-05,TabletApp,71,0.74,1,Mobile
13530,1530,10,2024-09-24,MobileApp,102,0.89,0,Desktop
13531,1764,6,2025-01-06,SmartTV,47,0.47,0,Mobile
13532,1914,8,2025-02-02,SmartTV,72,0.63,0,TV
13533,678,10,2024-10-18,StreamMax,47,0.31,0,TV
13534,138,1,2024-06-06,SmartTV,47,0.33,0,Mobile
13535,1422,1,2024-11-21,StreamMax,72,0.7,0,Tablet
13536,926,14,2024-12-08,WebBrowser,60,0.41,0,Mobile
13537,1642,8,2024-07-02,TabletApp,66,0.47,0,Mobile
13538,1548,2,2024-10-14,SmartTV,102,0.75,0,Mobile
13539,1073,12,2025-02-08,SmartTV,88,0.6,0,Tablet
13540,1904,1,2025-04-23,TabletApp,110,0.96,0,TV
13541,481,10,2025-01-28,TabletApp,116,0.86,0,Tablet
13542,1277,14,2024-08-01,SmartTV,37,0.36,1,TV
13543,756,6,2024-08-22,WebBrowser,94,0.76,0,TV
13544,930,10,2024-06-27,MobileApp,57,0.46,0,TV
13545,1017,10,2025-04-28,SmartTV,122,0.9,0,Desktop
13546,1911,5,2025-01-01,StreamMax,108,0.86,1,TV
13547,1933,15,2024-08-31,WebBrowser,69,0.48,0,Desktop
13548,1205,4,2024-09-14,MobileApp,59,0.67,0,TV
13549,1953,14,2024-07-01,WebBrowser,57,0.5,0,TV
13550,899,2,2024-12-22,TabletApp,48,0.33,0,Tablet
13551,796,1,2025-02-01,SmartTV,65,0.49,0,Desktop
13552,1420,5,2024-07-31,MobileApp,78,0.65,1,Mobile
13553,676,10,2024-08-14,StreamMax,58,0.6,0,Desktop
13554,344,8,2024-11-10,WebBrowser,51,0.56,0,Tablet
13555,976,8,2025-04-28,SmartTV,103,0.99,0,Desktop
13556,951,12,2024-09-25,StreamMax,79,0.87,1,TV
13557,1767,4,2024-12-07,MobileApp,34,0.34,1,Mobile
13558,263,11,2024-06-07,TabletApp,75,0.67,0,TV
13559,791,13,2024-11-21,WebBrowser,54,0.49,0,Tablet
13560,1395,3,2024-11-15,TabletApp,83,0.64,0,TV
13561,87,10,2024-07-09,MobileApp,123,0.95,0,Tablet
13562,1844,2,2024-12-16,SmartTV,67,0.45,0,Tablet
13563,723,2,2024-08-22,StreamMax,77,0.62,0,Tablet
13564,60,11,2025-04-09,MobileApp,144,0.92,0,Tablet
13565,405,5,2024-10-27,TabletApp,102,0.86,0,Desktop
13566,1273,6,2025-03-16,TabletApp,121,0.91,1,Desktop
13567,1891,2,2025-01-11,WebBrowser,104,0.96,0,TV
13568,1203,15,2025-01-28,SmartTV,94,0.94,0,Desktop
13569,87,6,2025-01-20,StreamMax,92,0.8,0,Tablet
13570,1038,11,2024-08-08,TabletApp,29,0.31,0,TV
13571,929,11,2025-02-08,StreamMax,97,0.62,0,Desktop
13572,1020,11,2024-07-07,MobileApp,87,0.79,0,Desktop
13573,1651,8,2025-02-19,SmartTV,28,0.3,0,Mobile
13574,1868,8,2025-03-27,SmartTV,31,0.33,0,Tablet
13575,372,5,2025-01-13,MobileApp,98,0.8,0,TV
13576,1758,8,2024-08-18,WebBrowser,91,0.7,0,Tablet
13577,1049,1,2025-01-14,MobileApp,69,0.67,0,Desktop
13578,1497,8,2024-12-27,StreamMax,75,0.8,0,Tablet
13579,1725,2,2024-11-25,TabletApp,84,0.73,0,Tablet
13580,662,6,2024-12-13,SmartTV,65,0.44,0,Tablet
13581,576,7,2025-01-01,SmartTV,63,0.47,0,TV
13582,163,12,2024-11-01,TabletApp,63,0.6,0,Tablet
13583,1868,3,2025-02-27,MobileApp,64,0.54,0,TV
13584,1859,3,2024-07-19,WebBrowser,64,0.43,0,Mobile
13585,1195,8,2024-09-17,TabletApp,54,0.61,0,TV
13586,356,8,2024-11-18,StreamMax,103,0.7,1,TV
13587,1089,14,2024-11-13,SmartTV,150,0.95,0,TV
13588,170,1,2024-10-14,StreamMax,45,0.39,0,TV
13589,1992,2,2024-09-21,SmartTV,99,0.75,0,Mobile
13590,538,6,2024-12-30,MobileApp,94,0.67,0,Desktop
13591,134,8,2024-08-09,TabletApp,84,0.58,0,TV
13592,237,2,2024-08-20,StreamMax,73,0.83,0,Mobile
13593,1734,6,2024-10-23,WebBrowser,133,0.88,0,Desktop
13594,1395,12,2025-01-10,WebBrowser,40,0.35,1,TV
13595,1034,11,2025-02-18,MobileApp,60,0.58,0,Desktop
13596,1839,10,2025-03-17,WebBrowser,78,0.7,0,Tablet
13597,1235,9,2025-01-14,MobileApp,60,0.44,0,Mobile
13598,234,3,2024-08-28,TabletApp,141,0.98,0,Mobile
13599,633,1,2024-12-23,SmartTV,97,0.75,0,Desktop
13600,437,1,2025-01-09,WebBrowser,53,0.46,1,Desktop
13601,1681,11,2025-04-20,SmartTV,66,0.62,0,Tablet
13602,1554,3,2025-01-20,WebBrowser,70,0.58,0,Mobile
13603,927,12,2024-07-17,StreamMax,120,0.92,1,Mobile
13604,1220,9,2025-03-30,WebBrowser,100,0.69,1,Mobile
13605,278,7,2024-11-01,TabletApp,51,0.46,0,Desktop
13606,1606,15,2024-12-13,SmartTV,64,0.63,0,Mobile
13607,320,11,2024-07-16,TabletApp,33,0.35,0,Desktop
13608,1328,8,2024-10-10,TabletApp,48,0.43,1,Tablet
13609,1806,14,2025-01-28,MobileApp,44,0.37,1,TV
13610,1017,3,2024-06-27,WebBrowser,103,0.76,0,Tablet
13611,211,7,2025-04-21,WebBrowser,31,0.35,0,Tablet
13612,1678,3,2024-07-06,TabletApp,53,0.41,0,Desktop
13613,862,11,2024-08-23,WebBrowser,90,0.67,1,Desktop
13614,1168,8,2025-03-21,StreamMax,48,0.31,0,Mobile
13615,1689,3,2024-08-06,SmartTV,89,0.81,0,Mobile
13616,1662,15,2024-07-14,SmartTV,115,0.95,0,TV
13617,4,6,2025-01-03,MobileApp,49,0.4,1,Mobile
13618,593,10,2024-10-15,MobileApp,66,0.49,0,Desktop
13619,636,3,2024-11-16,TabletApp,61,0.41,1,TV
13620,1417,4,2025-02-23,MobileApp,57,0.45,0,Desktop
13621,1775,1,2025-03-10,StreamMax,65,0.66,0,Desktop
13622,6,3,2024-10-16,WebBrowser,56,0.45,0,Desktop
13623,1144,14,2024-12-13,SmartTV,121,0.96,0,Tablet
13624,354,11,2025-04-18,StreamMax,139,0.89,0,TV
13625,1122,13,2024-07-20,TabletApp,47,0.44,0,Desktop
13626,81,8,2025-04-29,MobileApp,64,0.64,0,Tablet
13627,1703,1,2025-03-19,StreamMax,124,0.82,0,Tablet
13628,529,2,2024-10-04,StreamMax,120,0.91,0,Mobile
13629,607,10,2024-10-18,StreamMax,79,0.66,0,Tablet
13630,1738,9,2024-08-23,SmartTV,36,0.32,0,Mobile
13631,1760,9,2024-09-04,TabletApp,53,0.39,0,TV
13632,3,7,2024-11-21,WebBrowser,83,0.93,0,TV
13633,477,11,2024-11-06,MobileApp,78,0.74,0,TV
13634,1907,7,2024-12-19,SmartTV,81,0.58,0,Mobile
13635,1999,3,2025-02-17,TabletApp,47,0.37,0,Tablet
13636,770,13,2024-12-23,StreamMax,95,0.78,0,Tablet
13637,286,6,2024-12-31,TabletApp,85,0.79,0,Desktop
13638,268,6,2024-10-18,SmartTV,44,0.33,1,TV
13639,1657,8,2025-02-07,TabletApp,54,0.39,0,Desktop
13640,262,14,2025-03-30,MobileApp,87,0.72,0,Mobile
13641,1045,8,2025-02-20,WebBrowser,113,0.96,0,TV
13642,1404,3,2024-12-05,MobileApp,33,0.31,0,Mobile
13643,775,12,2024-10-03,SmartTV,54,0.59,0,TV
13644,1650,13,2024-11-03,StreamMax,107,0.99,0,TV
13645,726,2,2025-02-02,SmartTV,49,0.46,0,Tablet
13646,434,8,2025-03-30,TabletApp,106,0.99,0,TV
13647,457,7,2024-10-15,TabletApp,90,0.72,0,Mobile
13648,647,13,2024-08-15,SmartTV,100,0.71,0,TV
13649,626,5,2024-07-26,SmartTV,35,0.37,0,Tablet
13650,671,12,2024-09-14,StreamMax,62,0.52,0,TV
13651,1258,2,2025-01-14,SmartTV,108,0.94,0,Tablet
13652,561,7,2024-06-22,StreamMax,65,0.44,0,Tablet
13653,43,8,2025-02-11,TabletApp,52,0.43,0,Desktop
13654,1118,2,2025-02-23,StreamMax,101,0.67,1,Mobile
13655,33,6,2024-08-20,MobileApp,141,0.9,1,Tablet
13656,1713,6,2025-01-08,SmartTV,104,0.73,0,TV
13657,1362,10,2025-04-07,StreamMax,61,0.43,0,Desktop
13658,1493,5,2024-12-29,StreamMax,39,0.33,1,Mobile
13659,442,11,2025-01-06,SmartTV,50,0.55,0,Mobile
13660,1356,6,2024-07-26,SmartTV,60,0.56,0,Mobile
13661,1534,11,2025-04-04,TabletApp,76,0.61,0,Tablet
13662,285,8,2025-03-31,MobileApp,70,0.73,1,Desktop
13663,106,6,2025-03-18,WebBrowser,82,0.87,0,Desktop
13664,957,3,2024-11-25,TabletApp,41,0.33,1,Tablet
13665,6,1,2025-02-17,WebBrowser,54,0.52,0,TV
13666,1377,5,2025-01-10,MobileApp,55,0.52,0,TV
13667,843,2,2024-09-12,WebBrowser,42,0.33,0,TV
13668,209,11,2024-10-04,StreamMax,97,0.66,0,TV
13669,1310,9,2024-09-10,MobileApp,101,0.99,1,Mobile
13670,28,12,2024-10-28,MobileApp,63,0.71,1,TV
13671,1620,7,2025-04-15,SmartTV,72,0.77,0,Desktop
13672,1525,9,2024-12-26,TabletApp,32,0.36,0,Desktop
13673,1418,1,2024-07-04,WebBrowser,89,0.98,1,TV
13674,701,6,2024-12-31,WebBrowser,51,0.37,1,Desktop
13675,939,1,2024-07-20,TabletApp,67,0.53,0,Mobile
13676,1421,14,2025-04-21,MobileApp,36,0.31,0,TV
13677,1352,11,2024-08-18,StreamMax,119,0.78,0,Mobile
13678,213,4,2025-04-07,StreamMax,52,0.4,1,Mobile
13679,741,6,2024-12-28,StreamMax,78,0.61,0,TV
13680,951,8,2024-08-09,StreamMax,64,0.56,0,TV
13681,77,3,2024-09-16,TabletApp,117,0.95,0,Desktop
13682,1221,6,2025-04-07,MobileApp,74,0.52,0,Tablet
13683,187,1,2025-04-24,SmartTV,67,0.7,1,Mobile
13684,806,6,2024-11-05,StreamMax,38,0.32,0,Desktop
13685,1998,2,2025-01-28,MobileApp,106,0.73,0,TV
13686,1941,2,2024-07-10,MobileApp,87,0.89,0,Mobile
13687,50,14,2025-01-04,StreamMax,52,0.41,1,TV
13688,933,2,2024-09-24,TabletApp,102,0.68,0,Desktop
13689,1293,14,2024-06-28,MobileApp,75,0.5,1,Mobile
13690,164,1,2024-10-17,TabletApp,62,0.69,0,Mobile
13691,1891,10,2024-12-14,WebBrowser,76,0.87,1,Tablet
13692,1077,9,2025-02-25,MobileApp,86,0.86,0,Tablet
13693,729,1,2025-04-15,MobileApp,83,0.92,0,Desktop
13694,81,15,2024-07-20,SmartTV,73,0.71,0,Mobile
13695,1933,8,2024-12-29,SmartTV,85,0.63,0,Desktop
13696,1112,6,2025-03-30,SmartTV,58,0.54,0,Tablet
13697,1803,5,2025-02-09,StreamMax,39,0.41,0,TV
13698,894,3,2024-08-29,WebBrowser,120,0.97,0,TV
13699,1826,1,2024-08-01,SmartTV,51,0.46,0,Desktop
13700,441,15,2024-12-06,TabletApp,54,0.55,0,Tablet
13701,1363,2,2024-12-06,MobileApp,72,0.78,0,Mobile
13702,404,3,2024-11-18,TabletApp,67,0.51,0,Mobile
13703,576,13,2024-10-29,TabletApp,106,0.73,0,TV
13704,1322,14,2024-08-10,SmartTV,58,0.43,1,Desktop
13705,1114,8,2025-03-19,WebBrowser,106,0.78,0,Mobile
13706,254,11,2024-08-22,WebBrowser,51,0.53,0,TV
13707,1772,8,2024-10-15,WebBrowser,68,0.56,0,TV
13708,1881,13,2025-03-01,WebBrowser,93,0.68,1,Tablet
13709,1212,6,2024-11-30,SmartTV,78,0.7,0,Desktop
13710,937,1,2025-02-19,SmartTV,38,0.4,0,TV
13711,655,8,2024-06-21,StreamMax,65,0.42,0,TV
13712,858,1,2025-04-14,TabletApp,63,0.44,0,TV
13713,510,7,2024-06-09,StreamMax,56,0.64,1,TV
13714,354,8,2024-10-15,StreamMax,58,0.38,0,TV
13715,1072,13,2024-10-05,TabletApp,57,0.39,1,Desktop
13716,11,1,2025-02-11,SmartTV,77,0.54,1,Desktop
13717,1343,10,2025-02-22,MobileApp,40,0.33,0,Desktop
13718,1702,2,2025-01-09,StreamMax,98,0.94,0,TV
13719,1211,1,2025-03-09,MobileApp,135,0.88,0,Mobile
13720,1801,1,2025-01-23,TabletApp,92,0.68,0,Desktop
13721,75,13,2024-09-24,SmartTV,42,0.42,1,TV
13722,1791,8,2024-11-23,MobileApp,36,0.35,0,Tablet
13723,1024,14,2024-08-31,MobileApp,64,0.58,0,Mobile
13724,350,14,2024-11-08,WebBrowser,35,0.32,0,Mobile
13725,1082,11,2024-10-10,TabletApp,125,0.89,1,Tablet
13726,416,14,2025-04-12,TabletApp,72,0.68,0,Mobile
13727,849,1,2024-08-08,WebBrowser,56,0.39,1,Tablet
13728,1657,12,2024-11-10,SmartTV,101,0.67,0,Desktop
13729,1967,14,2024-10-12,TabletApp,50,0.38,0,TV
13730,1477,3,2025-02-06,MobileApp,97,0.82,0,Desktop
13731,1228,2,2024-07-03,MobileApp,61,0.51,0,TV
13732,1136,12,2025-02-09,WebBrowser,103,0.89,1,Tablet
13733,1996,6,2024-10-02,SmartTV,74,0.84,0,TV
13734,1717,4,2025-04-22,MobileApp,89,0.8,0,TV
13735,1925,10,2024-07-12,WebBrowser,80,0.71,0,Mobile
13736,20,4,2024-07-13,StreamMax,106,0.77,0,TV
13737,772,15,2025-03-20,StreamMax,135,0.88,0,Tablet
13738,273,3,2024-06-24,WebBrowser,90,0.93,1,Desktop
13739,1953,10,2024-09-14,TabletApp,48,0.36,1,TV
13740,1603,1,2024-08-10,StreamMax,43,0.39,1,TV
13741,1960,3,2024-12-13,MobileApp,106,0.86,0,Desktop
13742,776,1,2024-11-06,StreamMax,87,0.9,0,Tablet
13743,364,1,2024-07-30,StreamMax,58,0.38,1,Desktop
13744,1570,1,2025-04-06,StreamMax,79,0.5,0,Tablet
13745,292,7,2024-07-26,MobileApp,60,0.66,0,Desktop
13746,1114,1,2025-02-13,WebBrowser,114,1.0,0,Tablet
13747,1918,8,2024-08-17,StreamMax,34,0.38,0,Desktop
13748,964,6,2025-04-11,MobileApp,104,0.73,0,Tablet
13749,1347,10,2024-08-30,MobileApp,57,0.5,0,Mobile
13750,696,13,2025-02-06,MobileApp,116,0.95,0,Mobile
13751,1500,4,2024-12-12,WebBrowser,130,0.85,0,Tablet
13752,1883,5,2024-06-15,StreamMax,47,0.48,1,TV
13753,622,1,2024-08-14,TabletApp,69,0.67,0,TV
13754,1695,8,2024-10-23,SmartTV,102,0.88,1,Tablet
13755,1154,1,2024-08-11,SmartTV,129,0.97,0,Desktop
13756,1167,5,2024-10-13,WebBrowser,97,0.73,0,Desktop
13757,671,1,2024-12-01,SmartTV,111,0.76,0,TV
13758,340,10,2024-10-30,MobileApp,107,0.86,0,Tablet
13759,956,1,2025-02-11,SmartTV,119,1.0,1,Desktop
13760,164,2,2024-09-15,SmartTV,75,0.76,0,Tablet
13761,900,5,2024-10-07,TabletApp,58,0.61,0,Tablet
13762,404,14,2025-02-11,MobileApp,102,0.88,0,Tablet
13763,1025,1,2025-01-01,SmartTV,95,0.85,0,TV
13764,281,12,2024-08-22,WebBrowser,79,0.79,0,TV
13765,1854,1,2024-10-16,MobileApp,68,0.65,1,TV
13766,455,13,2025-04-19,TabletApp,39,0.31,0,Mobile
13767,195,7,2024-12-06,TabletApp,42,0.34,0,Mobile
13768,792,2,2024-07-07,MobileApp,101,0.68,1,Tablet
13769,1278,1,2025-03-14,MobileApp,63,0.52,0,Mobile
13770,496,1,2025-03-15,StreamMax,77,0.84,0,Desktop
13771,1102,9,2024-07-16,MobileApp,78,0.58,0,Tablet
13772,1047,6,2025-04-13,StreamMax,103,0.78,0,Tablet
13773,600,10,2025-01-16,WebBrowser,45,0.37,1,Mobile
13774,1666,2,2024-07-03,WebBrowser,63,0.5,1,Desktop
13775,1564,9,2024-11-30,TabletApp,96,0.94,0,Tablet
13776,724,3,2025-04-10,TabletApp,102,0.79,0,Mobile
13777,198,8,2024-10-15,TabletApp,45,0.45,1,TV
13778,968,2,2024-06-05,WebBrowser,58,0.42,0,Desktop
13779,533,3,2024-09-06,WebBrowser,45,0.51,0,Tablet
13780,1869,14,2025-01-09,TabletApp,104,0.73,1,Tablet
13781,1014,1,2025-01-23,WebBrowser,59,0.68,1,TV
13782,254,1,2024-11-17,TabletApp,71,0.6,0,Desktop
13783,1990,10,2025-01-07,MobileApp,151,0.97,0,Mobile
13784,1491,6,2024-12-15,WebBrowser,89,0.82,0,Tablet
13785,1809,1,2024-08-06,WebBrowser,48,0.4,0,Mobile
13786,1982,11,2025-03-08,MobileApp,102,0.98,0,Tablet
13787,1312,1,2025-01-19,StreamMax,83,0.6,0,TV
13788,313,1,2025-03-01,StreamMax,92,0.74,0,Desktop
13789,504,10,2025-02-01,MobileApp,107,0.97,0,TV
13790,402,15,2024-07-25,StreamMax,80,0.73,0,Tablet
13791,383,8,2025-01-06,WebBrowser,52,0.54,0,Tablet
13792,1108,6,2024-06-22,StreamMax,64,0.56,0,Desktop
13793,54,14,2024-10-15,TabletApp,37,0.37,0,Tablet
13794,1945,8,2025-02-26,MobileApp,41,0.32,0,TV
13795,1008,15,2024-12-13,StreamMax,41,0.33,1,Tablet
13796,928,6,2024-08-06,WebBrowser,84,0.87,1,Tablet
13797,1602,13,2024-12-26,WebBrowser,81,0.79,0,Mobile
13798,343,1,2025-02-17,StreamMax,61,0.54,0,Desktop
13799,1104,2,2024-08-30,StreamMax,132,0.86,0,TV
13800,856,1,2024-12-15,StreamMax,100,0.91,0,Desktop
13801,51,13,2024-08-07,StreamMax,43,0.32,0,Tablet
13802,174,14,2025-01-30,SmartTV,116,0.88,0,Mobile
13803,1025,3,2025-04-25,WebBrowser,52,0.43,1,Mobile
13804,1407,1,2025-03-17,TabletApp,49,0.32,1,Mobile
13805,688,11,2025-01-16,MobileApp,64,0.68,0,Desktop
13806,1974,7,2024-11-01,SmartTV,81,0.6,0,Mobile
13807,530,14,2024-07-02,MobileApp,57,0.52,0,Desktop
13808,862,7,2024-08-10,WebBrowser,73,0.53,1,Desktop
13809,1543,11,2024-11-07,TabletApp,91,0.96,1,Tablet
13810,512,1,2025-02-05,TabletApp,55,0.51,0,Mobile
13811,1079,15,2025-04-16,StreamMax,102,0.71,0,Tablet
13812,892,1,2025-03-23,StreamMax,95,0.78,0,Desktop
13813,696,5,2024-11-12,MobileApp,35,0.31,0,Mobile
13814,1850,6,2024-10-30,MobileApp,131,0.9,0,Tablet
13815,1175,3,2025-02-15,StreamMax,35,0.38,0,Mobile
13816,1278,3,2025-02-01,StreamMax,42,0.45,0,TV
13817,640,7,2024-08-24,StreamMax,44,0.48,0,Desktop
13818,435,8,2024-11-11,SmartTV,92,0.82,0,Mobile
13819,1364,15,2025-02-01,MobileApp,48,0.48,1,Desktop
13820,546,7,2024-08-22,WebBrowser,122,0.78,0,Mobile
13821,1200,12,2024-11-30,TabletApp,53,0.39,1,Mobile
13822,1189,15,2024-08-10,SmartTV,134,0.91,0,Mobile
13823,617,2,2024-06-06,SmartTV,65,0.51,0,TV
13824,54,12,2024-08-22,StreamMax,82,0.56,0,Tablet
13825,1531,10,2024-06-14,WebBrowser,45,0.37,0,TV
13826,769,3,2025-03-28,SmartTV,56,0.59,0,Mobile
13827,5,3,2024-11-02,TabletApp,78,0.71,0,Tablet
13828,688,9,2024-06-21,SmartTV,36,0.34,0,Desktop
13829,473,4,2024-07-04,MobileApp,65,0.42,0,Tablet
13830,341,2,2025-01-27,MobileApp,66,0.68,0,Tablet
13831,1715,8,2024-07-02,SmartTV,63,0.51,1,Desktop
13832,1072,13,2025-02-17,WebBrowser,46,0.38,0,Tablet
13833,630,10,2025-03-17,TabletApp,112,0.88,0,Mobile
13834,806,1,2025-03-10,TabletApp,54,0.59,0,Tablet
13835,1677,7,2024-12-15,WebBrowser,115,0.81,0,Desktop
13836,794,1,2024-11-09,TabletApp,137,0.99,0,Mobile
13837,1360,5,2024-08-22,MobileApp,83,0.64,0,Tablet
13838,647,11,2024-12-03,StreamMax,109,0.7,0,Tablet
13839,1364,10,2025-04-18,TabletApp,99,0.7,0,Mobile
13840,19,10,2024-06-13,StreamMax,136,0.93,0,Mobile
13841,1457,5,2024-06-03,WebBrowser,97,0.64,0,Tablet
13842,589,4,2025-03-10,SmartTV,40,0.45,0,Desktop
13843,1965,8,2024-10-23,SmartTV,81,0.83,1,TV
13844,1774,1,2024-12-18,TabletApp,34,0.37,0,TV
13845,1478,1,2024-12-16,SmartTV,76,0.64,0,Desktop
13846,1482,6,2024-07-07,WebBrowser,95,0.97,0,Mobile
13847,1400,8,2024-06-04,StreamMax,146,0.94,0,Tablet
13848,683,1,2025-01-24,MobileApp,94,0.79,0,Desktop
13849,1710,2,2024-11-21,StreamMax,134,0.92,1,Tablet
13850,1689,12,2024-06-24,StreamMax,116,0.93,0,TV
13851,1248,8,2024-11-22,WebBrowser,57,0.52,0,Desktop
13852,1859,7,2024-09-25,WebBrowser,39,0.34,0,Desktop
13853,1932,4,2025-03-30,WebBrowser,47,0.37,0,Desktop
13854,211,14,2024-12-26,TabletApp,47,0.39,0,Desktop
13855,1825,3,2024-09-22,MobileApp,50,0.32,0,Desktop
13856,582,8,2024-12-16,MobileApp,104,0.91,0,Desktop
13857,1649,3,2024-08-21,TabletApp,135,0.87,0,Mobile
13858,4,1,2025-01-24,TabletApp,68,0.47,0,Mobile
13859,1496,8,2025-01-12,StreamMax,100,0.85,0,TV
13860,1158,6,2024-07-09,TabletApp,71,0.52,0,Mobile
13861,154,1,2025-03-27,StreamMax,135,0.97,0,Desktop
13862,1679,1,2024-12-11,WebBrowser,95,0.69,1,TV
13863,1625,8,2024-08-28,SmartTV,53,0.57,0,Desktop
13864,862,8,2025-03-20,SmartTV,111,0.92,1,Mobile
13865,300,12,2025-02-19,TabletApp,90,0.68,1,Mobile
13866,633,1,2025-04-30,MobileApp,89,0.63,0,Desktop
13867,1183,7,2024-09-23,SmartTV,86,0.63,0,TV
13868,120,10,2024-07-15,TabletApp,97,0.73,0,TV
13869,1250,3,2024-06-17,SmartTV,85,0.73,0,Desktop
13870,698,1,2025-03-02,WebBrowser,72,0.68,0,Desktop
13871,1860,14,2025-01-15,MobileApp,125,0.97,0,TV
13872,1837,2,2024-10-20,SmartTV,67,0.64,0,Mobile
13873,1500,11,2024-10-04,StreamMax,87,0.84,0,TV
13874,75,5,2024-08-09,SmartTV,76,0.67,0,Mobile
13875,626,6,2024-10-29,MobileApp,48,0.5,0,TV
13876,1620,1,2024-06-25,TabletApp,58,0.59,0,TV
13877,955,6,2025-04-22,StreamMax,92,0.67,0,Desktop
13878,1618,10,2024-10-11,SmartTV,61,0.48,0,Tablet
13879,490,1,2025-01-30,StreamMax,72,0.67,1,Tablet
13880,182,12,2025-01-29,TabletApp,83,0.82,0,TV
13881,19,8,2024-12-25,TabletApp,112,0.85,0,Desktop
13882,1488,4,2024-12-18,MobileApp,133,0.93,0,Mobile
13883,1551,8,2024-06-26,WebBrowser,119,0.97,0,TV
13884,1347,10,2024-07-03,WebBrowser,79,0.58,0,Mobile
13885,882,14,2025-01-20,WebBrowser,69,0.48,0,Tablet
13886,970,9,2025-01-08,SmartTV,85,0.85,0,Tablet
13887,927,14,2024-10-02,MobileApp,115,0.97,0,TV
13888,1107,1,2025-03-16,SmartTV,41,0.43,0,Tablet
13889,1077,5,2025-02-04,SmartTV,58,0.38,0,Mobile
13890,1699,1,2025-04-09,WebBrowser,130,0.83,0,TV
13891,1295,5,2025-03-14,SmartTV,68,0.48,1,Tablet
13892,673,5,2025-03-15,TabletApp,51,0.5,0,Mobile
13893,1562,14,2025-04-30,WebBrowser,56,0.56,1,Mobile
13894,415,1,2024-11-13,WebBrowser,31,0.33,1,Desktop
13895,23,1,2025-03-19,WebBrowser,54,0.5,1,Tablet
13896,42,14,2024-07-31,StreamMax,89,0.86,0,Desktop
13897,233,4,2024-11-21,SmartTV,68,0.78,0,Tablet
13898,423,8,2025-01-29,StreamMax,89,0.84,0,Desktop
13899,171,11,2024-08-12,WebBrowser,112,0.77,0,Desktop
13900,476,6,2024-11-13,SmartTV,35,0.35,0,TV
13901,1056,4,2024-10-25,TabletApp,87,0.8,0,Desktop
13902,1707,7,2024-10-02,SmartTV,121,0.92,0,Desktop
13903,723,13,2024-09-10,WebBrowser,103,0.71,0,Desktop
13904,1426,1,2025-03-10,MobileApp,117,0.77,0,TV
13905,898,12,2024-06-20,MobileApp,87,0.96,1,Desktop
13906,1685,8,2025-04-28,TabletApp,81,0.6,0,Mobile
13907,1293,15,2025-03-03,MobileApp,126,0.98,0,Tablet
13908,638,1,2024-08-29,StreamMax,84,0.67,0,Mobile
13909,522,1,2025-02-19,StreamMax,134,0.98,0,Mobile
13910,763,6,2025-02-13,WebBrowser,135,0.9,0,Mobile
13911,441,3,2025-03-29,WebBrowser,99,0.81,0,Mobile
13912,208,1,2024-09-26,TabletApp,73,0.73,0,TV
13913,1398,1,2025-04-25,MobileApp,68,0.71,0,Tablet
13914,1568,8,2025-02-20,StreamMax,87,0.64,0,Desktop
13915,99,4,2024-12-02,StreamMax,117,0.9,0,TV
13916,1727,13,2024-12-18,MobileApp,55,0.36,0,Tablet
13917,797,1,2025-04-13,MobileApp,121,0.88,0,Tablet
13918,1732,6,2024-09-11,TabletApp,93,0.64,0,Desktop
13919,291,1,2024-12-21,TabletApp,116,0.87,0,Mobile
13920,1481,1,2025-02-22,TabletApp,110,0.88,0,TV
13921,1395,8,2024-11-22,MobileApp,98,0.7,0,TV
13922,1133,6,2025-01-24,SmartTV,40,0.35,0,Mobile
13923,1722,3,2024-08-27,MobileApp,28,0.31,1,Mobile
13924,1719,9,2025-04-19,MobileApp,85,0.54,0,Desktop
13925,106,11,2024-11-17,MobileApp,44,0.4,0,TV
13926,1693,5,2024-11-03,WebBrowser,110,0.99,0,Mobile
13927,1239,13,2024-11-25,StreamMax,97,0.78,0,TV
13928,185,7,2024-08-19,MobileApp,48,0.49,0,TV
13929,753,8,2024-12-22,WebBrowser,95,0.81,1,Tablet
13930,1702,14,2024-06-27,WebBrowser,124,0.9,0,Tablet
13931,1140,8,2025-01-11,MobileApp,96,0.8,0,TV
13932,732,2,2025-03-22,SmartTV,101,0.79,0,Tablet
13933,1704,4,2024-07-07,WebBrowser,63,0.51,0,Mobile
13934,22,12,2024-10-14,SmartTV,87,0.6,0,Tablet
13935,1601,1,2024-08-03,MobileApp,68,0.45,1,Desktop
13936,1070,3,2025-02-28,WebBrowser,79,0.5,0,Mobile
13937,418,3,2025-01-19,TabletApp,107,0.83,0,Desktop
13938,1863,10,2024-10-15,MobileApp,120,0.96,0,TV
13939,1980,12,2025-01-10,MobileApp,74,0.59,0,Tablet
13940,1711,3,2025-04-20,StreamMax,71,0.64,0,Mobile
13941,1448,8,2024-08-23,WebBrowser,128,1.0,0,TV
13942,350,3,2024-08-06,SmartTV,55,0.5,0,Desktop
13943,1094,3,2025-01-31,MobileApp,66,0.58,0,Tablet
13944,259,11,2024-06-21,MobileApp,87,0.86,1,Tablet
13945,909,14,2025-03-24,MobileApp,79,0.85,0,TV
13946,241,8,2024-06-13,TabletApp,66,0.52,0,Desktop
13947,621,13,2024-06-29,MobileApp,62,0.4,0,Desktop
13948,502,11,2024-08-26,SmartTV,33,0.33,1,Mobile
13949,1603,1,2025-01-16,TabletApp,156,1.0,0,Desktop
13950,1839,12,2024-09-16,WebBrowser,59,0.59,0,Tablet
13951,1268,1,2024-06-14,StreamMax,70,0.6,0,Mobile
13952,1177,8,2025-02-24,WebBrowser,151,0.97,1,Tablet
13953,1222,12,2024-08-06,StreamMax,102,0.95,0,Mobile
13954,1967,11,2025-01-28,MobileApp,62,0.42,1,TV
13955,594,2,2025-04-19,StreamMax,45,0.42,0,Desktop
13956,653,13,2024-11-27,StreamMax,37,0.42,0,Desktop
13957,167,1,2024-07-02,SmartTV,101,0.79,0,TV
13958,1206,9,2024-08-02,WebBrowser,54,0.49,0,Desktop
13959,274,6,2025-01-20,SmartTV,75,0.74,0,Desktop
13960,504,11,2024-07-02,TabletApp,54,0.45,0,Tablet
13961,1454,14,2025-03-06,WebBrowser,88,0.64,0,TV
13962,885,15,2024-07-04,StreamMax,69,0.66,0,Desktop
13963,126,15,2024-10-15,WebBrowser,101,0.95,0,Desktop
13964,1357,14,2025-03-04,StreamMax,61,0.44,0,TV
13965,1773,11,2024-10-14,StreamMax,82,0.67,1,Mobile
13966,1003,5,2025-03-27,SmartTV,109,0.79,0,TV
13967,415,15,2024-09-03,MobileApp,68,0.56,0,Tablet
13968,60,6,2024-07-12,TabletApp,49,0.45,0,Desktop
13969,366,15,2024-07-25,WebBrowser,46,0.43,0,Desktop
13970,554,2,2025-01-20,StreamMax,87,0.96,0,Tablet
13971,1190,2,2024-10-05,SmartTV,47,0.42,0,Desktop
13972,1514,9,2025-03-06,WebBrowser,85,0.58,1,TV
13973,598,6,2025-03-30,SmartTV,127,0.83,0,Desktop
13974,1685,6,2024-12-13,TabletApp,101,0.86,0,Mobile
13975,439,4,2024-09-02,WebBrowser,53,0.4,0,Tablet
13976,19,15,2025-01-28,SmartTV,140,0.98,0,Tablet
13977,406,15,2024-09-10,TabletApp,55,0.51,0,Desktop
13978,1258,14,2024-10-31,MobileApp,42,0.35,0,Tablet
13979,1416,1,2025-01-05,SmartTV,85,0.65,0,Mobile
13980,1437,6,2024-07-03,StreamMax,102,0.75,0,Mobile
13981,741,15,2024-06-21,WebBrowser,143,0.93,0,Tablet
13982,1082,4,2025-02-20,StreamMax,80,0.73,0,Desktop
13983,762,12,2024-09-22,WebBrowser,37,0.4,0,Tablet
13984,667,1,2025-02-15,SmartTV,71,0.5,0,Tablet
13985,1954,12,2024-07-12,WebBrowser,85,0.81,0,Tablet
13986,1076,11,2025-02-09,WebBrowser,124,0.89,0,Tablet
13987,1609,1,2025-04-12,WebBrowser,65,0.46,0,Tablet
13988,1285,3,2025-02-09,WebBrowser,77,0.59,0,Mobile
13989,1786,8,2024-06-12,StreamMax,104,0.97,0,Mobile
13990,1677,2,2025-02-25,TabletApp,55,0.47,0,Desktop
13991,420,5,2024-07-01,WebBrowser,50,0.43,1,TV
13992,1489,6,2024-10-30,MobileApp,28,0.32,0,Desktop
13993,32,7,2024-06-04,MobileApp,38,0.39,0,Mobile
13994,1606,6,2025-03-23,StreamMax,113,0.74,0,Mobile
13995,1869,10,2024-06-29,SmartTV,40,0.38,1,Desktop
13996,456,1,2025-03-14,TabletApp,94,0.93,1,TV
13997,1782,3,2024-08-01,SmartTV,95,0.65,0,Desktop
13998,184,14,2024-10-07,TabletApp,78,0.64,0,Desktop
13999,35,2,2024-10-19,MobileApp,133,0.92,1,Mobile
14000,24,14,2025-04-16,MobileApp,105,0.86,0,Tablet
14001,212,14,2024-12-10,WebBrowser,106,0.93,0,Desktop
14002,761,3,2024-10-04,MobileApp,64,0.59,0,TV
14003,335,14,2025-04-26,MobileApp,50,0.33,0,TV
14004,1055,11,2024-07-13,SmartTV,118,0.96,0,Mobile
14005,975,8,2025-02-19,StreamMax,68,0.51,0,TV
14006,679,3,2025-02-19,WebBrowser,51,0.49,1,Mobile
14007,1231,10,2024-07-27,SmartTV,36,0.38,0,Desktop
14008,1030,7,2024-12-21,WebBrowser,68,0.49,0,Tablet
14009,424,1,2025-03-08,StreamMax,68,0.54,1,Mobile
14010,1789,7,2025-04-29,MobileApp,66,0.47,1,Mobile
14011,511,10,2025-01-15,MobileApp,55,0.35,0,TV
14012,427,4,2024-07-21,MobileApp,58,0.49,1,Mobile
14013,84,4,2025-03-03,MobileApp,56,0.36,0,Desktop
14014,1914,14,2024-12-12,SmartTV,110,0.73,0,Mobile
14015,806,8,2024-08-20,MobileApp,35,0.3,0,TV
14016,914,14,2024-11-15,WebBrowser,33,0.34,0,Desktop
14017,1193,11,2024-10-01,WebBrowser,77,0.7,0,TV
14018,1339,15,2024-08-26,StreamMax,52,0.44,0,Tablet
14019,1732,14,2024-10-04,TabletApp,36,0.35,0,Desktop
14020,1936,12,2024-07-15,TabletApp,120,0.84,1,Desktop
14021,1913,4,2024-08-17,StreamMax,108,0.74,0,Mobile
14022,1447,11,2024-10-10,SmartTV,123,0.96,0,TV
14023,249,5,2025-01-29,SmartTV,43,0.31,1,Tablet
14024,1333,13,2024-08-24,WebBrowser,88,0.65,0,Tablet
14025,860,13,2024-09-09,StreamMax,127,0.93,0,Desktop
14026,1477,1,2025-01-09,WebBrowser,70,0.51,0,Tablet
14027,289,3,2024-10-25,SmartTV,46,0.42,1,TV
14028,866,6,2025-03-27,StreamMax,118,0.75,1,Mobile
14029,722,7,2024-06-28,WebBrowser,94,0.68,0,TV
14030,391,1,2025-04-11,TabletApp,110,0.96,1,TV
14031,444,2,2024-08-23,TabletApp,36,0.36,1,Mobile
14032,1108,11,2024-11-21,StreamMax,54,0.4,1,Tablet
14033,84,9,2025-01-15,SmartTV,117,0.84,0,Tablet
14034,259,2,2024-10-05,SmartTV,88,0.58,0,TV
14035,603,1,2025-04-02,StreamMax,67,0.77,0,Mobile
14036,131,9,2024-06-30,WebBrowser,59,0.49,0,Desktop
14037,1464,7,2025-03-08,TabletApp,43,0.34,0,Desktop
14038,1549,2,2024-11-03,StreamMax,37,0.39,0,Mobile
14039,1242,13,2025-01-11,MobileApp,37,0.39,0,Tablet
14040,307,10,2025-02-06,SmartTV,57,0.53,0,Mobile
14041,1577,13,2024-12-24,SmartTV,60,0.47,0,Mobile
14042,1289,3,2024-12-14,MobileApp,56,0.56,0,Tablet
14043,729,1,2025-01-29,WebBrowser,46,0.51,0,Mobile
14044,646,7,2024-10-13,StreamMax,46,0.47,1,TV
14045,976,10,2024-10-27,TabletApp,76,0.82,0,Mobile
14046,1198,10,2025-01-02,WebBrowser,62,0.56,0,Tablet
14047,1342,2,2024-10-29,MobileApp,70,0.61,0,TV
14048,1439,7,2024-10-10,WebBrowser,40,0.31,0,Mobile
14049,1927,12,2024-07-21,TabletApp,130,0.88,1,Desktop
14050,830,2,2024-06-27,MobileApp,41,0.34,0,Tablet
14051,1214,1,2024-08-25,SmartTV,108,0.75,0,Tablet
14052,170,8,2025-04-24,StreamMax,87,0.65,0,Tablet
14053,1795,1,2024-09-12,MobileApp,91,0.65,0,Desktop
14054,1939,10,2024-11-29,WebBrowser,115,0.93,0,Tablet
14055,411,1,2024-07-21,SmartTV,40,0.33,0,Tablet
14056,1366,8,2025-02-20,MobileApp,53,0.49,0,TV
14057,1305,6,2024-10-02,WebBrowser,82,0.9,0,Desktop
14058,1408,3,2024-09-23,WebBrowser,96,0.64,1,TV
14059,16,7,2024-09-25,WebBrowser,66,0.47,0,TV
14060,1323,3,2025-01-04,StreamMax,77,0.74,0,TV
14061,1142,2,2024-11-19,StreamMax,58,0.46,0,Tablet
14062,1547,1,2025-01-15,MobileApp,88,0.8,0,Desktop
14063,1421,13,2024-08-28,MobileApp,46,0.35,0,Mobile
14064,998,2,2024-10-31,MobileApp,132,0.9,0,Desktop
14065,1042,7,2024-06-10,TabletApp,100,0.72,0,Mobile
14066,725,6,2025-03-21,TabletApp,50,0.43,0,Desktop
14067,682,2,2024-06-07,TabletApp,91,0.77,1,Desktop
14068,782,14,2024-06-11,StreamMax,109,0.72,0,TV
14069,82,11,2024-12-09,SmartTV,88,0.62,1,Tablet
14070,722,11,2024-06-14,MobileApp,58,0.4,0,Desktop
14071,479,1,2024-06-25,TabletApp,121,0.91,0,TV
14072,1783,10,2025-02-23,SmartTV,61,0.55,0,TV
14073,1040,6,2025-03-13,WebBrowser,115,0.96,0,TV
14074,1185,10,2024-10-03,TabletApp,123,0.91,0,Desktop
14075,929,11,2025-01-06,SmartTV,58,0.41,1,Mobile
14076,835,11,2024-10-13,MobileApp,110,0.73,0,Desktop
14077,1210,15,2024-07-02,StreamMax,61,0.41,1,TV
14078,1787,7,2024-12-09,SmartTV,110,0.88,0,Mobile
14079,222,3,2024-07-23,WebBrowser,87,0.58,1,Desktop
14080,6,1,2024-10-13,TabletApp,72,0.55,0,Mobile
14081,265,8,2025-03-19,StreamMax,46,0.4,1,TV
14082,1120,4,2024-10-28,TabletApp,67,0.73,0,Desktop
14083,1492,12,2024-12-17,StreamMax,60,0.54,0,Desktop
14084,39,8,2024-06-17,StreamMax,48,0.31,1,Tablet
14085,792,6,2024-11-26,TabletApp,33,0.33,0,TV
14086,1692,14,2025-04-28,MobileApp,50,0.41,0,Desktop
14087,971,1,2024-11-09,StreamMax,30,0.33,0,TV
14088,141,11,2024-08-15,SmartTV,81,0.66,1,Desktop
14089,946,10,2024-10-04,MobileApp,106,0.76,0,Tablet
14090,492,2,2024-06-23,SmartTV,94,0.84,0,TV
14091,1009,15,2025-02-09,SmartTV,116,0.89,0,Desktop
14092,812,6,2025-03-21,SmartTV,105,0.83,1,TV
14093,1500,8,2024-07-04,TabletApp,48,0.38,1,TV
14094,807,1,2025-01-05,SmartTV,95,0.92,0,Tablet
14095,545,13,2024-12-28,MobileApp,34,0.31,0,Tablet
14096,1409,1,2024-12-30,MobileApp,67,0.5,0,Tablet
14097,1462,9,2025-02-27,SmartTV,94,0.88,0,TV
14098,607,9,2025-03-02,WebBrowser,87,0.89,0,Mobile
14099,505,6,2024-11-04,MobileApp,93,0.93,0,TV
14100,820,5,2024-06-23,TabletApp,89,0.67,0,TV
14101,531,13,2024-06-20,WebBrowser,76,0.72,0,Tablet
14102,1130,14,2024-10-28,MobileApp,86,0.73,0,Mobile
14103,893,3,2025-03-09,StreamMax,121,0.88,0,TV
14104,264,8,2024-09-03,WebBrowser,98,0.65,0,Tablet
14105,792,10,2025-04-18,WebBrowser,46,0.3,1,Mobile
14106,1906,1,2025-04-25,TabletApp,116,0.79,0,Tablet
14107,1753,3,2025-04-30,MobileApp,112,0.81,1,TV
14108,1123,5,2024-12-04,TabletApp,36,0.31,0,TV
14109,1171,10,2025-03-20,WebBrowser,108,0.98,1,Mobile
14110,1720,1,2024-10-19,SmartTV,98,0.67,0,Desktop
14111,1096,6,2024-11-26,WebBrowser,134,0.87,0,TV
14112,1501,12,2025-02-07,SmartTV,99,0.98,0,TV
14113,1623,6,2024-10-11,MobileApp,65,0.52,1,Desktop
14114,1584,2,2024-08-10,SmartTV,98,0.98,1,Mobile
14115,1968,13,2024-11-26,MobileApp,95,0.94,0,Desktop
14116,623,8,2024-12-25,StreamMax,135,0.86,1,Mobile
14117,1998,8,2024-08-04,WebBrowser,31,0.32,0,TV
14118,1826,1,2025-04-11,TabletApp,106,0.89,0,Tablet
14119,648,14,2024-11-13,WebBrowser,70,0.56,0,Desktop
14120,456,5,2025-04-16,StreamMax,95,0.96,1,TV
14121,779,6,2024-09-18,WebBrowser,40,0.31,0,Desktop
14122,880,8,2024-07-17,TabletApp,142,0.94,0,Tablet
14123,1286,2,2024-12-12,MobileApp,107,0.93,0,Desktop
14124,61,10,2025-02-10,MobileApp,107,0.99,0,Mobile
14125,1958,13,2024-10-23,TabletApp,123,0.8,1,TV
14126,465,1,2024-11-20,SmartTV,72,0.77,0,TV
14127,1733,11,2024-12-27,TabletApp,76,0.64,0,Tablet
14128,1559,3,2024-12-12,StreamMax,46,0.48,0,Desktop
14129,912,8,2024-09-09,StreamMax,58,0.6,0,TV
14130,1397,5,2024-10-13,WebBrowser,37,0.39,0,Mobile
14131,4,11,2025-01-01,StreamMax,83,0.67,0,TV
14132,1374,5,2024-09-14,WebBrowser,49,0.33,1,Desktop
14133,1618,14,2024-11-05,WebBrowser,119,0.83,0,TV
14134,1037,2,2025-01-04,StreamMax,104,0.93,0,Mobile
14135,1296,5,2025-03-23,StreamMax,85,0.83,0,Tablet
14136,1609,2,2025-01-25,WebBrowser,94,0.7,0,Desktop
14137,1266,3,2024-09-30,MobileApp,122,0.88,0,Mobile
14138,311,5,2024-11-25,MobileApp,139,0.97,1,Desktop
14139,237,6,2024-10-06,TabletApp,103,0.98,0,TV
14140,1461,12,2024-10-02,TabletApp,123,0.86,0,Desktop
14141,947,6,2024-07-28,WebBrowser,62,0.42,0,Desktop
14142,314,14,2024-09-09,WebBrowser,57,0.42,0,Tablet
14143,1548,10,2025-01-26,MobileApp,54,0.58,1,Mobile
14144,1882,6,2024-11-10,SmartTV,50,0.5,0,TV
14145,1665,13,2024-08-03,WebBrowser,98,0.79,0,Tablet
14146,51,1,2025-03-31,StreamMax,82,0.76,0,Tablet
14147,1583,5,2024-08-31,StreamMax,86,0.89,0,Tablet
14148,1607,5,2025-03-10,MobileApp,68,0.47,0,TV
14149,760,6,2025-02-24,WebBrowser,44,0.48,0,Desktop
14150,1133,4,2024-08-20,SmartTV,81,0.78,0,Desktop
14151,1962,7,2025-04-18,TabletApp,38,0.38,1,Desktop
14152,211,14,2024-06-19,SmartTV,121,1.0,0,Desktop
14153,1142,14,2024-11-28,SmartTV,72,0.72,0,Mobile
14154,1648,6,2025-04-24,SmartTV,81,0.72,0,Tablet
14155,1862,15,2024-08-25,SmartTV,38,0.35,0,Tablet
14156,207,8,2025-02-10,SmartTV,95,0.95,1,TV
14157,148,8,2024-11-28,TabletApp,134,0.99,0,TV
14158,1908,9,2024-07-30,SmartTV,36,0.4,0,Mobile
14159,1198,12,2024-10-03,TabletApp,98,0.63,0,Desktop
14160,1823,2,2025-01-25,WebBrowser,85,0.76,1,Mobile
14161,576,1,2024-08-11,MobileApp,76,0.87,0,Desktop
14162,369,12,2024-07-24,StreamMax,32,0.33,0,Desktop
14163,1204,15,2025-03-30,WebBrowser,57,0.55,0,Desktop
14164,664,4,2024-07-02,WebBrowser,69,0.66,0,TV
14165,1899,1,2025-02-15,MobileApp,127,0.88,0,Desktop
14166,1988,1,2024-08-08,WebBrowser,55,0.42,0,TV
14167,1307,5,2024-08-19,TabletApp,51,0.38,0,Desktop
14168,646,7,2024-11-24,MobileApp,41,0.3,0,Tablet
14169,796,6,2025-04-13,StreamMax,101,0.82,0,Desktop
14170,460,8,2025-03-23,StreamMax,154,1.0,0,Mobile
14171,329,2,2024-06-05,TabletApp,75,0.62,1,Desktop
14172,1553,1,2025-01-31,SmartTV,75,0.77,0,TV
14173,318,1,2025-03-02,TabletApp,72,0.71,0,Desktop
14174,1574,1,2025-03-22,TabletApp,148,1.0,0,Tablet
14175,1774,2,2024-10-17,WebBrowser,77,0.59,0,Desktop
14176,262,9,2024-08-16,WebBrowser,77,0.87,0,Desktop
14177,570,8,2024-12-29,WebBrowser,57,0.54,0,Desktop
14178,539,12,2024-12-11,TabletApp,88,0.7,0,TV
14179,517,12,2025-03-27,TabletApp,77,0.66,0,Tablet
14180,28,11,2024-08-10,WebBrowser,57,0.55,0,Tablet
14181,400,2,2025-04-28,TabletApp,57,0.46,0,Tablet
14182,1720,14,2024-11-24,WebBrowser,43,0.39,1,Desktop
14183,1735,5,2024-07-07,SmartTV,64,0.5,0,Mobile
14184,566,1,2025-03-26,StreamMax,86,0.62,0,Desktop
14185,1516,1,2025-04-10,MobileApp,103,0.81,0,TV
14186,54,12,2024-10-30,MobileApp,99,0.93,0,Mobile
14187,741,10,2024-06-05,WebBrowser,105,0.7,0,Mobile
14188,1533,13,2025-03-05,MobileApp,110,0.9,1,Desktop
14189,1564,1,2024-11-09,StreamMax,35,0.34,0,Desktop
14190,1887,2,2025-01-04,TabletApp,79,0.86,1,TV
14191,1637,10,2024-09-23,MobileApp,35,0.37,0,Tablet
14192,276,3,2024-06-01,StreamMax,59,0.43,0,Desktop
14193,404,9,2025-01-26,MobileApp,39,0.37,1,Mobile
14194,67,10,2024-10-23,MobileApp,45,0.47,0,Mobile
14195,1027,14,2024-11-08,MobileApp,79,0.51,0,TV
14196,668,12,2024-09-26,StreamMax,92,0.63,1,Desktop
14197,168,14,2024-12-18,WebBrowser,75,0.82,0,TV
14198,1098,3,2024-12-27,StreamMax,122,0.82,1,Mobile
14199,880,8,2025-03-11,StreamMax,102,0.74,0,Tablet
14200,1286,13,2024-12-05,WebBrowser,70,0.76,0,Mobile
14201,1534,9,2024-06-27,WebBrowser,104,0.89,0,Desktop
14202,366,11,2025-02-15,WebBrowser,59,0.44,1,Mobile
14203,1671,1,2025-01-04,MobileApp,77,0.71,1,TV
14204,163,8,2024-12-28,TabletApp,96,0.63,0,Tablet
14205,1721,10,2024-12-10,WebBrowser,41,0.39,0,Mobile
14206,130,1,2025-03-09,MobileApp,96,0.79,0,TV
14207,1836,11,2024-07-10,StreamMax,53,0.51,1,Desktop
14208,462,3,2024-09-29,StreamMax,98,0.72,0,Mobile
14209,1091,12,2025-04-11,TabletApp,72,0.75,1,Tablet
14210,1366,3,2025-02-21,StreamMax,30,0.35,0,Desktop
14211,1166,2,2024-09-24,WebBrowser,72,0.78,0,Tablet
14212,1682,11,2024-08-29,SmartTV,45,0.45,0,Desktop
14213,111,8,2024-07-10,StreamMax,106,0.7,0,Tablet
14214,793,8,2024-11-14,TabletApp,50,0.51,0,TV
14215,1254,8,2024-09-20,WebBrowser,66,0.66,0,Tablet
14216,676,1,2025-01-19,SmartTV,87,0.8,0,TV
14217,1865,5,2024-11-17,MobileApp,103,0.66,0,Desktop
14218,14,7,2024-10-16,WebBrowser,125,0.94,0,Mobile
14219,1402,10,2025-04-15,SmartTV,98,0.63,0,Mobile
14220,767,8,2024-08-23,WebBrowser,68,0.73,0,Tablet
14221,51,10,2024-07-28,WebBrowser,98,0.99,0,TV
14222,81,12,2024-06-09,SmartTV,80,0.83,0,Tablet
14223,818,14,2024-12-09,StreamMax,72,0.54,0,Desktop
14224,852,3,2024-09-18,WebBrowser,53,0.47,0,Desktop
14225,548,3,2024-09-17,SmartTV,125,0.95,0,Desktop
14226,507,8,2025-03-11,SmartTV,117,0.97,1,Desktop
14227,741,9,2025-01-10,MobileApp,125,0.89,0,Desktop
14228,68,3,2024-06-24,TabletApp,108,0.79,0,TV
14229,1811,8,2024-06-20,MobileApp,52,0.53,0,Mobile
14230,1511,1,2024-06-29,MobileApp,79,0.62,0,TV
14231,1940,10,2024-06-16,TabletApp,127,0.85,0,Mobile
14232,765,1,2025-04-16,TabletApp,34,0.36,0,Tablet
14233,581,2,2024-10-30,MobileApp,80,0.58,0,Tablet
14234,1384,12,2024-10-18,SmartTV,82,0.69,0,Mobile
14235,1600,1,2025-01-04,StreamMax,96,0.96,0,Mobile
14236,1927,7,2025-01-08,WebBrowser,60,0.66,0,Desktop
14237,1082,10,2025-03-29,WebBrowser,39,0.35,0,Desktop
14238,68,12,2024-12-12,MobileApp,77,0.88,0,Desktop
14239,1306,12,2024-12-29,SmartTV,124,0.79,0,Tablet
14240,1369,1,2024-06-22,TabletApp,71,0.78,1,TV
14241,931,4,2025-03-21,TabletApp,71,0.5,1,Tablet
14242,729,1,2024-12-31,TabletApp,101,0.91,1,TV
14243,1242,10,2025-02-10,MobileApp,86,0.65,0,Mobile
14244,1284,1,2024-07-08,MobileApp,48,0.54,0,Tablet
14245,220,5,2024-11-08,WebBrowser,45,0.48,0,Mobile
14246,401,1,2025-03-05,SmartTV,112,0.77,0,Desktop
14247,1103,6,2024-08-19,WebBrowser,141,0.94,0,Desktop
14248,1239,1,2025-04-18,MobileApp,133,0.86,0,TV
14249,1032,2,2024-11-01,SmartTV,112,0.87,0,Tablet
14250,1656,10,2024-07-18,StreamMax,89,0.86,0,Tablet
14251,1503,2,2024-09-17,SmartTV,90,0.77,1,Tablet
14252,520,2,2024-11-17,StreamMax,142,0.93,1,Tablet
14253,242,8,2025-01-21,StreamMax,73,0.76,0,TV
14254,75,1,2025-03-30,TabletApp,72,0.74,0,TV
14255,1643,6,2024-08-11,StreamMax,102,0.69,0,TV
14256,938,1,2024-06-15,StreamMax,131,1.0,0,TV
14257,110,1,2024-12-09,StreamMax,29,0.31,0,Desktop
14258,207,11,2024-11-07,MobileApp,82,0.74,0,TV
14259,1468,3,2024-11-07,StreamMax,56,0.42,0,Tablet
14260,1730,5,2024-07-17,WebBrowser,59,0.45,0,Tablet
14261,1724,5,2025-01-02,SmartTV,54,0.59,0,Tablet
14262,1242,7,2024-09-25,WebBrowser,46,0.37,0,TV
14263,869,6,2024-10-24,StreamMax,117,0.86,0,Desktop
14264,76,5,2025-01-28,StreamMax,99,0.8,0,Desktop
14265,1933,1,2025-04-20,SmartTV,95,0.89,0,Tablet
14266,578,8,2024-08-01,TabletApp,90,0.91,0,Tablet
14267,1309,1,2025-03-03,MobileApp,37,0.43,1,Mobile
14268,1402,8,2024-07-16,TabletApp,68,0.51,0,Desktop
14269,255,1,2024-10-01,SmartTV,80,0.64,0,Mobile
14270,282,1,2025-01-17,SmartTV,53,0.4,0,Mobile
14271,775,1,2025-03-20,TabletApp,87,0.89,0,Desktop
14272,170,14,2024-09-08,WebBrowser,70,0.68,0,TV
14273,729,2,2024-12-03,MobileApp,40,0.4,0,Tablet
14274,328,11,2024-11-12,StreamMax,81,0.52,0,TV
14275,1151,1,2025-04-14,MobileApp,60,0.39,0,Desktop
14276,416,6,2024-06-26,StreamMax,82,0.55,0,Desktop
14277,182,10,2024-10-17,StreamMax,68,0.54,1,Mobile
14278,356,1,2025-04-27,TabletApp,112,0.95,0,Mobile
14279,1342,7,2025-01-12,StreamMax,113,0.85,0,Mobile
14280,1463,5,2024-10-20,WebBrowser,137,0.89,0,TV
14281,938,15,2024-12-23,MobileApp,107,0.73,0,TV
14282,963,10,2025-03-04,StreamMax,40,0.42,0,Tablet
14283,1883,8,2025-01-09,TabletApp,59,0.43,0,Desktop
14284,988,5,2024-08-29,StreamMax,99,0.74,0,TV
14285,1597,12,2025-02-27,WebBrowser,103,0.81,0,Tablet
14286,1524,12,2024-07-06,WebBrowser,119,0.83,1,Tablet
14287,1778,3,2025-02-25,StreamMax,37,0.36,0,Mobile
14288,245,13,2024-08-14,StreamMax,79,0.84,0,Mobile
14289,1763,11,2024-08-16,WebBrowser,103,0.67,0,Mobile
14290,757,2,2024-06-11,TabletApp,46,0.31,0,Tablet
14291,1311,8,2025-03-04,MobileApp,133,0.92,0,Desktop
14292,1101,7,2024-09-07,MobileApp,82,0.72,0,Desktop
14293,1523,5,2024-09-14,SmartTV,45,0.37,0,Mobile
14294,1489,5,2024-12-24,MobileApp,75,0.56,0,TV
14295,88,1,2025-04-27,StreamMax,95,0.89,1,Desktop
14296,1765,1,2024-09-03,TabletApp,123,0.96,0,Tablet
14297,51,10,2024-09-25,SmartTV,84,0.77,0,Tablet
14298,328,12,2025-01-02,MobileApp,93,0.65,0,Tablet
14299,1019,5,2024-11-15,TabletApp,73,0.55,0,Desktop
14300,983,12,2024-12-28,TabletApp,69,0.66,1,Mobile
14301,1975,1,2025-04-20,WebBrowser,91,0.68,0,Mobile
14302,312,2,2024-08-10,TabletApp,92,0.7,0,Mobile
14303,848,3,2024-09-24,WebBrowser,67,0.45,1,TV
14304,1695,2,2024-09-15,MobileApp,107,0.88,0,TV
14305,1702,1,2025-03-08,SmartTV,28,0.32,1,Desktop
14306,746,5,2024-08-09,TabletApp,46,0.35,0,Tablet
14307,1129,11,2025-03-25,TabletApp,88,0.98,0,Tablet
14308,1842,5,2025-01-09,MobileApp,59,0.43,0,Mobile
14309,1350,10,2024-12-16,WebBrowser,51,0.58,0,Desktop
14310,325,6,2024-08-07,WebBrowser,34,0.31,0,TV
14311,1387,1,2025-01-11,MobileApp,75,0.57,1,Mobile
14312,117,1,2024-07-25,SmartTV,57,0.5,0,Tablet
14313,1018,6,2024-09-01,WebBrowser,145,0.96,0,TV
14314,1755,10,2025-01-31,SmartTV,41,0.33,0,Mobile
14315,1023,12,2024-10-06,MobileApp,65,0.6,1,Mobile
14316,581,13,2024-11-13,MobileApp,61,0.51,0,Tablet
14317,142,1,2024-08-23,StreamMax,78,0.66,0,Tablet
14318,1922,1,2024-06-23,SmartTV,103,0.75,0,Desktop
14319,520,1,2024-08-08,WebBrowser,72,0.75,1,Desktop
14320,1810,8,2025-04-30,StreamMax,29,0.31,1,Desktop
14321,1490,12,2024-07-12,WebBrowser,61,0.46,0,Mobile
14322,959,7,2024-09-27,SmartTV,69,0.75,0,Desktop
14323,1220,13,2024-06-29,WebBrowser,51,0.47,0,TV
14324,1408,10,2025-01-07,WebBrowser,104,0.96,1,Tablet
14325,394,2,2024-10-02,MobileApp,65,0.61,0,Mobile
14326,344,13,2024-07-30,WebBrowser,68,0.78,0,Mobile
14327,1433,13,2024-08-27,MobileApp,41,0.34,0,TV
14328,932,11,2024-08-12,MobileApp,46,0.31,0,Mobile
14329,1967,7,2025-02-05,WebBrowser,88,0.57,0,Mobile
14330,629,10,2024-06-29,StreamMax,74,0.47,0,Mobile
14331,891,9,2024-09-05,SmartTV,110,0.82,0,TV
14332,862,6,2025-01-28,SmartTV,51,0.5,0,Tablet
14333,1590,1,2024-08-14,TabletApp,78,0.83,0,Mobile
14334,1086,1,2025-04-28,TabletApp,74,0.74,0,Desktop
14335,518,2,2025-01-14,WebBrowser,83,0.95,0,Tablet
14336,80,1,2024-06-03,SmartTV,82,0.87,0,Mobile
14337,1151,9,2025-04-20,TabletApp,51,0.54,0,TV
14338,985,15,2024-07-14,StreamMax,88,0.84,0,TV
14339,553,1,2024-08-16,StreamMax,117,0.8,0,Tablet
14340,847,13,2024-08-06,StreamMax,33,0.34,0,TV
14341,459,1,2025-02-10,WebBrowser,80,0.84,1,TV
14342,881,8,2024-10-16,MobileApp,102,0.85,0,TV
14343,557,10,2025-03-18,SmartTV,47,0.48,0,Desktop
14344,598,14,2024-10-28,WebBrowser,61,0.42,1,Desktop
14345,470,1,2025-02-28,TabletApp,52,0.43,0,Mobile
14346,1261,3,2024-10-12,WebBrowser,59,0.57,0,Desktop
14347,1939,5,2024-08-04,TabletApp,139,0.88,0,TV
14348,1446,2,2024-08-08,TabletApp,36,0.34,0,TV
14349,488,2,2024-11-21,SmartTV,93,0.66,0,TV
14350,310,8,2025-01-15,WebBrowser,57,0.42,0,TV
14351,1830,12,2024-12-22,StreamMax,38,0.31,0,Tablet
14352,21,3,2025-04-06,StreamMax,100,0.68,0,TV
14353,237,8,2024-11-15,WebBrowser,80,0.87,1,Desktop
14354,1785,15,2024-12-14,WebBrowser,80,0.83,0,Mobile
14355,1424,11,2024-09-23,WebBrowser,40,0.46,0,Desktop
14356,1597,1,2024-09-29,WebBrowser,36,0.4,0,Desktop
14357,661,7,2025-01-03,TabletApp,87,0.59,0,Desktop
14358,15,5,2024-06-23,TabletApp,31,0.32,0,Mobile
14359,1341,3,2024-12-29,TabletApp,138,1.0,0,Mobile
14360,1596,1,2024-08-15,SmartTV,53,0.53,0,TV
14361,708,2,2024-10-26,SmartTV,125,0.91,1,Mobile
14362,1306,8,2024-07-06,TabletApp,56,0.61,0,Desktop
14363,1470,2,2024-07-04,MobileApp,99,0.78,0,TV
14364,55,1,2024-07-24,SmartTV,32,0.37,0,Mobile
14365,996,11,2024-06-03,TabletApp,60,0.41,0,TV
14366,393,14,2025-02-28,MobileApp,79,0.61,0,Mobile
14367,1362,13,2025-03-29,StreamMax,84,0.87,0,Mobile
14368,315,1,2024-07-20,SmartTV,147,0.98,0,Desktop
14369,508,10,2024-06-26,StreamMax,43,0.47,0,Desktop
14370,1924,4,2025-04-12,WebBrowser,69,0.56,0,TV
14371,1008,6,2025-03-15,StreamMax,51,0.46,1,Desktop
14372,1691,1,2024-10-07,MobileApp,42,0.34,0,Tablet
14373,1116,7,2024-07-06,MobileApp,78,0.84,0,Mobile
14374,850,10,2024-08-06,WebBrowser,29,0.3,1,Tablet
14375,925,13,2024-11-17,SmartTV,54,0.45,1,TV
14376,1280,5,2024-11-17,WebBrowser,44,0.45,0,Tablet
14377,1622,13,2024-07-13,MobileApp,64,0.49,0,Desktop
14378,1403,9,2024-09-28,TabletApp,79,0.73,0,Tablet
14379,1896,14,2024-08-03,TabletApp,60,0.49,0,Tablet
14380,1909,13,2025-02-18,StreamMax,59,0.66,0,TV
14381,756,8,2025-03-25,WebBrowser,67,0.64,0,TV
14382,921,7,2025-03-09,MobileApp,96,0.83,0,Tablet
14383,588,2,2024-11-05,WebBrowser,67,0.64,0,Mobile
14384,429,9,2024-06-05,TabletApp,66,0.44,0,TV
14385,618,11,2024-09-21,SmartTV,73,0.72,0,Mobile
14386,602,7,2024-07-28,StreamMax,139,0.98,1,Desktop
14387,787,3,2024-06-17,StreamMax,65,0.45,1,Tablet
14388,352,5,2024-08-31,StreamMax,45,0.37,0,TV
14389,1690,8,2024-10-30,MobileApp,86,0.76,0,TV
14390,1276,14,2024-12-06,WebBrowser,85,0.76,1,Desktop
14391,1497,1,2025-04-29,SmartTV,37,0.39,0,TV
14392,1105,1,2025-04-26,SmartTV,97,0.85,0,Desktop
14393,1582,1,2024-10-28,MobileApp,61,0.59,0,Tablet
14394,338,3,2024-08-12,SmartTV,40,0.3,0,Desktop
14395,1298,6,2025-04-21,TabletApp,64,0.61,0,Tablet
14396,443,1,2025-04-03,SmartTV,80,0.55,0,TV
14397,973,1,2025-04-07,MobileApp,56,0.55,0,Mobile
14398,1927,1,2025-01-22,StreamMax,135,0.89,0,Mobile
14399,1646,8,2025-03-14,SmartTV,104,0.9,0,Mobile
14400,420,7,2024-08-12,MobileApp,52,0.4,0,Desktop
14401,1501,13,2024-10-28,WebBrowser,39,0.32,0,Mobile
14402,646,3,2024-10-31,WebBrowser,109,0.94,0,Mobile
14403,1732,1,2025-01-10,WebBrowser,34,0.34,1,Tablet
14404,1845,1,2025-04-09,WebBrowser,47,0.31,0,TV
14405,615,10,2024-07-19,SmartTV,125,0.94,0,Tablet
14406,161,6,2024-12-19,StreamMax,52,0.52,0,Desktop
14407,585,4,2025-04-17,SmartTV,43,0.35,0,Desktop
14408,1531,8,2025-04-02,TabletApp,38,0.35,0,Tablet
14409,1352,6,2024-10-01,SmartTV,49,0.39,0,TV
14410,1248,13,2024-11-13,StreamMax,102,0.73,0,Mobile
14411,876,8,2025-01-20,SmartTV,53,0.35,0,Tablet
14412,30,10,2025-01-07,WebBrowser,33,0.32,0,Mobile
14413,1227,14,2025-02-27,StreamMax,133,0.99,1,TV
14414,587,6,2025-01-12,WebBrowser,102,0.9,1,TV
14415,1099,12,2024-07-23,MobileApp,64,0.64,0,Tablet
14416,1532,9,2025-02-13,TabletApp,42,0.42,0,Mobile
14417,27,1,2025-03-13,WebBrowser,64,0.65,0,Tablet
14418,1948,2,2025-03-01,TabletApp,36,0.38,1,Desktop
14419,131,15,2025-04-25,TabletApp,69,0.59,0,Tablet
14420,19,6,2024-08-23,SmartTV,37,0.32,1,Tablet
14421,1428,2,2025-04-20,SmartTV,78,0.85,0,Tablet
14422,923,7,2025-02-11,TabletApp,47,0.33,0,Mobile
14423,1529,10,2024-10-07,MobileApp,140,0.98,0,Mobile
14424,1526,6,2024-11-12,TabletApp,83,0.58,0,Desktop
14425,810,8,2024-10-20,SmartTV,76,0.57,1,Tablet
14426,1980,8,2024-06-13,TabletApp,85,0.73,0,Mobile
14427,5,10,2024-06-18,WebBrowser,58,0.5,0,Tablet
14428,701,15,2024-10-18,WebBrowser,44,0.31,1,Mobile
14429,1448,11,2025-03-21,WebBrowser,81,0.59,0,TV
14430,707,7,2024-09-03,WebBrowser,126,0.89,0,Mobile
14431,1932,1,2025-01-20,SmartTV,73,0.59,0,Tablet
14432,377,9,2024-12-06,StreamMax,42,0.4,1,Desktop
14433,357,5,2025-01-31,WebBrowser,79,0.9,0,Tablet
14434,747,8,2025-01-19,SmartTV,96,0.9,0,Mobile
14435,1589,14,2024-10-18,MobileApp,58,0.67,0,Desktop
14436,486,2,2024-12-15,TabletApp,87,0.83,0,Desktop
14437,1987,3,2024-08-04,SmartTV,62,0.5,0,Mobile
14438,951,2,2024-10-18,StreamMax,91,0.66,0,Mobile
14439,1991,6,2024-07-07,WebBrowser,125,0.88,0,Mobile
14440,1355,2,2024-06-02,StreamMax,116,0.98,1,TV
14441,1295,7,2024-10-29,SmartTV,48,0.38,0,TV
14442,1732,10,2024-10-17,StreamMax,126,0.96,0,TV
14443,1015,6,2024-06-27,StreamMax,100,0.68,0,Tablet
14444,1897,13,2024-08-12,MobileApp,61,0.65,0,TV
14445,34,3,2025-03-20,StreamMax,129,0.95,0,TV
14446,1167,14,2024-09-01,MobileApp,132,0.97,0,Tablet
14447,1420,13,2024-09-17,SmartTV,110,0.98,0,Desktop
14448,455,10,2024-12-06,MobileApp,69,0.52,0,Tablet
14449,1023,3,2024-11-28,TabletApp,122,0.84,0,TV
14450,769,2,2025-04-07,MobileApp,97,0.63,0,Tablet
14451,1015,14,2025-02-01,SmartTV,60,0.57,0,Desktop
14452,1569,4,2025-01-21,StreamMax,55,0.45,0,TV
14453,563,5,2024-08-10,StreamMax,59,0.51,0,Tablet
14454,974,3,2025-02-08,WebBrowser,121,0.92,0,Mobile
14455,8,6,2024-09-17,TabletApp,106,0.71,0,TV
14456,1731,4,2024-09-05,SmartTV,70,0.8,0,TV
14457,45,10,2025-04-21,TabletApp,45,0.37,0,TV
14458,1883,2,2025-03-18,TabletApp,71,0.71,0,Tablet
14459,509,13,2024-07-01,TabletApp,81,0.81,1,TV
14460,689,6,2025-01-02,WebBrowser,127,0.94,0,Mobile
14461,1208,10,2024-12-24,StreamMax,122,0.84,0,Mobile
14462,1146,1,2025-02-28,MobileApp,38,0.34,0,Tablet
14463,888,2,2025-02-24,SmartTV,83,0.63,0,Tablet
14464,241,6,2024-06-19,WebBrowser,88,0.82,0,Desktop
14465,1035,15,2025-04-19,MobileApp,110,0.88,1,TV
14466,789,1,2024-09-08,MobileApp,96,0.78,0,Tablet
14467,1539,11,2025-01-12,MobileApp,116,0.84,0,Mobile
14468,1493,7,2024-07-25,MobileApp,40,0.45,0,TV
14469,918,2,2024-10-15,StreamMax,96,0.74,0,Desktop
14470,1995,9,2025-03-01,TabletApp,100,0.99,1,Desktop
14471,1819,1,2024-09-14,SmartTV,79,0.62,0,TV
14472,1824,14,2024-09-05,WebBrowser,58,0.54,0,Desktop
14473,1519,8,2025-03-18,MobileApp,53,0.58,0,TV
14474,1005,10,2024-11-29,WebBrowser,96,0.94,0,Mobile
14475,37,8,2025-03-05,TabletApp,65,0.44,0,Desktop
14476,682,1,2025-04-08,MobileApp,51,0.49,0,Mobile
14477,296,10,2025-04-27,TabletApp,111,0.96,0,Mobile
14478,198,1,2025-03-17,MobileApp,59,0.6,1,Mobile
14479,784,12,2025-04-24,MobileApp,56,0.45,1,TV
14480,236,15,2024-06-20,TabletApp,59,0.56,0,Tablet
14481,1792,8,2024-06-18,TabletApp,135,0.97,0,Desktop
14482,123,8,2024-10-29,MobileApp,72,0.56,0,Tablet
14483,1110,8,2024-06-05,TabletApp,89,1.0,0,TV
14484,752,14,2024-12-20,StreamMax,38,0.4,0,TV
14485,233,12,2024-08-24,SmartTV,132,0.99,0,TV
14486,30,3,2024-10-16,MobileApp,80,0.83,1,TV
14487,1273,5,2024-07-24,StreamMax,102,0.89,0,TV
14488,675,10,2024-07-16,MobileApp,33,0.36,0,TV
14489,239,11,2025-03-27,StreamMax,39,0.37,0,Desktop
14490,769,1,2024-06-09,TabletApp,99,0.72,0,Desktop
14491,338,3,2024-12-17,TabletApp,113,0.73,0,Mobile
14492,1891,12,2024-12-05,MobileApp,79,0.72,0,Desktop
14493,1222,1,2025-01-10,MobileApp,48,0.49,0,TV
14494,574,2,2024-09-20,WebBrowser,54,0.52,0,TV
14495,1127,11,2024-12-28,TabletApp,95,0.96,0,TV
14496,1342,1,2024-12-25,WebBrowser,83,0.56,0,TV
14497,592,6,2024-10-18,WebBrowser,74,0.64,0,TV
14498,1603,8,2024-08-04,SmartTV,39,0.31,0,TV
14499,1317,1,2024-10-23,WebBrowser,40,0.39,0,Mobile
14500,1336,15,2024-07-24,StreamMax,84,0.85,0,Tablet
14501,364,8,2024-10-05,MobileApp,65,0.72,0,TV
14502,1395,8,2024-06-18,StreamMax,107,0.87,0,Desktop
14503,1888,7,2024-08-10,TabletApp,59,0.57,0,TV
14504,1981,7,2024-11-11,TabletApp,55,0.55,0,Mobile
14505,978,6,2025-04-17,SmartTV,56,0.43,0,Tablet
14506,1294,5,2024-08-10,WebBrowser,102,0.71,0,TV
14507,1591,4,2024-09-05,SmartTV,51,0.41,1,Desktop
14508,1230,15,2024-09-26,TabletApp,116,0.86,0,Desktop
14509,1183,5,2024-06-17,TabletApp,130,0.95,0,Desktop
14510,1381,13,2024-09-06,SmartTV,151,0.96,0,Mobile
14511,348,3,2024-06-23,MobileApp,100,0.86,0,Tablet
14512,447,13,2025-03-25,MobileApp,74,0.47,0,Desktop
14513,1378,3,2024-11-27,SmartTV,100,0.77,0,Mobile
14514,1384,2,2024-09-07,WebBrowser,46,0.44,0,TV
14515,1115,8,2024-11-25,StreamMax,76,0.53,0,Tablet
14516,452,10,2024-06-22,SmartTV,89,0.87,0,Desktop
14517,221,3,2024-11-05,WebBrowser,59,0.45,0,TV
14518,1628,8,2025-02-16,SmartTV,78,0.65,0,Tablet
14519,1671,1,2025-04-22,StreamMax,89,0.89,0,Desktop
14520,1739,1,2025-04-25,TabletApp,110,0.88,1,Tablet
14521,814,13,2024-10-16,WebBrowser,108,0.74,1,Tablet
14522,907,11,2024-11-28,WebBrowser,59,0.57,0,Tablet
14523,1202,7,2024-06-23,MobileApp,41,0.34,0,Tablet
14524,513,14,2025-03-18,MobileApp,118,0.82,0,Mobile
14525,408,3,2025-03-15,StreamMax,87,0.77,0,Tablet
14526,520,6,2024-10-24,WebBrowser,60,0.5,1,Mobile
14527,299,2,2025-02-11,SmartTV,77,0.56,1,Tablet
14528,1961,15,2024-10-26,SmartTV,90,0.97,1,Tablet
14529,1532,1,2025-01-15,StreamMax,72,0.48,1,TV
14530,1609,8,2025-01-09,WebBrowser,43,0.38,1,Tablet
14531,809,6,2025-03-15,TabletApp,60,0.39,0,TV
14532,1676,8,2024-11-24,TabletApp,102,0.93,1,Tablet
14533,1015,1,2025-02-08,MobileApp,66,0.47,1,TV
14534,801,12,2024-10-15,WebBrowser,72,0.72,1,Tablet
14535,987,1,2024-11-05,SmartTV,100,0.89,0,Mobile
14536,715,1,2025-02-24,StreamMax,94,0.84,0,Tablet
14537,872,5,2024-11-11,StreamMax,108,0.85,0,Desktop
14538,1864,7,2025-02-14,WebBrowser,101,0.76,0,TV
14539,1858,2,2024-09-12,StreamMax,85,0.91,0,Desktop
14540,1757,3,2025-02-23,TabletApp,95,0.83,0,TV
14541,967,15,2024-08-05,StreamMax,73,0.51,1,Mobile
14542,166,6,2024-09-14,TabletApp,66,0.54,0,Tablet
14543,8,1,2025-04-11,StreamMax,76,0.57,0,Desktop
14544,1726,10,2024-10-22,StreamMax,69,0.72,0,Desktop
14545,1101,4,2025-01-03,MobileApp,52,0.39,0,Tablet
14546,1476,2,2024-07-13,TabletApp,100,0.83,1,Tablet
14547,691,7,2025-04-11,TabletApp,67,0.6,0,Tablet
14548,271,5,2025-01-31,WebBrowser,35,0.32,1,Mobile
14549,317,5,2025-03-10,TabletApp,115,1.0,0,TV
14550,196,4,2024-08-16,SmartTV,108,0.92,0,Desktop
14551,882,13,2024-10-05,TabletApp,36,0.33,1,TV
14552,1751,7,2024-09-06,SmartTV,45,0.31,0,TV
14553,942,1,2024-09-11,WebBrowser,145,0.93,0,TV
14554,220,14,2024-12-03,WebBrowser,71,0.68,0,Mobile
14555,1400,14,2025-03-21,StreamMax,30,0.32,0,Tablet
14556,1118,2,2024-11-23,MobileApp,56,0.63,0,Mobile
14557,367,11,2025-03-08,MobileApp,99,0.99,0,Desktop
14558,1782,8,2025-02-17,WebBrowser,106,0.68,0,Desktop
14559,1070,6,2024-08-21,TabletApp,69,0.46,0,Mobile
14560,225,10,2025-03-11,MobileApp,133,0.95,0,Mobile
14561,687,1,2025-04-19,MobileApp,75,0.6,0,TV
14562,1047,13,2025-02-12,SmartTV,34,0.35,0,Tablet
14563,1593,3,2024-07-12,WebBrowser,89,0.93,0,Tablet
14564,1926,1,2024-10-24,MobileApp,76,0.87,1,TV
14565,772,1,2025-04-25,WebBrowser,103,0.95,0,Tablet
14566,1827,12,2025-02-20,StreamMax,43,0.38,0,TV
14567,520,14,2025-03-17,TabletApp,111,0.82,0,Tablet
14568,1730,6,2024-07-02,MobileApp,34,0.33,0,Desktop
14569,1661,5,2025-02-25,SmartTV,91,0.91,0,Desktop
14570,1459,1,2025-03-08,SmartTV,39,0.44,1,Tablet
14571,1145,15,2024-08-07,TabletApp,41,0.37,0,Tablet
14572,1218,2,2025-01-02,MobileApp,79,0.53,0,Desktop
14573,249,5,2024-11-30,SmartTV,71,0.59,0,TV
14574,1424,7,2025-02-24,StreamMax,83,0.61,0,Mobile
14575,1622,15,2024-08-16,SmartTV,123,0.79,0,Desktop
14576,1459,8,2024-10-06,SmartTV,101,0.81,0,Desktop
14577,715,6,2024-07-13,SmartTV,132,0.84,0,Tablet
14578,1290,6,2025-01-26,WebBrowser,49,0.49,0,TV
14579,1624,7,2024-06-23,WebBrowser,60,0.48,0,Desktop
14580,1117,3,2024-09-06,SmartTV,60,0.49,0,Mobile
14581,431,8,2024-11-15,StreamMax,146,0.96,0,Mobile
14582,302,5,2024-08-20,TabletApp,40,0.31,0,TV
14583,756,1,2024-09-09,MobileApp,113,0.87,0,Desktop
14584,1823,3,2025-03-20,MobileApp,100,0.72,0,TV
14585,1320,3,2024-07-10,WebBrowser,105,0.94,0,Tablet
14586,1594,1,2025-04-26,StreamMax,69,0.5,0,TV
14587,95,12,2024-12-04,SmartTV,111,0.93,0,Desktop
14588,978,6,2024-10-05,SmartTV,89,0.66,0,Mobile
14589,308,10,2024-11-30,TabletApp,63,0.52,0,Mobile
14590,1487,5,2024-11-04,TabletApp,64,0.58,0,Mobile
14591,1587,7,2024-08-05,TabletApp,74,0.85,0,Desktop
14592,982,8,2024-09-16,MobileApp,43,0.35,0,Mobile
14593,19,2,2024-10-26,TabletApp,108,0.79,0,TV
14594,1460,1,2025-01-08,TabletApp,77,0.59,0,Tablet
14595,704,2,2024-10-10,MobileApp,56,0.62,0,Mobile
14596,809,2,2025-01-09,MobileApp,132,1.0,0,Mobile
14597,165,10,2024-08-16,SmartTV,110,0.71,0,Desktop
14598,211,1,2025-01-12,TabletApp,102,0.89,0,Mobile
14599,1209,7,2025-04-12,SmartTV,86,0.98,0,Desktop
14600,20,1,2024-08-02,WebBrowser,69,0.49,1,Mobile
14601,1355,6,2024-11-09,StreamMax,73,0.56,0,Mobile
14602,1237,11,2025-02-04,TabletApp,147,0.98,1,Desktop
14603,97,2,2025-04-21,TabletApp,36,0.31,0,Tablet
14604,842,2,2025-04-23,SmartTV,86,0.95,1,Desktop
14605,573,10,2024-07-09,WebBrowser,81,0.57,0,TV
14606,1934,12,2025-01-05,MobileApp,52,0.46,0,Tablet
14607,1924,14,2025-03-09,MobileApp,73,0.52,0,Tablet
14608,140,1,2025-04-06,WebBrowser,49,0.4,0,Desktop
14609,1096,1,2025-04-18,SmartTV,130,0.93,0,Mobile
14610,761,7,2024-09-12,MobileApp,54,0.38,0,Desktop
14611,483,2,2025-03-12,TabletApp,49,0.36,0,Desktop
14612,642,4,2025-02-02,MobileApp,76,0.81,0,Tablet
14613,1859,2,2024-11-28,TabletApp,44,0.39,0,Mobile
14614,677,6,2025-02-11,StreamMax,95,0.91,1,Tablet
14615,26,7,2025-04-17,MobileApp,108,0.69,0,Tablet
14616,913,10,2024-12-06,MobileApp,121,0.81,0,TV
14617,1320,1,2025-02-28,WebBrowser,106,0.85,0,Tablet
14618,1697,1,2025-01-31,WebBrowser,81,0.91,1,Mobile
14619,488,10,2024-12-17,StreamMax,45,0.32,0,Mobile
14620,178,9,2025-04-30,TabletApp,77,0.61,0,Tablet
14621,1955,12,2025-04-01,StreamMax,115,0.92,0,Desktop
14622,1,8,2024-09-23,SmartTV,50,0.47,0,TV
14623,643,12,2024-11-15,TabletApp,33,0.3,0,Desktop
14624,1070,3,2024-11-19,StreamMax,51,0.58,0,Mobile
14625,1515,7,2024-11-16,StreamMax,122,0.81,0,Mobile
14626,1642,8,2025-03-29,StreamMax,87,0.89,0,Desktop
14627,1473,1,2024-08-06,MobileApp,64,0.62,0,Desktop
14628,1954,10,2024-10-04,MobileApp,115,0.8,0,Desktop
14629,580,15,2025-01-01,TabletApp,117,0.85,0,TV
14630,429,10,2024-06-16,StreamMax,47,0.51,0,TV
14631,1746,5,2025-02-02,StreamMax,99,0.99,0,Mobile
14632,772,10,2024-06-20,SmartTV,107,0.91,0,TV
14633,1102,1,2025-01-27,SmartTV,52,0.55,0,Mobile
14634,1054,3,2025-04-22,MobileApp,72,0.48,0,Tablet
14635,1609,1,2024-06-21,TabletApp,38,0.42,0,TV
14636,472,2,2025-03-23,MobileApp,77,0.61,0,Tablet
14637,610,2,2024-08-20,SmartTV,90,0.62,0,Tablet
14638,731,13,2024-12-16,StreamMax,93,0.6,0,Mobile
14639,15,11,2024-11-07,SmartTV,89,0.69,0,TV
14640,197,12,2024-07-16,TabletApp,107,0.8,0,Mobile
14641,1730,10,2024-12-30,MobileApp,49,0.39,1,Mobile
14642,1401,3,2024-12-01,MobileApp,91,0.68,0,TV
14643,820,8,2025-02-08,MobileApp,105,0.75,0,Tablet
14644,1275,13,2025-03-20,MobileApp,63,0.64,0,TV
14645,1636,13,2025-01-09,WebBrowser,95,0.91,1,Mobile
14646,1549,1,2025-03-11,SmartTV,78,0.68,1,Mobile
14647,1706,7,2024-12-09,TabletApp,123,0.83,0,TV
14648,1378,5,2024-06-27,SmartTV,145,0.99,0,Desktop
14649,1622,13,2024-12-16,StreamMax,57,0.45,0,Tablet
14650,1058,14,2024-06-01,StreamMax,109,0.98,0,TV
14651,751,8,2024-12-09,StreamMax,48,0.33,0,Tablet
14652,1255,10,2024-10-06,TabletApp,87,0.67,0,Desktop
14653,1495,1,2025-01-17,WebBrowser,83,0.6,1,Mobile
14654,914,2,2025-04-07,SmartTV,103,0.91,0,Tablet
14655,574,8,2024-09-01,WebBrowser,63,0.71,0,Mobile
14656,1949,15,2024-12-25,TabletApp,86,0.56,0,Mobile
14657,628,7,2024-11-13,MobileApp,50,0.38,0,TV
14658,1766,1,2025-04-20,TabletApp,81,0.61,1,TV
14659,1326,1,2024-12-27,TabletApp,54,0.45,0,Mobile
14660,1155,1,2025-03-12,TabletApp,133,0.95,0,Mobile
14661,1704,7,2025-04-19,StreamMax,52,0.42,0,TV
14662,1057,14,2024-07-05,SmartTV,73,0.73,0,TV
14663,1100,2,2024-10-26,SmartTV,144,0.94,0,Tablet
14664,417,7,2024-09-19,MobileApp,49,0.34,0,Desktop
14665,321,1,2024-08-31,StreamMax,147,0.98,1,TV
14666,1111,1,2025-01-12,TabletApp,106,0.85,1,Mobile
14667,111,5,2025-03-27,MobileApp,44,0.3,0,TV
14668,1036,5,2024-11-30,MobileApp,48,0.49,0,Mobile
14669,1345,1,2024-07-24,WebBrowser,99,0.66,1,TV
14670,972,14,2024-09-30,SmartTV,107,0.7,0,TV
14671,1175,6,2025-03-23,TabletApp,151,0.98,1,Tablet
14672,1498,8,2025-04-25,SmartTV,94,0.73,1,Desktop
14673,253,8,2025-02-13,StreamMax,136,0.96,0,Desktop
14674,1424,1,2024-11-17,WebBrowser,73,0.67,0,Mobile
14675,1356,3,2024-10-03,SmartTV,54,0.55,0,Mobile
14676,1517,14,2024-07-29,MobileApp,97,0.86,1,Tablet
14677,304,8,2025-03-02,MobileApp,42,0.43,0,Tablet
14678,410,1,2025-03-10,MobileApp,106,0.87,1,TV
14679,1629,7,2024-07-23,WebBrowser,55,0.55,0,Mobile
14680,615,6,2025-03-10,StreamMax,66,0.45,0,Desktop
14681,25,7,2024-11-11,MobileApp,79,0.58,0,TV
14682,1597,12,2025-03-17,StreamMax,59,0.39,0,TV
14683,1661,8,2024-06-25,SmartTV,77,0.5,0,Tablet
14684,1225,7,2024-12-01,SmartTV,56,0.53,0,Mobile
14685,970,8,2025-03-26,WebBrowser,77,0.61,0,TV
14686,625,10,2025-02-07,WebBrowser,55,0.5,0,Desktop
14687,1814,14,2025-04-24,StreamMax,89,0.96,0,Mobile
14688,1987,1,2025-04-02,SmartTV,100,0.64,0,Mobile
14689,875,12,2024-11-18,SmartTV,56,0.61,0,Desktop
14690,1910,7,2025-02-11,MobileApp,66,0.74,0,Tablet
14691,1189,6,2024-07-26,StreamMax,87,0.7,0,TV
14692,1402,5,2025-02-18,MobileApp,76,0.58,0,Mobile
14693,1468,1,2025-02-12,WebBrowser,82,0.62,0,Mobile
14694,1200,8,2024-07-26,MobileApp,138,0.92,1,Tablet
14695,794,11,2024-08-06,TabletApp,60,0.47,0,TV
14696,1284,14,2024-09-05,TabletApp,140,0.89,0,TV
14697,785,1,2025-03-04,SmartTV,59,0.52,0,Tablet
14698,802,8,2024-12-28,StreamMax,60,0.41,0,Tablet
14699,1355,1,2025-01-02,StreamMax,106,0.78,1,Tablet
14700,1751,3,2024-09-10,StreamMax,79,0.86,1,TV
14701,275,3,2024-09-24,WebBrowser,50,0.45,1,TV
14702,1223,2,2025-02-03,WebBrowser,44,0.38,0,Desktop
14703,1203,12,2024-06-23,WebBrowser,138,0.92,0,TV
14704,151,2,2025-01-06,TabletApp,132,0.84,0,Desktop
14705,945,11,2025-03-18,MobileApp,117,0.86,1,TV
14706,818,11,2024-10-13,MobileApp,39,0.31,0,Tablet
14707,1584,14,2024-08-25,WebBrowser,64,0.48,0,TV
14708,15,8,2024-08-08,StreamMax,107,0.77,0,Mobile
14709,1435,5,2025-04-10,MobileApp,76,0.83,1,Tablet
14710,725,15,2024-10-10,StreamMax,78,0.75,0,Tablet
14711,90,10,2024-10-22,MobileApp,122,0.87,1,TV
14712,481,8,2025-04-10,TabletApp,64,0.43,0,Tablet
14713,1171,15,2024-09-05,WebBrowser,78,0.71,0,Desktop
14714,462,14,2024-12-19,WebBrowser,52,0.37,1,Tablet
14715,1898,8,2025-03-13,SmartTV,61,0.61,0,Mobile
14716,213,11,2025-02-28,StreamMax,53,0.39,0,Desktop
14717,670,8,2024-11-30,WebBrowser,34,0.34,0,Mobile
14718,1560,15,2024-12-26,StreamMax,89,0.62,0,TV
14719,1398,3,2024-12-19,WebBrowser,105,0.73,0,Desktop
14720,334,7,2024-06-29,WebBrowser,74,0.8,0,Desktop
14721,1811,4,2024-10-22,WebBrowser,64,0.54,0,Tablet
14722,409,7,2025-01-05,SmartTV,33,0.3,0,Mobile
14723,1577,8,2024-12-25,StreamMax,83,0.77,0,Mobile
14724,1582,3,2024-12-19,TabletApp,83,0.57,1,Mobile
14725,769,10,2024-12-09,StreamMax,39,0.31,0,Mobile
14726,1029,5,2024-10-31,MobileApp,41,0.36,0,Mobile
14727,125,1,2025-02-21,TabletApp,92,0.76,0,Mobile
14728,697,1,2025-03-05,StreamMax,61,0.67,0,Tablet
14729,1199,15,2024-12-20,TabletApp,141,0.93,0,Desktop
14730,61,1,2024-12-07,WebBrowser,71,0.64,1,Mobile
14731,1237,15,2024-06-20,StreamMax,73,0.52,0,Mobile
14732,1826,7,2025-03-27,SmartTV,40,0.45,0,Desktop
14733,1903,7,2024-09-27,SmartTV,87,0.59,1,Mobile
14734,116,6,2024-12-26,SmartTV,82,0.64,0,Desktop
14735,1409,14,2025-01-22,MobileApp,115,0.73,0,Mobile
14736,1944,3,2024-12-28,MobileApp,48,0.51,0,Desktop
14737,1464,6,2025-03-24,StreamMax,78,0.83,0,Desktop
14738,1637,8,2025-01-26,WebBrowser,82,0.83,0,TV
14739,488,13,2024-10-22,TabletApp,62,0.55,0,TV
14740,1433,6,2025-03-28,WebBrowser,64,0.6,1,Tablet
14741,1478,13,2024-07-28,TabletApp,50,0.46,0,Tablet
14742,923,10,2024-12-30,SmartTV,72,0.72,0,Tablet
14743,81,15,2024-10-21,TabletApp,49,0.53,0,TV
14744,866,10,2024-09-18,TabletApp,115,0.81,0,Mobile
14745,1815,7,2024-09-19,WebBrowser,98,0.65,1,Mobile
14746,1056,1,2025-03-04,SmartTV,88,0.73,0,Tablet
14747,315,5,2024-12-16,TabletApp,110,0.72,0,Desktop
14748,830,1,2025-02-05,SmartTV,146,0.94,0,Tablet
14749,612,5,2024-07-16,SmartTV,48,0.43,0,TV
14750,715,3,2024-10-12,SmartTV,53,0.55,0,Mobile
14751,1073,10,2024-10-01,SmartTV,132,0.85,0,Tablet
14752,1138,1,2025-03-13,SmartTV,54,0.39,0,TV
14753,1686,14,2024-06-15,SmartTV,41,0.42,0,Desktop
14754,165,10,2025-03-24,MobileApp,51,0.33,0,Desktop
14755,1097,11,2024-06-19,StreamMax,56,0.54,0,Desktop
14756,1248,3,2024-08-04,StreamMax,59,0.38,1,Mobile
14757,486,8,2024-09-18,SmartTV,61,0.41,0,Tablet
14758,681,7,2025-01-23,SmartTV,46,0.35,0,Mobile
14759,1466,8,2024-09-18,TabletApp,56,0.52,0,Mobile
14760,1559,9,2024-10-12,StreamMax,130,1.0,0,Desktop
14761,339,3,2025-04-19,SmartTV,52,0.5,0,Desktop
14762,1644,6,2025-03-08,StreamMax,63,0.64,0,Mobile
14763,334,3,2024-06-22,StreamMax,103,0.87,0,Desktop
14764,303,4,2024-07-13,SmartTV,60,0.44,0,Tablet
14765,1096,6,2024-08-07,TabletApp,96,0.84,0,Desktop
14766,826,12,2024-12-11,StreamMax,47,0.38,0,Mobile
14767,351,6,2024-11-22,WebBrowser,100,0.91,1,TV
14768,190,13,2024-09-28,SmartTV,51,0.55,0,Tablet
14769,1794,10,2024-10-26,StreamMax,36,0.32,0,Mobile
14770,1395,14,2024-07-11,SmartTV,47,0.44,0,Mobile
14771,1249,8,2024-10-27,StreamMax,77,0.7,0,TV
14772,1387,4,2025-04-22,SmartTV,46,0.51,0,Mobile
14773,1566,15,2025-03-05,MobileApp,71,0.51,0,Tablet
14774,1986,2,2024-11-28,TabletApp,56,0.56,1,Mobile
14775,1087,1,2025-03-19,MobileApp,44,0.36,1,Mobile
14776,1683,14,2024-07-26,SmartTV,78,0.55,1,TV
14777,1629,1,2025-03-31,WebBrowser,89,0.73,0,Tablet
14778,805,8,2024-07-28,StreamMax,51,0.39,1,Mobile
14779,538,6,2024-07-10,SmartTV,58,0.44,0,TV
14780,1889,10,2024-09-26,SmartTV,43,0.43,0,Desktop
14781,1665,3,2024-06-09,SmartTV,110,0.98,0,TV
14782,1550,1,2024-07-04,TabletApp,65,0.44,1,Desktop
14783,46,1,2025-04-15,StreamMax,55,0.56,0,Tablet
14784,1149,1,2025-04-13,StreamMax,64,0.45,1,Mobile
14785,47,12,2024-11-25,WebBrowser,60,0.6,0,Desktop
14786,1269,11,2024-07-17,StreamMax,77,0.49,1,Mobile
14787,1803,11,2025-02-10,StreamMax,57,0.48,0,Tablet
14788,1565,8,2024-07-17,StreamMax,73,0.59,0,Tablet
14789,640,1,2024-10-09,MobileApp,40,0.45,0,Desktop
14790,1926,1,2024-07-17,SmartTV,123,0.83,0,Mobile
14791,139,6,2025-04-24,WebBrowser,100,0.69,0,TV
14792,1221,11,2024-06-06,WebBrowser,43,0.33,0,Desktop
14793,309,13,2024-12-05,SmartTV,39,0.31,1,Mobile
14794,610,4,2024-08-10,SmartTV,76,0.71,0,TV
14795,1034,6,2024-08-31,MobileApp,88,0.59,0,Desktop
14796,1106,8,2025-04-25,StreamMax,101,0.96,1,TV
14797,1769,8,2025-04-01,TabletApp,41,0.33,1,Tablet
14798,698,9,2024-08-13,SmartTV,35,0.31,0,Tablet
14799,646,10,2024-07-06,MobileApp,115,0.77,1,Mobile
14800,54,10,2024-07-31,MobileApp,72,0.79,0,Mobile
14801,911,13,2025-03-01,WebBrowser,47,0.38,0,Tablet
14802,967,9,2025-04-09,MobileApp,88,0.86,0,Mobile
14803,1757,12,2024-07-04,StreamMax,55,0.36,1,Mobile
14804,770,8,2025-04-26,WebBrowser,36,0.31,0,Tablet
14805,1398,14,2024-12-28,MobileApp,118,0.78,1,Mobile
14806,1263,6,2024-09-30,WebBrowser,61,0.41,0,Desktop
14807,1220,4,2025-01-23,StreamMax,105,0.73,0,Mobile
14808,856,10,2024-10-07,StreamMax,60,0.54,1,Tablet
14809,1806,8,2025-02-03,WebBrowser,141,0.99,0,Desktop
14810,495,4,2024-09-29,StreamMax,86,0.76,0,Tablet
14811,744,10,2024-09-20,SmartTV,57,0.55,0,TV
14812,33,12,2025-04-02,WebBrowser,49,0.47,0,TV
14813,1669,1,2025-03-09,StreamMax,49,0.37,1,Desktop
14814,1033,2,2024-10-04,StreamMax,34,0.35,0,TV
14815,1008,10,2024-08-02,StreamMax,36,0.32,0,Mobile
14816,111,1,2025-02-01,SmartTV,60,0.57,0,Mobile
14817,1337,3,2024-07-22,TabletApp,60,0.39,0,Mobile
14818,964,15,2025-01-11,TabletApp,63,0.58,0,TV
14819,1720,14,2024-11-30,StreamMax,115,0.76,0,Tablet
14820,451,1,2024-08-08,WebBrowser,134,0.95,0,Tablet
14821,1198,15,2024-12-19,SmartTV,94,0.98,1,Mobile
14822,723,11,2025-02-08,WebBrowser,44,0.39,0,TV
14823,1807,2,2024-07-04,TabletApp,88,0.99,1,Desktop
14824,1054,2,2025-04-22,TabletApp,51,0.46,0,Desktop
14825,1618,1,2025-01-27,MobileApp,74,0.77,0,TV
14826,1728,8,2025-02-23,WebBrowser,85,0.91,0,Desktop
14827,1940,1,2024-09-15,StreamMax,69,0.49,0,Mobile
14828,898,11,2024-07-07,StreamMax,89,0.95,1,Mobile
14829,1701,2,2025-02-18,SmartTV,124,0.84,0,Mobile
14830,964,7,2024-06-10,SmartTV,60,0.58,0,TV
14831,1149,9,2024-07-12,StreamMax,48,0.51,0,Desktop
14832,1860,8,2025-03-05,StreamMax,56,0.37,0,Mobile
14833,258,14,2025-04-03,SmartTV,100,0.8,0,Mobile
14834,372,8,2025-01-15,MobileApp,70,0.57,0,Mobile
14835,1141,3,2024-09-30,WebBrowser,64,0.51,0,Mobile
14836,1766,14,2024-08-20,TabletApp,114,0.77,0,Tablet
14837,465,6,2025-03-10,TabletApp,127,0.99,0,Mobile
14838,112,1,2025-03-13,WebBrowser,98,0.98,0,Desktop
14839,901,14,2024-10-11,SmartTV,127,0.91,1,Desktop
14840,1321,8,2024-06-04,SmartTV,44,0.47,1,Tablet
14841,1560,2,2025-02-14,MobileApp,43,0.48,0,Desktop
14842,281,1,2025-04-05,SmartTV,130,0.87,0,Desktop
14843,60,10,2024-08-14,TabletApp,55,0.48,0,Mobile
14844,1175,8,2025-04-06,WebBrowser,88,0.82,0,Tablet
14845,27,10,2024-10-12,WebBrowser,87,0.65,1,Mobile
14846,1796,10,2024-11-01,WebBrowser,132,0.97,0,Mobile
14847,1103,13,2024-08-02,WebBrowser,78,0.73,0,Desktop
14848,15,11,2024-10-13,SmartTV,64,0.54,0,Desktop
14849,553,13,2024-10-31,TabletApp,35,0.38,1,Tablet
14850,716,3,2025-01-15,StreamMax,58,0.49,0,Mobile
14851,44,6,2024-07-24,MobileApp,71,0.57,1,Mobile
14852,802,15,2024-07-19,SmartTV,52,0.34,0,Mobile
14853,100,1,2025-04-06,StreamMax,48,0.42,0,Tablet
14854,545,9,2024-09-22,SmartTV,127,0.86,1,Desktop
14855,1715,13,2025-01-24,SmartTV,35,0.37,0,Tablet
14856,1673,1,2025-02-21,SmartTV,137,0.91,0,Mobile
14857,690,8,2024-11-13,TabletApp,34,0.37,0,TV
14858,1533,3,2024-07-14,TabletApp,63,0.54,0,Desktop
14859,1153,5,2024-09-28,WebBrowser,79,0.8,0,Tablet
14860,134,9,2024-10-19,SmartTV,77,0.73,0,Tablet
14861,206,1,2025-02-01,MobileApp,85,0.6,0,Mobile
14862,1167,14,2024-08-03,StreamMax,141,0.91,0,Desktop
14863,686,8,2024-07-08,TabletApp,138,0.91,0,Desktop
14864,516,6,2025-02-23,TabletApp,60,0.39,0,TV
14865,1839,2,2024-08-01,MobileApp,90,0.63,0,Tablet
14866,1579,1,2025-04-27,StreamMax,85,0.85,0,Tablet
14867,484,10,2024-07-31,MobileApp,86,0.77,0,TV
14868,1297,1,2025-02-08,WebBrowser,66,0.55,0,TV
14869,34,8,2024-07-23,SmartTV,79,0.5,0,Desktop
14870,885,1,2025-04-03,MobileApp,88,0.77,1,Tablet
14871,1598,7,2024-12-25,StreamMax,83,0.78,0,TV
14872,1951,1,2024-07-16,StreamMax,103,0.95,1,Tablet
14873,156,12,2025-02-07,WebBrowser,33,0.37,0,TV
14874,1786,11,2024-06-02,MobileApp,89,0.64,0,Desktop
14875,1147,7,2024-10-04,SmartTV,49,0.43,0,Tablet
14876,1789,5,2024-10-25,StreamMax,66,0.45,0,Mobile
14877,234,6,2024-06-16,StreamMax,100,0.87,0,Mobile
14878,893,10,2025-04-06,SmartTV,89,0.86,0,Mobile
14879,1297,1,2025-01-29,MobileApp,48,0.48,0,TV
14880,1132,14,2025-01-10,TabletApp,59,0.5,0,TV
14881,582,1,2025-02-07,SmartTV,70,0.63,0,TV
14882,1912,6,2025-03-06,MobileApp,75,0.61,1,Mobile
14883,737,6,2024-07-01,WebBrowser,43,0.33,1,Tablet
14884,1310,11,2025-02-07,TabletApp,49,0.39,0,Mobile
14885,1970,5,2024-09-08,TabletApp,110,0.73,0,TV
14886,828,13,2025-04-29,MobileApp,49,0.51,0,Desktop
14887,1208,14,2025-03-31,TabletApp,80,0.91,0,Tablet
14888,400,1,2024-10-29,WebBrowser,76,0.67,0,Mobile
14889,1793,11,2024-12-16,TabletApp,128,0.99,0,Desktop
14890,1770,10,2025-01-13,TabletApp,76,0.81,0,Tablet
14891,195,1,2024-11-02,SmartTV,98,0.79,0,TV
14892,1225,15,2024-10-10,StreamMax,39,0.32,0,Mobile
14893,2,12,2024-06-10,MobileApp,38,0.38,1,Mobile
14894,1942,6,2024-10-25,StreamMax,56,0.48,0,Desktop
14895,675,1,2024-12-13,TabletApp,70,0.6,1,TV
14896,1221,8,2024-07-11,WebBrowser,54,0.55,0,Desktop
14897,1831,5,2025-01-14,MobileApp,91,0.62,1,TV
14898,1347,7,2024-08-27,WebBrowser,125,0.99,0,Tablet
14899,712,1,2024-10-09,StreamMax,93,0.77,0,TV
14900,1674,7,2025-01-19,WebBrowser,69,0.64,0,TV
14901,184,13,2024-12-14,StreamMax,47,0.39,1,Tablet
14902,744,2,2024-12-24,SmartTV,120,0.87,0,Desktop
14903,1050,7,2025-02-15,TabletApp,99,0.76,0,Desktop
14904,1035,7,2024-09-14,SmartTV,63,0.48,0,Tablet
14905,134,14,2024-08-22,WebBrowser,84,0.56,0,Desktop
14906,1126,11,2024-06-24,MobileApp,45,0.33,0,TV
14907,1607,10,2024-11-18,SmartTV,51,0.45,0,Tablet
14908,1304,8,2024-11-01,SmartTV,75,0.71,0,TV
14909,916,7,2024-08-06,SmartTV,120,0.84,0,Tablet
14910,606,1,2025-03-20,SmartTV,41,0.41,0,Mobile
14911,1739,12,2024-08-16,SmartTV,67,0.43,0,Mobile
14912,373,14,2024-07-11,TabletApp,54,0.59,0,TV
14913,1927,10,2025-03-15,SmartTV,41,0.36,0,Mobile
14914,481,5,2024-06-18,TabletApp,95,0.63,1,TV
14915,246,6,2024-08-05,TabletApp,67,0.77,0,Tablet
14916,1173,14,2024-12-25,StreamMax,49,0.48,0,Mobile
14917,87,3,2025-01-12,StreamMax,77,0.86,0,Mobile
14918,368,11,2025-02-18,WebBrowser,106,0.81,0,Mobile
14919,1025,1,2025-01-31,WebBrowser,105,0.98,0,Tablet
14920,1570,13,2024-09-29,TabletApp,93,0.92,0,Tablet
14921,422,3,2025-02-06,TabletApp,88,0.7,0,Mobile
14922,341,9,2025-01-29,MobileApp,51,0.46,0,Desktop
14923,1568,2,2024-11-02,StreamMax,69,0.58,0,Desktop
14924,791,7,2024-07-07,TabletApp,51,0.48,0,Mobile
14925,1934,7,2024-07-22,WebBrowser,102,0.81,0,Tablet
14926,557,1,2025-02-11,SmartTV,50,0.47,0,TV
14927,1866,1,2025-03-27,WebBrowser,50,0.52,0,Tablet
14928,748,12,2024-12-02,MobileApp,54,0.47,0,Tablet
14929,1289,10,2025-01-28,StreamMax,84,0.75,0,Desktop
14930,565,11,2025-04-01,SmartTV,35,0.34,0,Tablet
14931,1419,3,2024-06-09,StreamMax,90,0.61,0,Tablet
14932,1825,1,2024-12-05,TabletApp,85,0.73,0,TV
14933,1208,14,2024-06-14,WebBrowser,146,0.93,0,TV
14934,596,1,2025-03-07,TabletApp,39,0.44,1,Tablet
14935,1565,12,2025-02-20,MobileApp,52,0.56,0,Mobile
14936,86,8,2025-03-21,TabletApp,107,0.91,0,TV
14937,544,5,2024-06-06,WebBrowser,89,0.94,0,TV
14938,1856,11,2025-01-02,SmartTV,94,0.9,0,Mobile
14939,1360,8,2025-04-03,MobileApp,97,0.91,0,TV
14940,351,12,2025-02-02,WebBrowser,139,0.95,1,Tablet
14941,1020,1,2024-12-15,WebBrowser,80,0.74,0,Tablet
14942,1133,1,2025-01-23,TabletApp,39,0.32,1,TV
14943,565,1,2025-03-26,MobileApp,43,0.45,0,Desktop
14944,1136,10,2025-02-12,SmartTV,72,0.81,1,Tablet
14945,1490,12,2025-04-18,WebBrowser,54,0.46,0,Tablet
14946,1988,3,2025-01-19,WebBrowser,66,0.6,0,TV
14947,1822,1,2025-01-16,TabletApp,86,0.87,1,Mobile
14948,1220,8,2024-11-09,TabletApp,60,0.42,0,Desktop
14949,1887,11,2024-10-11,StreamMax,67,0.49,1,TV
14950,715,10,2024-08-30,MobileApp,91,0.89,1,Mobile
14951,1564,14,2025-01-09,WebBrowser,123,0.95,0,TV
14952,1663,10,2025-02-05,WebBrowser,71,0.69,0,Tablet
14953,765,13,2025-04-18,MobileApp,48,0.42,0,Tablet
14954,1269,1,2024-10-02,WebBrowser,68,0.59,0,Desktop
14955,1098,8,2025-01-31,MobileApp,125,0.93,0,TV
14956,1539,5,2024-12-26,StreamMax,31,0.33,0,Desktop
14957,1864,5,2025-01-05,TabletApp,66,0.54,0,TV
14958,1940,1,2024-08-22,StreamMax,64,0.5,1,Mobile
14959,353,2,2025-03-13,MobileApp,62,0.66,0,Tablet
14960,1482,15,2024-06-07,StreamMax,46,0.41,1,TV
14961,984,5,2024-09-21,StreamMax,125,0.92,0,Mobile
14962,1216,7,2024-09-27,TabletApp,79,0.6,0,Mobile
14963,524,3,2024-11-09,TabletApp,61,0.59,0,Mobile
14964,1571,11,2024-11-03,TabletApp,84,0.96,0,Tablet
14965,715,14,2024-10-06,StreamMax,105,0.68,0,Mobile
14966,803,11,2024-08-11,WebBrowser,108,0.69,0,Tablet
14967,354,15,2025-03-28,WebBrowser,105,0.73,1,TV
14968,246,12,2025-04-08,StreamMax,57,0.41,0,Desktop
14969,825,8,2024-07-11,StreamMax,66,0.45,0,Mobile
14970,786,9,2024-11-06,TabletApp,43,0.43,0,TV
14971,492,3,2025-02-15,MobileApp,58,0.51,0,Tablet
14972,1306,8,2024-09-21,SmartTV,33,0.35,0,Mobile
14973,1170,5,2025-02-20,WebBrowser,47,0.49,0,TV
14974,1743,3,2024-06-11,SmartTV,146,0.98,0,Tablet
14975,274,6,2024-08-12,MobileApp,30,0.31,0,Mobile
14976,1255,9,2024-10-27,WebBrowser,74,0.51,0,Tablet
14977,1812,6,2025-01-14,StreamMax,75,0.48,0,TV
14978,1458,3,2024-06-19,MobileApp,54,0.45,0,TV
14979,663,8,2024-07-22,MobileApp,101,0.7,1,Tablet
14980,446,9,2024-08-08,TabletApp,89,0.89,0,Desktop
14981,827,10,2024-09-12,SmartTV,61,0.5,0,Tablet
14982,1638,1,2025-01-02,WebBrowser,62,0.7,0,Tablet
14983,1263,10,2025-02-02,WebBrowser,92,0.88,0,Desktop
14984,644,1,2024-12-11,WebBrowser,78,0.86,0,Mobile
14985,1681,1,2024-11-03,SmartTV,84,0.96,0,TV
14986,51,10,2024-12-28,WebBrowser,85,0.64,0,Tablet
14987,1468,9,2024-09-13,StreamMax,72,0.58,0,TV
14988,252,11,2024-10-07,TabletApp,76,0.66,0,Desktop
14989,1256,1,2025-01-27,TabletApp,63,0.45,1,Desktop
14990,781,9,2025-01-02,WebBrowser,73,0.54,1,Tablet
14991,941,9,2025-04-06,MobileApp,37,0.41,0,Desktop
14992,680,14,2025-03-12,SmartTV,48,0.39,0,Mobile
14993,40,1,2025-04-10,WebBrowser,74,0.52,0,Mobile
14994,1723,14,2025-02-21,TabletApp,123,0.84,1,TV
14995,1096,14,2025-02-09,TabletApp,124,0.85,0,Desktop
14996,984,12,2024-07-15,StreamMax,49,0.42,0,Desktop
14997,1506,2,2025-03-07,WebBrowser,43,0.3,0,Tablet
14998,1301,3,2024-07-03,SmartTV,35,0.4,0,Tablet
14999,779,14,2025-01-10,MobileApp,71,0.62,0,TV
15000,80,12,2024-12-27,TabletApp,98,0.95,0,TV
